row_id,instruction,intent,category,flags,dup_group
10955,watn assistance removing a standard account,delete_account,ACCOUNT,BLQZ,5498
11383,"I don't need the damn {{Account Type}} account, how can I close it?",delete_account,ACCOUNT,BCILW,5755
11511,where can I find information about {{Account Type}} account terminations?,delete_account,ACCOUNT,BILM,5815
4838,i do not know what i have to do to locate bill #00108,check_invoice,INVOICE,BELQ,2424
21278,"I cannot open a user account, can I report a sign-up error?",registration_problems,ACCOUNT,BCEILN,11491
5246,can you help me checking wha payment options you accept?,check_payment_methods,PAYMENT,BILZ,2656
2741,i have an issue trying to change my shipping address,change_shipping_address,SHIPPING,BQ,855
7811,I'm trying to file a consumer claim against ur business,complaint,FEEDBACK,BLQ,3819
14042,modifying ddetails on gold account,edit_account,ACCOUNT,BKLMZ,7069
23762,can ya help me to set my shippiong address up,set_up_shipping_address,SHIPPING,BILQZ,13069
8670,I don't know how I can speak wih customer service,contact_customer_service,CONTACT,BLZ,4233
15766,i lost the invoicesfrom {{Person Name}} mail them to me,get_invoice,INVOICE,BCLMQZ,7937
22307,"I want to submit my feedback for your products, help me",review,FEEDBACK,BCL,12198
25056,i want help to track purchase00123842,track_order,ORDER,BLQZ,13581
7848,can you help me making a claim against your company?,complaint,FEEDBACK,BIL,3834
8591,tell me at what time customer service available is,contact_customer_service,CONTACT,B,3885
25985,how to see the current status of my compensation?,track_refund,REFUND,BIL,13854
24911,I need assistance seeing purchase {{Order Number}} bloody status,track_order,ORDER,BLW,13534
19477,how can i earn several of urarticle,place_order,ORDER,BILMQZ,10085
20323,have a problem with my kiey reset,recover_password,ACCOUNT,BLQZ,10788
16625,where to request compensations of money?,get_refund,REFUND,BILM,8467
22729,want help to submit some feedback about your services,review,FEEDBACK,BLQ,12492
1486,how can I switch an item of order {{Order Number}}?,change_order,ORDER,BIL,500
22475,how can i send my feedback about ur services,review,FEEDBACK,BILQ,11954
22069,can ya help me submit feedback about ur company,review,FEEDBACK,BILQ,12014
15952,help me request a compensation of money,get_refund,REFUND,BL,8033
15992,"I paid {{Currency Symbol}}{{Refund Amount}} for this item, help me get a refund",get_refund,REFUND,BCLM,8072
10091,"I ain't registered, help opening a standard account with you",create_account,ACCOUNT,BCL,5063
16322,could ya help me get a rebate of money,get_refund,REFUND,BILPQ,8296
19106,can uhelp me to buy some items,place_order,ORDER,BIMQ,9788
7118,i have to make a reclamation,complaint,FEEDBACK,BLQ,3473
2869,i need supports updaing the damn address,change_shipping_address,SHIPPING,BLMQWZ,1343
8961,could uhelp me chat with somebody,contact_human_agent,CONTACT,BILPQ,4369
12168,can you help me to see what shipment methods I can choose?,delivery_options,DELIVERY,BILM,6154
6922,assistance to file a reclamation,complaint,FEEDBACK,BL,3328
22888,what do I have to do to enter my new shipping address?,set_up_shipping_address,SHIPPING,BIL,12597
26470,"I have to check my reimbursement status, how could I do it?",track_refund,REFUND,BCILP,14034
10834,new platinum acount,create_account,ACCOUNT,BKLZ,5427
25009,how can i tfack purchase {{Order Number}},track_order,ORDER,BILQZ,13565
8017,"I have got to call customer service, how to do it?",contact_customer_service,CONTACT,BCIL,3942
14292,cnange info on standard account,edit_account,ACCOUNT,BKLQZ,7251
4546,is it possible to check invoice #37777,check_invoice,INVOICE,BIQ,2290
11325,close premium account,delete_account,ACCOUNT,BKL,5708
6013,need to check in which cases can i request an reimbursement,check_refund_policy,REFUND,BLQZ,2973
11158,remove {{Account Type}} accoint,delete_account,ACCOUNT,BKLZ,5632
21758,"I can't open a profile, I need help to report sign-up errors",registration_problems,ACCOUNT,BCLMN,11775
14382,editdata on platinum account,edit_account,ACCOUNT,BKLZ,7312
21175,I do not know how to report a signup error,registration_problems,ACCOUNT,BEL,11382
1392,correcting order {{Order Number}},change_order,ORDER,BL,363
18541,i cant make payments help to report issues with payments,payment_issue,PAYMENT,BCMQ,9388
1645,I'm trying to swap an item of purchase {{Order Number}},change_order,ORDER,BLQ,567
13630,I have to check when my package is going to arrive,delivery_period,DELIVERY,BL,6509
21548,notifying of error opening user profile,registration_problems,ACCOUNT,BKL,11652
16144,help me obtaining a rebate of money,get_refund,REFUND,BL,8191
16895,i try to unsubscribe to ur companu newsletter,newsletter_subscription,SUBSCRIPTION,BLQZ,8614
11332,i need assistance to remove the platinum account,delete_account,ACCOUNT,BLQ,5487
8927,I need to contct an operator,contact_human_agent,CONTACT,BLZ,4336
19254,I want help to order an article,place_order,ORDER,BL,9920
2788,I don't know what to do to correct my shipping address,change_shipping_address,SHIPPING,BL,1296
12910,wanna know about the delivery period,delivery_period,DELIVERY,BMQ,6426
10611,where do I create a {{Account Category}} account?,create_account,ACCOUNT,BI,4932
21062,I have got to notify of aproblem with signup,registration_problems,ACCOUNT,BLZ,11337
3767,I can't find anything about the termination penalty,check_cancellation_fee,CANCEL,BL,1843
19748,I don't know how I could order something,place_order,ORDER,BLP,10306
1552,i need help to delete some products from order {{Order Number}},change_order,ORDER,BLMQ,531
7731,filing consumer reclamation against your business,complaint,FEEDBACK,BL,3644
16549,where can I obtain reimbursements of money?,get_refund,REFUND,BILM,8425
19914,how do I retrieve the access key of my user account?,recover_password,ACCOUNT,BIL,10423
21796,I cannot report a problem with signup,registration_problems,ACCOUNT,BELN,11798
11909,where do I check what damn shipment options are available?,delivery_options,DELIVERY,BILMW,5994
15295,want heop downloading the bill from {{Person Name}},get_invoice,INVOICE,BLQZ,7787
19263,assistance to order some of ur item,place_order,ORDER,BLMQZ,9928
11797,how can i get information about a freemium account deletion,delete_account,ACCOUNT,BILQ,5862
13558,how could I check how long it takes for the item to arrive?,delivery_period,DELIVERY,BILP,6795
1045,can I delete some articles from order {{Order Number}}?,change_order,ORDER,BILM,233
13581,I want to check how long the shipping takes,delivery_period,DELIVERY,BL,6548
17938,"the payment failed, I want to notify of issues",payment_issue,PAYMENT,BCLM,8991
12119,I try to check what shipping methods I can choose,delivery_options,DELIVERY,BLM,6022
13887,how do I check when my package is going to arrive?,delivery_period,DELIVERY,BIL,6539
18298,want help reporting bloody troubles with payments,payment_issue,PAYMENT,BLMQW,9252
23900,i want assistance switching to the pro account,switch_account,ACCOUNT,BQ,13140
21324,I am experiencing an issue with the signup,registration_problems,ACCOUNT,BEL,11519
10155,wanna know more about opening freemium accounts,create_account,ACCOUNT,BLMQ,5101
24036,using gold accouny,switch_account,ACCOUNT,BKZ,13223
11249,I need assistance to remove my {{Account Type}} account,delete_account,ACCOUNT,BL,5674
10102,I need information about opening premium accounts,create_account,ACCOUNT,BLM,5071
20383,is it possible to reset my account PIN code?,recover_password,ACCOUNT,BIL,10836
4313,I don't know what I have to do to look for my invoice #12588,check_invoice,INVOICE,BL,2176
3771,I can't find the termination fees,check_cancellation_fee,CANCEL,BLM,1847
18022,i cannot pay i have to report goddamn payment issues,payment_issue,PAYMENT,BCEMQW,9063
1212,how to switch some items of purchase {{Order Number}}?,change_order,ORDER,BILM,296
9983,problem with creating a gold account,create_account,ACCOUNT,B,4988
11292,can you help me closing a standard account?,delete_account,ACCOUNT,BIL,5700
21258,I am trying to inform of a problem with a signup,registration_problems,ACCOUNT,BL,11478
20454,"I lost the access key of my user profile, help to recover it",recover_password,ACCOUNT,BCL,10893
4542,i dont know how to see the invoice #12588,check_invoice,INVOICE,BLQ,2287
20374,I need sasistance recovering the PIN of my profile,recover_password,ACCOUNT,BLZ,10829
24181,use pro acdcount,switch_account,ACCOUNT,BKZ,13286
15140,"I lost the bills from {{Person Name}}, mail them to me",get_invoice,INVOICE,BCLM,7736
18636,is it possible to report errors with payments?,payment_issue,PAYMENT,BILM,9443
8344,"I need to contact customer service, hoow can I do it?",contact_customer_service,CONTACT,BCIZ,4109
21528,I do not know how I can inform of an error with signjp,registration_problems,ACCOUNT,BELZ,11638
12519,I do not know what to do to check the options for shipment,delivery_options,DELIVERY,BEL,6294
2483,waht assistance changing the address,change_shipping_address,SHIPPING,BLQZ,1110
16940,"I need to unsubscribe from the newsletter, how can I do it?",newsletter_subscription,SUBSCRIPTION,BCIL,8645
21134,assistance to report an error with a registration,registration_problems,ACCOUNT,BL,11389
22257,can ya help me to send some feedback about a service,review,FEEDBACK,BILQ,12161
3228,I can't find anything about the cancellation charge,check_cancellation_fee,CANCEL,BL,1581
20531,how can i get information about my pass reset,recover_password,ACCOUNT,BILQ,10946
15409,i call to downbload my invoices from {{Person Name}},get_invoice,INVOICE,BLMQZ,7826
8946,"you aren't helpful at all, talk to an operator",contact_human_agent,CONTACT,BCL,4355
20605,need assistance resetting the access key of my user account,recover_password,ACCOUNT,BLQ,10781
18882,"I have to report an issue with online payments, help me",payment_issue,PAYMENT,BCLM,9578
10552,new gold acount for wife,create_account,ACCOUNT,BKLZ,5300
17240,can i see thed status of my subscription to ur newsletter,newsletter_subscription,SUBSCRIPTION,BILQZ,8763
16824,i paid $1499for this article help obtaining a refund,get_refund,REFUND,BCLMQZ,8582
19616,I don't know what to do to earn some of your item,place_order,ORDER,BLM,10205
21587,i have to inform of registration errors,registration_problems,ACCOUNT,BLMQ,11672
17531,"I have to cancel my newsletter subscription, how do I do it?",newsletter_subscription,SUBSCRIPTION,BCIL,8860
8108,"I have to contact customer assistance, how can I do it?",contact_customer_service,CONTACT,BCIL,3998
9890,assistance speaking with somebody,contact_human_agent,CONTACT,BL,4370
13420,can ya help me seeing how soon can i expect my parcel,delivery_period,DELIVERY,BILQ,6418
4090,need to look for invoice #37777,check_invoice,INVOICE,BLQ,2042
10204,"I want a platinum account for my son, I want to create it",create_account,ACCOUNT,BCL,5131
8691,need assistance to speak to customer servkce,contact_customer_service,CONTACT,BLQZ,4243
23238,i do not know how to enter a delivery address,set_up_shipping_address,SHIPPING,BELQ,12826
12349,help me to see what delivery options i have,delivery_options,DELIVERY,BLMQ,6239
24579,what do I have to do to change to the gold account?,switch_account,ACCOUNT,BIL,13435
21095,need assistance to notify of errors with a registration,registration_problems,ACCOUNT,BLMQ,11360
17095,is it possible to unsubscribe to your corporate newsletter?,newsletter_subscription,SUBSCRIPTION,BIL,8707
20607,I need to retrieve my user accountPIN,recover_password,ACCOUNT,BLZ,11006
26756,where could I check the rebate status?,track_refund,REFUND,BILP,14105
14005,update info on standard account,edit_account,ACCOUNT,BKLQ,7038
20259,"I cannot remember my user key, I want to reset it",recover_password,ACCOUNT,BCEL,10734
2831,I don't know what I need to do to modify my delivery address,change_shipping_address,SHIPPING,BL,1111
17931,can you help me report troubles with payment?,payment_issue,PAYMENT,BILM,8984
18917,need help shopping a few of ur item,place_order,ORDER,BLMQ,9607
10416,help to ccreate a goddamn {{Account Type}} account,create_account,ACCOUNT,BWZ,5245
17942,where can I inform of issues with payments?,payment_issue,PAYMENT,BILM,8993
11628,can you help me to remove my standard account?,delete_account,ACCOUNT,BIL,5858
18137,I want help notifying of troubles with payments,payment_issue,PAYMENT,BLM,9146
21606,where do i notify of issuse with signup,registration_problems,ACCOUNT,BILMQZ,11684
1584,can I remove some products from purchase {{Order Number}}?,change_order,ORDER,BILM,543
17683,I do not know how I can sign up to the goddamn newsletter,newsletter_subscription,SUBSCRIPTION,BELW,8896
18088,how to repirt problems with online payments,payment_issue,PAYMENT,BILMQZ,9112
26071,how do I check if there are any updates on my refund?,track_refund,REFUND,BIM,13894
10632,assistance to create another fucking freemium account,create_account,ACCOUNT,BLW,5334
2065,I have an error editing the delivery address,change_shipping_address,SHIPPING,BL,787
19218,I don't know what I have to do to buy some products,place_order,ORDER,BLM,9887
14078,change information on platinum account,edit_account,ACCOUNT,BKL,7098
22937,ca ya help me set another fucking shipping address up,set_up_shipping_address,SHIPPING,BIQWZ,12639
18951,where do I earn an article?,place_order,ORDER,BIL,9640
24076,I'd like to change to the standard acconut,switch_account,ACCOUNT,BLPQZ,13243
9625,i want assistance to speak to an agentt,contact_human_agent,CONTACT,BLQZ,4777
14843,i have to update the data on my user how do i do it,edit_account,ACCOUNT,BCILQ,7575
11121,I have problems with the removal of my premium account,delete_account,ACCOUNT,BLM,5613
8739,cfan you help me speak to customer service?,contact_customer_service,CONTACT,BILZ,4261
3358,I cannot find the early exit charge,check_cancellation_fee,CANCEL,BEL,1656
4061,where do i see my bill #00108,check_invoice,INVOICE,BILQ,2022
5138,i have to se ur available payment methods could ya help me,check_payment_methods,PAYMENT,BCILPQZ,2601
11632,cancel freemium acount,delete_account,ACCOUNT,BKLZ,5860
12311,where could I get information about the delivery methods?,delivery_options,DELIVERY,BILP,6222
23434,errors submitting my fucking secondary delivery address,set_up_shipping_address,SHIPPING,BLMW,12918
9105,"I can't understand you, I need to speak with a live agent",contact_human_agent,CONTACT,BCL,4477
22853,"I want to write a review about your company, how do I do it?",review,FEEDBACK,BCIL,12574
11490,i do not know what i need to do to delete a {{Account Category}} acclunt,delete_account,ACCOUNT,BELQZ,5805
15980,help me ask for a compensation,get_refund,REFUND,BL,8060
8978,I don't know what to do to seak to a person,contact_human_agent,CONTACT,BLZ,4382
20983,"I cannot create an account, I want to report a sign-up issue",registration_problems,ACCOUNT,BCELN,11282
25718,where could i check order {{Order Number}} fucking curent status,track_order,ORDER,BILPQWZ,13752
16136,I need help to request refunds,get_refund,REFUND,BLM,8183
13863,I don't know how to see how soon ca I expect my article,delivery_period,DELIVERY,BLZ,6922
23369,want assistgance to submit the secondary shipping address,set_up_shipping_address,SHIPPING,BLQZ,12886
11161,"I no longer make use of my {{Account Category}} account, help me close it",delete_account,ACCOUNT,BCEL,5633
14167,changing info on freeaccount,edit_account,ACCOUNT,BKLQZ,7168
14513,changing detais on {{Account Type}} account,edit_account,ACCOUNT,BKLMZ,7390
15115,"I have lost bill #37777, could you send it to me?",get_invoice,INVOICE,BCILP,7728
19166,i dont know how to order several of ur article,place_order,ORDER,BLMQ,9842
12888,I have problems with the options for shipment,delivery_options,DELIVERY,BLM,6413
19372,i dont know what i need to do to buy some products,place_order,ORDER,BLMQ,10023
1443,could you help me to delete something?,change_order,ORDER,BILP,486
10230,"I am not registered, how to open a pro account with you?",create_account,ACCOUNT,BCEIL,5150
20830,"I forgot my account password, how t reset it?",recover_password,ACCOUNT,BCILZ,11162
6142,i have to see in which cases can i ask for erimbursements,check_refund_policy,REFUND,BLQZ,3083
1474,can you help me changing a product of a purchase?,change_order,ORDER,BIL,496
25007,I awnt assistance to locate order {{Order Number}},track_order,ORDER,BLZ,13564
15017,I'm trying to download invoice #85632,get_invoice,INVOICE,BLQ,7689
18936,can uhelp me to shop some items,place_order,ORDER,BILMQ,9626
4643,i dont know what i have to do to look fopr my bill #00108,check_invoice,INVOICE,BLQZ,2338
15195,where do I get invoice #00108?,get_invoice,INVOICE,BI,7754
13097,want help seeing how soon can I expetc my article,delivery_period,DELIVERY,BLQZ,6573
13207,help checking how long it takes for the shipment to arrive,delivery_period,DELIVERY,BL,6634
6313,help to see in which cases can i ask for my money back,check_refund_policy,REFUND,BLQ,3040
14433,correcting info on {{Account Category}} aqccount,edit_account,ACCOUNT,BKLQZ,7344
16770,could you help me demanding restitutions of my money?,get_refund,REFUND,BILMP,8547
17657,is it possible to cancel the newsletter subscription,newsletter_subscription,SUBSCRIPTION,BILQ,8653
4655,hepp seeing the bill from {{Person Name}},check_invoice,INVOICE,BLZ,2341
4514,where can i take a quick look at the invoice #00108,check_invoice,INVOICE,BIQ,2274
8539,uhave a free number to talk to customer support,contact_customer_service,CONTACT,BILQ,4181
1617,help with adding a goddamn item to ordr {{Order Number}},change_order,ORDER,BWZ,555
16774,howcan i receive a reimbursement,get_refund,REFUND,BILQZ,8549
12080,show me what shipping methods I have,delivery_options,DELIVERY,BLM,6111
21337,where to inform of a fucking sign-up problem?,registration_problems,ACCOUNT,BILW,11527
18494,i do not know how to report a trouble with online payments,payment_issue,PAYMENT,BELMQ,9365
11377,i want information about the removal of a standard account,delete_account,ACCOUNT,BLQ,5752
10387,can uhelp me creating a {{Account Type}} account for my dad,create_account,ACCOUNT,BILQ,5062
7883,what do I have to do to make a customer complaint?,complaint,FEEDBACK,BIL,3849
1604,i need help to swap something of purchase {{Order Number}},change_order,ORDER,BLQ,551
7221,i dont know what to do to fgile a consumer claim,complaint,FEEDBACK,BLQZ,3541
16853,need assistance demanding my money back,get_refund,REFUND,BLQ,8558
5436,I would like to list the payment modalities,check_payment_methods,PAYMENT,BLP,2740
11153,I don't know what I have to do to cancel a {{Account Type}} account,delete_account,ACCOUNT,BL,5473
16842,how do I request a compensation of money?,get_refund,REFUND,BIL,8593
22575,can I write a comment about your company?,review,FEEDBACK,BIL,12388
20741,need assistance to reset my user profile PIN code,recover_password,ACCOUNT,BLQ,11105
4965,is it possible to see ur payment modalities,check_payment_methods,PAYMENT,BILQ,2504
21666,i want assistance to report signup issues,registration_problems,ACCOUNT,BLMQ,11289
16007,is it possible to obtain a restitution of money,get_refund,REFUND,BILQ,8083
8051,I try to call goddamn customer service,contact_customer_service,CONTACT,BLW,3964
180,"I can't afford this product, cancel order {{Order Number}}",cancel_order,ORDER,BCLN,65
652,i dont know how to cncel purchase {{Order Number}},cancel_order,ORDER,BLQZ,153
5191,I want assistance to see the payment methods,check_payment_methods,PAYMENT,BL,2626
24211,i have to sue the {{Account Type}} profile how can i do it,switch_account,ACCOUNT,BCILQZ,13299
24746,help me usew the freemium account,switch_account,ACCOUNT,BZ,13483
12104,i dont know how i can see the options for shipping,delivery_options,DELIVERY,BLQ,6123
18829,what do I need to do to notify of a payment error?,payment_issue,PAYMENT,BIL,9550
19825,I need assistance shopping an article,place_order,ORDER,BL,10358
3986,assistance looking for my invoices from {{Person Name}},check_invoice,INVOICE,BLM,1967
4984,"I have to list the payment options, I need assistance",check_payment_methods,PAYMENT,BCL,2517
23733,wanna set my secondary delivery address up,set_up_shipping_address,SHIPPING,BLQ,12668
16284,I want help to ask for compensations,get_refund,REFUND,BLM,8278
18569,need assistance solving an issue with online paymenst,payment_issue,PAYMENT,BLMQZ,9405
19059,I want help shopping an article,place_order,ORDER,BL,9662
5851,can ushow me the accepted payment metyods,check_payment_methods,PAYMENT,BILQZ,2928
18771,I get an error when I try to check out,payment_issue,PAYMENT,BL,9522
14332,wanna edit the info on my account i need help,edit_account,ACCOUNT,BCQ,7276
7051,can uhelp me making a reclamation against ur business,complaint,FEEDBACK,BILQ,3430
16445,I want help to ask for my money back,get_refund,REFUND,BL,8368
4013,see bill #85632,check_invoice,INVOICE,BKL,1987
20752,i cannot retrieve the passqord of my profile,recover_password,ACCOUNT,BELNQZ,11114
9855,could you help me to talk to a person?,contact_human_agent,CONTACT,BILP,4903
25100,"I would like to locate order {{Order Number}}, I need help",track_order,ORDER,BCLP,13594
11633,deleting gold account,delete_account,ACCOUNT,BKL,5861
13946,modify {{Account Type}} account,edit_account,ACCOUNT,BKL,6985
7908,want helpmaking a consumer reclamation against ur company,complaint,FEEDBACK,BLQZ,3862
15688,I want assistance getting invoice #85632,get_invoice,INVOICE,B,7628
18336,what do I have to do to notify of a damn payment problem?,payment_issue,PAYMENT,BILW,9274
8490,uhave a free of charge number to talk with customer support,contact_customer_service,CONTACT,BILQ,4165
6396,see in which situations can I request to be reimbursed,check_refund_policy,REFUND,BL,3063
14615,editing data on gold account,edit_account,ACCOUNT,BL,7448
14616,"I want to modify my goddamn user profile, help me",edit_account,ACCOUNT,BCLW,7449
21492,I want help to notify of an issue with goddamn sign-up,registration_problems,ACCOUNT,BLMW,11618
12367,I have to see what shipping options I have,delivery_options,DELIVERY,BLM,6246
9321,how can i speak to anoperator,contact_human_agent,CONTACT,BILQZ,4619
7863,help me making a customer complaint,complaint,FEEDBACK,BL,3735
20041,I need help to reset my user PIN code,recover_password,ACCOUNT,BL,10540
11340,removing gold acconut,delete_account,ACCOUNT,BKLZ,5726
15529,I want assistance to download the invoice #00108,get_invoice,INVOICE,BL,7663
22335,product review,review,FEEDBACK,BK,12217
11273,i have problems with the removal of my {{Account Type}} account,delete_account,ACCOUNT,BLMQ,5543
2452,I want help changing the bloody delivery address,change_shipping_address,SHIPPING,BLW,1087
10282,help me create a new fucking {{Account Type}} account,create_account,ACCOUNT,BLW,5181
262,I don't know how I colud cancel order {{Order Number}},cancel_order,ORDER,BPZ,85
22312,I try to leave a review about your company,review,FEEDBACK,BL,12202
21073,"I can't open a profile, I want to report signup problems",registration_problems,ACCOUNT,BCLMN,11347
21986,where do ileave feedback about a product,review,FEEDBACK,BILQZ,11943
24582,what do I need to do to switch to the platinum account?,switch_account,ACCOUNT,BIZ,13437
14797,modify freemium account,edit_account,ACCOUNT,BKL,7506
22315,i call to write a review for ur services,review,FEEDBACK,BLQ,12204
10168,"I want to create another bloody {{Account Type}} account, I need help",create_account,ACCOUNT,BCLW,5112
10364,i want help to create a gold account for my fiance,create_account,ACCOUNT,BLQ,5224
11152,what do I have to do to cancel my platinum account?,delete_account,ACCOUNT,BIL,5628
11142,wanna remove a {{Account Type}} account can ya helpme,delete_account,ACCOUNT,BCILQZ,5623
8776,"I have to speak with customer assistance, how to do it?",contact_customer_service,CONTACT,BCIL,3949
1481,"I have to add an article to order {{Order Number}}, help me",change_order,ORDER,BCL,499
18747,need to report a troubled with payments,payment_issue,PAYMENT,BLMQZ,9507
20909,i dont know how i cqn report bloody sign-up issues,registration_problems,ACCOUNT,BLMQWZ,11216
20807,I'm trying to retrieve the access key of my account,recover_password,ACCOUNT,BLQ,11146
10609,can you help me creating a pro account?,create_account,ACCOUNT,BIL,5325
20434,I cannot reset the key of my account,recover_password,ACCOUNT,BELN,10878
3022,"I can't find the cancellation penalty, can you help me?",check_cancellation_fee,CANCEL,BCIL,1446
1100,problem with deleting something from purchase {{Order Number}},change_order,ORDER,BL,286
4722,can you help me to find the bill #37777?,check_invoice,INVOICE,BIL,2371
26288,i do not know what to do to track my compensation,track_refund,REFUND,BELQ,13973
9444,what do I need to do to chat with a human agent ?,contact_human_agent,CONTACT,BILZ,4680
14923,send me bill #37777,get_invoice,INVOICE,BL,7634
22727,is there an section to send my feedback for a product,review,FEEDBACK,BILQZ,12490
8192,help me to check at what tiem I can call customer assistance,contact_customer_service,CONTACT,BLZ,4043
16232,want hep receiving a refund of my money,get_refund,REFUND,BLQZ,8247
12392,where can i see what delivery methods i can choose,delivery_options,DELIVERY,BILMQ,6225
4710,I want assistance checking my invoice #37777,check_invoice,INVOICE,B,2364
4248,need to locate the bill #12588 can uhelp me,check_invoice,INVOICE,BCILQ,2137
25658,can uhelp me seethe ETA of order {{Order Number}},track_order,ORDER,BILQZ,13738
16508,can you help me to ask for a reimbursement of my money?,get_refund,REFUND,BIL,8405
26550,"I expect a bloody rebate of {{Currency Symbol}}{{Refund Amount}}, was it processed already",track_refund,REFUND,BCLW,14053
6362,can huelp me check ur refund policy,check_refund_policy,REFUND,BIQZ,3162
3460,I don't know what I have to do to see the cancellation fees,check_cancellation_fee,CANCEL,BLM,1713
21220,I cannot notify of issues with signup,registration_problems,ACCOUNT,BELMN,11451
3981,I do not know how to locate the bills from my last purchase,check_invoice,INVOICE,BELM,1963
20675,help retrieving the PIN of my account,recover_password,ACCOUNT,BL,11052
2605,I have an error updating my fucking shipping address,change_shipping_address,SHIPPING,BLW,1185
8623,I'm trying to see what hours i can call customer service,contact_customer_service,CONTACT,BLQ,4218
13104,i have to check how soon can i expect tne article,delivery_period,DELIVERY,BLQZ,6578
13873,I don't know how to check when will my purchase arrive,delivery_period,DELIVERY,BL,6929
21647,I am having an error with the registration,registration_problems,ACCOUNT,BEL,11709
9343,need assistance talking with an assistant,contact_human_agent,CONTACT,BLQ,4342
14032,editing information on platinum account,edit_account,ACCOUNT,BKL,7059
2716,could you tell me about correcting my shipping address?,change_shipping_address,SHIPPING,BILP,1256
20235,I want assistance to reset the PIN of my profile,recover_password,ACCOUNT,BLZ,10714
10800,new premium acount,create_account,ACCOUNT,BKLZ,5412
11221,i want information about the deletion of my {{Account Type}} accounnt,delete_account,ACCOUNT,BLQZ,5664
19936,I have to restore my profile PIN,recover_password,ACCOUNT,BL,10445
7153,I try to lodge a customer reclamation,complaint,FEEDBACK,BL,3431
4319,I need assistance to find my bill from {{Person Name}},check_invoice,INVOICE,BL,2178
23093,I can't enter my fucking delivery address,set_up_shipping_address,SHIPPING,BLW,12752
9814,could you help me talking with somebody?,contact_human_agent,CONTACT,BILP,4880
7484,I do not know what I need to do to file a customer complaint,complaint,FEEDBACK,BEL,3677
2702,my shipping address has changed how can i modify it,change_shipping_address,SHIPPING,BCILQ,953
4880,i dont knw what to do to see the bill from {{Person Name}},check_invoice,INVOICE,BLQZ,2446
10242,open freemium account for wife,create_account,ACCOUNT,BKL,5159
2675,"I submitted a wrong address, edit it",change_shipping_address,SHIPPING,BCL,1228
1011,change several articles of order {{Order Number}},change_order,ORDER,BLM,214
24455,changkng to pro account,switch_account,ACCOUNT,BKLZ,13391
1864,"I have to swap some items of order {{Order Number}}, help me",change_order,ORDER,BCLM,671
17934,could ya help me to report an isue with payment,payment_issue,PAYMENT,BIPQZ,8987
10668,can you help me open a platinum account for my dad?,create_account,ACCOUNT,BIL,5293
2169,I want assistance updating my delivery address,change_shipping_address,SHIPPING,BL,877
4799,i want assiswtance to find the bills from {{Person Name}},check_invoice,INVOICE,BLMQZ,2406
10586,information about opening a freemium account,create_account,ACCOUNT,BL,5271
20101,is it possible to restore my user PIN?,recover_password,ACCOUNT,BIL,10595
18859,can ya help me to solve atrouble with payments,payment_issue,PAYMENT,BILMQZ,9563
26689,can you show me the rebate current status?,track_refund,REFUND,BIL,14089
3700,can I see the termination penalty?,check_cancellation_fee,CANCEL,BIL,1626
2262,"I entered a wrong delivery address, can you correct it?",change_shipping_address,SHIPPING,BCIL,956
9917,opdn {{Account Category}} account,create_account,ACCOUNT,BKLZ,4929
4491,i dont know what i have to do to look for the bill #37777,check_invoice,INVOICE,BLQ,2262
15263,"I lost my bill #37777, will you mail it to me?",get_invoice,INVOICE,BCILP,7778
3411,where to see the termination charges,check_cancellation_fee,CANCEL,BILMQ,1684
9663,how do I speak with a fucking operator?,contact_human_agent,CONTACT,BILW,4797
11814,give me information about the deletion of my standardaccount,delete_account,ACCOUNT,BLZ,5946
11538,i dont know what to do to delete the goddamn standard acount,delete_account,ACCOUNT,BLQWZ,5820
9563,i need assistance talking with a perrson,contact_human_agent,CONTACT,BLQZ,4740
4369,what do I have to do to see my invoice #85632?,check_invoice,INVOICE,BIL,2207
23166,"my delivery address is not valid, what should I do?",set_up_shipping_address,SHIPPING,BCEIL,12793
19635,I do not know how I can shop several of your article,place_order,ORDER,BELM,10219
2150,"the fucking shipping address changed, could you update it?",change_shipping_address,SHIPPING,BCILPW,860
7433,can you help me file a customer claim?,complaint,FEEDBACK,BIL,3655
1587,can I swap an itm of purchase {{Order Number}}?,change_order,ORDER,BILZ,544
14150,i have got to correct the user data can i get some help,edit_account,ACCOUNT,BCILQ,7157
10476,"I don't have a premium account, how do I sign up?",create_account,ACCOUNT,BCILN,5268
24756,i need assistance using the platinum account,switch_account,ACCOUNT,BQ,13420
23606,shipping addtess trouble,set_up_shipping_address,SHIPPING,BKLZ,12993
14670,how to correct the data on my user account?,edit_account,ACCOUNT,BIL,7484
24468,i dont know how to change to the premium account,switch_account,ACCOUNT,BLQ,13397
23211,where do I set up the new delivery address?,set_up_shipping_address,SHIPPING,BIL,12814
12260,do ya deliver to {{Delivery Country}},delivery_options,DELIVERY,BIQS,6083
170,I cannot afford order {{Order Number}},cancel_order,ORDER,BELN,61
8093,"I have got to call customer support, how could I do it?",contact_customer_service,CONTACT,BCILP,3988
17920,where to notify of problems with online payment?,payment_issue,PAYMENT,BILM,8973
1579,I cannot remove an article from order {{Order Number}},change_order,ORDER,BELNZ,541
13020,I need to see how long it takes for the shipment to arrive,delivery_period,DELIVERY,BL,6420
23544,y i cannot set up the secondary shipping address valid,set_up_shipping_address,SHIPPING,BELQ,12957
163,"I cannot pay for this product, cancel order {{Order Number}}",cancel_order,ORDER,BCELN,58
4365,give a quick look at the damn invoices from {{Person Name}},check_invoice,INVOICE,BLMW,1983
5493,i dont know how to check the payment methods,check_payment_methods,PAYMENT,BLQ,2771
4025,want assistance to find the bill #85632,check_invoice,INVOICE,BLQ,1997
6773,I have to see in whzt cases can I request to be reimbursed,check_refund_policy,REFUND,BLZ,3290
22356,I have to write a fucking review,review,FEEDBACK,BLW,12233
12160,show me what shipment methods I have,delivery_options,DELIVERY,BLM,6150
9050,uare not helpful could uhelp me talk to a damn agent,contact_human_agent,CONTACT,BCEIPQW,4438
6386,assistance ot check how long reimbursements take,check_refund_policy,REFUND,BLZ,3170
9197,i need help to talk to someone,contact_human_agent,CONTACT,BLQ,4543
9478,talk to assistant,contact_human_agent,CONTACT,BKL,4362
23914,I am trying to change to the standard account,switch_account,ACCOUNT,BL,13150
7760,filing consumer complaint,complaint,FEEDBACK,BL,3770
1189,wanna add some articles to order {{Order Number}},change_order,ORDER,BLMQ,346
4017,I do not know how to look for the bill from {{Person Name}},check_invoice,INVOICE,BEL,1990
7271,I want to lodge a consumer complaint against your company,complaint,FEEDBACK,BL,3567
8063,how do i check what hours customer supporft available is,contact_customer_service,CONTACT,BILQZ,3971
7335,I'm calling to lodge a claim against ur company,complaint,FEEDBACK,BLQ,3605
22556,can you help me to write an opinion about your products?,review,FEEDBACK,BIL,12377
13224,I have got to see when will my aprcel arrive,delivery_period,DELIVERY,BLZ,6645
14290,editing freemium account,edit_account,ACCOUNT,BKL,7171
2616,how can I find information about a shipping address update?,change_shipping_address,SHIPPING,BIL,1191
18999,how do i shop some products,place_order,ORDER,BILMQ,9688
21872,"I am experiencing a problem signing up, can I get some help?",registration_problems,ACCOUNT,BCEIL,11841
4820,i do not know how i can find bill #00108,check_invoice,INVOICE,BELQ,2416
6215,assistance to check ur refund pollicy,check_refund_policy,REFUND,BQZ,3106
58,"I can't afford order {{Order Number}}, help me cancelling it",cancel_order,ORDER,BCLN,26
25678,I can't locate order {{Order Number}},track_order,ORDER,BLN,13742
9412,would it be possible to comtact an agent?,contact_human_agent,CONTACT,BIPZ,4659
18693,I have got to notify of goddamn issues with online payment,payment_issue,PAYMENT,BLMW,9480
12025,help me seeing what methods for delivery I can choose,delivery_options,DELIVERY,BLM,6086
20433,I'd like to recover the key of my user account,recover_password,ACCOUNT,BLPQ,10877
22970,help me entering a secondary delivery address,set_up_shipping_address,SHIPPING,BL,12666
19340,i need assistance acquiring some rpoducts,place_order,ORDER,BLMQZ,9994
19064,I want to earn an article,place_order,ORDER,BL,9746
20918,"I cannot sign up, how do I inform of a registration problem?",registration_problems,ACCOUNT,BCEILN,11225
21470,is it possible to inform of a signup issue?,registration_problems,ACCOUNT,BIL,11606
24545,switching to platinum account,switch_account,ACCOUNT,BK,13423
16058,where to demand my money back?,get_refund,REFUND,BIL,8126
15729,gedtting bill from {{Person Name}},get_invoice,INVOICE,BKLZ,7926
9222,i want assistance contacting a person,contact_human_agent,CONTACT,BLQ,4561
13885,what is the shipping period for this order,delivery_period,DELIVERY,BILQ,6935
19683,what do Ihave to do to acquire some of your item?,place_order,ORDER,BILMZ,10260
20360,someone stole my user pass i want assistance to recover it,recover_password,ACCOUNT,BCLQ,10818
19814,assistance ordering several of ur product,place_order,ORDER,BLMQ,10350
20407,i dont know what to do to reset the key of my user account,recover_password,ACCOUNT,BLQ,10664
22631,is there an address to send a comment for your services?,review,FEEDBACK,BIL,12425
12268,wanna see the delivery options help me,delivery_options,DELIVERY,BCLQ,6205
16696,where do I demand a rebate ofb money?,get_refund,REFUND,BILZ,8505
8477,I have got to contact customre support,contact_customer_service,CONTACT,BLZ,4158
8188,wanna check what hours i can call customer service,contact_customer_service,CONTACT,BLQZ,4040
5029,wanna list the bloody accepted payment options how to do it,check_payment_methods,PAYMENT,BCILQW,2545
16943,"I have to sign up to the newsletter, I need help",newsletter_subscription,SUBSCRIPTION,BCL,8646
9026,I do not know what to do to talk with someone,contact_human_agent,CONTACT,BEL,4422
20567,i cannot reset my profile access key,recover_password,ACCOUNT,BELNQ,10975
19591,would it be possible to shop several articles?,place_order,ORDER,BILMP,10189
20979,what do i have to do to inform of a signup error,registration_problems,ACCOUNT,BILQ,11278
2264,support trying to change my delivefy address,change_shipping_address,SHIPPING,BLZ,957
14680,editing data on {{Account Type}} acocunt,edit_account,ACCOUNT,BLZ,7491
16593,i have got to request reimbirsements of money,get_refund,REFUND,BLMQZ,8448
19833,is it possible to purchase some articles?,place_order,ORDER,BILM,10366
9216,want help speaking with somebody,contact_human_agent,CONTACT,BLQ,4513
1733,I want help to swap several products of purchase {{Order Number}},change_order,ORDER,BLM,613
13598,I am calling to check when my purchase is going to arrive,delivery_period,DELIVERY,BL,6818
4875,I want assistance to looi for invoice #85632,check_invoice,INVOICE,BLZ,2389
5055,could i list ur accepted payment options,check_payment_methods,PAYMENT,BILPQ,2560
23865,is it possible to neter a goddamn shipping address,set_up_shipping_address,SHIPPING,BILQWZ,13115
5549,i want assistance to list the allowed payment modalitiess,check_payment_methods,PAYMENT,BLQZ,2798
13958,correcting info on {{Account Type}} aqccount,edit_account,ACCOUNT,BKLQZ,6996
20797,assistance retrieving the goddamn PIN of my account,recover_password,ACCOUNT,BLW,11141
6391,assistance checking howlong reimbursements take,check_refund_policy,REFUND,BLZ,3172
1900,swap an item of purchase {{Order Number}},change_order,ORDER,BL,565
2221,assistance trying to change the shipping address,change_shipping_address,SHIPPING,BL,921
2447,i need assistance with a shipping address correction,change_shipping_address,SHIPPING,BLQ,1083
2411,I havd problems with a shipping address update,change_shipping_address,SHIPPING,BLMZ,1057
19024,i need help purchasing several items,place_order,ORDER,BLMQ,9710
26301,can you help me see the current status of the rebate?,track_refund,REFUND,BIL,13977
1717,can uhelp me swappping a product of purchase {{Order Number}},change_order,ORDER,BILQZ,607
23810,what do I have to do to set another shipping address up?,set_up_shipping_address,SHIPPING,BI,13086
7434,I would like to lodge a consumer claim against your business,complaint,FEEDBACK,BLP,3656
23990,"I have got to change to the standard account, I need help",switch_account,ACCOUNT,BCL,13197
17393,I want to unsubscribe from the newsleter,newsletter_subscription,SUBSCRIPTION,BLZ,8817
19534,can you help me to order some articles?,place_order,ORDER,BILM,10149
18171,i need help informing of errors with payment,payment_issue,PAYMENT,BLMQ,9174
20462,I need assistanec retrieving my account key,recover_password,ACCOUNT,BLZ,10899
20028,i have to reset my pwd can ya hepl me,recover_password,ACCOUNT,BCILQZ,10529
5124,"I want to see your payment modalities, can I get some help?",check_payment_methods,PAYMENT,BCIL,2594
24454,"I have got to use the gold account, can I get some help?",switch_account,ACCOUNT,BCI,13390
21423,i cannot open an acconut help me inform of a signup issue,registration_problems,ACCOUNT,BCELNQZ,11582
3403,can uhelp me to see the withdrawal fee,check_cancellation_fee,CANCEL,BILQ,1678
5038,how can i list the allowedd payment options,check_payment_methods,PAYMENT,BILQZ,2548
1148,I would like to add something to purchase {{Order Number}},change_order,ORDER,BLP,319
7442,I don't know how I can make a customer reclamation,complaint,FEEDBACK,BL,3589
2567,where can I get information about changing the address?,change_shipping_address,SHIPPING,BIL,1164
23835,there are troubles setting up another shipping address,set_up_shipping_address,SHIPPING,BLM,12806
22036,is there a method to send some feedback for ur products,review,FEEDBACK,BILQ,11983
3965,i dont know how to give a quick look at bill #12588,check_invoice,INVOICE,BLQ,1950
21342,I don't know how to notify of an error with a sign-up,registration_problems,ACCOUNT,BL,11530
14172,i have to correct the personal details can i get some help,edit_account,ACCOUNT,BCILMQ,7173
21582,I have to inform of na issue with signup,registration_problems,ACCOUNT,BLZ,11515
15891,send me invoice #00108,get_invoice,INVOICE,B,7977
26633,how can I see if there is anything wrong with my rebate?,track_refund,REFUND,BIL,13974
12654,"I need to see what damn shipment options I have, help me",delivery_options,DELIVERY,BCLMW,6330
18978,I want assistance to order a damn product,place_order,ORDER,BLW,9667
16838,help obtaining a reimbursement of money,get_refund,REFUND,BL,7983
18678,I am trying to inform of issues with payment,payment_issue,PAYMENT,BLM,9472
11810,I don't know what I have to do to delete a pro account,delete_account,ACCOUNT,BL,5528
9110,I need help to chat with a live avent,contact_human_agent,CONTACT,BLZ,4482
18453,"I cannot pay, I want to notify of a trouble with payments",payment_issue,PAYMENT,BCELM,9342
14477,modify data on standard account,edit_account,ACCOUNT,BKL,7367
18105,how to notify of issues with payment?,payment_issue,PAYMENT,BILM,9123
15993,"I paid {{Currency Symbol}}{{Refund Amount}} for a purchase, I try to get a reimbursement",get_refund,REFUND,BCLM,8073
2829,can you tell me about changing the delivery address?,change_shipping_address,SHIPPING,BIL,903
18263,can ya help me to solve probelms with payment,payment_issue,PAYMENT,BILMQZ,9234
21534,I do not know what to do to inform of issues with a sign-up,registration_problems,ACCOUNT,BELM,11644
16735,"I have paid {{Currency Symbol}}{{Refund Amount}} for a product, I want mydamn reimbursement",get_refund,REFUND,BCELMVWZ,8528
16644,can you help me to obtain a refund of money?,get_refund,REFUND,BIL,8478
22162,I have to write an opinion for your company,review,FEEDBACK,BL,12087
8436,"I would like to contact customer support, could you help me?",contact_customer_service,CONTACT,BCILP,4140
19496,I need help to purchase several of your item,place_order,ORDER,BLM,9833
23278,error setting a secondary delivery address up,set_up_shipping_address,SHIPPING,BL,12728
22251,I don't know how I can write an opinion for a product,review,FEEDBACK,BL,12155
10419,want help opening a premium account for my daughter,create_account,ACCOUNT,BLQ,5077
22748,need help to send some feedabck about ur products,review,FEEDBACK,BLQZ,12503
15928,I need to ask fot refunds of money,get_refund,REFUND,BLMZ,8009
18403,help informing of an error with online payments,payment_issue,PAYMENT,BLM,9308
11576,i have a question about my freemium account termination,delete_account,ACCOUNT,BLQ,5753
2778,"I would like to correct the damn delivery address, help me",change_shipping_address,SHIPPING,BCLPW,1290
12474,"I want to see the methods for delivery, how could I do it?",delivery_options,DELIVERY,BCILP,6277
19533,I want help earning a product,place_order,ORDER,BL,10148
22723,"I need to levae some feedback for a service, how do I do it?",review,FEEDBACK,BCILZ,12487
2036,where do i edit my delivery address,change_shipping_address,SHIPPING,BILQ,760
5240,how can I list the accepted payment modalitiues?,check_payment_methods,PAYMENT,BILZ,2652
6372,check in what situations can I request a fucking refund,check_refund_policy,REFUND,BLW,3165
22756,can ya help me writing a comment about a product,review,FEEDBACK,BILQ,12508
22464,i dont know what to do to send feedback for a product,review,FEEDBACK,BLQ,12265
11489,couldyou help me to cancel the goddamn {{Account Type}} account?,delete_account,ACCOUNT,BILPWZ,5804
1971,remove a damn product from order {{Order Number}},change_order,ORDER,BLW,712
1190,would it be possible to swap an article of order {{Order Number}}?,change_order,ORDER,BILP,347
17980,"I can't pay, assistance notifying of an issue with payment",payment_issue,PAYMENT,BCL,9027
20649,I cannot restore the key of my profile,recover_password,ACCOUNT,BELN,11036
20,I'm trying to cancel order {{Order Number}},cancel_order,ORDER,BQ,13
9969,i do not know what i have to do to create a standard account,create_account,ACCOUNT,BELQ,4976
6060,I need assistance seeing how long refunds take,check_refund_policy,REFUND,BL,3047
19191,i need assistance toacquire several products,place_order,ORDER,BLMQZ,9864
10971,have a problem with the deletio of my premium account,delete_account,ACCOUNT,BLQZ,5507
26455,any news on the refund,track_refund,REFUND,BLM,14028
14922,howe can I download the invoice #12588?,get_invoice,INVOICE,BILZ,7633
11914,check the available shipping options,delivery_options,DELIVERY,BL,5999
20344,help me to retrieve the PIN of my user profile,recover_password,ACCOUNT,BL,10804
9285,speak to human agent,contact_human_agent,CONTACT,BL,4377
2582,help with a fucking address change,change_shipping_address,SHIPPING,BLW,1171
20132,I want to restore my user profkle pwd,recover_password,ACCOUNT,BLQZ,10621
6644,"I want to check your reimbursement policy, help me",check_refund_policy,REFUND,BCL,2996
9592,talking to agent,contact_human_agent,CONTACT,B,4758
24640,I'd like to use the premium profile i need assistance,switch_account,ACCOUNT,BCLPQ,13451
16442,requesting rebate,get_refund,REFUND,BKL,8366
24524,assistance to switch to the pro account,switch_account,ACCOUNT,B,13415
12628,where can I see what shipping methods are available?,delivery_options,DELIVERY,BILM,6322
9886,"I don't understand you, I need to talk to a liev agent",contact_human_agent,CONTACT,BCLZ,4915
14524,i try to change my personal info,edit_account,ACCOUNT,BLQ,7398
7399,wanna file a custome complaint,complaint,FEEDBACK,BLQZ,3638
19789,"I have to earn an article, how can I do it?",place_order,ORDER,BCIL,10331
664,have a question abut canceling purchase {{Order Number}},cancel_order,ORDER,BLQZ,62
23521,problem submktting another delivery address,set_up_shipping_address,SHIPPING,BLZ,12944
6247,can you help me check in which cases can I request a refund?,check_refund_policy,REFUND,BIL,3116
26389,assistance to check the reimbursement status,track_refund,REFUND,BL,14006
21420,is it possible to report problems with sign-up?,registration_problems,ACCOUNT,BILM,11580
7100,"I am not happy with your work, I need help making a claim",complaint,FEEDBACK,BCEL,3464
9772,"you aren't helpful at all, assistance to talk to somebody",contact_human_agent,CONTACT,BCL,4853
744,"I bought some bloody articles, cancel order {{Order Number}}",cancel_order,ORDER,BCLMW,38
11089,I need information about the cancellation of a gold account,delete_account,ACCOUNT,BL,5559
4793,find ionvoice #85632,check_invoice,INVOICE,BZ,2403
11707,could you help me to remove the damn standard account?,delete_account,ACCOUNT,BILPW,5892
18215,inform of ikssue with online payment,payment_issue,PAYMENT,BKLZ,9201
14681,how can I update the user info?,edit_account,ACCOUNT,BILQ,7492
22677,want help sending feedback about a service,review,FEEDBACK,BLQ,11857
1524,help switching some products of order {{Order Number}},change_order,ORDER,BLM,517
15680,i dontknow how to get the invoice #12588,get_invoice,INVOICE,BQZ,7913
26622,"I have got to check my reimbursement status, help me",track_refund,REFUND,BCL,14074
4897,is it possible to chec my bill #37777,check_invoice,INVOICE,BILQZ,2453
18956,is it possible to purchase a few of your article?,place_order,ORDER,BILM,9645
19224,earning something,place_order,ORDER,BKL,9893
15550,what do i need to do to dowjload my bill #00108,get_invoice,INVOICE,BILQZ,7874
22237,do you have a method to submit a comment for your company?,review,FEEDBACK,BIL,12144
8389,wanna contact customer assistance,contact_customer_service,CONTACT,BLQ,4125
13641,can you help me checking when my order is going to arrive?,delivery_period,DELIVERY,BIL,6837
7193,where do i lodge a reclamatioln,complaint,FEEDBACK,BILQZ,3520
16113,help me ot get a restitution of my money,get_refund,REFUND,BLZ,8167
22791,ya have a section to send a comment for ur services,review,FEEDBACK,BILQ,12531
5518,want help to list ru payment modalities,check_payment_methods,PAYMENT,BLQZ,2784
19705,where can I acquire some products?,place_order,ORDER,BILM,10278
12034,what do I need to do to see what shipment methods I have?,delivery_options,DELIVERY,BILM,6091
20755,how could I reset my user password?,recover_password,ACCOUNT,BILP,11117
17488,information about signing up to your company newsletter,newsletter_subscription,SUBSCRIPTION,BL,8847
5665,can I check what payment methods are accepted?,check_payment_methods,PAYMENT,BIL,2613
7077,can you help me to file a fucking customer reclamation?,complaint,FEEDBACK,BILW,3447
3221,could you help me see the withdrawal charges?,check_cancellation_fee,CANCEL,BILMP,1575
15915,is it possible to get rebates of money?,get_refund,REFUND,BILM,7996
8178,need help to see at what time customer service availabl is,contact_customer_service,CONTACT,BLQZ,4034
4032,i want assistance to look for my bill #85632,check_invoice,INVOICE,BLQ,2002
19830,how can I purchase some of your article?,place_order,ORDER,BILM,10363
19344,help me to buy some products,place_order,ORDER,BLM,9996
16980,i cant subscribe to ur newsletter,newsletter_subscription,SUBSCRIPTION,BLQ,8619
22555,i call to leave my feedback for ur services,review,FEEDBACK,BLQ,12376
9680,can you help me to speak to a person?,contact_human_agent,CONTACT,BIL,4810
11442,removing pro account,delete_account,ACCOUNT,BKL,5707
22750,i call to write a comment for ur products,review,FEEDBACK,BLQ,12504
8931,I want to contact a person,contact_human_agent,CONTACT,BL,4340
7432,help to lodge a consumer complaint against your orgqnization,complaint,FEEDBACK,BLZ,3654
23783,there are troubles submitting another delivery address,set_up_shipping_address,SHIPPING,BLM,13077
19686,I want help to earn several of your article,place_order,ORDER,BLM,10263
4748,where could i find my invoice #00108,check_invoice,INVOICE,BIPQ,2385
8482,need help checking whay hours I can reach customer support,contact_customer_service,CONTACT,BLQZ,4161
14016,can you help me to change the information on my profile?,edit_account,ACCOUNT,BIL,7046
21868,help registering,registration_problems,ACCOUNT,BK,11838
13,can you help me canceling order {{Order Number}}?,cancel_order,ORDER,BI,10
12150,"I need to check the shipping methods, can I get some help?",delivery_options,DELIVERY,BCIL,6146
18671,what do I have to do to notify of a problem with payments?,payment_issue,PAYMENT,BILM,9031
10890,"I have not signed up, can I open a platinum account?",create_account,ACCOUNT,BCEIL,5452
19638,i dont know what i need to do to buy some articles,place_order,ORDER,BLMQ,10222
3834,i have got to check the terminatiln penalties how to do it,check_cancellation_fee,CANCEL,BCILMQZ,1873
2634,could you help me modify the shipping address?,change_shipping_address,SHIPPING,BILP,1204
2487,support correcting my address,change_shipping_address,SHIPPING,BL,1114
19710,I don't know what to do to buy somethinb,place_order,ORDER,BZ,10282
13818,want assistance to check how soon can i exppect the item,delivery_period,DELIVERY,BQZ,6903
15442,can i get the bill #12588,get_invoice,INVOICE,BILQ,7696
8844,do you have a free number to contact customer support?,contact_customer_service,CONTACT,BIL,4300
2762,where can I get information about a delivery address change?,change_shipping_address,SHIPPING,BIL,1278
4645,i have to see the invoice #00108,check_invoice,INVOICE,BLQ,2181
20370,i olst my pin code can ya help me retrieve it,recover_password,ACCOUNT,BCILQZ,10825
5237,I am trying to see your payment methods,check_payment_methods,PAYMENT,BL,2651
24121,switching to standard account,switch_account,ACCOUNT,BK,13266
3387,"I want to check the early exit fee, could you help me?",check_cancellation_fee,CANCEL,BCILP,1670
18556,want assistance to report a payment problem,payment_issue,PAYMENT,BLQ,9397
21055,I don't know how to report a problem with an sign-up,registration_problems,ACCOUNT,BLZ,11333
10154,help me to open a gold account for my daughter,create_account,ACCOUNT,BL,5100
6145,i have to check in what cases can i ask for refunds,check_refund_policy,REFUND,BQ,3084
22623,ho can I send my feedback about your company?,review,FEEDBACK,BILZ,12420
19691,want help shopping several items,place_order,ORDER,BLMQ,10268
14205,I want to change my user info,edit_account,ACCOUNT,BLQ,7196
24244,how can I use the gold account?,switch_account,ACCOUNT,BI,13310
21432,report issue creating account,registration_problems,ACCOUNT,BK,11460
8366,i need assistance to speak with customer service,contact_customer_service,CONTACT,BLQ,4116
2110,there are errors trying to edit my delivery address,change_shipping_address,SHIPPING,BLM,828
12641,i dont know what i have to do to see the shipment methods,delivery_options,DELIVERY,BLQ,6328
2363,assistance canging my shipping address,change_shipping_address,SHIPPING,BLZ,1024
2177,information about a deliveryaddress change,change_shipping_address,SHIPPING,BLZ,885
17526,I'm trying to unsubscribe from the newsletter,newsletter_subscription,SUBSCRIPTION,BLQ,8859
3192,canuhelp me to see the cancellation penalty,check_cancellation_fee,CANCEL,BILQZ,1559
3060,I do not know how to see the termination charges,check_cancellation_fee,CANCEL,BELM,1473
1302,how to add an article to order {{Order Number}},change_order,ORDER,BILQ,418
15689,i want assistance to get my invoice #37777,get_invoice,INVOICE,BQ,7760
26790,"I have to track my compensation, can you help me?",track_refund,REFUND,BCIL,14115
4043,help me finding invoice #85632,check_invoice,INVOICE,B,2009
10360,"I would like to create a {{Account Type}} account, how can I do it?",create_account,ACCOUNT,BCILP,5222
1109,help to remove several items from order {{Order Number}},change_order,ORDER,BM,294
21239,i try to reoprt issues with sign-up,registration_problems,ACCOUNT,BLMQZ,11468
17127,i cannot subscribe to the newsletter,newsletter_subscription,SUBSCRIPTION,BELQ,8635
21879,can you help me inform of a problem with signup?,registration_problems,ACCOUNT,BILZ,11846
10794,"I need to open a new fucking standard account, help me",create_account,ACCOUNT,BCLW,5409
21024,want help to inform of errors wwith registrations,registration_problems,ACCOUNT,BLMQZ,11310
9926,I want assistance creatinga standard account,create_account,ACCOUNT,BZ,4938
21960,can you help me leave an opinion foor a product?,review,FEEDBACK,BILZ,11920
23851,the delivery addrses isnt valid can i get some help,set_up_shipping_address,SHIPPING,BCILQZ,13109
1746,i cannot swap a product of order {{Order Number}},change_order,ORDER,BELNQ,623
7631,what do I have to do to file a consumer complaint?,complaint,FEEDBACK,BIL,3738
7906,i need help making a consumer reclamation,complaint,FEEDBACK,BLQ,3860
1523,can I update order00004587345?,change_order,ORDER,BILZ,516
10836,i havent signed up yet help me creatin a customer profile,create_account,ACCOUNT,BCLQZ,5428
23512,where could I submit a different delivery address?,set_up_shipping_address,SHIPPING,BILP,12696
11491,cold uhelp me deleting my platinum account,delete_account,ACCOUNT,BILPQZ,5806
15551,wanna download invoice #37777 could ya help me,get_invoice,INVOICE,BCILPQ,7875
22624,do you have a method to leave a review about a service?,review,FEEDBACK,BIL,12421
13121,I don't know what to do to check when will my parcel arrive,delivery_period,DELIVERY,BL,6589
9044,can you help me contact osmeone?,contact_human_agent,CONTACT,BILZ,4432
9152,I'm trying to talk with a person,contact_human_agent,CONTACT,BLQ,4514
3010,what do I need to do to see the early exit penalty?,check_cancellation_fee,CANCEL,BIL,1438
8227,can i check what hours i can call customer assitsance,contact_customer_service,CONTACT,BILQZ,4060
25947,I cannot check the current status of the rebate,track_refund,REFUND,BELN,13836
13961,edit {{Account Type}} account,edit_account,ACCOUNT,BKL,6999
11151,I do not knw what to do to cancel my pro account,delete_account,ACCOUNT,BELZ,5627
11194,I don't know what to do to cancel the standard account,delete_account,ACCOUNT,BL,5611
24831,help using the standard account,switch_account,ACCOUNT,B,13315
21283,I have to notify of an issue with sign-up,registration_problems,ACCOUNT,BL,11494
26350,help seeing if there is anything wrong with the rebate,track_refund,REFUND,BL,13992
19511,I do not know how to order a product,place_order,ORDER,BEL,10131
25564,when will I receive ordered {{Order Number}} ?,track_order,ORDER,BIZ,13642
4275,i do not know what i need to do to see the bill #85632,check_invoice,INVOICE,BELQZ,2039
12671,is it possible to see what shipping options I have?,delivery_options,DELIVERY,BILM,6337
3693,where do I check the early exit fee?,check_cancellation_fee,CANCEL,BIL,1804
9547,i want help talkingh to a live agent,contact_human_agent,CONTACT,BLQZ,4730
15230,I don'tknow what to do to download my invoice #00108,get_invoice,INVOICE,BLZ,7769
24687,can you help me to use the {{Account Type}} profile?,switch_account,ACCOUNT,BIL,13221
13906,update info on pro account,edit_account,ACCOUNT,BKLQ,6949
20059,I don't know what I need to do to restore my PIN,recover_password,ACCOUNT,BL,10555
1069,add item to order {{Order Number}},change_order,ORDER,BK,223
23259,awnna set my shipping address up,set_up_shipping_address,SHIPPING,BLQZ,12840
14306,edit premium account,edit_account,ACCOUNT,BKL,7258
1415,add item to purchase {{Order Number}},change_order,ORDER,BKL,276
10400,"I am not registered, help me open a gold account with you",create_account,ACCOUNT,BCEL,5240
23267,I haave to submit a secondary delivery address,set_up_shipping_address,SHIPPING,BLZ,12846
10345,i do nothave a {{Account Type}} account help signing up,create_account,ACCOUNT,BCELNQZ,4978
22581,were can I leave a review for your services?,review,FEEDBACK,BIZ,12392
6214,I want to see in what cases can Iask to be refunded,check_refund_policy,REFUND,BLZ,3074
19188,assistance to shop some of ur article,place_order,ORDER,BLMQ,9861
26546,help me check if there are any news on the rebate,track_refund,REFUND,BLM,13850
8877,what is the customer service workinghours?,contact_customer_service,CONTACT,BIMZ,4314
23492,i need help entering another delivery address,set_up_shipping_address,SHIPPING,BLQ,12932
17164,where can i sign up ot the newsletter,newsletter_subscription,SUBSCRIPTION,BILQZ,8735
17689,Ihave to receive the newsletter,newsletter_subscription,SUBSCRIPTION,BLZ,8899
15001,I need help downloading my bill #00108,get_invoice,INVOICE,BL,7680
2659,"I need to correct the address, can you help me?",change_shipping_address,SHIPPING,BCIL,1220
18281,I'm trying to inform of an issue with payments,payment_issue,PAYMENT,BLMQ,9242
19852,I don't know what I need to do to buy some of your product,place_order,ORDER,BLMZ,10379
21747,need help informing of signup issues,registration_problems,ACCOUNT,BLMQ,11766
18327,can ya help me to notify of an error with online payment,payment_issue,PAYMENT,BILQ,9266
13973,modifying details on pro account,edit_account,ACCOUNT,BKLM,7010
5343,could I see the goddamn available payment methods?,check_payment_methods,PAYMENT,BILPW,2703
5400,I try to list your payment methods,check_payment_methods,PAYMENT,BL,2727
20086,is it possible to restore my profile key?,recover_password,ACCOUNT,BIL,10581
14333,change info on standard account,edit_account,ACCOUNT,BKLQ,7277
12556,how to see what shipment options I can choose?,delivery_options,DELIVERY,BILM,6133
25253,is it possible to check the statsu of order {{Order Number}}?,track_order,ORDER,BIZ,13637
1753,how to add a product to purchase {{Order Number}}?,change_order,ORDER,BIL,410
11157,information about the termination of my {{Account Category}} account,delete_account,ACCOUNT,BL,5497
3895,i try to see the early temrination penalty,check_cancellation_fee,CANCEL,BLQZ,1896
22439,I need to submit some feedback for a service,review,FEEDBACK,B,11853
22052,I want help to send my feedback for your products,review,FEEDBACK,BL,11997
11017,"I don't need my platinum account, help cancelling it",delete_account,ACCOUNT,BCL,5540
18385,I need assistance to inform of a payment issue,payment_issue,PAYMENT,BL,9298
13293,assistance checking when my article is going to arrive,delivery_period,DELIVERY,BL,6454
14678,change information on premium account,edit_account,ACCOUNT,BKL,7489
21900,wanna leave a review about a product how to do it,review,FEEDBACK,BCILQ,11864
9086,I don't know what I need to do to chat with a person,contact_human_agent,CONTACT,BL,4464
24155,I need assistance to switch to a new account,switch_account,ACCOUNT,BL,13277
7635,I am calling to lodge a customer claim,complaint,FEEDBACK,BL,3742
1417,edtiing order {{Order Number}},change_order,ORDER,BLZ,475
3707,can uhelp me check the bloody early termination charge,check_cancellation_fee,CANCEL,BILQW,1810
6097,could I see in what cases can I request to be refunded?,check_refund_policy,REFUND,BILP,3062
3692,how could I check the early termination fees?,check_cancellation_fee,CANCEL,BILMP,1803
16175,I have to receive a rebate of my money,get_refund,REFUND,BL,8212
17749,"I want to sign up to the corporate newsletter, how to do it?",newsletter_subscription,SUBSCRIPTION,BCIL,8909
23001,could you help me enter the new shipping address?,set_up_shipping_address,SHIPPING,BILP,12690
21399,"I am having errors registering , what could I do?",registration_problems,ACCOUNT,BCEILMZ,11567
10970,i have a question about the removal of my {{Account Category}} account,delete_account,ACCOUNT,BLQ,5506
1046,help me to add several products to order {{Order Number}},change_order,ORDER,BLM,247
21173,how can I notify of an error with a registration?,registration_problems,ACCOUNT,BIL,11420
16848,I want assistance to ask for rebates,get_refund,REFUND,BLM,8596
18230,support regarding online pamyent,payment_issue,PAYMENT,BKLZ,9215
19732,i want assistance to buy a few of ur article,place_order,ORDER,BLMQ,10295
19136,I try to purchase some of your item,place_order,ORDER,BLM,9815
479,"I bought some product, I want to cancel order {{Order Number}}",cancel_order,ORDER,BC,127
4815,is it possible to take a quick look at my invoice #37777,check_invoice,INVOICE,BIQ,2411
19385,help me shop an item,place_order,ORDER,BL,10035
15453,what do I have to do to download bill #85632?,get_invoice,INVOICE,BIL,7841
6053,check in what cases can I request to be reimbursed,check_refund_policy,REFUND,BL,2984
9578,i need assistance takling with an assistant,contact_human_agent,CONTACT,BLQZ,4751
20261,I need to retrieve my PIN,recover_password,ACCOUNT,BL,10735
9628,I do not know what I need to do to talk with an assistant,contact_human_agent,CONTACT,BEL,4423
18892,where do I notify of a problem with payment?,payment_issue,PAYMENT,BIL,9581
19670,what do I have to do to purchase seevral articles?,place_order,ORDER,BILMZ,10250
6937,my experience with uhas been bad i wanna make a bloody claim,complaint,FEEDBACK,BCLQW,3343
26268,I can't see if there are any updates on my compensation,track_refund,REFUND,BLMN,13885
19176,where can i shop something,place_order,ORDER,BILQ,9851
20970,how to notify of registration issues?,registration_problems,ACCOUNT,BILM,11271
9700,want assistance chatting with a human agent,contact_human_agent,CONTACT,BLQ,4685
3911,can you help me seeing the termination fees?,check_cancellation_fee,CANCEL,BILM,1905
12706,i do not know how to see what delivery methods i have,delivery_options,DELIVERY,BELMQ,6349
19464,help shopping several articles,place_order,ORDER,BLM,10097
18782,I don't know what I need to do to notify of a payment issue,payment_issue,PAYMENT,BL,9526
24958,"I need to see order {{Order Number}} bloody status, can you help me?",track_order,ORDER,BCILW,13547
14450,updating info on pro account,edit_account,ACCOUNT,BKLQ,7353
8260,how do I call customer assistance?,contact_customer_service,CONTACT,BIL,3948
15051,can uhelp me downloading my bils from {{Person Name}},get_invoice,INVOICE,BILMQZ,7704
3904,"I have to check the withdrawal fee, can you help me?",check_cancellation_fee,CANCEL,BCIL,1901
5772,can you show me what goddamn payment options you accept?,check_payment_methods,PAYMENT,BILW,2897
22770,is there an e-mail to send feedback about ur services,review,FEEDBACK,BILQ,11865
23585,wasnt assistance to set up a delivery address,set_up_shipping_address,SHIPPING,BLQZ,12983
12217,where do I check what shipment methods are available?,delivery_options,DELIVERY,BILM,6031
20200,I need help resetting the keyof my user profile,recover_password,ACCOUNT,BLZ,10686
26440,need to know if there are any updates on the ocmpensation,track_refund,REFUND,BLMQZ,14023
2901,I have to correct my delivery address,change_shipping_address,SHIPPING,BL,763
5745,"I want to check your payment modalities, I need assistance",check_payment_methods,PAYMENT,BCL,2884
12931,how do i check how son can i expect my item,delivery_period,DELIVERY,BILQZ,6445
20312,"I lost my PIN code, I want assistance retrieving it",recover_password,ACCOUNT,BCL,10779
15562,could ya help me get my invoice #37777,get_invoice,INVOICE,BIPQ,7878
22774,can you help me writing a comment for a service?,review,FEEDBACK,BIL,12518
25413,where to see purchase {{Order Number}} status?,track_order,ORDER,BIL,13677
7353,how can I lodge a customer claim?,complaint,FEEDBACK,BIL,3613
3724,seeing early exit penalty,check_cancellation_fee,CANCEL,BL,1433
2305,supports trying to update my address,change_shipping_address,SHIPPING,BLM,983
23636,what do I have to do to submit the new delivery address?,set_up_shipping_address,SHIPPING,BIL,13011
23036,I have an issue submitting the delivery address,set_up_shipping_address,SHIPPING,BL,12712
16009,can you help me asking for refunds?,get_refund,REFUND,BILM,8085
4001,can you help me to check the bills from {{Person Name}}?,check_invoice,INVOICE,BILM,1978
17988,can you help me to inform of an error with online payment?,payment_issue,PAYMENT,BIL,9034
9021,i need assistance to talk with somelne,contact_human_agent,CONTACT,BLQZ,4417
8747,what do I have to do to speak to customer assistance?,contact_customer_service,CONTACT,BIL,4267
13796,need assistance checking how soon can I expect my orer,delivery_period,DELIVERY,BLQZ,6895
20396,someone stole the pin of my user want help restoring it,recover_password,ACCOUNT,BCLQ,10846
25973,I expect an rebate of {{Refund Amount}} dollars,track_refund,REFUND,BLZ,13778
26385,can you show me the compensation status?,track_refund,REFUND,BIL,14004
5049,is it possible to check the available payment modalities?,check_payment_methods,PAYMENT,BIL,2556
21311,"I cannot create a user profile, help reporting signup issues",registration_problems,ACCOUNT,BCELMN,11510
1721,have problems with editing purchase {{Order Number}},change_order,ORDER,BLMQ,610
12985,"I need to see when my order is going to arrive, help me",delivery_period,DELIVERY,BCL,6492
18077,is it possible to report troubles with payments?,payment_issue,PAYMENT,BILM,9104
4253,i ahve got to find the bloody bill from {{Person Name}} help me,check_invoice,INVOICE,BCLQWZ,2140
20610,"I cannot remember my user account password, help me reset it",recover_password,ACCOUNT,BCEL,11008
5132,help me listing your available payment methods,check_payment_methods,PAYMENT,BL,2531
25634,I want help olcating purchase {{Order Number}},track_order,ORDER,BLZ,13731
18802,i dont know how i can report damn issues with payments,payment_issue,PAYMENT,BMQW,9539
4843,i have got to locate my bill #00108 how can i do it,check_invoice,INVOICE,BCILQ,2427
16688,i do not know how i can receive rebates of my money,get_refund,REFUND,BELMQ,8340
13415,I don't know how to check when my parcel is going to arrive,delivery_period,DELIVERY,BL,6738
26106,how can I check the refund current status?,track_refund,REFUND,BIL,13913
16080,I'd like to obtain an reimbursement of money,get_refund,REFUND,BLPQZ,8141
14756,modifying data on standard account,edit_account,ACCOUNT,BL,7529
9273,I need assistance to chat with an agent,contact_human_agent,CONTACT,BL,4401
20415,can you help me restore my fucking profile password?,recover_password,ACCOUNT,BILW,10861
18886,can you help me reporting an error with online payment?,payment_issue,PAYMENT,BIL,9580
24647,i dont know what i need to do to change to the gold account,switch_account,ACCOUNT,BLQ,13452
19997,"I lost my user PIN code, assistance restoring it",recover_password,ACCOUNT,BCL,10503
20391,I am trying to find information about my access key recovery,recover_password,ACCOUNT,BEL,10681
24665,i want assistrance to use the {{Account Type}} account,switch_account,ACCOUNT,BQZ,13457
4108,I'd like to look for my bill #37777 could uhelp me,check_invoice,INVOICE,BCILPQ,2052
23842,I have a problem entering the secindary shipping address,set_up_shipping_address,SHIPPING,BLZ,13102
1649,help to delete some itmes from purchase {{Order Number}},change_order,ORDER,BLMZ,569
7574,file customerr claim,complaint,FEEDBACK,BKLZ,3722
19979,help me to retrieve my PIN code,recover_password,ACCOUNT,BL,10487
10185,i need assistance creating a {{Account Type}} account,create_account,ACCOUNT,BQ,5041
14533,I want help to modify my user details,edit_account,ACCOUNT,BLM,7403
14144,I don't know how I could edit my bloody account,edit_account,ACCOUNT,BPW,7152
16563,I would like to request reimbursements of money,get_refund,REFUND,BLMP,8432
16701,I want help to demand a compensation,get_refund,REFUND,BL,8084
1220,change a damn item of purchase {{Order Number}},change_order,ORDER,BLW,368
14762,how to edit some of the details on my user account,edit_account,ACCOUNT,BILMQ,7532
3330,termination fees,check_cancellation_fee,CANCEL,BLM,1485
17645,tell me about unsubscribing from your newslewtter,newsletter_subscription,SUBSCRIPTION,BLZ,8889
3747,I don't know how I can check the termination penalty,check_cancellation_fee,CANCEL,BL,1689
12169,can i order frlm {{Delivery City}},delivery_options,DELIVERY,BIQSZ,6155
24069,help changing to the {{Account Category}} account,switch_account,ACCOUNT,BL,13172
12186,how to see the methods for delivery,delivery_options,DELIVERY,BILQ,6164
21125,i cant sign up I'd ilke to inform of a bloody signup problem,registration_problems,ACCOUNT,BCLNPQWZ,11384
18697,wanna report a trouble with payment i need assistance,payment_issue,PAYMENT,BCLQ,9482
16793,assistance to ask for a reimbursement,get_refund,REFUND,BL,8128
15667,"I can't find bill #00108, send it to me",get_invoice,INVOICE,BCL,7911
17534,I want to know about unsubscribing to your newsletter,newsletter_subscription,SUBSCRIPTION,BL,8752
20850,wanna reset the access key of my account,recover_password,ACCOUNT,BLQ,11172
22545,is there an address to elave feedback about a product,review,FEEDBACK,BILQZ,12370
18772,inform of problems with payments,payment_issue,PAYMENT,BKLM,9322
16420,could you help me get compensations of my money?,get_refund,REFUND,BILMP,8353
6766,"I have got to see how long refunds take, will you help me?",check_refund_policy,REFUND,BCILP,3284
25387,can you show me the ETA of purchase {{Order Number}}?,track_order,ORDER,BIL,13671
8002,is it possible to get in touch with customer support?,contact_customer_service,CONTACT,BIL,3935
20097,I need information about a key recovery,recover_password,ACCOUNT,BL,10591
16366,canyou help me get a compensation?,get_refund,REFUND,BILZ,8318
23354,I cannot submit a different delivery addrdss,set_up_shipping_address,SHIPPING,BELZ,12880
3997,how can i give a quick lookat my bill #37777,check_invoice,INVOICE,BILQZ,1975
1492,wanna change something of order {{Order Number}},change_order,ORDER,BQ,277
7216,my experience with uwas too bad help to file a reclqmation,complaint,FEEDBACK,BCLQZ,3537
25390,"I want to see the ETA of the purchase {{Order Number}}, I need help",track_order,ORDER,BCL,13672
18628,"I have to inform of errors with payment, I need assistance",payment_issue,PAYMENT,BCLM,9437
9958,another standard accounmt for father,create_account,ACCOUNT,BKLZ,4967
7121,where do i lodge an consumer claim,complaint,FEEDBACK,BILQZ,3476
12510,I do not know how to check what shipping methods are there,delivery_options,DELIVERY,BELM,6289
19408,i need assistance to buy a few of ur item,place_order,ORDER,BMQ,10051
7147,I call to file a claim,complaint,FEEDBACK,BLZ,3494
1593,question about correcting purchase {{Order Number}},change_order,ORDER,BL,546
3464,assistance seeing the early exit charges,check_cancellation_fee,CANCEL,BLM,1512
8273,I am trying to speak to fucking customer support,contact_customer_service,CONTACT,BLW,4084
1821,need to swap several items of purchase {{Order Number}},change_order,ORDER,BLMQ,297
19845,what do i need to do to do a purchase,place_order,ORDER,BILQ,10373
4120,I want help to check my damn invoice from {{Person Name}},check_invoice,INVOICE,BLW,2058
9293,"you aren't helpful, assistance chatting with an operator",contact_human_agent,CONTACT,BCL,4602
7965,assistance seeing at what time customer support available is,contact_customer_service,CONTACT,BL,3906
4410,"I have lost my invoices from {{Person Name}}, show it tome",check_invoice,INVOICE,BCLMVZ,2227
15571,I'm trying to download the invoice #37777,get_invoice,INVOICE,BLQ,7881
21760,would it be possible to notify of signup problems ?,registration_problems,ACCOUNT,BILMPZ,11777
4969,"I need to see what payment methods are available, help me",check_payment_methods,PAYMENT,BCL,2507
13475,need help seeing when my shipment is gonna arrive,delivery_period,DELIVERY,BLQ,6718
6930,i dont know what to do to make a complaint,complaint,FEEDBACK,BLQ,3336
17432,what do i ened to do to subscribe to ur newsletter,newsletter_subscription,SUBSCRIPTION,BILQZ,8830
5507,I'm trying to check what payment options are available,check_payment_methods,PAYMENT,BLQ,2777
10216,is it possible to open a {{Account Type}} account for my fiance?,create_account,ACCOUNT,BIL,5140
12793,need assistance to check the delivery methods,delivery_options,DELIVERY,BLQ,6188
17061,tell me about unsubscribing to ur newsletter,newsletter_subscription,SUBSCRIPTION,BLQ,8695
6586,I need help checking how long rdimbursements take,check_refund_policy,REFUND,BLZ,3235
20119,can I restore my access key?,recover_password,ACCOUNT,BIL,10490
24822,need to switch to the pro account help me,switch_account,ACCOUNT,BCQ,13504
25454,wanna check the status of order {{Order Number}} how to dl it,track_order,ORDER,BCIQZ,13686
23174,I do nt know how I could set a different delivery address up,set_up_shipping_address,SHIPPING,BELPZ,12798
15798,helpp to get my bill #12588,get_invoice,INVOICE,BLZ,7949
3366,want assistance to see the terminatoin charges,check_cancellation_fee,CANCEL,BLMQZ,1660
21285,"I can't create an account, how to notify of signup issues?",registration_problems,ACCOUNT,BCILMN,11495
3181,what do I need to do to check the termination charge?,check_cancellation_fee,CANCEL,BIL,1552
20050,can you help me restore my profile pass ?,recover_password,ACCOUNT,BILQZ,10547
3273,i dont know what i have to do to see the termination charges,check_cancellation_fee,CANCEL,BLMQ,1612
26176,I need assistance to check the status of my restitution,track_refund,REFUND,BL,13934
21296,i want assistance to notify of an issue with reegistrations,registration_problems,ACCOUNT,BLQZ,11500
26711,I am trying to check my rebate status,track_refund,REFUND,BL,14094
20015,I need to recover my profile password,recover_password,ACCOUNT,BL,10519
2364,"I have entered a wrong address, can I modify it?",change_shipping_address,SHIPPING,BCIL,1025
8577,customer service e-mail,contact_customer_service,CONTACT,BL,4198
19093,where can i acquire an few of ur article,place_order,ORDER,BILMQZ,9775
19888,how to acquire a product,place_order,ORDER,BILQ,9693
2691,wanna know about an address modification,change_shipping_address,SHIPPING,BLQ,1237
16630,i have paid {{Currency Symbol}}{{Refund Amount}} for an item help me receive a compensation,get_refund,REFUND,BCELMQV,8470
8213,can ya show me at what time customr service available is,contact_customer_service,CONTACT,BIQZ,4053
9673,what do i have to do to talk to a person,contact_human_agent,CONTACT,BILQ,4805
20763,I need help to reset the pwd of my user account,recover_password,ACCOUNT,BLQ,11122
6918,help to make a complaint,complaint,FEEDBACK,BL,3324
8256,ya have a free number to talk with customer service,contact_customer_service,CONTACT,BILQ,4076
2513,I don't know how to update my delivery address,change_shipping_address,SHIPPING,BL,1131
20083,prolblems with my pwd retrieval,recover_password,ACCOUNT,BLMQZ,10578
16652,i have paid {{Currency Symbol}}{{Refund Amount}} ofr this product i need my money back,get_refund,REFUND,BCEMQVZ,8482
18310,I do not know how to inform of payment problems,payment_issue,PAYMENT,BELM,9255
21166,wanna notify of errors with sign-up,registration_problems,ACCOUNT,BLMQ,11415
9925,where can I get information about opening {{Account Category}} accounts?,create_account,ACCOUNT,BILM,4937
20793,can you give me information about a pwd reset?,recover_password,ACCOUNT,BILQ,11138
9995,another {{Account Category}} account for father,create_account,ACCOUNT,BKL,4999
1605,"I have to edit order {{Order Number}}, how do I do it?",change_order,ORDER,BCIL,419
11135,delete gold account,delete_account,ACCOUNT,BKL,5620
4184,I don't know what I need to do to check the invoice #37777,check_invoice,INVOICE,B,2100
22379,I need help leaving my fucking feedback about a product,review,FEEDBACK,BLW,12252
19734,where do I acqurie some of your article?,place_order,ORDER,BILMZ,10296
15905,is it possible to request rteimbursements,get_refund,REFUND,BILMQZ,7986
16097,can ya help me obtaining restitutions of my money,get_refund,REFUND,BILMQ,8154
2996,i cannot findthe termination penalty,check_cancellation_fee,CANCEL,BELQZ,1425
19281,i dont know how i can buy a few of ur product,place_order,ORDER,BLMQ,9942
22001,I am calling to send feedback about your services,review,FEEDBACK,BL,11956
19858,i need help ordering some of ur article,place_order,ORDER,BLMQ,10384
22479,need assistance to leave a review about a service,review,FEEDBACK,BLQ,12323
24934,i cannot locate order {{Order Number}},track_order,ORDER,BELNQ,13538
3196,what do I need to do to see the damn cancellation penalty?,check_cancellation_fee,CANCEL,BILW,1562
12715,"I am trying to find the shipping methods, I need help",delivery_options,DELIVERY,BCEL,6351
1342,how do I remove several items from purchase {{Order Number}}?,change_order,ORDER,BILM,442
9570,I don't know how to speak with an assistan,contact_human_agent,CONTACT,BLZ,4745
13080,show me how long it takes for my order to arrive,delivery_period,DELIVERY,BL,6562
19423,want help buying a product,place_order,ORDER,BLQ,10063
3763,is it possible to check the cancellation penalty,check_cancellation_fee,CANCEL,BILQ,1841
4767,i need help looking for my invoice #85632,check_invoice,INVOICE,BLQ,2394
1920,"I have got to edit purchase {{Order Number}}, could you help me?",change_order,ORDER,BCILP,691
9143,can uhelp me contact an assostant,contact_human_agent,CONTACT,BILQZ,4509
16230,I need to obtain a rebate,get_refund,REFUND,BL,8246
17314,I am trying to subscribe to the newsletter,newsletter_subscription,SUBSCRIPTION,BL,8789
6085,I'd like to see ur money back guarantee how to do it,check_refund_policy,REFUND,BCILPQ,3056
4254,i have lost my bill from {{Person Name}} find it for me,check_invoice,INVOICE,BCLQV,2141
15744,"I want to get the bill #85632, I need help",get_invoice,INVOICE,BCL,7930
20780,I cannot retrieve my user account PIN code,recover_password,ACCOUNT,BELN,11131
16006,want assistance to request a restitution of money,get_refund,REFUND,BLQ,8082
21445,how do I inform of an issue with a signup?,registration_problems,ACCOUNT,BIL,11551
18920,what do I have to do to acquire several products?,place_order,ORDER,BILM,9610
7682,I want help making a ucstomer claim against your company,complaint,FEEDBACK,BLZ,3765
6025,I am trying to see in which cases can I ask for refunds,check_refund_policy,REFUND,BL,3029
1434,I cannot add a product to purchase {{Order Number}},change_order,ORDER,BELN,482
1670,I missed several damn articles in order {{Order Number}},change_order,ORDER,BLMW,579
22760,how to leave a comment for your company?,review,FEEDBACK,BIL,12510
26003,"I need to track the compensation, how can I do it?",track_refund,REFUND,BCIL,13861
20143,where do I restore my PIN code?,recover_password,ACCOUNT,BIL,10632
19562,how can I acquire several of your article?,place_order,ORDER,BILM,9931
10354,problems with creating my pro account,create_account,ACCOUNT,BM,5155
2045,need to modify my delivery addrexs how do i do it,change_shipping_address,SHIPPING,BCILQZ,769
23465,there is an error entering the secondary shipping address,set_up_shipping_address,SHIPPING,BL,12930
18497,"I can't make payments, assistance informing of problems",payment_issue,PAYMENT,BCLM,9366
8701,how do I talk to damn customner support?,contact_customer_service,CONTACT,BILWZ,4249
10448,I need assistance to open a {{Account Type}} account for my dad,create_account,ACCOUNT,BL,5259
16180,i want assistance to ask for a reimbursement of money,get_refund,REFUND,BLQ,8215
26569,where can I check if there is anything enw on the refund?,track_refund,REFUND,BIZ,14059
4159,i need assistance to take a quick look at invoicee #00108,check_invoice,INVOICE,BQZ,2083
5953,can ya show me in what situations can i ask to be reimbursed,check_refund_policy,REFUND,BILQ,2985
22025,"I would like to submit my feedback about a product, help me",review,FEEDBACK,BCLP,11975
21480,what do I need to do to notify of an error with a signup?,registration_problems,ACCOUNT,BIL,11610
6044,can you help me check your goddamn reimbursement policy?,check_refund_policy,REFUND,BILW,3041
20096,"I have lost the key of my account, I want to reset it",recover_password,ACCOUNT,BCLV,10590
8895,assistance checking what hours i can reach customer sdupport,contact_customer_service,CONTACT,BLQZ,4321
9794,would it be possible to chat with somebody?,contact_human_agent,CONTACT,BILP,4866
6974,I don't know how to make a complaint against your company,complaint,FEEDBACK,BL,3374
20495,I don't know what to do to reset my user PIN code,recover_password,ACCOUNT,BL,10641
20822,need help resetting the password of my user account,recover_password,ACCOUNT,BLQ,11080
13547,where to see when my shipment is going to arrive?,delivery_period,DELIVERY,BIL,6789
21785,can you help me notify of a registration issue?,registration_problems,ACCOUNT,BIL,11331
22983,help me submitting my new delivery addres,set_up_shipping_address,SHIPPING,BLZ,12674
19721,I need assistance buying a product,place_order,ORDER,BL,10289
23265,is it possible to set up the secondary shipping address,set_up_shipping_address,SHIPPING,BILQ,12844
15224,is it possible to download invoice #12588?,get_invoice,INVOICE,BIL,7766
6762,"I would like to see your damn refund policy, I need help",check_refund_policy,REFUND,BCLPW,3281
9083,i need help speaking with a person,contact_human_agent,CONTACT,BLQ,4462
4574,I odn't know how I can look for my invoice #12588,check_invoice,INVOICE,BLZ,2303
22492,"I want to leave an opinion for a product, help me",review,FEEDBACK,BCL,12330
4976,"I need to check the payment modalities, can you help me?",check_payment_methods,PAYMENT,BCIL,2512
20968,I don't know how to inform of an issue with sign-up,registration_problems,ACCOUNT,BL,11269
20337,what do I have to do to restore my user account pwd?,recover_password,ACCOUNT,BILQ,10798
20071,is it possible to retrieve my account PIN?,recover_password,ACCOUNT,BIL,10567
16579,i want help demanding rebates of my money,get_refund,REFUND,BLMQ,8077
9440,i dont know how i can talk with someone,contact_human_agent,CONTACT,BLQ,4553
23862,I need help to enter another delievry address,set_up_shipping_address,SHIPPING,BLZ,13113
2561,i have errors trying to modify the address,change_shipping_address,SHIPPING,BLMQ,1161
19730,assistance to earn several of your item,place_order,ORDER,BLM,10293
24728,I'm trying to switch to the premium account,switch_account,ACCOUNT,BQ,13479
13809,where could i see when my order is gonna arrive,delivery_period,DELIVERY,BILPQ,6604
16251,I do not know how I could receive a reimbursement of money,get_refund,REFUND,BELP,8260
8793,talking to customer support,contact_customer_service,CONTACT,BL,4219
8922,can you hwlp me talking with a person?,contact_human_agent,CONTACT,BILZ,4331
23903,changkng to freemium account,switch_account,ACCOUNT,BKLZ,13142
9751,i dont know what to do tl talk to an agent,contact_human_agent,CONTACT,BQZ,4845
6090,I'd like to see in which situations can i ask for reunds,check_refund_policy,REFUND,BLPQZ,3060
15644,i cannot find bill #37777 mail it to me,get_invoice,INVOICE,BCELQ,7901
2042,I try to edit my address,change_shipping_address,SHIPPING,BL,766
16153,can ya help me requesting a rebate of my money,get_refund,REFUND,BILQ,8197
6673,i have to see ur refund policy will ya herlp me,check_refund_policy,REFUND,BCILPQZ,3257
19944,what do i need to do to reset my profile pwd,recover_password,ACCOUNT,BILQ,10452
14662,correct info on {{Account Type}} account,edit_account,ACCOUNT,BKLQ,7478
23814,I need assistance to enter the delivery address,set_up_shipping_address,SHIPPING,BL,13089
10821,"I haven't signed up, could I create a {{Account Type}} account with you?",create_account,ACCOUNT,BCILP,5419
5283,I want help seeing your payment methods,check_payment_methods,PAYMENT,BL,2676
9954,help me opening a pro account for my fiance,create_account,ACCOUNT,BL,4963
25149,needto locate order {{Order Number}} how can i do it,track_order,ORDER,BCILQZ,13606
18362,payment help,payment_issue,PAYMENT,BK,9288
15287,i want assistance getting my invoice #00108,get_invoice,INVOICE,BQ,7784
14611,update info on freemium account,edit_account,ACCOUNT,BKLQ,7428
14267,need to modify my fucking user information how can i do it,edit_account,ACCOUNT,BCILQW,7233
21690,I need help informing of sign-up errors,registration_problems,ACCOUNT,BLM,11430
20274,could I retrieve the access key of my profile?,recover_password,ACCOUNT,BILP,10746
5831,i need assistance to checkur payment modalities,check_payment_methods,PAYMENT,BLQZ,2922
22401,"I want to write a comment, I need assistance",review,FEEDBACK,BCL,12269
11990,can I ordrr from {{Delivery City}}?,delivery_options,DELIVERY,BISZ,6063
22363,i need assistance sending feedback for u company,review,FEEDBACK,BLQZ,12240
12756,where to check what shipping methods are there?,delivery_options,DELIVERY,BILM,6365
8764,do youhave an e-mail address to contact customer service?,contact_customer_service,CONTACT,BILZ,4274
12830,"I have to check what delivery methods I can choose, help me",delivery_options,DELIVERY,BCLM,6389
14741,update data on pro account,edit_account,ACCOUNT,BKL,7521
22637,how could I leave a comment for a product?,review,FEEDBACK,BILP,12429
4957,what do I need to do to see your payment methods?,check_payment_methods,PAYMENT,BIL,2498
20729,I am looking for information about the key retrieval,recover_password,ACCOUNT,BEL,10989
16354,where can I obtain restitutions of money?,get_refund,REFUND,BILM,8312
21320,i dont know how to notify of a registration problem,registration_problems,ACCOUNT,BLQ,11516
9816,will you transfer to me somebody?,contact_human_agent,CONTACT,BILP,4881
11543,"I don't need my damn standard account, I have to remove it",delete_account,ACCOUNT,BCLW,5823
15344,what do I need to do to download my invoice #37777?,get_invoice,INVOICE,BIL,7805
8543,what time can I get in touch with customer support?,contact_customer_service,CONTACT,BIL,4185
7076,"I would like to make a customer reclamation, help me",complaint,FEEDBACK,BCLP,3446
18418,assistance informing of an error with onlinepayment,payment_issue,PAYMENT,BLZ,9320
11005,I have a problem with standard account cancellations,delete_account,ACCOUNT,BLM,5534
13513,what is the shipping period for mt package,delivery_period,DELIVERY,BILQZ,6780
21520,reporting issue opening user,registration_problems,ACCOUNT,BKL,11634
22571,I don't know how to write a review about a service,review,FEEDBACK,BL,12384
13981,"I have to edit the info on my profile, how to do it?",edit_account,ACCOUNT,BCILQ,7018
2673,help with a shipping address modification,change_shipping_address,SHIPPING,BL,1219
8493,can I see what hours I can call customer assistance?,contact_customer_service,CONTACT,BIL,3961
2291,can you tell me about correcting the address?,change_shipping_address,SHIPPING,BIL,974
20871,I try to recover the PIN of my account,recover_password,ACCOUNT,BL,11184
20411,I want help to reset the damn key of my user,recover_password,ACCOUNT,BLW,10857
18988,"I would like to purchase several products, will you help me?",place_order,ORDER,BCILMP,9677
21145,I'm trying to notify of errors with signup,registration_problems,ACCOUNT,BLMQ,11397
9971,create gold account,create_account,ACCOUNT,BK,4962
4115,"I have to locate bill #12588, can you help me?",check_invoice,INVOICE,BCIL,2056
10224,i need a {{Account Category}} account i wanna open it,create_account,ACCOUNT,BCLQ,5145
10059,can ya help me to open an platinum account,create_account,ACCOUNT,BILQZ,5043
13264,can i check when my bloody shipment is gonna arrive,delivery_period,DELIVERY,BILQW,6663
18897,help to buy some articles,place_order,ORDER,BLM,9588
20037,can you help me resetting the pwd of my user?,recover_password,ACCOUNT,BILQ,10537
19436,assistance earning some of ur article,place_order,ORDER,BLMQ,10075
6768,I am trying to check how long reimbursements usually tke,check_refund_policy,REFUND,BLZ,3286
15197,could ya help me get my goddamn invoice from {{Person Name}},get_invoice,INVOICE,BILPQW,7755
20427,can you help me retrieve my user access key?,recover_password,ACCOUNT,BIL,10873
11319,cancelling gold account,delete_account,ACCOUNT,BKL,5715
22779,how to sedn feedback about a service?,review,FEEDBACK,BILZ,12521
10729,i have problems with opening a pro account,create_account,ACCOUNT,BLMQ,5385
20541,could I restore the access key of my profile?,recover_password,ACCOUNT,BILP,10954
7376,I call to lodge a consumer claim against your organization,complaint,FEEDBACK,BL,3372
22568,I do not know how to write an opinion about your company,review,FEEDBACK,BEL,12383
6173,can I see in what situations can I request to be reimbursed?,check_refund_policy,REFUND,BIL,3094
15963,i need help to get reimbursements,get_refund,REFUND,BLMQ,8044
14583,updaing info on {{Account Type}} account,edit_account,ACCOUNT,BKLQZ,7430
1310,canm you help me to update purchase {{Order Number}}?,change_order,ORDER,BILZ,424
5521,how to check what payment payment modalities ya accrpt,check_payment_methods,PAYMENT,BILQZ,2785
18791,I have to notify of payment isues,payment_issue,PAYMENT,BLMZ,9530
5435,i do not know what i need to do to list ur payment methods,check_payment_methods,PAYMENT,BELQ,2494
12309,I don't know how to see what delivery options I have,delivery_options,DELIVERY,BLM,6102
23638,how can I set my bloody delivery address up?,set_up_shipping_address,SHIPPING,BILW,13012
6397,I have to see in hwat situations can I ask for a refund,check_refund_policy,REFUND,BLZ,3174
14633,need to update my user data how can i do it,edit_account,ACCOUNT,BCILQ,7460
26454,can you help me see the compensation status?,track_refund,REFUND,BIL,13839
19310,where can I shop several of your article?,place_order,ORDER,BILM,9966
8934,want help to speak with a person,contact_human_agent,CONTACT,BLQ,4343
13820,can I check how soon can I expect my package?,delivery_period,DELIVERY,BILZ,6474
5923,can I see in which cases can I ask to be refunded?,check_refund_policy,REFUND,BIL,2960
7581,can uhelpp me filing a reclamation against ur business,complaint,FEEDBACK,BILQZ,3724
1007,can you help me correcting purchase {{Order Number}}?,change_order,ORDER,BIL,210
22828,uhave a way to submit an opinion about a product,review,FEEDBACK,BILQ,12561
10149,new gold account,create_account,ACCOUNT,BKL,5098
9560,is it possible toi chat with somebody?,contact_human_agent,CONTACT,BILZ,4738
5890,need assistance listing your accepted payment options,check_payment_methods,PAYMENT,BLQ,2944
25505,"I want to see the status of order {{Order Number}}, I need help",track_order,ORDER,BCL,13697
6770,is it possible to see in which cases can I ask for a refund?,check_refund_policy,REFUND,BIL,3288
9120,I don't know how I can chat with a bloody live agent,contact_human_agent,CONTACT,BLW,4488
18662,I'm trying to report troubles with online payment,payment_issue,PAYMENT,BLMQZ,9464
5644,hnelp to check the accepted payment methods,check_payment_methods,PAYMENT,BLZ,2838
19364,I need help shopping several of your artiicle,place_order,ORDER,BLMZ,10015
3258,need assistance seeingg the termination charges,check_cancellation_fee,CANCEL,BLMQZ,1606
22620,need assistance to send feedback about your services,review,FEEDBACK,BLQZ,12418
24280,changkng to {{Account Type}} account,switch_account,ACCOUNT,BKLZ,13328
15901,I would like to request a damn refund of money,get_refund,REFUND,BLPW,7982
19912,i want asistance to retrieve my fucking password,recover_password,ACCOUNT,BLQWZ,10422
12582,seeing the available options for shipping,delivery_options,DELIVERY,BL,6308
16325,I do not know what I need to do to get a reimbursement,get_refund,REFUND,BEL,8142
25038,where do I track purchase {{Order Number}}?,track_order,ORDER,BIL,13543
20044,I have to restore my user account key,recover_password,ACCOUNT,BL,10543
6968,I don't know how I can make a claim against your business,complaint,FEEDBACK,BL,3369
23063,wht I cannot submit my new shipping address valid,set_up_shipping_address,SHIPPING,BELZ,12732
16695,how long until I receive areimbursement of money?,get_refund,REFUND,BILZ,8504
3734,I want help seeing the withdrawal penalties,check_cancellation_fee,CANCEL,BLM,1647
22728,I want assistance to send feedback for your services,review,FEEDBACK,BL,12491
21069,i cant sign up want assistance to report a signup issue,registration_problems,ACCOUNT,BCLNQ,11344
22111,want help sending some feedback for your prfoducts,review,FEEDBACK,BLQZ,12048
499,I don't know what to do to cancel order {{Order Number}},cancel_order,ORDER,B,133
18552,can uhelp me solve an error with payments,payment_issue,PAYMENT,BILMQ,9394
10492,i dont know how to open a gold account,create_account,ACCOUNT,BLQ,5276
19727,i havd to buy some products,place_order,ORDER,BLMQZ,10292
14331,update data on premium account,edit_account,ACCOUNT,BKL,7275
18561,"I can't pay, can you help me report a problem with payment?",payment_issue,PAYMENT,BCIL,9401
14347,i dont know what i need to do to correct the personal info,edit_account,ACCOUNT,BLQ,7287
1740,I cannot modify order {{Order Number}},change_order,ORDER,BELN,618
26095,what do I have to do to track the refund?,track_refund,REFUND,BI,13908
8864,"I need to talk with customer support, could I get some help?",contact_customer_service,CONTACT,BCILP,4307
4784,i want help to check my bill fom {{Person Name}},check_invoice,INVOICE,BLQZ,2398
12696,is it possible to see what delivery options I have?,delivery_options,DELIVERY,BILM,6345
2336,there are problems changing the address,change_shipping_address,SHIPPING,BLM,1005
3480,see the early exit charges,check_cancellation_fee,CANCEL,BLM,1720
8847,see what hours customer service available is,contact_customer_service,CONTACT,BL,3924
21894,where could i leave a fucking comment for a service,review,FEEDBACK,BILPQW,11858
1424,remove article from purchase {{Order Number}},change_order,ORDER,BKL,237
20817,how can I reset the goddamn access key of my profile?,recover_password,ACCOUNT,BILW,11152
12941,I have to check how long it takes for the purchase to arrive,delivery_period,DELIVERY,BL,6455
14551,editing data on premium acocunt,edit_account,ACCOUNT,BLZ,7414
7869,wanna make a damn claim willuhelp me,complaint,FEEDBACK,BCILPQWZ,3842
9765,can I talk with slmebody?,contact_human_agent,CONTACT,BILZ,4850
8134,ya have a free of charge customer support number,contact_customer_service,CONTACT,BILQ,4011
4142,"I lost the bills from {{Person Name}}, will you show them to me?",check_invoice,INVOICE,BCILMP,2021
9034,direct to mw someone,contact_human_agent,CONTACT,BLZ,4426
23414,how to enter a new delivery address?,set_up_shipping_address,SHIPPING,BIL,12869
1878,"I have got to edit order {{Order Number}}, I need assistance",change_order,ORDER,BCL,676
15827,i want help getting the invoice #00108,get_invoice,INVOICE,BQ,7670
20903,I can't notify of problems with a registration,registration_problems,ACCOUNT,BLMN,11210
12235,I do not know how to check the delivery methods,delivery_options,DELIVERY,BEL,6186
14047,edit information on freemium account,edit_account,ACCOUNT,BKL,7073
23766,I have an issue submitting the secondray delivery address,set_up_shipping_address,SHIPPING,BLZ,13071
23067,wanna set a shipping address up help me,set_up_shipping_address,SHIPPING,BCLQ,12681
25644,check my last parcel eta,track_order,ORDER,BLQ,13735
11165,i no longer need my standard account how can i cancel it,delete_account,ACCOUNT,BCEILQ,5636
11042,i do not know what i need to do to cancel the gold account,delete_account,ACCOUNT,BELQ,5560
24710,what do i need to do to switch to the premium account,switch_account,ACCOUNT,BIQ,13348
16120,I do not know how I can obtain refunds of money,get_refund,REFUND,BELM,8173
17191,"I want to receive your company newsletter , how do I do it?",newsletter_subscription,SUBSCRIPTION,BCILZ,8747
14049,is it possible to edit my user details?,edit_account,ACCOUNT,BILM,7075
18814,i want assistance to inform of problwms with payment,payment_issue,PAYMENT,BLMQZ,9087
10212,whatdo i have to do to create a goddamn {{Account Type}} account,create_account,ACCOUNT,BIQWZ,5137
11499,cancelling platinum account,delete_account,ACCOUNT,BKL,5810
21657,I'm experiencing a registration error,registration_problems,ACCOUNT,BELQ,11716
3297,assistance checking the goddamn termination penalties,check_cancellation_fee,CANCEL,BLMW,1623
4580,how do I check the invoice #37777?,check_invoice,INVOICE,BI,2306
14829,need to edit the info included on my user profile help me,edit_account,ACCOUNT,BCLQ,7567
11019,would it be possible to close my standard account ?,delete_account,ACCOUNT,BILPZ,5542
16191,want help obtaining a refund of money,get_refund,REFUND,BLQ,8223
15815,i dont know what i have to do to get my bill #85632,get_invoice,INVOICE,BLQ,7927
22848,I have to send some damn feedback about a service,review,FEEDBACK,BLW,12571
14046,i need help to correct the info on my user profile,edit_account,ACCOUNT,BLQ,7072
12435,i want help to check the shipping methods,delivery_options,DELIVERY,BLQ,6266
15802,what do I need to do to get the invoice from the last month?,get_invoice,INVOICE,BIL,7951
10267,i need assistance to open a gold account for my dad,create_account,ACCOUNT,BLQ,5174
1778,i nerd help to add some items to purchase {{Order Number}},change_order,ORDER,BLMQZ,634
103,I can no longer pay for order {{Order Number}},cancel_order,ORDER,BLN,40
16116,how can I obtain my money back?,get_refund,REFUND,BIL,8169
22682,how to submit my feedback about your services?,review,FEEDBACK,BIL,12460
13326,i have got to see when will my parcel arrive can ya help me,delivery_period,DELIVERY,BCILQ,6698
10493,create new premium account for daughter,create_account,ACCOUNT,BKL,4954
23569,"I want to submit my new shipping address, how do I do it?",set_up_shipping_address,SHIPPING,BCIL,12834
21723,I have got to report an error with signup,registration_problems,ACCOUNT,BL,11752
25944,can uhelp me check if there are any updates on the rebate,track_refund,REFUND,BILMQ,13833
22266,can you help me sending my feedback for your services?,review,FEEDBACK,BIL,12168
22203,how could I submit feedback?,review,FEEDBACK,BILP,12121
23049,i have an issue setting up another shipping address,set_up_shipping_address,SHIPPING,BQ,12722
4274,I don't know how I could check my bill from {{Person Name}},check_invoice,INVOICE,BLP,2151
10864,i do not know how ican open a premium account for my fiance,create_account,ACCOUNT,BELQZ,5445
1806,i canot correct the order i made,change_order,ORDER,BELNQZ,646
11360,I do not know what I have to do to remove ym pro account,delete_account,ACCOUNT,BELZ,5740
21865,inform of registration problems,registration_problems,ACCOUNT,BLM,11215
7519,I would like to file a consumer reclamation,complaint,FEEDBACK,BLP,3695
4705,want help to see my bilo from {{Person Name}},check_invoice,INVOICE,BLQZ,2361
18591,I want to notify of an error with payments,payment_issue,PAYMENT,BLM,9192
21293,can i notify of problems with a signup,registration_problems,ACCOUNT,BILMQ,11448
22038,I want help leaving a review about a product,review,FEEDBACK,BL,11984
7551,"I have got to file a reclamation, can you help me?",complaint,FEEDBACK,BCIL,3709
23827,i have to submita secondary shipping address help me,set_up_shipping_address,SHIPPING,BCLQZ,13096
12092,I try to see the shipment methods,delivery_options,DELIVERY,BL,6117
8755,I do not know what I have to do to cal customer service,contact_customer_service,CONTACT,BELZ,4270
21603,"I am having an error signing up, can I get some help?",registration_problems,ACCOUNT,BCEIL,11681
16321,I want help to ask for a reimbursement of my money,get_refund,REFUND,BL,8295
13459,help me to see when will my item arrive,delivery_period,DELIVERY,BL,6754
16018,need to demand revates of my money,get_refund,REFUND,BLMQZ,8092
24266,i dont know how to switch to the pro account,switch_account,ACCOUNT,BQZ,13320
3314,where to check the termination fee?,check_cancellation_fee,CANCEL,BIL,1633
14814,modify data on freemium account,edit_account,ACCOUNT,BKL,7560
6734,"I need to see your refund policy, can you helpme?",check_refund_policy,REFUND,BCILZ,3270
6786,can ushow me in which situations can i ask for refunds,check_refund_policy,REFUND,BILQ,3295
13362,can you help me checking when will my purchase arrive?,delivery_period,DELIVERY,BIL,6716
18405,where do I report an issue with payments ?,payment_issue,PAYMENT,BIMZ,9310
897,can you help me cancelling the bloody purchase I made?,cancel_order,ORDER,BILW,187
16438,help me to obtain rebates of money,get_refund,REFUND,BLMZ,8363
16828,i have got to obtain a rebate of my money,get_refund,REFUND,BLQ,8585
9921,new {{Account Type}} acount,create_account,ACCOUNT,BKLZ,4933
8740,wanna call cystomer assistance,contact_customer_service,CONTACT,BLQZ,4262
2889,I do not know what to do to edit the shipping address,change_shipping_address,SHIPPING,BEL,1356
3331,want assistance to check the early exit fee,check_cancellation_fee,CANCEL,BLQ,1639
16798,how could i get a retsitution of my money,get_refund,REFUND,BILPQZ,8563
15801,getting invoice from last month,get_invoice,INVOICE,BK,7684
14502,edit information on premium account,edit_account,ACCOUNT,BKL,7382
10985,"I have to close my bloody standard account, how to do it?",delete_account,ACCOUNT,BCILW,5518
26498,where to see the status of my rebate,track_refund,REFUND,BILQ,14044
23337,"I have got to set up a delivery address, how do I do it?",set_up_shipping_address,SHIPPING,BCIL,12874
5370,I have to check the payment optiins,check_payment_methods,PAYMENT,BLZ,2710
3710,"I have got to see the cancellation penalty, how can I do it?",check_cancellation_fee,CANCEL,BCIL,1812
9496,assistance to contact an agent,contact_human_agent,CONTACT,B,4703
20182,could I reset my account PIN?,recover_password,ACCOUNT,BILP,10669
21623,i dont know how i can inform of sign-up problems,registration_problems,ACCOUNT,BLMQ,11693
6367,I am trying to check in what cases can I request a refund,check_refund_policy,REFUND,BL,2972
8926,I want assistance contacting an agent,contact_human_agent,CONTACT,B,4335
1479,"I need to edit order {{Order Number}}, could I get some help?",change_order,ORDER,BCILP,497
24222,need to use the premium account,switch_account,ACCOUNT,BQ,13273
12878,i want help seeing what delivery options i can choose,delivery_options,DELIVERY,BLMQ,6078
13705,I want to see how soon can I expect my item,delivery_period,DELIVERY,BL,6857
15429,getting invoice from January,get_invoice,INVOICE,BK,7831
7892,help me file a reclamation against ur compay,complaint,FEEDBACK,BLQZ,3853
20558,"I lost the password of my user, assistance resetting it",recover_password,ACCOUNT,BCL,10966
25880,i cannot check if there is anything new on the reimbursement,track_refund,REFUND,BELNQ,13783
7104,I need to file a customer claim against your organizaion,complaint,FEEDBACK,BLZ,3466
20789,I am trying to reset the PIN code of my user,recover_password,ACCOUNT,BL,11136
4372,i need assistance looking for the bills from {{Person Name}},check_invoice,INVOICE,BLMQ,2209
13110,I don't know how to check when my aprcel is going to arrive,delivery_period,DELIVERY,BLZ,6583
18164,need help to notify of problems with payment,payment_issue,PAYMENT,BLMQ,9004
19485,what do I have to do to shop several of your product?,place_order,ORDER,BILM,10112
7742,where to filr a consumer complaint?,complaint,FEEDBACK,BILZ,3787
19180,I do not know what I need to do to buy an article,place_order,ORDER,BEL,9804
2588,can utell me more about modifying my delivery address,change_shipping_address,SHIPPING,BILQ,1173
9940,where do I open a standard account?,create_account,ACCOUNT,BIL,4952
21267,I need help reporting a problem iwth signup,registration_problems,ACCOUNT,BLZ,11485
6491,show me in which situations can I request to be refunded,check_refund_policy,REFUND,BL,3199
23023,would it be possible to submit a different delivery address?,set_up_shipping_address,SHIPPING,BILP,12704
25412,i want help seeing theeta of purchase {{Order Number}},track_order,ORDER,BLQZ,13676
26535,I want to check the current status of the refund,track_refund,REFUND,BL,13851
17060,assistance subscribing to the corporate newsleter,newsletter_subscription,SUBSCRIPTION,BLZ,8694
2846,I want to know more about a delivery address change,change_shipping_address,SHIPPING,BL,1329
23140,I need assistance enteirng another delivery address,set_up_shipping_address,SHIPPING,BLZ,12774
23976,need to use the fucking {{Account Category}} profile can i get some hepl,switch_account,ACCOUNT,BCILQWZ,13190
2614,have a problem with a shpiping address modification,change_shipping_address,SHIPPING,BLQZ,1189
8236,"I would like to talk with customer service, how to do it?",contact_customer_service,CONTACT,BCILP,4065
3854,can I check the cancellation charge?,check_cancellation_fee,CANCEL,BIL,1517
19532,is it possible to purchase an article?,place_order,ORDER,BIL,10147
4031,I want assistance seeing the bill from {{Person Name}},check_invoice,INVOICE,BL,1923
12095,I am calling to see the shipment options,delivery_options,DELIVERY,BL,6118
9505,I do not know what to do to contact a damn operator,contact_human_agent,CONTACT,BELW,4412
21937,can i write a review for ur company,review,FEEDBACK,BILQ,11899
19439,help earning a few of your article,place_order,ORDER,BLM,10076
22589,help me to send my feedback,review,FEEDBACK,BL,12396
18764,want help solving a problem with payments,payment_issue,PAYMENT,BLMQ,9517
15162,"I need to download my invoice #12588, can you help me?",get_invoice,INVOICE,BCIL,7745
19376,want help to purchase some of your product,place_order,ORDER,BLMQ,10027
21188,i dont know how tl inform of signup errors,registration_problems,ACCOUNT,BLMQZ,11429
8020,I do not know what I have to do to talk to customer suppory,contact_customer_service,CONTACT,BELZ,3944
22148,want help to write a review for your services,review,FEEDBACK,BLQ,12075
1507,can I add some items to purchase {{Order Number}}?,change_order,ORDER,BILM,507
17492,can uhelp me cancel the corporate newsetter subscription,newsletter_subscription,SUBSCRIPTION,BILQZ,8849
9717,uare not helpful at all help me talk to a goddamnagent,contact_human_agent,CONTACT,BCELQWZ,4832
23273,can you help me to set a shipping address up?,set_up_shipping_address,SHIPPING,BIL,12850
20284,helpme resetting the pass of my profile,recover_password,ACCOUNT,BLQZ,10754
16315,how can I ask for a restitution of my money?,get_refund,REFUND,BIL,8292
22474,can you help me writing a review for your company?,review,FEEDBACK,BIL,12319
2627,I have a problem trying to change the delivery address,change_shipping_address,SHIPPING,BL,1198
18084,need assistance tonotify of a trouble with payments,payment_issue,PAYMENT,BLMQZ,9109
19508,I want help to earn some articles,place_order,ORDER,BLM,10107
22520,I do not know how to leave an opinion for a service,review,FEEDBACK,BEL,12353
5997,"I hav to see your refund policy, how can I do it?",check_refund_policy,REFUND,BCILZ,3010
5289,"I want to list the payment methods, can I get some help?",check_payment_methods,PAYMENT,BCIL,2678
14787,modifying data on premium account,edit_account,ACCOUNT,BL,7544
15515,"I have lost bill #85632, could you mail it to me?",get_invoice,INVOICE,BCILP,7644
15605,can uhelp me getting the bill from four last years,get_invoice,INVOICE,BILMQ,7891
2041,i need support modifying my delivery addtess,change_shipping_address,SHIPPING,BLQZ,765
1529,help editing order {{Order Number}},change_order,ORDER,BL,263
11480,I don't know what I have to do to delete a premium account,delete_account,ACCOUNT,BL,5800
22462,can you help me leave a comment about a service?,review,FEEDBACK,BIL,11916
24776,changkng to platinum account,switch_account,ACCOUNT,BKLZ,13491
18173,i need help to notify of issues with online payments,payment_issue,PAYMENT,BLMQ,9007
20011,I have problems with the key reset,recover_password,ACCOUNT,BLM,10515
22736,I want to send my feedback about your products,review,FEEDBACK,BL,12498
22548,help writing a review for your company,review,FEEDBACK,BL,11867
12517,i dont know how i can see the delivery options,delivery_options,DELIVERY,BLQ,6293
4097,need help to take an quick look at my invoice #12588,check_invoice,INVOICE,BQZ,2047
24082,want assistance to change to the freemium account,switch_account,ACCOUNT,BLQ,13247
22798,wanna leave an opinion about ur company,review,FEEDBACK,BLQZ,12537
26700,help knowing if there is anything wrong with the restitution,track_refund,REFUND,BL,14090
12372,"I want to see the shipping methods, how do I do it?",delivery_options,DELIVERY,BCIL,6247
6451,i have tp see how long refunds take how to do it,check_refund_policy,REFUND,BCILQZ,3189
10732,open pro account,create_account,ACCOUNT,BKL,5323
11722,deleting premium account,delete_account,ACCOUNT,BKL,5901
18901,how do I shop some products?,place_order,ORDER,BILM,9592
1795,could you help me adding some items to purchase {{Order Number}}?,change_order,ORDER,BILMP,641
22050,can uhelp me to leave some feedback,review,FEEDBACK,BILQ,11995
10880,could you tell me more about creating a platinum account?,create_account,ACCOUNT,BIP,5450
25962,could I check the goddamn status of the refund?,track_refund,REFUND,BIPW,13841
419,i need help canceling order {{Order Number}},cancel_order,ORDER,BQ,12
17192,acn ya help me to sign up to ur corporate newsletter,newsletter_subscription,SUBSCRIPTION,BILQZ,8748
20291,wherer to restore the pwd of my user profile,recover_password,ACCOUNT,BILQZ,10760
19610,i have got to buy some items how can i do it,place_order,ORDER,BCIMQ,10200
5451,can ya help me lits the available payment options,check_payment_methods,PAYMENT,BILQZ,2748
18348,what do I have to do to notify of payment issues?,payment_issue,PAYMENT,BILM,9282
9262,i try to talk to a perrson,contact_human_agent,CONTACT,BLQZ,4586
123,"I have ordered some article, cancel purchase {{Order Number}}",cancel_order,ORDER,BCELV,46
21597,notify of issues with online registration,registration_problems,ACCOUNT,BKLM,11677
18143,help notifying of issues with payments,payment_issue,PAYMENT,BLM,9152
23639,can you help me setting up the new shipping address?,set_up_shipping_address,SHIPPING,BIL,13013
10225,wanna open a pro account,create_account,ACCOUNT,BLQ,5146
10159,problems wiuth creating a {{Account Category}} account,create_account,ACCOUNT,BMZ,5104
13288,help to see how soon can I expect my order,delivery_period,DELIVERY,BL,6677
22971,could you help me set another shipping address up?,set_up_shipping_address,SHIPPING,BIP,12667
13460,is it possible to see when will my package arrive?,delivery_period,DELIVERY,BIL,6755
2064,can you tell me more about changing the address?,change_shipping_address,SHIPPING,BIL,786
24102,assistance using the {{Account Type}} account,switch_account,ACCOUNT,B,13254
7071,assistance lodging a customer reclamation against ur copany,complaint,FEEDBACK,BLQZ,3442
22004,can you help me leaving a review about a product?,review,FEEDBACK,BIL,11958
707,help me cancel ordere {{Order Number}},cancel_order,ORDER,BZ,161
7337,would it be possible to lodge a reclamation?,complaint,FEEDBACK,BILP,3607
16743,help me to request a rebate of my money,get_refund,REFUND,BL,8463
9166,what do i have to do to chat with an agent,contact_human_agent,CONTACT,BILQ,4523
18674,i dont know what to do to report troubles with payments,payment_issue,PAYMENT,BLMQ,9471
20548,I am looking for information about a forgotten key,recover_password,ACCOUNT,BEL,10961
11264,I have a question about the removal of a premium account,delete_account,ACCOUNT,BL,5684
12420,checking the available options for shipment,delivery_options,DELIVERY,BL,6263
4701,i do not know how i can check my bill #37777,check_invoice,INVOICE,BELQ,2359
11938,I want to know about the options for shipment,delivery_options,DELIVERY,BL,6021
3824,I don't know what I have to do to see the withdrawal charges,check_cancellation_fee,CANCEL,BLM,1868
7898,where could I file a consumer claim against your company?,complaint,FEEDBACK,BILP,3601
14821,"I would like to edit my bloody account, could you help me?",edit_account,ACCOUNT,BCIPW,7563
5121,what do I need to do to check your accepted payment methods?,check_payment_methods,PAYMENT,BIL,2592
5703,I don't know how to list your allowed payment methods,check_payment_methods,PAYMENT,BL,2596
14721,changing details on premium account,edit_account,ACCOUNT,BKLM,7514
13703,want help to see how soon can i expect the purchase,delivery_period,DELIVERY,BLQ,6425
21633,I am experiencing problems with my online registration,registration_problems,ACCOUNT,BELM,11699
10727,want assistance opening a standard account for my dad,create_account,ACCOUNT,BLQ,5383
7891,can I make a claim?,complaint,FEEDBACK,BIL,3852
10175,new standard acount for wife,create_account,ACCOUNT,BKLZ,5119
16395,"I paid {{Currency Symbol}}{{Refund Amount}} for this purchase, I have to get a damn refund",get_refund,REFUND,BCLMW,8273
21290,I don't know how to notify of a problem with sign-up,registration_problems,ACCOUNT,BL,11464
14183,edit information on gold account,edit_account,ACCOUNT,BKL,7182
9141,help me speaking to someone,contact_human_agent,CONTACT,BL,4507
10558,"I do not have a {{Account Category}} account yet, help me create one",create_account,ACCOUNT,BCELN,5304
23427,could you help me setting up my new delivery address?,set_up_shipping_address,SHIPPING,BILP,12914
18612,is it possible to inform of payment issues?,payment_issue,PAYMENT,BILM,9428
13141,i haqve got to check when my delivery is gonna arrive,delivery_period,DELIVERY,BQZ,6600
11484,I don't know what to do to delete a gold account,delete_account,ACCOUNT,BL,5803
19370,I don't know how to buy some articles,place_order,ORDER,BLM,10021
23703,I want help entering the delivery address,set_up_shipping_address,SHIPPING,BL,12673
10284,opening {{Account Type}} account for wife,create_account,ACCOUNT,BKL,5182
22398,is there a section to leave a bloody opinion about a service,review,FEEDBACK,BILQW,12266
677,I need help with cancelling purhase {{Order Number}},cancel_order,ORDER,BLZ,157
8079,I'm trying to see at what time i can call customer support,contact_customer_service,CONTACT,BLQ,3983
21383,I need help to report errors with a signup,registration_problems,ACCOUNT,BLM,11558
21801,help me to report an issue with a sign-up,registration_problems,ACCOUNT,BL,11802
22591,is it possible to leave a comment about a service ?,review,FEEDBACK,BILZ,12398
5280,want help seeing ur accepted payment metjods,check_payment_methods,PAYMENT,BLQZ,2673
21645,need help notifying of issueswith sign-up,registration_problems,ACCOUNT,BLMQZ,11708
8040,can you help me speaking to customer assistance?,contact_customer_service,CONTACT,BIL,3958
6996,I don't know how I could file a claim,complaint,FEEDBACK,BLP,3390
8617,tell me what hours i can get in touch wit customer service,contact_customer_service,CONTACT,BLQZ,3996
9024,I need assistance to contact a human agent,contact_human_agent,CONTACT,BL,4420
12302,what are the available shipment options?,delivery_options,DELIVERY,BIL,6220
13548,what do I need to do to see when will my parcel arrive?,delivery_period,DELIVERY,BIL,6790
4459,"I have lost bill #00108, can you show it to me?",check_invoice,INVOICE,BCILV,2248
6267,wanna see ur refund policy how to do it,check_refund_policy,REFUND,BCILQZ,3120
19718,"I have to earn several products, how can I do it?",place_order,ORDER,BCILM,10286
24347,i dont know how i can switch to the {{Account Type}} acount,switch_account,ACCOUNT,BQZ,13354
17773,find information about signing up to your newsletter,newsletter_subscription,SUBSCRIPTION,BL,8919
14830,modifying information on platinum account,edit_account,ACCOUNT,BKL,7568
22997,i cnnot set the shipping address up,set_up_shipping_address,SHIPPING,BELQZ,12686
3802,what do i need to do to hceck the termination charge,check_cancellation_fee,CANCEL,BILQZ,1862
22562,is there a e-mail to send my feedback for your products?,review,FEEDBACK,BILZ,12380
10815,I'm not registered I'm trying to create a bloody {{Account Type}} acount,create_account,ACCOUNT,BCELQWZ,5417
20340,I want to retrieve the password of my user account,recover_password,ACCOUNT,BL,10468
22595,is there a way to send a review for ur services,review,FEEDBACK,BILQ,12401
22028,I do not know how to write an opinion about a product,review,FEEDBACK,BEL,11977
22471,is there an e-mail to leave feedback about your products?,review,FEEDBACK,BIL,12317
7428,i want help to file a complaint against ur business,complaint,FEEDBACK,BQ,3439
18450,"I have to inform of damn payment errors, how can I do it?",payment_issue,PAYMENT,BCILMW,9339
23468,I don't know what I have to do to set up my shipping address,set_up_shipping_address,SHIPPING,BL,12789
10179,open a platinum account for my dad,create_account,ACCOUNT,BL,5122
11937,could you help me see what methods for delivery are there?,delivery_options,DELIVERY,BILMP,6020
22160,is there a way to leave an opinion about a service?,review,FEEDBACK,BIL,12085
13794,how to see how long it takes for my shipment to arrive?,delivery_period,DELIVERY,BIL,6450
20126,"I have lost my password, oculd you help me to recover it?",recover_password,ACCOUNT,BCILPVZ,10615
2955,can ya tell me about modifying the shipping address,change_shipping_address,SHIPPING,BILQZ,1390
26244,"I have to see the status of my reimbursement, I need help",track_refund,REFUND,BCL,13959
2378,i have got toedit the address,change_shipping_address,SHIPPING,BLQZ,1035
14853,wanna change the personal details i need help,edit_account,ACCOUNT,BCLMQ,7580
3268,i need help checking the termination fee,check_cancellation_fee,CANCEL,BLQ,1611
13747,"I want to see how long the shipment takes, can you help me?",delivery_period,DELIVERY,BCIL,6873
6973,"the experience with your service was bad, file a reclamation",complaint,FEEDBACK,BCL,3373
19215,what do I need to do to purchase a product?,place_order,ORDER,BIL,9884
7348,i try to make a customer reclamation,complaint,FEEDBACK,BLQ,3610
525,is it possible to cancel order {{Order Number}},cancel_order,ORDER,BIQ,56
24303,swithcing to platinum account,switch_account,ACCOUNT,BKZ,13341
13761,i want inofrmation about delivery periods how could i get it,delivery_period,DELIVERY,BCIQZ,6877
3857,where can I see the withdrawal charges?,check_cancellation_fee,CANCEL,BILM,1636
22451,i have got to send some feedback for a service,review,FEEDBACK,BLQ,12303
22934,"I have to set my new delivery address up, help me",set_up_shipping_address,SHIPPING,BCL,12636
18912,I do not know how I can buy some of your article,place_order,ORDER,BELM,9602
4948,how to see the available payment modalities?,check_payment_methods,PAYMENT,BIL,2489
19045,I don't know how toearn something,place_order,ORDER,BLZ,9729
19647,i do not know how to make an order,place_order,ORDER,BEQ,10230
15099,want assistance downloading the bill #12588,get_invoice,INVOICE,BLQ,7722
3769,i do not know what to do to see hte termination charges,check_cancellation_fee,CANCEL,BELMQZ,1845
2663,I want help trying to correct the address,change_shipping_address,SHIPPING,BL,1209
19649,I do not know what to do to earn several of yoru item,place_order,ORDER,BELMZ,10232
11336,want assistance to delete a gold account,delete_account,ACCOUNT,BLQ,5724
13563,i have got to see when mh delivery is gonna arrive,delivery_period,DELIVERY,BLQZ,6798
20205,i do not know how i can recover my user pin,recover_password,ACCOUNT,BELQ,10691
1941,can uhelp me changing some items of order {{Order Number}},change_order,ORDER,BIMQ,699
14168,modify information on platinum account,edit_account,ACCOUNT,BKL,7169
19910,i need help to recover my usrr account pwd,recover_password,ACCOUNT,BLQZ,10420
6257,assistance seeing your refund policy,check_refund_policy,REFUND,BL,3115
14671,I'd like to modify the details on my user how can i do it,edit_account,ACCOUNT,BCILMPQ,7485
13810,I call to check when will my product arrive,delivery_period,DELIVERY,BL,6900
4666,i have got to give a quick look at the invoice #12588,check_invoice,INVOICE,BLQ,2085
21621,is it possible to notify of sign-up errors?,registration_problems,ACCOUNT,BILM,11692
18397,notifying of problems with payments,payment_issue,PAYMENT,BKLM,9304
21675,I'd like to notify of a problem with a goddamn signup,registration_problems,ACCOUNT,BLPQW,11725
5310,I'm trying to list the payment options,check_payment_methods,PAYMENT,BLQ,2692
19497,how can I earn some articles?,place_order,ORDER,BILM,10120
113,would it be possible to cancel purchase {{Order Number}},cancel_order,ORDER,BILPQ,42
21564,help me to informof an issue with a registration,registration_problems,ACCOUNT,BLZ,11661
15120,"I lost the damn bill from {{Person Name}}, send it to me",get_invoice,INVOICE,BCLW,7730
19322,is it possible to order several of your article?,place_order,ORDER,BILM,9978
3978,i have lost bill #00108 can ya show it to me,check_invoice,INVOICE,BCILQV,1960
18134,help me rport a trouble with online payments,payment_issue,PAYMENT,BLMZ,9143
26388,what do i need to do to see the status of the rebate,track_refund,REFUND,BILQ,14005
9186,I don't know how I can talk wirh someone,contact_human_agent,CONTACT,BLZ,4535
7056,I'm unsatisfied with ur work how do i lodge a claim,complaint,FEEDBACK,BCILQ,3434
21366,would it be possible to notify of sign-up issues?,registration_problems,ACCOUNT,BILMP,11545
14416,could I edit my fucking user?,edit_account,ACCOUNT,BIPW,7334
22713,do you have a way to submit a review for your services ?,review,FEEDBACK,BILZ,12481
18132,can uhelp me to reoort a trouble with payments,payment_issue,PAYMENT,BILMQZ,9141
20984,i want help to notify of registration problems,registration_problems,ACCOUNT,BLMQ,11283
26227,how could i see the status of my refund,track_refund,REFUND,BILPQ,13952
22381,could you help me to write an opinion for your company?,review,FEEDBACK,BILP,12254
2310,can uhelp me to correct my delivery address,change_shipping_address,SHIPPING,BILQ,985
7152,I do not know how I can make a bloody reclamation,complaint,FEEDBACK,BELW,3497
5684,I try to see the payment methods,check_payment_methods,PAYMENT,BL,2855
21153,where do I report an issue wiht signup?,registration_problems,ACCOUNT,BILZ,11404
20388,need assistance to recover my account pass,recover_password,ACCOUNT,BLQ,10841
12326,can I check what delivery methods are available?,delivery_options,DELIVERY,BILM,6106
20183,"I have lost my user account password, how can I reset it?",recover_password,ACCOUNT,BCILV,10670
16003,can you help me ask for a rebate of money?,get_refund,REFUND,BIL,8079
17565,how can I sign up to the newsletter?,newsletter_subscription,SUBSCRIPTION,BIL,8703
13982,modifying details on {{Account Type}} account,edit_account,ACCOUNT,BKLM,7019
22019,do you have a section to leave a comment for your company?,review,FEEDBACK,BIL,11970
7062,want help making a claim against ur company,complaint,FEEDBACK,BLQZ,3409
20702,I need information about the pwd rertieval,recover_password,ACCOUNT,BLQZ,11076
23435,I want help to enter another delivery address,set_up_shipping_address,SHIPPING,BL,12919
10272,I don't know how to create a premium account for my fiance,create_account,ACCOUNT,BL,5178
11858,remove standard accoint,delete_account,ACCOUNT,BKLZ,5967
5570,I need assistance to list the allowed payment methods,check_payment_methods,PAYMENT,BL,2737
11530,problem with {{Account Category}} acount deletions,delete_account,ACCOUNT,BLMZ,5529
19901,is it possible to reset my user account access key?,recover_password,ACCOUNT,BIL,10411
11129,could you help me deleting a platinum account?,delete_account,ACCOUNT,BILP,5617
10417,I do not know how I could open a {{Account Type}} account for my fiance,create_account,ACCOUNT,BELP,5019
6495,help me check in which cvases can i ask for my money back,check_refund_policy,REFUND,BLQZ,3200
26183,I want to know if there are any news on my refund,track_refund,REFUND,BLM,13936
1165,problems with deleting some productsfrom order {{Order Number}},change_order,ORDER,BLMZ,330
7658,I need help to make a claim,complaint,FEEDBACK,BL,3754
20642,I am looking for information about my lost key,recover_password,ACCOUNT,BEL,11030
8985,i want assistance to speak to someone,contact_human_agent,CONTACT,BLQ,4388
16302,wanna ask for a restutution of my money,get_refund,REFUND,BLQZ,8286
14617,"I need to edit my personal information, will you help me?",edit_account,ACCOUNT,BCIP,7450
22663,where to write an review about ur services,review,FEEDBACK,BILQZ,12447
22795,I am tryig to submit my feedback about your services,review,FEEDBACK,BLZ,12535
19138,I don't know what I have to do to earn a few of your item,place_order,ORDER,BLM,9817
25006,tracking order,track_order,ORDER,BK,13563
16495,i do not know what i need to do to get retsitutions of money,get_refund,REFUND,BELMQZ,8398
79,whag do i need to do to cancel order {{Order Number}},cancel_order,ORDER,BIQZ,36
7078,filing customer reclamation against your organization,complaint,FEEDBACK,BL,3448
4294,check invoice,check_invoice,INVOICE,BK,2163
2936,I want to know more about editng my address,change_shipping_address,SHIPPING,BLZ,1377
21652,where can I report issues with goddamn sign-up?,registration_problems,ACCOUNT,BILMW,11712
2552,need to change my damn shipping address how could i do it,change_shipping_address,SHIPPING,BCIPQW,1156
7514,I don't kmow how I can make a claim,complaint,FEEDBACK,BLZ,3693
19689,what do I have to do to buy several damn articles?,place_order,ORDER,BILMW,10266
2077,can you tell me moreabout editing the delivery address?,change_shipping_address,SHIPPING,BILZ,799
10616,I want assistance to create a freemium account,create_account,ACCOUNT,BL,5328
1799,help me switching an article of purchase {{Order Number}},change_order,ORDER,BL,642
15472,wanna downlpad my bill from {{Person Name}},get_invoice,INVOICE,BLQZ,7849
20731,how do I recover the key of my profile?,recover_password,ACCOUNT,BIL,10609
19636,I want assistance earning several of your item,place_order,ORDER,BLM,10220
24492,I have got to chaneg to the {{Account Category}} account,switch_account,ACCOUNT,BLZ,13404
22130,submitting service review,review,FEEDBACK,BKL,12063
19302,need help to shop several of ur item,place_order,ORDER,BLMQ,9959
21236,i cant open a user account help me report sign-up errors,registration_problems,ACCOUNT,BCLMNQ,11465
10056,can ya help me to open a gold account for my dad,create_account,ACCOUNT,BILQ,5028
22476,I do not know what I need to do to send my feedback,review,FEEDBACK,BEL,12320
7768,"my experience with your brand was bad, make a consumer claim",complaint,FEEDBACK,BCL,3798
26338,I cannot track the reimbursement,track_refund,REFUND,BELN,13988
21807,i have got to report an error with a sign-up,registration_problems,ACCOUNT,BLQ,11805
14339,assistance updating the info included on my user account,edit_account,ACCOUNT,BLQ,7281
21953,io want assistance to leave a comment for a service,review,FEEDBACK,BLQZ,11871
3828,I am trying to see the fucking withdrawal charges,check_cancellation_fee,CANCEL,BLMW,1871
9364,"I do not understand you, I need help to speak with a person",contact_human_agent,CONTACT,BCEL,4638
1172,I need assistance with adding a product to purchase {{Order Number}},change_order,ORDER,BL,334
18322,I do not know how to report a problem with payments,payment_issue,PAYMENT,BELM,9262
12845,"I want to see what shipment options I can choose, help me",delivery_options,DELIVERY,BCLM,6397
19682,I do ont know what to do to acquire some items,place_order,ORDER,BELMZ,10259
15897,send me invoice from {{Person Name}},get_invoice,INVOICE,BKL,7904
13687,I would like to see when my delivery is going to arrive,delivery_period,DELIVERY,BLP,6852
21838,I don't know what to do to inform of an error with a sign-up,registration_problems,ACCOUNT,BL,11821
20486,what do I have to do to restore my user account key?,recover_password,ACCOUNT,BIL,10702
23476,I need to submit the new delivery address,set_up_shipping_address,SHIPPING,BL,12711
10990,i have a problem with the deletino of a gold account,delete_account,ACCOUNT,BLQZ,5522
3014,assistance to see thd early termination fee,check_cancellation_fee,CANCEL,BLZ,1440
13073,i want help seeign when will my product arrive,delivery_period,DELIVERY,BLQZ,6557
3627,I would like to check the early termination fees,check_cancellation_fee,CANCEL,BLMP,1780
5706,"I need to check the payment methods, how can I do it?",check_payment_methods,PAYMENT,BCIL,2485
16538,where do I get rebates of my money?,get_refund,REFUND,BILM,8418
9138,I try to chat with an operator,contact_human_agent,CONTACT,BL,4504
9705,I don't know what I have to do to speak with an asistant,contact_human_agent,CONTACT,BLZ,4826
20421,need help ot recover the pin of my user,recover_password,ACCOUNT,BLQZ,10867
17617,could I receive your fucking corporate newsletter?,newsletter_subscription,SUBSCRIPTION,BILPW,8880
21259,issues creating account,registration_problems,ACCOUNT,BKM,11479
26155,I don't know what I have to do to see my compensation status,track_refund,REFUND,BL,13858
20784,I would like information about the key retrieval,recover_password,ACCOUNT,BLP,10608
17635,I want help receoving the newsletter,newsletter_subscription,SUBSCRIPTION,BLZ,8885
13971,how could I edit the information on my user?,edit_account,ACCOUNT,BIP,7009
16484,when will i obtain a reimbursement of money,get_refund,REFUND,BILQ,8391
17586,how do I receive the newsletter?,newsletter_subscription,SUBSCRIPTION,BIL,8617
16860,need help obtaining rebates,get_refund,REFUND,BLMQ,8233
11734,i do not use my {{Account Category}} cacount i want help removing it,delete_account,ACCOUNT,BCELQZ,5908
25344,want assistance checking the eta of order {{Order Number}},track_order,ORDER,BQ,13661
24708,assistance using the gold profile,switch_account,ACCOUNT,BL,13470
5087,"I want to see the allowed payment methods, can you help me?",check_payment_methods,PAYMENT,BCIL,2575
14679,pudate platinum account,edit_account,ACCOUNT,BKLZ,7490
8229,I have to talkwith customer support,contact_customer_service,CONTACT,BLZ,4062
21096,help creating user,registration_problems,ACCOUNT,BK,11361
4858,"I have to see bill #85632, I need help",check_invoice,INVOICE,BCL,2435
9637,can uhelp me talk to a live agent,contact_human_agent,CONTACT,BILQ,4782
18894,how do I order a product?,place_order,ORDER,BIL,9585
4315,check invoice from June,check_invoice,INVOICE,BK,2177
17827,help receiving ur corporate newsletter,newsletter_subscription,SUBSCRIPTION,BLQ,8797
18445,what do i have to do to report a trouble with payments,payment_issue,PAYMENT,BILMQ,9335
21471,want help reporting issues with signup,registration_problems,ACCOUNT,BLMQ,11607
22732,what do I have to do to leave a review for a product?,review,FEEDBACK,BIL,12495
12109,can you help me to check the methods for shipment?,delivery_options,DELIVERY,BIL,6125
2495,where can i find infirmation about correcting the address,change_shipping_address,SHIPPING,BILQZ,1120
12460,"I am looking for the methods for shipment, I need help",delivery_options,DELIVERY,BCEL,6271
9094,ii have got to chat with an operator,contact_human_agent,CONTACT,BLQZ,4472
13005,"I want to see when will my package arrive, can you help me?",delivery_period,DELIVERY,BCIL,6507
22268,is there a way to send an opinion for ur products,review,FEEDBACK,BILQ,12170
11098,i don use my {{Account Type}} account i dont know how i can cancel it,delete_account,ACCOUNT,BCLQZ,5597
12354,i need help seeing the delivery methods,delivery_options,DELIVERY,BLQ,5995
18661,I don't know how I could report a payment problem,payment_issue,PAYMENT,BLPZ,9463
1449,i hasve got to update purchase {{Order Number}},change_order,ORDER,BLQZ,488
11049,I need information about a {{Account Category}} account cancellation,delete_account,ACCOUNT,BL,5566
5495,is it possible to see the available payment options,check_payment_methods,PAYMENT,BILQ,2773
13002,how do i ese when will my package arrive,delivery_period,DELIVERY,BILQZ,6504
236,I need help with cancellng order {{Order Number}},cancel_order,ORDER,BZ,80
25200,wanna chec order {{Order Number}} status,track_order,ORDER,BQZ,13619
19669,I don't knwo how to make an order,place_order,ORDER,BZ,10249
11967,shipments to {{Delivery Country}},delivery_options,DELIVERY,BLS,6047
20061,I do not know how I can restore the PIN code of my profile,recover_password,ACCOUNT,BEL,10557
9927,I don't know what to do to create a pro account,create_account,ACCOUNT,BL,4939
3315,i dont know how to see the termination charge,check_cancellation_fee,CANCEL,BLQ,1634
10010,tell me more about opening premium accounts,create_account,ACCOUNT,BLM,5010
20819,can i restoire my pass,recover_password,ACCOUNT,BILQZ,11154
3619,"I have to see the cancellation penalties, how do I do it?",check_cancellation_fee,CANCEL,BCILM,1777
2498,help to edit the delivery address,change_shipping_address,SHIPPING,BL,1105
3245,what are the fees for breaking the contract?,check_cancellation_fee,CANCEL,BILM,1595
12451,can I check the shipment options?,delivery_options,DELIVERY,BIL,6269
17923,notifyu of payment issues,payment_issue,PAYMENT,BKLMZ,8976
18726,troubles with online payments,payment_issue,PAYMENT,BKLM,9493
12209,checking the available methods for shipment,delivery_options,DELIVERY,BL,6176
22695,do you have a method to send an opinion for your products?,review,FEEDBACK,BIL,12471
26493,"I have to see the status of the rebate, will you help me?",track_refund,REFUND,BCILP,14042
16560,i want my rebate of money,get_refund,REFUND,BLQ,8431
21148,where to notify of an issue with a registration,registration_problems,ACCOUNT,BILQ,11400
16613,would it be possible to ask for compensations of my money?,get_refund,REFUND,BILMP,8460
17966,assistance informing of errors with payments,payment_issue,PAYMENT,BLM,9014
19640,want assistance to shop several of ur article,place_order,ORDER,BLMQ,10224
11414,"I don't need my fucking {{Account Category}} account, I want to close it",delete_account,ACCOUNT,BCLW,5769
16641,would it be possible to obtain compensations of money?,get_refund,REFUND,BILMP,8412
7137,need help to file a reclamaion against ur business,complaint,FEEDBACK,BLQZ,3487
20859,I want help restoring the access key of my user,recover_password,ACCOUNT,BL,10416
20777,what do i have to do to reset the pwd of my user account,recover_password,ACCOUNT,BILQ,10483
4607,can you help me to locate the bill from {{Person Name}}?,check_invoice,INVOICE,BIL,2320
22229,I call to leave a review,review,FEEDBACK,B,12138
15220,is it possible to download invoice #00108,get_invoice,INVOICE,BILQ,7764
4825,check invoice #00108,check_invoice,INVOICE,BK,2419
20993,I don't know what to do to inform of a registration error,registration_problems,ACCOUNT,BL,11290
1755,hep changing some products of an order,change_order,ORDER,BLMZ,625
19255,help me acquire some products,place_order,ORDER,BLM,9921
17047,I want to know more about receiging your company newsletter,newsletter_subscription,SUBSCRIPTION,BLZ,8692
21411,issues creating user,registration_problems,ACCOUNT,BKM,11575
2178,I have troubles modifying the fucking shipping address,change_shipping_address,SHIPPING,BLMW,886
25051,how can I check purchase {{Order Number}} current status?,track_order,ORDER,BIL,13520
11054,removing {{Account Category}} acconut,delete_account,ACCOUNT,BKLZ,5569
19193,I want help to purchase something,place_order,ORDER,BL,9866
5420,how can I see what payment payment modalities are allowed?,check_payment_methods,PAYMENT,BIL,2707
17224,check the status of my corporate newsletter subscription,newsletter_subscription,SUBSCRIPTION,BL,8757
17267,"I want to sign up to the newsletter, will you help me?",newsletter_subscription,SUBSCRIPTION,BCILP,8776
24940,checking order status,track_order,ORDER,BK,13540
26738,i want help seeing the restitution current status,track_refund,REFUND,BLQ,14103
18987,I need assistance to buy several articles,place_order,ORDER,BLM,9676
9367,I can't speak iwth an operator,contact_human_agent,CONTACT,BLZ,4640
5696,need assistance tosee your available payment methods,check_payment_methods,PAYMENT,BLQZ,2861
17995,how to report troubles with payments,payment_issue,PAYMENT,BILMQZ,9041
2769,could you tell me about updating my delivery address?,change_shipping_address,SHIPPING,BILP,1282
23111,I don't know how I can submit a new shipping address,set_up_shipping_address,SHIPPING,BLZ,12762
2815,how can i edit tne address,change_shipping_address,SHIPPING,BILQZ,1310
23480,I'm trying to submit a different delivery address,set_up_shipping_address,SHIPPING,BLQ,12933
12615,check the available delivery options,delivery_options,DELIVERY,BL,6137
12385,"I have to see the shipping options, could I get some help?",delivery_options,DELIVERY,BCILP,6253
2258,information about a delivery address correction,change_shipping_address,SHIPPING,BL,952
19976,i want assistance to restore my goddamn account pin,recover_password,ACCOUNT,BLQW,10484
13737,is it possible to check how long the shipping takes?,delivery_period,DELIVERY,BIL,6872
19480,how do i shop an item,place_order,ORDER,BILQ,10110
7288,where do i file a consumer reclamation against ur business,complaint,FEEDBACK,BILQ,3579
3175,is it possible to check the cancellation penalty?,check_cancellation_fee,CANCEL,BIL,1551
5688,i need help to see the allowee payment options,check_payment_methods,PAYMENT,BLQZ,2857
5335,see the allowed paymnet modalities,check_payment_methods,PAYMENT,BLZ,2700
13752,wanna see how soon can i expect my parcel how can i do it,delivery_period,DELIVERY,BCILQ,6874
23076,"I need to enter a secondary delivery address, help me",set_up_shipping_address,SHIPPING,BCL,12726
20928,I'm experiencing an issue with my online registration,registration_problems,ACCOUNT,BELQ,11235
1370,update purchase {{Order Number}},change_order,ORDER,BKL,264
23843,I cannot set up a different delivery address,set_up_shipping_address,SHIPPING,BEL,13103
8547,I am trying to talk with customer support,contact_customer_service,CONTACT,BL,4187
6557,I am trying to see your reimbursement policy,check_refund_policy,REFUND,BL,3226
13318,help me checking how soon can I expect my product,delivery_period,DELIVERY,BL,6558
24247,use freemium acdcount,switch_account,ACCOUNT,BKZ,13313
21707,where to inform of an issue witha sign-up,registration_problems,ACCOUNT,BILQZ,11741
20210,question about the lost password,recover_password,ACCOUNT,BL,10696
20896,I am trying to report signup problems,registration_problems,ACCOUNT,BLM,11204
12743,can you help me to see the shipping options?,delivery_options,DELIVERY,BIL,6128
9679,what do I have to do to contact a person?,contact_human_agent,CONTACT,BIL,4809
19235,how to purchase a few of your item?,place_order,ORDER,BILM,9902
24196,i dont know how i can change to tye {{Account Type}} account,switch_account,ACCOUNT,BLQZ,13290
5267,can you tell me your available payment methods?,check_payment_methods,PAYMENT,BIL,2665
15682,where to download my bill #85632?,get_invoice,INVOICE,BIL,7914
17941,where can I notify of problems with payent?,payment_issue,PAYMENT,BILMZ,8992
11298,help me remove a standard account,delete_account,ACCOUNT,BL,5570
16893,I need assistance obtaining rebates of money,get_refund,REFUND,BLM,8613
22187,help me leaving feedback for ur company,review,FEEDBACK,BLQ,12107
2362,"I chose a wrong delivery address, can you help me update it?",change_shipping_address,SHIPPING,BCIL,1023
4945,"I have got to see the payment methods, I need assistance",check_payment_methods,PAYMENT,BCL,2487
26765,help me to check if there are nay news on the refund,track_refund,REFUND,BLMZ,14108
26267,assistance to track the rebate,track_refund,REFUND,BL,13966
2508,"my goddamn delivery address has changed, change it",change_shipping_address,SHIPPING,BCLW,1128
12214,can you help me see what methods for delivery I have?,delivery_options,DELIVERY,BILM,6147
21416,report issues creating user,registration_problems,ACCOUNT,BKM,11577
10857,open a premium acount for my dad,create_account,ACCOUNT,BLZ,5440
17570,can uhlp me to see the status of my newsletter subscription,newsletter_subscription,SUBSCRIPTION,BILQZ,8871
13209,is it possible to see when my product is going to arrive?,delivery_period,DELIVERY,BIL,6636
19461,I want assistance purchasing a few of your product,place_order,ORDER,BLM,10094
19082,i need assistance buyig several of ur article,place_order,ORDER,BLMQZ,9764
6000,can you help me see how long refunds take?,check_refund_policy,REFUND,BIL,3013
11690,want assistnace to cancel my {{Account Category}} account,delete_account,ACCOUNT,BLQZ,5886
21124,problems creating profile,registration_problems,ACCOUNT,BKLM,11383
20799,I want to reset my goddamn user profile key,recover_password,ACCOUNT,BLW,11143
15787,I need assitance getting the invoice #00108,get_invoice,INVOICE,BZ,7945
14651,edit information on account,edit_account,ACCOUNT,BK,7164
8258,"I want to speak with customer service, helpme",contact_customer_service,CONTACT,BCLZ,4078
12847,i want help checking what methods for delivery uoffer,delivery_options,DELIVERY,BLMQ,6398
5815,is it possible to see the available pyment options,check_payment_methods,PAYMENT,BILQZ,2914
4601,checking invoice #00108,check_invoice,INVOICE,BK,2315
18319,Iam trying to notify of troubles with online payment,payment_issue,PAYMENT,BLMZ,9261
21255,help to report issues with an sign-up,registration_problems,ACCOUNT,BLMZ,11476
13484,want assistanmce checking how soon can I expect the shipment,delivery_period,DELIVERY,BLQZ,6767
14879,editing information on premium account,edit_account,ACCOUNT,BKL,7598
13894,need assistance to see how soon can I expect theorder,delivery_period,DELIVERY,BLQZ,6938
14210,help to correct the goddamn info on my user account,edit_account,ACCOUNT,BLQW,7201
15705,what do I have to do to download the invoice #00108?,get_invoice,INVOICE,BIL,7921
5470,where do I see what bloody payment methods are available?,check_payment_methods,PAYMENT,BILW,2757
11328,I don't know what I have to do to close my pro account,delete_account,ACCOUNT,BL,5719
16878,i have paid {{Currency Symbol}}{{Refund Amount}} for this order i ened to get a refund,get_refund,REFUND,BCEMQVZ,8610
22746,I watn to leave a comment about a product,review,FEEDBACK,BLZ,12501
17969,I have to inform of damn problems with payment,payment_issue,PAYMENT,BLMW,9016
5402,where to check the accepted payment options?,check_payment_methods,PAYMENT,BIL,2728
3133,i do not know what i have to do to check the cancellation fe,check_cancellation_fee,CANCEL,BEQZ,1523
19528,needto do a purchase can i get some help,place_order,ORDER,BCILQZ,10144
18627,I am trying to notify of problems with onine payments,payment_issue,PAYMENT,BLMZ,9436
4010,need help lpocating the bloody invoice from {{Person Name}},check_invoice,INVOICE,BLQWZ,1985
2954,"I need to change the address, will you help me?",change_shipping_address,SHIPPING,BCILP,1389
10123,opdn platinum account,create_account,ACCOUNT,BKLZ,5084
14398,modify information on {{Account Type}} acfount,edit_account,ACCOUNT,BKLZ,7321
26298,want help to check my reimbursement current status,track_refund,REFUND,BLQ,13785
18139,need assistance reporting payment erroors,payment_issue,PAYMENT,BLMQZ,9148
15954,I do not know what I need to do to ask for a compensation,get_refund,REFUND,BEL,8035
22066,I want help to leave fucking feedback for your services,review,FEEDBACK,BLW,12011
18306,"I can't pay, where do I report errors with payment?",payment_issue,PAYMENT,BCILM,9254
18226,can you help me report a problem with online payment?,payment_issue,PAYMENT,BIL,9211
20140,i have problems with the pin reset,recover_password,ACCOUNT,BLMQ,10629
19369,assistanceto buy several items,place_order,ORDER,BMZ,10020
22411,is it possible to write a review about ur rpoducts,review,FEEDBACK,BILQZ,12276
3107,i have to sede the cancellation charge,check_cancellation_fee,CANCEL,BLQZ,1504
16657,how long till i get my damn reimbursement,get_refund,REFUND,BILQW,8483
1360,edit order {{Order Number}},change_order,ORDER,BL,234
20063,"someone stole my user key, help me retrieving it",recover_password,ACCOUNT,BCL,10559
24200,can I use the standard account?,switch_account,ACCOUNT,BI,13230
25440,see order {{Order Number}} stats,track_order,ORDER,BLZ,13683
4511,i cannot find the invoice from {{Person Name}} find it for me,check_invoice,INVOICE,BCELQ,2273
16424,I would like to request a refund,get_refund,REFUND,BLP,8356
16782,want assistance to get my money back,get_refund,REFUND,BQ,8553
1548,help me add some damn items to order {{Order Number}},change_order,ORDER,BMW,529
19373,make order,place_order,ORDER,BK,10024
22838,i dont know what i need to do to write a review,review,FEEDBACK,BLQ,12566
1394,i amde a mistake i wanna edit order {{Order Number}},change_order,ORDER,BCLQZ,467
13763,I have to check how sion can I expect the package,delivery_period,DELIVERY,BLZ,6878
7756,where do I lodge a custmoer reclamation?,complaint,FEEDBACK,BILZ,3791
12663,assistance to see what shipping options I can choose,delivery_options,DELIVERY,BLM,6334
22189,ya have an address to send some feedback about ur services,review,FEEDBACK,BILQ,12108
21882,how can I report a sign-up error?,registration_problems,ACCOUNT,BIL,11848
18203,"I cannot make a payment, I want help to report a problem",payment_issue,PAYMENT,BCEL,9194
20309,I am trying to restore the pwd of my user profile,recover_password,ACCOUNT,BLQ,10776
19933,want assistance restoring my profile PIN,recover_password,ACCOUNT,BLQ,10442
2856,where can I find information about changing my address?,change_shipping_address,SHIPPING,BIL,853
19871,how could I purchase several products?,place_order,ORDER,BILMP,10392
10535,I do not know how I can create a gold account,create_account,ACCOUNT,BEL,5291
4304,can uhelp me look for invoice #12588,check_invoice,INVOICE,BILQZ,2171
24173,wanna change to the freemium account help me,switch_account,ACCOUNT,BCLQZ,13283
2917,I have a problem with a delivery address modification,change_shipping_address,SHIPPING,BL,1002
1519,can uhelp me swap something ofpurchase {{Order Number}},change_order,ORDER,BILQZ,513
15560,would it be possible to get my invoices from {{Person Name}}?,get_invoice,INVOICE,BILMP,7877
21917,I want help submitting my feedback about your products,review,FEEDBACK,BL,11880
7106,I'm unhzppy with ur work make a reclamation,complaint,FEEDBACK,BCLQZ,3468
13197,help me to see how long it takes for my damn order to arrive,delivery_period,DELIVERY,BLW,6629
9792,"I need to talk to a live agent, can I get some help?",contact_human_agent,CONTACT,BCIL,4865
7436,I need assistance to file a consumer claim,complaint,FEEDBACK,BL,3628
396,i can no longer pay fororder {{Order Number}} cancel it,cancel_order,ORDER,BCLNQZ,113
4717,want assistace seeing my bill #12588,check_invoice,INVOICE,BLQZ,2367
11295,i dont know what i need to do to cancel a premium accounnt,delete_account,ACCOUNT,BLQZ,5703
22764,where can i submit my feedback for ur company,review,FEEDBACK,BILQ,12512
19587,where do I purchase some products?,place_order,ORDER,BILM,10187
22259,I am calling to leave a review for your services,review,FEEDBACK,B,12163
4731,how can I check my invooce #00108?,check_invoice,INVOICE,BIZ,2375
18568,"I can't pay, I need to notify of a problem with payments",payment_issue,PAYMENT,BCLM,9404
3223,is it possible to see the cancellation fees?,check_cancellation_fee,CANCEL,BILM,1576
11717,removing platinum account,delete_account,ACCOUNT,BKL,5898
13952,mldifying standard account,edit_account,ACCOUNT,BKLZ,6991
26424,i dont know how i can see the restitution status,track_refund,REFUND,BLQ,14018
11310,need ot cancel my premium account,delete_account,ACCOUNT,BLQZ,5710
7465,I'm calling to lodge a customer reclamation,complaint,FEEDBACK,BLQ,3669
23307,where can i enter a secondary shipping adcress,set_up_shipping_address,SHIPPING,BILQZ,12614
14832,update info on premium account,edit_account,ACCOUNT,BKLQ,7570
20742,idont know how i can recover my account access key,recover_password,ACCOUNT,BLQZ,11106
6195,I try to check in which cases can I ask for a refund,check_refund_policy,REFUND,BL,2986
18817,I am trying to inform of an error with paymenys,payment_issue,PAYMENT,BLMZ,9546
15639,what od i have to do to download bill #00108,get_invoice,INVOICE,BILQZ,7900
10672,open a freemium account for my dad,create_account,ACCOUNT,BL,5354
7286,"I have got to lodge a complaint, can I get some help?",complaint,FEEDBACK,BCIL,3577
23870,how can I submit my delivery address?,set_up_shipping_address,SHIPPING,BIL,13119
22984,want assistance entering a seconxary shipping address,set_up_shipping_address,SHIPPING,BLQZ,12675
21386,how do I report signup problems?,registration_problems,ACCOUNT,BILM,11560
21694,I need assistance informing of an issue with registrations,registration_problems,ACCOUNT,BL,11611
15944,need help requesting restitutions of my money,get_refund,REFUND,BLMQ,8025
16577,i try to get a rebate of money,get_refund,REFUND,BLQ,8441
29,have a problem with canceling order {{Order Number}},cancel_order,ORDER,BQ,14
3846,i have to see the early exit epnalty how to do it,check_cancellation_fee,CANCEL,BCILQZ,1877
15308,"I want to get my invoices from {{Person Name}}, how can I do it?",get_invoice,INVOICE,BCILM,7793
10938,help me to close the platinum account,delete_account,ACCOUNT,BL,5483
10209,new platinum acount for wife,create_account,ACCOUNT,BKLZ,5135
14692,need to modify the user details how can i do it,edit_account,ACCOUNT,BCILMQ,7499
1204,problem with changing some products of purchase {{Order Number}},change_order,ORDER,BLM,358
14099,chnge data on platinum account,edit_account,ACCOUNT,BKLZ,7116
19278,I do not know how to order something,place_order,ORDER,BEL,9939
13354,where can I find information about the shipping period?,delivery_period,DELIVERY,BILM,6712
21607,how do i infoem of a problem with sign-up,registration_problems,ACCOUNT,BILQZ,11685
16225,I need help to get a refund,get_refund,REFUND,BZ,8242
6778,"I need to see in what cases can I request a refund, help me",check_refund_policy,REFUND,BCL,3167
11147,i do not know what to do to delete the pro account,delete_account,ACCOUNT,BELQ,5586
2450,I have iussues correcting my address,change_shipping_address,SHIPPING,BLMZ,1085
5261,how to check your accepted payment modalities?,check_payment_methods,PAYMENT,BIL,2662
22141,need assistance to write a comment for ur services,review,FEEDBACK,BLQ,12070
18169,can you help me notifying of troubles with online payment?,payment_issue,PAYMENT,BILM,9172
11828,cancelling freemium account,delete_account,ACCOUNT,BKL,5953
18466,how could I inform of issues with payment?,payment_issue,PAYMENT,BILMP,9349
21217,I am tryign to inform of an error with a registration,registration_problems,ACCOUNT,BLZ,11449
11213,deleting freemium account,delete_account,ACCOUNT,BKL,5658
8679,help me to see what hours customer support available is,contact_customer_service,CONTACT,BL,3890
13945,modify information on {{Account Type}} account,edit_account,ACCOUNT,BKL,6984
18632,wanna report problems with online payment,payment_issue,PAYMENT,BLMQ,9441
25584,"I would like to locate purchase {{Order Number}}, I need help",track_order,ORDER,BCLP,13711
24207,can you help me changing to the standard account?,switch_account,ACCOUNT,BIL,13295
18393,assistance to solve an issue with online payment,payment_issue,PAYMENT,BL,9302
11170,can I close a standard account?,delete_account,ACCOUNT,BIL,5639
5065,will ushow me what payment options are accepted,check_payment_methods,PAYMENT,BILPQ,2564
2412,"I entered a wrong address, how do I update it?",change_shipping_address,SHIPPING,BCIL,721
11525,I want help canceling my {{Account Type}} account,delete_account,ACCOUNT,BL,5521
10747,where can I get information about opening a {{Account Type}} account?,create_account,ACCOUNT,BIL,5390
21742,i have to report sign-up issues,registration_problems,ACCOUNT,BLMQ,11761
18645,I don't knoq how I can inform of an issue with payment,payment_issue,PAYMENT,BLZ,9451
10461,how to open a standard account for my dad?,create_account,ACCOUNT,BIL,5263
15937,need assistance t ask for refunds of money,get_refund,REFUND,BLMQZ,8018
2222,I want to know more about updating my address,change_shipping_address,SHIPPING,BL,922
16417,i dont know what to do to get a reimbursement,get_refund,REFUND,BLQ,8350
13671,i want assiatance seeing how soon can i expect the delivery,delivery_period,DELIVERY,BLQZ,6846
16053,can you help me requesting a reimbursement?,get_refund,REFUND,BIL,8121
12761,where can I see what shipment options I have?,delivery_options,DELIVERY,BILM,6221
8885,i want help to contact customer assistance,contact_customer_service,CONTACT,BLQ,4240
4264,find bill #00108,check_invoice,INVOICE,BL,2146
9307,I do not know how I could chat with an agent,contact_human_agent,CONTACT,BELP,4611
23021,i do not know how i can set up my new deilvery address,set_up_shipping_address,SHIPPING,BELQZ,12703
3419,I don't know how I can check the withdrawal charge,check_cancellation_fee,CANCEL,BL,1616
2423,i haev issues correcting my address,change_shipping_address,SHIPPING,BLMQZ,1067
12124,"I want to check what delivery options I have, how to do it?",delivery_options,DELIVERY,BCIM,6132
23718,i have got to submit a delivery addres,set_up_shipping_address,SHIPPING,BLQZ,13047
15312,I am calling to get invoice #12588,get_invoice,INVOICE,B,7795
9609,I do not know what I have to do to speak with a damn agent,contact_human_agent,CONTACT,BELW,4767
25765,i have to check the ETA of order {{Order Number}} ohw do i do it,track_order,ORDER,BCILQZ,13762
6233,need to check how long refunds take how can i do it,check_refund_policy,REFUND,BCIQ,3004
18377,inform of error with online payments,payment_issue,PAYMENT,BKLM,9278
6906,i need help seeing ur monbey back policy,check_refund_policy,REFUND,BLQZ,3319
9315,how to contact soembody?,contact_human_agent,CONTACT,BILZ,4617
22858,how to send my feedback about ur company,review,FEEDBACK,BILQ,12577
12031,I am calling to check what shipping options are there,delivery_options,DELIVERY,BLM,6090
10353,I'm looking for information about creating platinum accounts,create_account,ACCOUNT,BEMQ,5219
9134,i cannot chat with an assistant,contact_human_agent,CONTACT,BELQ,4500
18837,issues with payments,payment_issue,PAYMENT,BKM,9555
10661,I have a problpem with creating a standard account,create_account,ACCOUNT,BZ,5347
18838,I have got to notify of troubles with payments,payment_issue,PAYMENT,BLM,9556
10501,I need a user,create_account,ACCOUNT,B,5277
4401,i dont know what i need to do to find invoice #12588,check_invoice,INVOICE,BQ,2095
5080,do ya accept card,check_payment_methods,PAYMENT,BIQ,2572
1025,i have got to correct purcgase {{Order Number}},change_order,ORDER,BLQZ,227
1145,I need assistanc with adding an item to order {{Order Number}},change_order,ORDER,BZ,318
16165,when am i getting a reimbursement,get_refund,REFUND,BILQ,8207
10094,could you tell me more about opening platinum accounts?,create_account,ACCOUNT,BILMP,5066
8361,what do I need to do to contact customer assistance?,contact_customer_service,CONTACT,BIL,4113
6873,I try to see in what cases can I ask for a refund,check_refund_policy,REFUND,BL,3070
1654,i need assistance swapping an article of order {{Order Number}},change_order,ORDER,BLQ,572
20825,I do not know how I can recover my user key,recover_password,ACCOUNT,BEL,11158
2327,assistance changing the delivery address,change_shipping_address,SHIPPING,BL,732
19350,help to earn a few of ur article,place_order,ORDER,BLMQ,10002
22287,need help to leave feedback for ur products,review,FEEDBACK,BLQ,12184
16237,what do i need to do to receive refunds,get_refund,REFUND,BILMQ,8251
26016,I need help tracking the restitution,track_refund,REFUND,BL,13868
20492,what do i have to do to retrieve my account pin,recover_password,ACCOUNT,BILQ,10917
910,cancel purchase00004587345,cancel_order,ORDER,BKLZ,191
19441,what do i need to do to buy several products,place_order,ORDER,BILMQZ,10078
1906,"I would like to edit purchase {{Order Number}}, how could I do it?",change_order,ORDER,BCILP,686
15207,i lost the fucking bill from {{Person Name}} mail it to me,get_invoice,INVOICE,BCLQW,7759
5715,"I have got to check your payment options, will you help me?",check_payment_methods,PAYMENT,BCILP,2870
3785,I'd like tro check the withdrawal fees,check_cancellation_fee,CANCEL,BLMPQZ,1856
9798,I want help to talk to somebody,contact_human_agent,CONTACT,BL,4869
21082,i cannot notify of errors with sign-up,registration_problems,ACCOUNT,BELMNQ,11352
2698,I have issues modifying the delivery address,change_shipping_address,SHIPPING,BLM,1243
7063,I am calling to make an customer claim against your company,complaint,FEEDBACK,BLZ,3437
9429,I do not know how to chat with a fucking human agent,contact_human_agent,CONTACT,BELW,4671
21349,how can i notify of an issue with a signup,registration_problems,ACCOUNT,BILQ,11219
4132,need assistance finding the bills from {{Person Name}},check_invoice,INVOICE,BLMQ,2066
10650,another platinum account,create_account,ACCOUNT,BKL,5344
26822,"I have got to see my refund status, can you help me?",track_refund,REFUND,BCIL,14124
23394,I have an issue submitting a different delivery address,set_up_shipping_address,SHIPPING,BL,12896
24251,want assistance switching to the premium cacount,switch_account,ACCOUNT,BQZ,13314
1736,want help deleting several articles from purchase {{Order Number}},change_order,ORDER,BLMQZ,614
7143,help making a customer reclamation against your organization,complaint,FEEDBACK,BL,3492
12900,need help seeing when my packageis going to arrive,delivery_period,DELIVERY,BLQZ,6416
10397,"I ain't registered yet, I need to create a damn pro account",create_account,ACCOUNT,BCLW,5239
7020,assistance filing a customer reclamation against ur business,complaint,FEEDBACK,BLQ,3407
3547,"I want to check the withdrawal charges, how to do it?",check_cancellation_fee,CANCEL,BCILM,1749
19679,help ordering several products,place_order,ORDER,BLM,10256
10622,i want a freemium account,create_account,ACCOUNT,BLQ,5330
17725,could you tell me about the newsletter subscription?,newsletter_subscription,SUBSCRIPTION,BILP,8741
18387,help me notify of a payment issue,payment_issue,PAYMENT,BL,8959
12312,i need help seeing what shipping methods i can choose,delivery_options,DELIVERY,BLMQ,6223
8981,assistance to talk to an agent,contact_human_agent,CONTACT,B,4360
21883,where to notify of an error with signup?,registration_problems,ACCOUNT,BIL,11584
26220,could you help me check the status of my restitution?,track_refund,REFUND,BILP,13948
17543,wanna know about unsubscribimg from ur newsletter,newsletter_subscription,SUBSCRIPTION,BLQZ,8862
7053,I call to lodge a fucking claim,complaint,FEEDBACK,BLW,3432
20208,find information about a PIN code reset,recover_password,ACCOUNT,BLZ,10694
7166,filing claim against your business,complaint,FEEDBACK,BL,3504
18419,wanna inform of errors with online payment can uhelp me,payment_issue,PAYMENT,BCILMQ,9321
15693,I do not know what I need to do to download the bill #85632,get_invoice,INVOICE,BEL,7612
19167,need assistance acquiring several articles,place_order,ORDER,BLMQ,9843
26658,help me knowing if there are any updates on the refund,track_refund,REFUND,BLM,14031
14412,correcting data on platinum account,edit_account,ACCOUNT,BL,7331
19147,i want help ordering some articles,place_order,ORDER,BLMQ,9824
19661,wheree could i order some of ur article,place_order,ORDER,BILMPQZ,10242
21577,need help informing of rergistration errors,registration_problems,ACCOUNT,BLMQZ,11668
9128,I am trying to talk to somebody,contact_human_agent,CONTACT,BL,4495
14660,editting details on standard account,edit_account,ACCOUNT,BKLMZ,7476
12876,i have got to see the delivery methods how do i do it,delivery_options,DELIVERY,BCILQ,6410
26396,"I would like to track the reimbursement, how could I do it?",track_refund,REFUND,BCILP,14010
22165,where could I send some feedback about a service?,review,FEEDBACK,BILP,12090
3696,is it possible to chcek the termination charges?,check_cancellation_fee,CANCEL,BILMZ,1806
24531,how can i use the {{Account Category}} proile,switch_account,ACCOUNT,BILQZ,13418
21421,i cant open an account need help informingof signup issues,registration_problems,ACCOUNT,BCLMNQZ,11581
18736,how to inform of a payment issue,payment_issue,PAYMENT,BILQ,8954
5104,wshere do i list ur allowed payment options,check_payment_methods,PAYMENT,BILQZ,2583
9527,help to contact a human agent,contact_human_agent,CONTACT,BL,4338
20018,where can I resety my user profile pwd?,recover_password,ACCOUNT,BILQZ,10520
14975,i dont know what i need to do to download my inovice #00108,get_invoice,INVOICE,BLQZ,7667
12181,can you help me to check the methods for shipping?,delivery_options,DELIVERY,BIL,6162
24569,how to change to the standard account?,switch_account,ACCOUNT,BIL,13144
23333,what do I need to do to set up another shipping address?,set_up_shipping_address,SHIPPING,BI,12872
8860,can you help me calling customer support?,contact_customer_service,CONTACT,BIL,4304
19153,I do not know what I need to do to buy some items,place_order,ORDER,BEM,9830
17898,can uhelpme informing of a problem with payments,payment_issue,PAYMENT,BILMQZ,8951
16270,when am i gonna get a reimbursement,get_refund,REFUND,BILQ,8272
6073,would it be possible to see how long reimbursements take?,check_refund_policy,REFUND,BILP,3053
18564,can you help me to notify of a problem with online payment?,payment_issue,PAYMENT,BIL,9403
23637,need assistance to set my new shipping address up,set_up_shipping_address,SHIPPING,BLQ,12709
10771,create standard account for wife,create_account,ACCOUNT,BKL,5401
18927,"I have got to earn a product, I need help",place_order,ORDER,BCL,9617
18750,I am trying to inform of a payment error,payment_issue,PAYMENT,BL,9509
370,cancel purchase732201349959,cancel_order,ORDER,BKLZ,108
11835,removing standard acconut,delete_account,ACCOUNT,BKLZ,5958
25710,assiustance tracking purchase {{Order Number}},track_order,ORDER,BLZ,13748
24655,i want help to use the gold profile,switch_account,ACCOUNT,BLQ,13162
23285,where do I enter my secondary delivery address?,set_up_shipping_address,SHIPPING,BIL,12771
20674,i have lost my pass what do i need to do to recover it,recover_password,ACCOUNT,BCILQV,11051
8156,I would like to speak with goddamn customer assistance,contact_customer_service,CONTACT,BLPWZ,4023
15911,is it possible to ask for a refund of my money?,get_refund,REFUND,BIL,7992
4538,where to find bill #12588?,check_invoice,INVOICE,BIL,2284
19472,"I need to acqire some of your item, can you help me?",place_order,ORDER,BCILMZ,10104
18677,help me to notify of errors with payments,payment_issue,PAYMENT,BLM,9203
3883,I do not know what to do to see the termination charge,check_cancellation_fee,CANCEL,BEL,1893
7185,can ya help me to lodge a reclamatiom against ur company,complaint,FEEDBACK,BILQZ,3514
9790,i cant talk to anassistant,contact_human_agent,CONTACT,BLQZ,4863
20958,i cant create a user need help reportinga sign-up problem,registration_problems,ACCOUNT,BCLNQZ,11260
12697,assistance checking what damn shipping methods I have,delivery_options,DELIVERY,BLMW,6346
13767,i want help checking when my item is gonna arrive,delivery_period,DELIVERY,BQ,6879
23412,shipping address issue,set_up_shipping_address,SHIPPING,BK,12906
8921,transfer to me an agent,contact_human_agent,CONTACT,B,4330
18314,i cannot pay help me to report issues with payment,payment_issue,PAYMENT,BCEMQ,9259
9638,is it possible to speak with an agent,contact_human_agent,CONTACT,BILQ,4783
16736,want help to receive a damn restitution of money,get_refund,REFUND,BLQWZ,8529
16796,i want assistance to ask for a rebate of my money,get_refund,REFUND,BLQ,8561
23376,how do i sett up my fucking delivery address,set_up_shipping_address,SHIPPING,BILQWZ,12888
7116,help me to filea consumer reclamation,complaint,FEEDBACK,BLZ,3471
4990,show me your allowed payment options,check_payment_methods,PAYMENT,BL,2521
15433,"I have to download bill #12588, I need help",get_invoice,INVOICE,BCL,7833
20247,what do I have to do to restore the key of my user profile?,recover_password,ACCOUNT,BIL,10723
13629,I do not know how I can see how long the shipment takes,delivery_period,DELIVERY,BEL,6831
14478,updating informtaion on standard account,edit_account,ACCOUNT,BKLZ,7368
16264,I do not know how I could ask for goddamn refunds,get_refund,REFUND,BELMPW,8268
21750,I cannot inform of signup errors,registration_problems,ACCOUNT,BELMN,11769
17996,i dont knnow how to notify of an error with online payment,payment_issue,PAYMENT,BLQZ,9042
7252,were do i lodge a consumer complaint against ur company,complaint,FEEDBACK,BILQZ,3556
9639,"I would like to talk with an assistant, how can I do it?",contact_human_agent,CONTACT,BCILP,4784
19469,I want assistance placing an order,place_order,ORDER,BL,10101
9698,I need to chat with an assistant,contact_human_agent,CONTACT,BL,4361
22860,how do i submit some goddamn feedback for a product,review,FEEDBACK,BILQW,12578
10451,have problems with creating a freemium account,create_account,ACCOUNT,BLMQ,4928
3634,i dont know what i need to do to see the withdrawal fee,check_cancellation_fee,CANCEL,BLQ,1782
14590,updating standard accojnt,edit_account,ACCOUNT,BKLZ,7434
1122,can ya help me to switch an item oforder {{Order Number}},change_order,ORDER,BILQZ,303
2879,is it possible to change the delivery address?,change_shipping_address,SHIPPING,BIL,1348
6135,want assistance seeing in what cases can I request a refund,check_refund_policy,REFUND,BLQ,3079
21378,I have to report issuse with a sign-up,registration_problems,ACCOUNT,BLMZ,11554
7505,help lodging a claim against ur business,complaint,FEEDBACK,BLQ,3662
18690,I want help to notify oof issues with payment,payment_issue,PAYMENT,BLMZ,9477
11164,"I no longer need my {{Account Category}} account, I want to cancel it",delete_account,ACCOUNT,BCEL,5635
14851,modifying standard account,edit_account,ACCOUNT,BKL,7469
6527,want assistance to check in what casew can I request refunds,check_refund_policy,REFUND,BLQZ,3211
25914,I expect a reufnd of {{Currency Symbol}}{{Refund Amount}},track_refund,REFUND,BZ,13810
16179,help me request damn restitutions of money,get_refund,REFUND,BLMW,8214
14912,want asistance to download the bill #85632,get_invoice,INVOICE,BLQZ,7625
4062,what do I have to do to look for the invoice #85632?,check_invoice,INVOICE,BIL,2023
12788,I have got to check what goddamn delivery methods I have,delivery_options,DELIVERY,BLMW,6376
14247,change details on {{Account Category}} account,edit_account,ACCOUNT,BKLM,7224
23695,i have got to set u a bloody delivery address i need help,set_up_shipping_address,SHIPPING,BCLQWZ,13035
10012,I have to create a {{Account Type}} acocunt for my fiance,create_account,ACCOUNT,BLZ,5012
9415,ned to speak with somebody,contact_human_agent,CONTACT,BLQZ,4661
13862,I am trying to see when will my item arrive,delivery_period,DELIVERY,BL,6921
4721,want assistance seeing bill #37777,check_invoice,INVOICE,BLQ,2370
15865,i have got to download my invoice #37777,get_invoice,INVOICE,BLQ,7969
7576,help lodging a consumer reclamation against your business,complaint,FEEDBACK,BL,3641
14230,modify details on freemium account,edit_account,ACCOUNT,BKLM,7213
25574,want hewlp locating order {{Order Number}},track_order,ORDER,BLQZ,13712
7698,the experience with ur brand was bad file a claim,complaint,FEEDBACK,BCLQ,3774
14204,how could I edit my goddamn account?,edit_account,ACCOUNT,BIPW,7195
2893,there is a problem trying to edit my address,change_shipping_address,SHIPPING,BL,1172
4818,i want help finding my invoice from {{Person Name}},check_invoice,INVOICE,BLQ,2414
14396,"I have got to correct the data on my account, help me",edit_account,ACCOUNT,BCL,7319
9841,I do not know what I have to do to chat with a human agent,contact_human_agent,CONTACT,BEL,4894
20265,i want information about my password retrieval,recover_password,ACCOUNT,BLQ,10738
9393,I want assitsance contacting somebody,contact_human_agent,CONTACT,BLZ,4651
8517,how doi see at what time i can reach customer support,contact_customer_service,CONTACT,BILQZ,4176
20813,want help to restore my user acocunt pwd,recover_password,ACCOUNT,BLQZ,11149
8223,I would like to see what hours I can call customer support,contact_customer_service,CONTACT,BLP,4058
20507,I don't know how to restore my user account pwd,recover_password,ACCOUNT,BLQ,10928
21203,is it possible to inform of a sign-up issue,registration_problems,ACCOUNT,BILQ,11439
21716,help me report signup problems,registration_problems,ACCOUNT,BLMZ,11231
4367,is it possible to locate the bill #37777?,check_invoice,INVOICE,BIL,2205
9488,i have to chat with a huamn agent,contact_human_agent,CONTACT,BLQZ,4699
7947,check at what time i can get in touch with customer service,contact_customer_service,CONTACT,BLQ,3893
16115,I do not knowhow to receive compensations of my money,get_refund,REFUND,BELMZ,8168
7789,could you help me file a reclamation ?,complaint,FEEDBACK,BILPZ,3811
10229,want help creating a premium account for my dad,create_account,ACCOUNT,BLQ,5149
9820,can i speak with a humanagent,contact_human_agent,CONTACT,BILQZ,4884
24283,I do not know how I can switch to tbe platinum account,switch_account,ACCOUNT,BEZ,13329
8173,need to see at what time customer assistance avaialble is,contact_customer_service,CONTACT,BLQZ,4032
16467,what do I need to do to demand a refund of my money?,get_refund,REFUND,BIL,8381
22964,need to subit my new shipping address will uhelp me,set_up_shipping_address,SHIPPING,BCILPQZ,12661
19007,can you help me purchasing a damn item?,place_order,ORDER,BILW,9695
10317,"I want a different damn {{Account Category}} account, help me opening it",create_account,ACCOUNT,BCLW,5199
10986,can you help me canceling the goddamn platinum account?,delete_account,ACCOUNT,BILW,5519
17294,icant cancel my subscription to ur corporate newsletter,newsletter_subscription,SUBSCRIPTION,BLQZ,8783
14511,edit info on pro account,edit_account,ACCOUNT,BKLQ,7388
18325,can ya help mw to solve errors with payment,payment_issue,PAYMENT,BILMQZ,9264
13970,update data on {{Account Type}} cacount,edit_account,ACCOUNT,BKLZ,7008
25055,wanna chedk order {{Order Number}} status help me,track_order,ORDER,BCQZ,13580
17690,i cannot receive the company newsletter,newsletter_subscription,SUBSCRIPTION,BELQ,8900
4640,assistance to give a quick look at the bill #12588,check_invoice,INVOICE,BL,2336
8085,help talking with customer service,contact_customer_service,CONTACT,BL,3909
3890,want assistance to check the withdrawal penalty,check_cancellation_fee,CANCEL,BLQ,1768
3803,where do I see the cancellation charges?,check_cancellation_fee,CANCEL,BILM,1863
3994,where do I locate my invoice #12588?,check_invoice,INVOICE,BIL,1972
22498,need to write anopinion for ur services,review,FEEDBACK,BLQZ,12334
6948,i need assistance to file a complaint,complaint,FEEDBACK,BQ,3353
8600,I want to talk to fucking customer assistance,contact_customer_service,CONTACT,BLW,4209
16565,is it possible to get a refund of money,get_refund,REFUND,BIQ,8434
14686,correct data on pro account,edit_account,ACCOUNT,BKL,7497
304,i dont want purchase {{Order Number}},cancel_order,ORDER,BLNQ,94
24570,need help canging to the {{Account Category}} account,switch_account,ACCOUNT,BLQZ,13430
9589,"I cannot understand you, I need help speaking to someone",contact_human_agent,CONTACT,BCEL,4757
24631,i have to use the gold account help me,switch_account,ACCOUNT,BCQZ,13448
7499,making customer claim against your company,complaint,FEEDBACK,BL,3688
10407,help with creating my standard account,create_account,ACCOUNT,B,5130
19543,where can I make a purchase?,place_order,ORDER,BI,9612
3545,how could i check the cancellation ccharges,check_cancellation_fee,CANCEL,BILMPQZ,1748
16569,assistance to demand a rebate,get_refund,REFUND,BL,8437
8507,is it possible to talk to customer assistance ?,contact_customer_service,CONTACT,BILZ,4172
7019,is it possible to lodge an complaint against ur business,complaint,FEEDBACK,BILQZ,3406
9733,i want help chatting with a human gaent,contact_human_agent,CONTACT,BLQZ,4839
20743,how to retrieve the PIN code of myuser?,recover_password,ACCOUNT,BILZ,11107
13365,is it possible to see how soon can I expect my product?,delivery_period,DELIVERY,BIL,6719
20299,I am trying to restore my user profile key,recover_password,ACCOUNT,BL,10767
20090,"someone stole my PIN, I want assistance to restore it",recover_password,ACCOUNT,BCL,10585
26198,Iexpect a restitution of {{Refund Amount}} dollars,track_refund,REFUND,BLZ,13940
25575,can uhelp me see the currnt status of order {{Order Number}},track_order,ORDER,BILQZ,13713
14169,"I want to modify my user, can you help me?",edit_account,ACCOUNT,BCIL,7170
4050,i have to check bill #37777 can i get some help,check_invoice,INVOICE,BCILQ,2014
6740,i need assistance to check how long refunds take,check_refund_policy,REFUND,BQ,2974
3514,what do i needto do to see the early termination fee,check_cancellation_fee,CANCEL,BILQZ,1734
14803,help to modify the fucking information on my profile,edit_account,ACCOUNT,BLW,7553
6237,I need help to se how long the bloody reimbursements take,check_refund_policy,REFUND,BLWZ,3114
7688,i have got to file an complaint,complaint,FEEDBACK,BQZ,3769
647,I can't pay for order {{Order Number}},cancel_order,ORDER,BNZ,152
18189,i cant pay help informing of issues with payment,payment_issue,PAYMENT,BCLMQ,9184
22223,need assistance leaving feedback about ur company,review,FEEDBACK,BLQ,12134
5222,"I have to list your payment modalities, how do I do it?",check_payment_methods,PAYMENT,BCIL,2643
17826,I want help subscribing to your newsletter,newsletter_subscription,SUBSCRIPTION,BL,8809
2718,i have errors trying to edit the shippikng address,change_shipping_address,SHIPPING,BLMQZ,1258
2666,I have an issue trying to change the delivery address,change_shipping_address,SHIPPING,BL,1223
14155,correcting info on freemium account,edit_account,ACCOUNT,BKLQ,7162
14104,updating details on {{Account Type}} account,edit_account,ACCOUNT,BKLM,6981
8532,help me checking at what time I can contact customer support,contact_customer_service,CONTACT,BL,3960
6842,in whichsituations can i ask for a refund,check_refund_policy,REFUND,BILQZ,3308
1423,cqn i swap several items of purchase {{Order Number}},change_order,ORDER,BILMQZ,478
12195,I'm looking for the options for delivery can i get some help,delivery_options,DELIVERY,BCEIQ,6171
10097,need help with creating my {{Account Category}} account,create_account,ACCOUNT,BQ,5025
21109,how colud I notify of registration problems?,registration_problems,ACCOUNT,BILMPZ,11371
18519,want help norifying of a payment issue,payment_issue,PAYMENT,BLQZ,9380
26434,know if there is anything new on the rebate,track_refund,REFUND,BL,13882
21559,informing of online registration problem,registration_problems,ACCOUNT,BKL,11657
11065,is it possible to cancel a platinum account,delete_account,ACCOUNT,BILQ,5577
8948,"I don't want a bot, transfer to me a damn operator",contact_human_agent,CONTACT,BCLW,4357
12804,"I need to check what delivery options I have, help me",delivery_options,DELIVERY,BCM,6381
22246,i call to leave some feedack,review,FEEDBACK,BLQZ,12152
10333,new bloody {{Account Type}} cacount,create_account,ACCOUNT,BKLWZ,5208
13228,I want help seeing how soon can I expect my goddamn order,delivery_period,DELIVERY,BLW,6648
26428,could you help me checking the refund current status?,track_refund,REFUND,BILP,14020
7136,help to make a consumer complaint,complaint,FEEDBACK,BL,3486
21584,i do not knwo what to do to inform of issues with a signup,registration_problems,ACCOUNT,BELMQZ,11671
7564,i dont know how to make a reclamation against ur company,complaint,FEEDBACK,BLQ,3717
19124,where can I order some articles?,place_order,ORDER,BILM,9803
13585,help me check how soon can I expect my order,delivery_period,DELIVERY,BL,6475
10413,"I have not signed up yet, help creating a gold account",create_account,ACCOUNT,BCEL,5244
13469,I need help checking how long the shipment takes,delivery_period,DELIVERY,BL,6494
8744,tell me what hours i can contact customer sasistance,contact_customer_service,CONTACT,BLQZ,4265
1681,wanna modify order {{Order Number}},change_order,ORDER,BLQ,586
17983,how to report a problem with payment,payment_issue,PAYMENT,BILQ,9029
20149,how acn i get information about forgotten access keys,recover_password,ACCOUNT,BILMQZ,10638
20656,"someone stole my goddamn account PIN, want help resyoring it",recover_password,ACCOUNT,BCLQWZ,11038
18630,"I cannot pay, help to inform of problems with payment",payment_issue,PAYMENT,BCELM,9439
9793,I need assistance speaking to a human agent,contact_human_agent,CONTACT,BL,4345
12855,"I have to check what delivery options are there, help me",delivery_options,DELIVERY,BCLM,6281
9766,help talking with an agent,contact_human_agent,CONTACT,BL,4813
14608,correct details on pro account,edit_account,ACCOUNT,BKLM,7443
17914,want assistance to report problems with online payment,payment_issue,PAYMENT,BLMQ,8967
19311,need help to earn an item,place_order,ORDER,BLQ,9967
13399,where to check when my order is going to arrive?,delivery_period,DELIVERY,BIL,6731
14444,wanna modify the details on my user profile can ya help me,edit_account,ACCOUNT,BCILMQ,7351
10904,can you help me opening a pro account?,create_account,ACCOUNT,BIL,5457
10854,new pro account,create_account,ACCOUNT,BKL,5437
20121,where do I reset the password fo my user profile?,recover_password,ACCOUNT,BILZ,10610
10823,create new gold account for daughter,create_account,ACCOUNT,BKL,5420
13136,need help seeing how soon can i expect my package,delivery_period,DELIVERY,BLQ,6596
13052,I need assistance to see when will my article arrive,delivery_period,DELIVERY,BL,6541
14034,modify details on premium account,edit_account,ACCOUNT,BKLM,7061
21505,I do not know how to report problems with registrations,registration_problems,ACCOUNT,BELM,11220
13063,I wsant assistance seeing how soon can I expect the item,delivery_period,DELIVERY,BLZ,6551
5482,"I have got to see the allowed payment methods, how to do it?",check_payment_methods,PAYMENT,BCIL,2765
12047,I'm trying to check what options for delivery are there,delivery_options,DELIVERY,BLMQ,6095
26771,how can I check if there is anything new on the restitution?,track_refund,REFUND,BIL,13907
8098,what is ur customer support mail,contact_customer_service,CONTACT,BILQ,3993
18977,I do not know how to shop some items,place_order,ORDER,BELM,9666
3730,is it possbile to see the withdrawal fees?,check_cancellation_fee,CANCEL,BILMZ,1825
19810,help to purchase some articles,place_order,ORDER,BLM,9702
10797,information about creating {{Account Category}} accounts,create_account,ACCOUNT,BM,5038
20632,can you help me retrieve my user PIN code?,recover_password,ACCOUNT,BIL,11023
16014,i dont know how i can receive a reimbursement,get_refund,REFUND,BLQ,8088
1536,i dont know how i can add several items to purchase {{Order Number}},change_order,ORDER,BLMQ,523
18648,solve a damn error with online payments,payment_issue,PAYMENT,BLMW,9453
18932,what do I have to do to order somethingh?,place_order,ORDER,BILZ,9622
6141,I'm trying to see in which cases can i request refunds,check_refund_policy,REFUND,BLQ,3082
20078,what do i have to do to restore the pwd of my user account,recover_password,ACCOUNT,BILQ,10573
17978,I don't know how I can report an error with payment,payment_issue,PAYMENT,BL,9025
9668,I have got to chat with someone,contact_human_agent,CONTACT,BL,4801
23556,deliveryaddress issue,set_up_shipping_address,SHIPPING,BKLZ,12966
22305,is there an address to submit an opinion for a product?,review,FEEDBACK,BIL,12196
22801,do you have an e-mail to send feedback about your company?,review,FEEDBACK,BIL,12539
12337,I need help seeing what options for delivery you offer,delivery_options,DELIVERY,BLM,6113
12595,"I want to see what shipment options I have, how can I do it?",delivery_options,DELIVERY,BCILM,6036
9493,I don't know what I have to do to speak with a person,contact_human_agent,CONTACT,BL,4702
10988,closing {{Account Type}} account,delete_account,ACCOUNT,BKL,5520
22666,i have got to send some fedback about ur products,review,FEEDBACK,BLQZ,12449
23501,I want help entering the shipping address,set_up_shipping_address,SHIPPING,BL,12871
4,"I cannot afford this order, cancel purchase {{Order Number}}",cancel_order,ORDER,BCELN,4
17750,i need assistane unsubscribing to ur corporate newsletter,newsletter_subscription,SUBSCRIPTION,BLQZ,8910
7977,do you have an e-mail address to contact customer support?,contact_customer_service,CONTACT,BIL,3914
3161,could uhelp me check the cancellation penalty,check_cancellation_fee,CANCEL,BILPQ,1542
24368,I want assistance changing to the standard account,switch_account,ACCOUNT,BL,13236
9137,i cant hcat with somebody,contact_human_agent,CONTACT,BLQZ,4503
14773,change info on premium account,edit_account,ACCOUNT,BKLQ,7539
7555,assistance filing a customer complaint against your business,complaint,FEEDBACK,BL,3378
20393,could you help me retrieving my user profile PIN code?,recover_password,ACCOUNT,BILP,10844
17525,want help to sign up to your corpirate newsletter,newsletter_subscription,SUBSCRIPTION,BLQZ,8858
24358,what do i need to do to change to the pro account,switch_account,ACCOUNT,BILQ,13250
24840,swithcing to {{Account Category}} account,switch_account,ACCOUNT,BKZ,13510
18924,i needhelp to acquire several items,place_order,ORDER,BLMQZ,9614
24176,can you help me using the {{Account Type}} profile?,switch_account,ACCOUNT,BIL,13285
3294,need to check the withdrawal charge,check_cancellation_fee,CANCEL,BLQ,1462
20960,i cant open a user i wanna report signup issues,registration_problems,ACCOUNT,BCLMNQ,11261
12988,"I have got to see when will my parcel arrive, help me",delivery_period,DELIVERY,BCL,6431
14441,I need to modify the information on my user,edit_account,ACCOUNT,BL,7070
10112,I want assisrance to open a {{Account Category}} account,create_account,ACCOUNT,BLZ,5078
1016,i cannot remove some fucking items from order {{Order Number}},change_order,ORDER,BEMNQW,219
17033,help me seeing the status of my newsletter subsxcription,newsletter_subscription,SUBSCRIPTION,BLZ,8686
2730,need help editing m address,change_shipping_address,SHIPPING,BLQZ,1264
9218,can Icontact a person?,contact_human_agent,CONTACT,BILZ,4557
4173,how to seethe bill from {{Person Name}},check_invoice,INVOICE,BILQZ,2092
3869,is it possible to see the early termination charge?,check_cancellation_fee,CANCEL,BIL,1769
24384,I want help changing to the standard account,switch_account,ACCOUNT,BL,13210
2309,I have a problem correcting te shipping address,change_shipping_address,SHIPPING,BLZ,984
21503,"I cannot sign up, I would like to report a sign-up issue",registration_problems,ACCOUNT,BCELNP,11622
20753,where can i find information about the access key reset,recover_password,ACCOUNT,BILQ,11115
15042,would it be possible to download the invoice from {{Person Name}}?,get_invoice,INVOICE,BILP,7700
13157,I am calling to see when will my product arirve,delivery_period,DELIVERY,BLZ,6611
14489,modify information on gold account,edit_account,ACCOUNT,BKL,7373
7242,"my experience with your work was bad, make a complaint",complaint,FEEDBACK,BCL,3550
5889,i dont know what i need to do to see ur payment modalities,check_payment_methods,PAYMENT,BLQ,2943
9421,help mke chatting with a person,contact_human_agent,CONTACT,BLZ,4664
11477,could uhelp me close a freemium account,delete_account,ACCOUNT,BILPQ,5751
8418,do you have a toll-free customer service number?,contact_customer_service,CONTACT,BIL,4134
7425,"I ain't happy with your work, I need to make a claim",complaint,FEEDBACK,BCL,3650
9349,I try to contact a live agent,contact_human_agent,CONTACT,BL,4551
9647,I don't know how I can talk to a live ahent,contact_human_agent,CONTACT,BLZ,4789
10485,can you help me creating a standard account for my daughter?,create_account,ACCOUNT,BIL,5273
13768,ohw do I check how soon can I expect the item?,delivery_period,DELIVERY,BIZ,6880
13303,"I have to see how long the shipment takes, I need help",delivery_period,DELIVERY,BCL,6584
15775,send me invoice #37777,get_invoice,INVOICE,BKL,7941
9703,assistance to speak with an agent,contact_human_agent,CONTACT,BL,4825
5575,"I have to see your fucking payment options, how can I do it?",check_payment_methods,PAYMENT,BCILW,2809
18428,where do i inform of goddamn problems with online paymnts,payment_issue,PAYMENT,BILMQWZ,9328
14127,correcting data on {{Account Category}} account,edit_account,ACCOUNT,BL,7139
19785,I do not know how I can acquire several of yoru article,place_order,ORDER,BELMZ,10328
2312,there is an error modifying my address,change_shipping_address,SHIPPING,BL,987
13940,i need help to update my account,edit_account,ACCOUNT,BLQ,6980
7453,lodging consuer complaint,complaint,FEEDBACK,BLZ,3665
16213,want assistance asking for refunds of money,get_refund,REFUND,BLMQ,8236
26059,"I expect a restitution of {{Refund Amount}} dollars, was it processed",track_refund,REFUND,BCL,13816
20872,how to recover my bloody access key?,recover_password,ACCOUNT,BILW,11185
10966,cancel standard acount,delete_account,ACCOUNT,BKLZ,5504
19932,"I can't remember my profile key, I need help restoring it",recover_password,ACCOUNT,BCL,10441
9404,wanna contact an assistant,contact_human_agent,CONTACT,BLQ,4655
16681,where could i obtain compensations of money,get_refund,REFUND,BILMPQ,8496
9726,i cant contact an agent,contact_human_agent,CONTACT,BQ,4834
13802,how to check how soon can I expect my parcel?,delivery_period,DELIVERY,BIL,6485
24771,changing to freemium account,switch_account,ACCOUNT,BKL,13489
12259,i have got to see the shipping options help me,delivery_options,DELIVERY,BCLQ,6201
11473,canceling standard account,delete_account,ACCOUNT,BKL,5797
2733,where can i modify the shipping address,change_shipping_address,SHIPPING,BILQ,1267
13054,could you help me see how soon can I expect my package?,delivery_period,DELIVERY,BILP,6543
5662,what do I need to do to check your allowed payment options?,check_payment_methods,PAYMENT,BIL,2845
4211,help me seeing my invoice #37777,check_invoice,INVOICE,BL,2120
1177,how to correct roder {{Order Number}},change_order,ORDER,BILQZ,338
25147,i have got to locate order {{Order Number}} how can i do it,track_order,ORDER,BCILQ,13550
23778,wanna submita goddamn delivery address how could i do it,set_up_shipping_address,SHIPPING,BCILPQWZ,13074
26655,i need assistance to see the refund status,track_refund,REFUND,BLQ,14081
22516,i dont know what to do to write a review for a prouct,review,FEEDBACK,BLQZ,12349
18059,where do I inform of errors with online payments?,payment_issue,PAYMENT,BILM,9093
3304,where can I see the temrination fees?,check_cancellation_fee,CANCEL,BILMZ,1625
2352,want supports trying to modify the delivery address,change_shipping_address,SHIPPING,BLMQ,996
26272,want assistance to check the status of the rebate,track_refund,REFUND,BLQ,13968
5542,I want help to see the payment methods,check_payment_methods,PAYMENT,BL,2793
8212,what do I have to do to call customer service?,contact_customer_service,CONTACT,BIL,4052
13950,mldifying {{Account Category}} account,edit_account,ACCOUNT,BKLZ,6989
21764,is it possible to report issues with sin-up?,registration_problems,ACCOUNT,BILMZ,11780
10248,opdn freemium account,create_account,ACCOUNT,BKLZ,5164
21563,notifying of errors creating profile,registration_problems,ACCOUNT,BKLM,11660
24527,I need assistance switching to the {{Account Type}} account,switch_account,ACCOUNT,B,13136
11584,closing standard account,delete_account,ACCOUNT,BKL,5702
14424,correct information on standardaccount,edit_account,ACCOUNT,BKLZ,7337
7369,I want help filing an customer claim,complaint,FEEDBACK,BLZ,3622
14610,editing data on premium account,edit_account,ACCOUNT,BL,7444
7791,can you help me to make a complaint?,complaint,FEEDBACK,BIL,3813
21199,can you help me to report issues with registrations?,registration_problems,ACCOUNT,BIM,11436
14336,modifying information on {{Account Category}} account,edit_account,ACCOUNT,BKL,7175
1691,wamna switch some products of order {{Order Number}},change_order,ORDER,BLMQZ,592
18116,where do i report an issue with paynents,payment_issue,PAYMENT,BIMQZ,9132
11643,what do I need to do to delete the freemium account?,delete_account,ACCOUNT,BIL,5865
7681,the experience with ur brand ws bad how to make a complaint,complaint,FEEDBACK,BCILQZ,3764
2576,there is an issue trying to update the shipping address,change_shipping_address,SHIPPING,BL,901
9263,help me to chat with an agent,contact_human_agent,CONTACT,BL,4587
25932,I cannot see the status of my compensation,track_refund,REFUND,BELN,13822
10544,have a problem with creating a Premiumaccount,create_account,ACCOUNT,BQZ,5295
21367,"I cannot open an account, help to inform of signup issues",registration_problems,ACCOUNT,BCELMN,11546
11487,i have a question about the cancellation of my {{Account Type}} account,delete_account,ACCOUNT,BLQ,5652
8560,I am trying to see what hours I can contact customet service,contact_customer_service,CONTACT,BLZ,4191
4842,i want help giving a quick look at the bill #12588,check_invoice,INVOICE,BLQ,2426
4381,need assistance giving a quick loik at my bill #37777,check_invoice,INVOICE,BLQZ,2213
19996,how could I get information about forgotten passwords?,recover_password,ACCOUNT,BIMP,10502
19022,is it possible to shop some items?,place_order,ORDER,BILM,9708
20416,I need help restoring the PIN of my profile,recover_password,ACCOUNT,BL,10862
16104,need help to get a copmpensation of money,get_refund,REFUND,BLQZ,8159
12679,I need help checking what delivery methods I can choose,delivery_options,DELIVERY,BLM,6009
16105,i do not know what to do to obtain a goddamn refund of money,get_refund,REFUND,BELQW,8160
1948,assistance to switch an item of purchase {{Order Number}},change_order,ORDER,BL,306
20159,I need assistance retrieving the access key of my account,recover_password,ACCOUNT,BL,10466
10065,"I do not have a {{Account Type}} account yet, I try to register",create_account,ACCOUNT,BCELN,5047
19115,wanna acquire some of ur article,place_order,ORDER,BLMQ,9796
6618,need help checking in what situations can I request refunds,check_refund_policy,REFUND,BLQ,3244
21769,is it possible to inform of an error with signup,registration_problems,ACCOUNT,BILQ,11784
2024,can you give me information about editing my address?,change_shipping_address,SHIPPING,BIL,748
24291,what do I have to do to use the standard account?,switch_account,ACCOUNT,BI,13335
19128,I have to earn several of your product,place_order,ORDER,BLM,9807
7761,"I would like to make a complaint, I need assistance",complaint,FEEDBACK,BCLP,3794
4618,I want assistance to locate bill #00108,check_invoice,INVOICE,BL,2195
11242,problems with the removal of my gold account,delete_account,ACCOUNT,BLM,5603
26717,could I check if there are any updates on my goddamn rebate?,track_refund,REFUND,BILMPW,14096
11106,i dnt use my {{Account Category}} account want help to delete it,delete_account,ACCOUNT,BCLQZ,5605
19536,could you hlp me shopping some of your article?,place_order,ORDER,BILMPZ,10151
9439,what do I need to do to speak with somebody?,contact_human_agent,CONTACT,BIL,4532
23627,"my shipping address is invalid, I need help",set_up_shipping_address,SHIPPING,BCL,13007
12980,help me check when my fucking package is going to arrive,delivery_period,DELIVERY,BLW,6487
6465,help to see in which casescan i request reimbursements,check_refund_policy,REFUND,BLQZ,3191
19630,I have got to make an order,place_order,ORDER,B,10215
18061,I have got to inform of damn errors with online payment,payment_issue,PAYMENT,BLMW,9095
4284,where can I give a quick look at my bill #37777 ?,check_invoice,INVOICE,BILZ,2158
16734,want assistance getting a rebate,get_refund,REFUND,BLQ,8527
16421,can you help me request compensations of money?,get_refund,REFUND,BILM,8354
13892,"I have to see when will my product arrive, how to do it?",delivery_period,DELIVERY,BCIL,6473
23467,I want help setting a new shipping address up,set_up_shipping_address,SHIPPING,B,12604
17587,I can't recerive the newsletter,newsletter_subscription,SUBSCRIPTION,BLZ,8876
13461,can i see when my package is gonna arirve,delivery_period,DELIVERY,BILQZ,6756
22529,do you have an e-mail to send a comment for your company?,review,FEEDBACK,BIL,12361
23280,I want assistance to submit another shipping address,set_up_shipping_address,SHIPPING,BL,12853
4540,where do I take a quick look at my bill #12588?,check_invoice,INVOICE,BIL,2286
3482,want assistance checking the temrination charge,check_cancellation_fee,CANCEL,BLQZ,1721
2480,need support trying to modifythe address,change_shipping_address,SHIPPING,BLQZ,1107
8457,customer assistance mail address,contact_customer_service,CONTACT,BL,4152
5440,"I need to list the payment options, how could I do it?",check_payment_methods,PAYMENT,BCILP,2743
14420,update information on {{Account Category}} account,edit_account,ACCOUNT,BKL,6964
23098,could you help me setting up my shipping address?,set_up_shipping_address,SHIPPING,BILP,12755
5741,i need help checking ur allowed paymeny modalities,check_payment_methods,PAYMENT,BLQZ,2881
8301,I don't know what I have to do to call customer service,contact_customer_service,CONTACT,BL,3922
9899,i do not kniw what i need to do to speak with a human agent,contact_human_agent,CONTACT,BELQZ,4576
17367,I cannot receive the fucking newsletter,newsletter_subscription,SUBSCRIPTION,BELW,8808
3351,can you help me checking the early exit charges?,check_cancellation_fee,CANCEL,BILM,1652
17987,I don't know how I could notify of payment issues,payment_issue,PAYMENT,BLMP,9033
16997,I cannot unsubscribe to your corporate newslwtter,newsletter_subscription,SUBSCRIPTION,BELZ,8671
19631,can you help me ordering several items?,place_order,ORDER,BILM,10216
1528,have a problem with changing purchase {{Order Number}},change_order,ORDER,BLQ,519
14413,editing data on pro account,edit_account,ACCOUNT,BL,7332
12423,what do i need to do to check the methods for shipment,delivery_options,DELIVERY,BILQ,6264
9294,what do I have to do to speak to a live agent?,contact_human_agent,CONTACT,BIL,4603
10053,nmeed help opening a premium account,create_account,ACCOUNT,BLQZ,5039
26299,"I expect a refund of {{Refund Amount}} dollars, has it been processed?",track_refund,REFUND,BCIL,13976
2671,I have a question about a shipping address change,change_shipping_address,SHIPPING,B,1226
16185,could you help me asking for a refund of my money?,get_refund,REFUND,BILP,8218
24611,what do I need to do to change to the platinum account?,switch_account,ACCOUNT,BIL,13154
630,could uhelp me cancelin order {{Order Number}},cancel_order,ORDER,BIPQZ,149
20188,I need assistance to recover the key of my user account,recover_password,ACCOUNT,BL,10675
2625,where to edit my delivery address?,change_shipping_address,SHIPPING,BIL,990
8441,where do i cherck at what time i can call customer service,contact_customer_service,CONTACT,BILQZ,4144
25301,i do not know how i can see the ETA of purcyase {{Order Number}},track_order,ORDER,BELQZ,13650
12866,can you help me seeing the methods for shipping?,delivery_options,DELIVERY,BIL,6405
18863,help em to report an issue with payment,payment_issue,PAYMENT,BZ,9566
14944,I don't know what I have to do to get the bill #12588,get_invoice,INVOICE,BL,7615
12099,i have to check what delivery options are available,delivery_options,DELIVERY,BMQ,6120
21993,do you have an address to send a comment for a producvt?,review,FEEDBACK,BILZ,11950
9503,I need assistance to chat with a fucking human agent,contact_human_agent,CONTACT,BLW,4705
2569,I need support modifying the shipping address,change_shipping_address,SHIPPING,BL,1166
21276,"I can't register, help to inform of a signup issue",registration_problems,ACCOUNT,BCLN,11490
19902,where can i find information about the pin code recovery,recover_password,ACCOUNT,BILQ,10412
21036,want assistance to inform of a problem with signup,registration_problems,ACCOUNT,BLQ,11318
15960,is it possible to receive fucking refunds of my money?,get_refund,REFUND,BILMW,8041
19330,what do i hgave to do to shop some of ur item,place_order,ORDER,BILMQZ,9986
19539,order a few of your article,place_order,ORDER,BLM,10154
18949,where can i order somedthing,place_order,ORDER,BILQZ,9638
4016,where can I locate bill #37777?,check_invoice,INVOICE,BIL,1989
3511,i have to see the early exit chrge can i get some help,check_cancellation_fee,CANCEL,BCILQZ,1733
23006,need to submut a delivery address,set_up_shipping_address,SHIPPING,BLQZ,12695
13813,i call to chevk when my product is gonna arrive,delivery_period,DELIVERY,BLQZ,6902
22320,need help leaving my feedback about your company,review,FEEDBACK,BLQ,12206
19606,wanna buy several articles,place_order,ORDER,BLMQ,9661
7936,i haqve to see at what time i can contact customer service,contact_customer_service,CONTACT,BLQZ,3884
11235,cancelling pro account,delete_account,ACCOUNT,BKL,5671
11701,would it be possible to cancel a {{Account Category}} account?,delete_account,ACCOUNT,BILP,5889
4925,need assikstance checking your allowed payment modalities,check_payment_methods,PAYMENT,BLQZ,2468
2376,there is a trouble trying to update the shipping address,change_shipping_address,SHIPPING,BL,1033
11963,"I have got to see the delivery methods, can I get some help?",delivery_options,DELIVERY,BCIL,6043
6497,I cannotcheck your money back policy,check_refund_policy,REFUND,BEZ,3202
3576,can ushow me the early exit charge,check_cancellation_fee,CANCEL,BILQ,1758
3034,"I can't find the early termination penalties, help me",check_cancellation_fee,CANCEL,BCLM,1455
22385,"I need to leave feedback, can you help me?",review,FEEDBACK,BCIL,12218
9697,how can i speak with an assistznt,contact_human_agent,CONTACT,BILQZ,4823
26347,could uhelp me to know if there are any news on my rebate,track_refund,REFUND,BILMPQ,13991
12330,where do I see what fucking shipment methods are there?,delivery_options,DELIVERY,BILMW,6232
17233,do you have newsletter?,newsletter_subscription,SUBSCRIPTION,BIL,8759
24554,need help canging to the premium account,switch_account,ACCOUNT,BLQZ,13427
26368,how to see the status of the compensation?,track_refund,REFUND,BIL,13999
22780,I do not know how I can leave a comment about your products,review,FEEDBACK,BEL,12522
16542,want help receiving a restitution of my money,get_refund,REFUND,BLQ,8422
14774,update pro account,edit_account,ACCOUNT,BKL,7540
2620,there is an issue trying to edit the delivery address,change_shipping_address,SHIPPING,BL,1194
6971,I don't know how to make a consumer reclamation,complaint,FEEDBACK,BL,3371
21905,would it be possible to leave a comment for a service?,review,FEEDBACK,BILP,11869
19668,is it possible to purchase several articles,place_order,ORDER,BILMQ,10248
12586,wanna see what shipping methods are available how to do it,delivery_options,DELIVERY,BCILMQ,6311
23788,"I want to submit my new delivery address, can you help me?",set_up_shipping_address,SHIPPING,BCIL,13080
22755,I want assistance submitting feedback for your company,review,FEEDBACK,BL,12507
25878,I don't know what to do to check the status of my rebate,track_refund,REFUND,BL,13781
21639,could you help me notify of an issue with a registration?,registration_problems,ACCOUNT,BILP,11702
11012,i dont use m platinum account i try to remove it,delete_account,ACCOUNT,BCLQZ,5539
4286,"I lost my invoices from {{Person Name}}, find them for me",check_invoice,INVOICE,BCLM,2160
19917,I have to reset the access key of my profile,recover_password,ACCOUNT,BL,10426
20295,help to restore my access key,recover_password,ACCOUNT,BL,10764
12716,how to see what methods for delivery I can choose?,delivery_options,DELIVERY,BILM,6089
21784,can ya help me to notify of an error with signup,registration_problems,ACCOUNT,BILQZ,11536
26101,I want assistance checking my refund status,track_refund,REFUND,B,13912
12216,I don't know how to check the bloody shipping options,delivery_options,DELIVERY,BLW,6180
9148,I need help speaking to an agent,contact_human_agent,CONTACT,BL,4512
2072,i want supports changing myaddress,change_shipping_address,SHIPPING,BLMQZ,794
10210,help me creating a {{Account Type}} account,create_account,ACCOUNT,BL,5095
22897,I don't know how to sybmit my secondary delivery address,set_up_shipping_address,SHIPPING,BLZ,12603
11281,i dont know what i need to do to cancel a platinum account,delete_account,ACCOUNT,BLQ,5694
26588,I am waiting for an bloody restitution of {{Refund Amount}} dollars,track_refund,REFUND,BLWZ,13782
16027,where to ask for a rebate of my money,get_refund,REFUND,BILQ,8100
9375,I don't know what I have to do to contact a person,contact_human_agent,CONTACT,BL,4600
3113,i do not nkow how to see the early termination penalty,check_cancellation_fee,CANCEL,BELQZ,1508
2419,I have a trouble correcing the address,change_shipping_address,SHIPPING,BLZ,1064
20740,I want assistance to recover my user profile PIN,recover_password,ACCOUNT,BL,11104
24205,swithcing to standard account,switch_account,ACCOUNT,BKZ,13293
17738,I want assistance to sign up to the newsletter,newsletter_subscription,SUBSCRIPTION,BL,8691
18471,I need assistance to inform of issues with payments,payment_issue,PAYMENT,BLM,9026
16023,i dont know how i can obtain reimbursements of myh money,get_refund,REFUND,BLMQZ,8097
14149,I don't know how to change the personal information,edit_account,ACCOUNT,BL,7156
8967,i need assistance to talk with someone,contact_human_agent,CONTACT,BLQ,4359
21403,can you help me reporting a registration issue?,registration_problems,ACCOUNT,BI,11570
3201,show withdrawal penalty,check_cancellation_fee,CANCEL,BKL,1567
13061,help me checking how long it takes for the order to arrive,delivery_period,DELIVERY,BL,6549
5809,can I see the payment options?,check_payment_methods,PAYMENT,BIL,2912
22220,Ido not know how I can leave a comment,review,FEEDBACK,BELZ,12131
5661,need asistance seeing your bloody available payment methods,check_payment_methods,PAYMENT,BLQWZ,2844
21761,I am trying to notify of registration issues,registration_problems,ACCOUNT,BLM,11330
7797,could I make a goddamn reclamation?,complaint,FEEDBACK,BILPW,3815
8246,where can I check what hours customer support available is?,contact_customer_service,CONTACT,BIL,4071
2823,assistance to modify the bloody address,change_shipping_address,SHIPPING,BLW,1316
2265,i have errors modifying my shipping address,change_shipping_address,SHIPPING,BLMQ,958
15137,get ibll #85632,get_invoice,INVOICE,BKLZ,7734
4854,how could ilook for the bills from {{Person Name}},check_invoice,INVOICE,BILMPQZ,2433
18942,I want to acquire some articles,place_order,ORDER,BLM,9631
22691,is there an address to submit my feedback for your services?,review,FEEDBACK,BIL,12467
18593,I want help to inform of problems with payment,payment_issue,PAYMENT,BLM,9111
3244,help me seeing the early exit fee,check_cancellation_fee,CANCEL,BL,1594
14638,update information on standard account,edit_account,ACCOUNT,BKL,7463
14612,I need assistance modifying the damn data on my account,edit_account,ACCOUNT,BLW,7445
19492,assistance to shop some articles,place_order,ORDER,BLM,10118
11729,idont use my {{Account Category}} account want assistance to remove it,delete_account,ACCOUNT,BCLQZ,5904
2335,give me information about updating my delivery address,change_shipping_address,SHIPPING,BL,1004
9630,i dont understand ya assistance speaking to a live agent,contact_human_agent,CONTACT,BCLQZ,4780
8838,I'd like to soeak with customer assistance could uhelp me,contact_customer_service,CONTACT,BCILPQZ,4298
750,have problems wth canceling purchase {{Order Number}},cancel_order,ORDER,BLMQZ,170
24474,change to the pro account,switch_account,ACCOUNT,BL,13163
979,have problems with cancelling purchase {{Order Number}},cancel_order,ORDER,BLMQ,8
14372,edit gold account,edit_account,ACCOUNT,BKL,7304
10926,i dont know what to do to delete my platinum account,delete_account,ACCOUNT,BLQ,5474
26096,can uhelp me see my reimbursement current status,track_refund,REFUND,BILQ,13909
7059,i try to file a customer claim against ur company,complaint,FEEDBACK,BLQ,3427
5693,can uhelp me to list the allowed payment mehtods,check_payment_methods,PAYMENT,BILQZ,2859
5281,tell me ur alowed payment options,check_payment_methods,PAYMENT,BLQZ,2674
20365,i dont know what to do to recover the pwd of my profile,recover_password,ACCOUNT,BLQ,10820
5630,where can I check the payment options?,check_payment_methods,PAYMENT,BIL,2833
105,"I would like to cancel purchase {{Order Number}}, I need help",cancel_order,ORDER,BCLP,41
24517,can ya help me using the fucking {{Account Category}} profile,switch_account,ACCOUNT,BILQW,13413
22963,there are issues submitting a different delivery address,set_up_shipping_address,SHIPPING,BLM,12660
21341,need to inform o a signup error,registration_problems,ACCOUNT,BLQZ,11529
16800,i need assistance asking for a compensation of my money,get_refund,REFUND,BLQ,8217
17436,information about cancel the sbscription to the newsletter,newsletter_subscription,SUBSCRIPTION,BLZ,8833
1660,i do not know how to change a product of order {{Order Number}},change_order,ORDER,BELQ,576
11172,i never usethe standard account assistance to close it,delete_account,ACCOUNT,BCELQZ,5641
14217,chnge data on {{Account Type}} account,edit_account,ACCOUNT,BKLZ,7206
11961,how can i get information about the options for delivery,delivery_options,DELIVERY,BIQ,6041
16632,i have got to get restitutions of my money,get_refund,REFUND,BLMQ,8471
12935,"I am looking for the shipping period, where can I find it?",delivery_period,DELIVERY,BCEIL,6449
2154,I want support trying to edit my shipping address,change_shipping_address,SHIPPING,BL,863
11728,question about the termination of my premium account,delete_account,ACCOUNT,BL,5903
7813,can uhelp me lodgin a reclamation against ur business,complaint,FEEDBACK,BILQZ,3820
2044,need assistance modifying theshipping address,change_shipping_address,SHIPPING,BLQZ,768
19209,I try to purchase a few of your article,place_order,ORDER,BLM,9879
1951,I cannotdelete some articles from purchase {{Order Number}},change_order,ORDER,BELMNZ,703
20648,I don't know what to do to retrieve the pwd of my profile,recover_password,ACCOUNT,BLQZ,11035
6156,I don't know how I can check your refund policy,check_refund_policy,REFUND,B,3089
21446,"I have to report a sign-up error, how to do it?",registration_problems,ACCOUNT,BCIL,11597
18945,help me make an order,place_order,ORDER,B,9634
24364,where to change to the standard accout,switch_account,ACCOUNT,BILQZ,13363
9582,how to talk to an assistant?,contact_human_agent,CONTACT,BIL,4755
21332,I have got to inform of errors with a sign-up,registration_problems,ACCOUNT,BLM,11523
3163,I don't know how to check the early termination charge,check_cancellation_fee,CANCEL,BL,1544
17368,"I have got to subscribe to your newsletter, how can I do it?",newsletter_subscription,SUBSCRIPTION,BCIL,8641
4712,I don't know how I could locate the bill #12588,check_invoice,INVOICE,BLP,2365
19869,I don't know what I need to do to purchase some items,place_order,ORDER,BLM,10391
17483,I cannot cancel the corporate newsletter subscrition,newsletter_subscription,SUBSCRIPTION,BELZ,8846
4399,wanna take an quick look at my bill #12588,check_invoice,INVOICE,BLQZ,2221
11948,i dont know how to see what methods for delivery i have,delivery_options,DELIVERY,BLMQ,6029
6541,help me see in which situations can I ask for myt money back,check_refund_policy,REFUND,BLZ,3218
19822,help to shop an article,place_order,ORDER,BL,10356
17757,is it possible tl unsubscribe from ur corporate newsletter,newsletter_subscription,SUBSCRIPTION,BILQZ,8913
14130,i want help editing the info on my user profile,edit_account,ACCOUNT,BLQ,7142
16923,I am trying to sign up to your fucking newsletter,newsletter_subscription,SUBSCRIPTION,BLW,8636
19680,want assistance to purchase a few of your product,place_order,ORDER,BLMQ,10257
3357,I want assistance checking the early termination fee,check_cancellation_fee,CANCEL,BL,1413
12740,where can i check themethods for shipment,delivery_options,DELIVERY,BILQZ,6358
11155,problems with gold account cancellations,delete_account,ACCOUNT,BLM,5630
2604,there are errors trying to update my shipping address,change_shipping_address,SHIPPING,BLM,1184
2343,I do not know how to correect the address,change_shipping_address,SHIPPING,BELZ,1007
18836,can ay help me notifying of a trouble with payment,payment_issue,PAYMENT,BILQZ,9554
22218,I need help to leave feedback,review,FEEDBACK,BL,12130
17204,I acn't unsubscribe to your company newsletter,newsletter_subscription,SUBSCRIPTION,BLZ,8751
15660,could you mail me my goddamn invoices from {{Person Name}}?,get_invoice,INVOICE,BILMPW,7906
6550,i want help checking in which cases can i ask for refunss,check_refund_policy,REFUND,BLQZ,3224
14317,changing information on {{Account Type}} account,edit_account,ACCOUNT,BKL,7267
9410,i do not know what to do to contact a human agent,contact_human_agent,CONTACT,BELQ,4658
13658,assistance checking how long the delivery takes,delivery_period,DELIVERY,B,6842
19867,need assistance buying some items,place_order,ORDER,BMQ,10390
4148,I need assistance giving a quick look at my invoice #85632,check_invoice,INVOICE,BL,2077
2911,i have aa trouble editing my delivery address,change_shipping_address,SHIPPING,BLQZ,1366
8375,"I have to get in touch with customer service, I need help",contact_customer_service,CONTACT,BCL,4120
1467,I need help to add several articles to order {{Order Number}},change_order,ORDER,BLM,495
12665,I want assistance seeing what shipping options you offer,delivery_options,DELIVERY,BLM,6335
8405,help checking at what time I can call customer support,contact_customer_service,CONTACT,BL,3878
24666,what do I have to do to use the gold profile?,switch_account,ACCOUNT,BIL,13458
19811,I do not know what I need to do to purchase several items,place_order,ORDER,BELM,10347
7417,how do I make a reclamation against your company?,complaint,FEEDBACK,BIL,3456
2442,what do i have to do to update my deliverey address,change_shipping_address,SHIPPING,BILQZ,1079
10186,I do not know how to open a damn freemium account,create_account,ACCOUNT,BELW,5125
25715,how to see order {{Order Number}} status?,track_order,ORDER,BIL,13542
8782,help to call customer assistance,contact_customer_service,CONTACT,BL,3937
3551,need to check the early exit fees,check_cancellation_fee,CANCEL,BLMQ,1538
23845,I can't set my damn secondary shipping address up,set_up_shipping_address,SHIPPING,BLW,13105
17330,I can't receive the newsletter,newsletter_subscription,SUBSCRIPTION,BL,8793
5836,can you help me seeing your available payment methods?,check_payment_methods,PAYMENT,BIL,2923
25550,can you show me the status of order {{Order Number}}?,track_order,ORDER,BI,13707
19586,"I need to earn several items, help me",place_order,ORDER,BCLM,10186
1495,is it possible tomodify order {{Order Number}},change_order,ORDER,BILQZ,504
10423,I want to open a {{Account Category}} account for my fiance,create_account,ACCOUNT,BL,5235
22468,I call to write a bloody opinion for a product,review,FEEDBACK,BLW,12315
20386,I hav a question about a password recovery,recover_password,ACCOUNT,BZ,10839
2559,error correcting delivery address,change_shipping_address,SHIPPING,BKL,1159
15138,I don't know how I can get bill #12588,get_invoice,INVOICE,BLZ,7735
23747,errors setting up a damn delivery address,set_up_shipping_address,SHIPPING,BLMW,12839
26218,I cannot check if there are any news on my rebate,track_refund,REFUND,BELMN,13884
5186,is it possible to list the allowed payment mthods?,check_payment_methods,PAYMENT,BILZ,2624
8038,I ned to speak to customer service,contact_customer_service,CONTACT,BLZ,3956
25431,"I have to see the bloody ETA of order {{Order Number}}, I need help",track_order,ORDER,BCLW,13682
14941,getting bill #37777,get_invoice,INVOICE,BKL,7648
1140,I cannot swap several articles of order {{Order Number}},change_order,ORDER,BELMN,316
1405,how could I switch some products of order {{Order Number}}?,change_order,ORDER,BILMP,470
9959,new {{Account Category}} acount,create_account,ACCOUNT,BKLZ,4968
13805,can I see when will my article arrive?,delivery_period,DELIVERY,BIL,6451
8573,i dont know what i have to do to talk with customer service,contact_customer_service,CONTACT,BLQ,4196
13289,I'mlooking for shipping period can uhelp me find them,delivery_period,DELIVERY,BCEILQZ,6678
20592,I can't reset my user PIN,recover_password,ACCOUNT,BLN,10996
20125,is it possible to recover my account pwd,recover_password,ACCOUNT,BILQ,10614
22572,"I need to send some feedback about your services, help me",review,FEEDBACK,BCL,12385
4885,i want help taking a quick look at the bill #85632,check_invoice,INVOICE,BLQ,2198
18031,I need help to report a bloody error with payment,payment_issue,PAYMENT,BLW,9071
20517,"I can't remember my user profile PIN, I have got to reset it",recover_password,ACCOUNT,BCL,10936
23299,nneed to submit my new delivery address how could i do it,set_up_shipping_address,SHIPPING,BCILPQZ,12858
10142,can I open a gold account for my daughter?,create_account,ACCOUNT,BIL,5094
23529,i need assistance setting my shipping address up,set_up_shipping_address,SHIPPING,BLQ,12642
5713,I want help seeing the fucking available payment methods,check_payment_methods,PAYMENT,BLW,2868
4168,I want assistance to look for my invoice #12588,check_invoice,INVOICE,BL,2089
4276,I do not knowwhat to do to give a quick look at bill #12588,check_invoice,INVOICE,BELZ,2152
10116,can you help me create a freemium account?,create_account,ACCOUNT,BI,5080
15366,how do i get my invoice #85632,get_invoice,INVOICE,BIQ,7773
12529,"I want to see the goddamn shipment methods, how to do it?",delivery_options,DELIVERY,BCILW,6297
25974,I need to track my fucking compensation,track_refund,REFUND,BLW,13846
14438,I do not know how to update the info included on my profile,edit_account,ACCOUNT,BELQ,6983
20199,i have got to reset the pwd of my user,recover_password,ACCOUNT,BLQ,10685
649,I have a question about canceling order {{Order Number}},cancel_order,ORDER,B,48
10489,I do not know how to create a {{Account Type}} account for my dad,create_account,ACCOUNT,BEL,4947
16573,i paid {{Refund Amount}} dollars for an article how can i obtain a rebate,get_refund,REFUND,BCILMQ,8402
22592,wanna leave an opinion,review,FEEDBACK,BLQ,12399
12945,could i check when my package is gonna arive,delivery_period,DELIVERY,BILPQZ,6459
9952,open gold account for wife,create_account,ACCOUNT,BKL,4961
13103,I do not know how to see when will my item arrive,delivery_period,DELIVERY,BEL,6577
13181,wanna check how soon can i epect my delivery help me,delivery_period,DELIVERY,BCLQZ,6624
26372,need help to see the status of my refund,track_refund,REFUND,BLQ,13895
7523,what do i have to do to make a consumer compoaint,complaint,FEEDBACK,BILQZ,3697
11115,i do not know what to od to cancel the freemium account,delete_account,ACCOUNT,BELQZ,5610
3870,can you help me seeing the early termination charges?,check_cancellation_fee,CANCEL,BILM,1550
2713,I have an error updating my address,change_shipping_address,SHIPPING,BL,1254
19365,where do I order some items?,place_order,ORDER,BILM,10016
3242,need assistance checking the early exit fees,check_cancellation_fee,CANCEL,BLMQ,1592
8122,"I need to talk with customer service, how could I do it?",contact_customer_service,CONTACT,BCILP,4007
19033,"I need to earn a few of your article, how do I do it?",place_order,ORDER,BCILM,9718
22152,where can i leave an opinion for ur services,review,FEEDBACK,BILQ,12079
20787,I need help recoveting my user profile key,recover_password,ACCOUNT,BLZ,11135
5982,in what situations can I ask to be reimbursed?,check_refund_policy,REFUND,BIL,3002
5751,"I want to see the allowed payment methods , how can I do it?",check_payment_methods,PAYMENT,BCILZ,2887
10917,delete {{Account Type}} account,delete_account,ACCOUNT,BKL,5465
11368,problem with standard account terminations,delete_account,ACCOUNT,BLM,5738
3639,what is the early termination fee,check_cancellation_fee,CANCEL,BILQ,1784
13163,need help checking how soon can I expect my item,delivery_period,DELIVERY,BLQ,6616
1047,change purchzse {{Order Number}},change_order,ORDER,BKLZ,248
17266,how can I cancel my subscription to your neswletter?,newsletter_subscription,SUBSCRIPTION,BILZ,8775
23218,I need to enter another shipping address,set_up_shipping_address,SHIPPING,BL,12817
15055,need assistance to get my invoice #85632,get_invoice,INVOICE,BQ,7705
16830,i want assistance asking for a restitution of my money,get_refund,REFUND,BLQ,8586
19049,where to buy an item,place_order,ORDER,BIQ,9733
2445,help me editing the shipping address,change_shipping_address,SHIPPING,BL,1082
22116,leave review,review,FEEDBACK,BK,12052
14294,updating details on standard account,edit_account,ACCOUNT,BKLM,7253
14134,modifying information on standard account,edit_account,ACCOUNT,BKL,7145
16682,I have to get a compensation of money,get_refund,REFUND,BL,8271
19270,how do I purchase several of your product ?,place_order,ORDER,BILMZ,9933
11180,I want assistance deleting my standard account,delete_account,ACCOUNT,BL,5645
8064,what is the customer service mail,contact_customer_service,CONTACT,BIQ,3972
14649,edit pro account,edit_account,ACCOUNT,BKL,7470
14624,edit information on standard account,edit_account,ACCOUNT,BKL,7454
23598,where do i enter my shipping address,set_up_shipping_address,SHIPPING,BILQ,12830
8453,could you help me talking ot bloody customer service?,contact_customer_service,CONTACT,BILPWZ,4150
20638,how to reset my account pwd,recover_password,ACCOUNT,BILQ,11027
5989,I'm trying to check how long reimbursements take,check_refund_policy,REFUND,BLQ,3005
1441,help switching an article of order {{Order Number}},change_order,ORDER,BL,485
14213,changing details on standard account,edit_account,ACCOUNT,BKLM,7204
6529,i dont know how to see ur money back policy,check_refund_policy,REFUND,BLQ,3213
8209,can you help me talking to customer service?,contact_customer_service,CONTACT,BIL,4050
25534,where is purechase {{Order Number}},track_order,ORDER,BILQZ,13704
16436,how cani demand rebates of money,get_refund,REFUND,BILMQZ,8362
10778,I have problems with opening my platinum account,create_account,ACCOUNT,BLM,5403
19483,"I want to purchase several of your article, how do I do it?",place_order,ORDER,BCILM,10111
21567,i want assistance to inform of sign-up issues,registration_problems,ACCOUNT,BLMQ,11501
11648,what do I have to do to cancel my {{Account Category}} account?,delete_account,ACCOUNT,BIL,5869
3025,I need help to see the cancellation fee,check_cancellation_fee,CANCEL,BL,1448
1050,is it possible to swap an item of purchase {{Order Number}}?,change_order,ORDER,BIL,251
5075,help me listing the payment modalities,check_payment_methods,PAYMENT,BL,2570
2022,"I chose a wrong shipping address, help me editing it",change_shipping_address,SHIPPING,BCL,746
14702,changing info on platinum account,edit_account,ACCOUNT,BKLQ,7505
11468,find information about the cancellation of my pro account,delete_account,ACCOUNT,BL,5486
7572,i have got to lodge a reclamaion i need help,complaint,FEEDBACK,BCLQZ,3721
6549,"I want to see your reimbursement policy, I need assistance",check_refund_policy,REFUND,BCL,3223
4072,i lost the invoices from {{Person Name}} can ufind them for me,check_invoice,INVOICE,BCILMQ,2031
1765,change order,change_order,ORDER,BK,629
14123,updating freemium accojnt,edit_account,ACCOUNT,BKLZ,7135
20418,"someone has stolen my PIN code, could you help me reset it?",recover_password,ACCOUNT,BCILPV,10864
2703,there are errors trying to correct my address,change_shipping_address,SHIPPING,BLM,1245
24639,"I have got to use the freemium profile, I need help",switch_account,ACCOUNT,BCL,13450
22837,I need help submitting my feedback for your company,review,FEEDBACK,BL,11922
8171,i dont know how i could talk to customer support,contact_customer_service,CONTACT,BLPQ,4030
15718,getting invoice #37777,get_invoice,INVOICE,BK,7711
17903,what do i have to do to inform of errors with payment,payment_issue,PAYMENT,BILMQ,8956
19644,"I want to order some of your item, I need help",place_order,ORDER,BCLM,10228
21726,how could I inform of a sign-up issue?,registration_problems,ACCOUNT,BILP,11754
3303,seeing termination penalties,check_cancellation_fee,CANCEL,BLM,1624
6746,help me see in which situations cani ask to be refunded,check_refund_policy,REFUND,BLQZ,3275
4026,"I lost bill #85632, could you find it for me?",check_invoice,INVOICE,BCILP,1998
5826,what are your available payment options?,check_payment_methods,PAYMENT,BIL,2919
21436,I don't know what I have to do to notify of a signup issue,registration_problems,ACCOUNT,BL,11591
5019,"I would like to see the payment methods, will you help me?",check_payment_methods,PAYMENT,BCILP,2540
9090,i cannot understand a word usay help me contact an operator,contact_human_agent,CONTACT,BCELQ,4468
18611,can you help me to solve an issue with payment?,payment_issue,PAYMENT,BI,9423
14385,i do not know what to do to modify the user info,edit_account,ACCOUNT,BELQ,7314
16539,can uhelp me requesting rebates,get_refund,REFUND,BILMQ,8419
18220,how can I report errors with online payments?,payment_issue,PAYMENT,BILM,9205
4092,"I want to check the bill from {{Person Name}}, could you help me?",check_invoice,INVOICE,BCILP,2044
2951,help me editing my shkpping address,change_shipping_address,SHIPPING,BLZ,1386
22501,i want assistance to send some feedback about a service,review,FEEDBACK,BLQZ,12336
24101,swithcing to pro account,switch_account,ACCOUNT,BKZ,13253
15964,I want assistance to demand compensations,get_refund,REFUND,BLM,8045
11326,i do not know how ot delete my standard account,delete_account,ACCOUNT,BELQZ,5553
299,can you help me cancelling oredr {{Order Number}}?,cancel_order,ORDER,BIZ,93
13021,can you help me seeing when my article is going to arrive?,delivery_period,DELIVERY,BIL,6519
6519,help me checking in what situations can I ask for a refund,check_refund_policy,REFUND,BL,3208
4905,i dont know what i hve to do to see my bills from {{Person Name}},check_invoice,INVOICE,BLMQZ,2455
16285,want assistance to receive a refund of money,get_refund,REFUND,BLQ,8279
15687,I do not knowwhat I need to do to get invoice #85632,get_invoice,INVOICE,BEZ,7916
15384,help downloading my goddamn bills from {{Person Name}},get_invoice,INVOICE,BLMW,7815
20890,notify of problem with signup,registration_problems,ACCOUNT,BKL,11198
8066,I have to see whay hours I can call customer support,contact_customer_service,CONTACT,BLZ,3974
22730,need to leave a fucking review for ur products,review,FEEDBACK,BLQW,12493
1690,"I want to switch an item of order {{Order Number}}, help me",change_order,ORDER,BCL,322
22506,how can isubmit my feedback for ur company,review,FEEDBACK,BILQZ,12341
6178,i try to see in which cases can i request refunss,check_refund_policy,REFUND,BLQZ,3096
243,assistance canceling the last order,cancel_order,ORDER,B,81
15930,rebating {{Refund Amount}} dollars,get_refund,REFUND,BKLMZ,8011
21880,I have a question about the online registration,registration_problems,ACCOUNT,BL,11847
7280,i need assistance making a consumer claim against ur compan,complaint,FEEDBACK,BLQZ,3573
9100,is it possdible to talk with someone,contact_human_agent,CONTACT,BILQZ,4475
20870,I want help to reset my user profile PIN code,recover_password,ACCOUNT,BL,11049
3115,termination fee,check_cancellation_fee,CANCEL,BL,1510
25015,checking order {{Order Number}} stagus,track_order,ORDER,BKZ,13567
14166,need to update my account can i get some help,edit_account,ACCOUNT,BCILQ,7167
18557,i want assistance to inform of a problem with online payment,payment_issue,PAYMENT,BLQ,9398
19360,I have got to purchase several articles,place_order,ORDER,BLM,10012
23428,y i cannot submit the new delivery address valid,set_up_shipping_address,SHIPPING,BELQ,12915
20936,need to noitify of problems with registrations,registration_problems,ACCOUNT,BLMQZ,11242
20003,can you give me information about a password retrieval?,recover_password,ACCOUNT,BIL,10508
20553,I ened help to recover the access key of my user profile,recover_password,ACCOUNT,BLZ,10964
22409,where can i send some feedback for ur products,review,FEEDBACK,BILQ,12275
19568,I am trying to order some of your article,place_order,ORDER,BLM,10175
24245,is it possible to use the bloody standard profile?,switch_account,ACCOUNT,BILW,13312
8472,"I have got to speak with customer support, can you help me?",contact_customer_service,CONTACT,BCIL,3980
4071,"I haveto locate my bills from {{Person Name}}, how to do it?",check_invoice,INVOICE,BCILMZ,2030
19713,I am trying to order some of your product,place_order,ORDER,BLM,10283
11773,question about freemium account canclelations,delete_account,ACCOUNT,BLMZ,5925
21039,i dont know how to inform od an error with signup,registration_problems,ACCOUNT,BLQZ,11320
16348,need assistance getting a refund of my money,get_refund,REFUND,BQ,8310
1983,i have made a mistake i need help changing purchase {{Order Number}},change_order,ORDER,BCLQ,716
5599,i want help seeing ur allowed paymnet methods,check_payment_methods,PAYMENT,BLQZ,2820
23578,troubles setting up a goddamn delivery address,set_up_shipping_address,SHIPPING,BLMW,12979
9580,I need assistance talking with a fucking operator,contact_human_agent,CONTACT,BLW,4753
15913,ho do i get a refund,get_refund,REFUND,BIQZ,7994
23061,errors submitting my secondary shipping address,set_up_shipping_address,SHIPPING,BLM,12730
12820,what shipping methods do I have?,delivery_options,DELIVERY,BILM,6364
7354,"I am not happy with your services, I need to file a claim",complaint,FEEDBACK,BCEL,3614
13050,I'm calling to see when my delivery is gonna arrive,delivery_period,DELIVERY,BLQ,6540
10425,i dont know what i have to do to open a standard account,create_account,ACCOUNT,BLQ,5250
16178,assistance demanding restitutions of money,get_refund,REFUND,BLM,8064
713,i have a provlem with cancelling order {{Order Number}},cancel_order,ORDER,BQZ,165
19211,what do i have to do to earn a few of ur product,place_order,ORDER,BILMQ,9881
23204,there is a problem submitting a new shipping address,set_up_shipping_address,SHIPPING,BL,12633
17997,I want to report a problem with online payments,payment_issue,PAYMENT,BLM,9043
15658,I don't know what I need to do to download invoice #85632,get_invoice,INVOICE,BL,7613
20165,help me resetting my user PIN,recover_password,ACCOUNT,BL,10652
14340,"I have got to edit my account, how to do it?",edit_account,ACCOUNT,BCI,7282
5932,i need help seeing in what cases can i ask for my money back,check_refund_policy,REFUND,BLQ,2969
25580,I don't know how I can locate purchase {{Order Number}},track_order,ORDER,BL,13716
5244,can you show me what payment options are available ?,check_payment_methods,PAYMENT,BILZ,2655
22002,I am trying to submit feedback about a product,review,FEEDBACK,BL,11957
10322,how could I create a standard account for my fiance?,create_account,ACCOUNT,BILP,5204
5641,i need help tolist ur goddamn available payment modalities,check_payment_methods,PAYMENT,BLQWZ,2837
19013,assistance earning an item,place_order,ORDER,BL,9700
2822,I have an erroor trying to change the address,change_shipping_address,SHIPPING,BLZ,1315
5930,can you help me check in which cases can I ask for refunds?,check_refund_policy,REFUND,BIL,2967
18040,"I want to report errors with payment, can I get some help?",payment_issue,PAYMENT,BCILM,9078
2469,I want help trying to update my shipping address,change_shipping_address,SHIPPING,BL,820
2998,I need help to see the early exit penalties,check_cancellation_fee,CANCEL,BLM,1427
22731,I'm calling to write a comment about ur services,review,FEEDBACK,BLQ,12494
18585,"I can't pay, can you help me notifying of payment errors?",payment_issue,PAYMENT,BCILM,9414
3259,need assistance checking the termiation fee,check_cancellation_fee,CANCEL,BLQZ,1607
12827,I want help checking what shipment options I can choose,delivery_options,DELIVERY,BLM,6387
5294,how to list ur accepted payment methodd,check_payment_methods,PAYMENT,BILQZ,2682
2048,can you help me correct the address?,change_shipping_address,SHIPPING,BIL,771
5417,i want help to see ur available payment methods,check_payment_methods,PAYMENT,BLQ,2523
21479,I don't know what to do to notify of an sisue with sign-up,registration_problems,ACCOUNT,BLZ,11609
1150,I forgot to include some products in purchase {{Order Number}},change_order,ORDER,BLM,320
21452,i od not know how to notify of signup issues,registration_problems,ACCOUNT,BELMQZ,11599
7093,is it possible to lodge a customer claim,complaint,FEEDBACK,BILQ,3458
21974,i need assistance leaving a review about ur company,review,FEEDBACK,BLQ,11931
23980,changkng to premium account,switch_account,ACCOUNT,BKLZ,13193
4823,can you help me to locate the invoice from {{Person Name}}?,check_invoice,INVOICE,BIL,2418
19123,need help to place an oredr,place_order,ORDER,BLQZ,9802
17972,need assistance notifying of a problen with payment,payment_issue,PAYMENT,BLQZ,9019
25657,need help checking the status of purechase {{Order Number}},track_order,ORDER,BLQZ,13737
4853,can I look for invoice #00108?,check_invoice,INVOICE,BIL,2432
4694,"I have got to look for my invoice #12588, I need assistance",check_invoice,INVOICE,BCL,2358
23156,"I would like to set up my delivery address, help me",set_up_shipping_address,SHIPPING,BCLP,12785
2454,where can I update the shipping address?,change_shipping_address,SHIPPING,BIL,899
22810,could you help me to send my feedback for your products?,review,FEEDBACK,BILP,12546
19986,what do I have to do to retrieve my key?,recover_password,ACCOUNT,BIL,10494
7124,I'm extremely unhapp with ur services help to make a claim,complaint,FEEDBACK,BCLQZ,3478
11008,"I no longer use the goddamn {{Account Type}} account, helpme cancel it",delete_account,ACCOUNT,BCELWZ,5537
22877,"I would like to leave a comment for your company, help me",review,FEEDBACK,BCLP,12588
22953,there are troubles setting up a differnet delivery address,set_up_shipping_address,SHIPPING,BLMZ,12650
9627,help to chat with a person,contact_human_agent,CONTACT,BL,4779
16720,what do i need to do to obtain reimbursements of my money,get_refund,REFUND,BILMQ,8519
5452,can ya help me see the accepted payment modalities,check_payment_methods,PAYMENT,BILQ,2479
26450,"I have to see if there is anything new on my refund, help me",track_refund,REFUND,BCL,14025
1019,help removing an article from order {{Order Number}},change_order,ORDER,BL,222
20355,i have got to restore my user pwd,recover_password,ACCOUNT,BLQ,10814
18703,help informing of a problem with online payments,payment_issue,PAYMENT,BLM,8961
22353,I want help to send my feedback about your services,review,FEEDBACK,BL,12230
22183,want assistance to write an opinion,review,FEEDBACK,BLQ,12104
26511,can you help me see my reimbursement status?,track_refund,REFUND,BIL,14046
13665,"I am trying to find delivery periods, can you help me?",delivery_period,DELIVERY,BCEI,6844
16869,where do i get an compensation of money,get_refund,REFUND,BILQZ,8417
14563,editing account,edit_account,ACCOUNT,BK,7402
6712,I have got to see in which situations can Irequest a refund,check_refund_policy,REFUND,BLZ,3266
26222,I expect a reimbursmeent of {{Refund Amount}} dollars,track_refund,REFUND,BLZ,13949
23295,I'm trying to set up my shipping address,set_up_shipping_address,SHIPPING,BLQ,12856
13378,help seeing when will my article arrive,delivery_period,DELIVERY,BL,6724
6506,wanna see ur money back poolicy how do i do it,check_refund_policy,REFUND,BCILQZ,3207
19317,i need assistance to purchase several of ur item,place_order,ORDER,BLMQ,9973
13494,assistance seeing when my purchase is going to arrive,delivery_period,DELIVERY,BL,6770
22389,I try to leave a bloody review for a product,review,FEEDBACK,BLW,12257
10686,"I have to create a {{Account Category}} account, how do I do it?",create_account,ACCOUNT,BCIL,5360
16375,I don't know what to do to get a reimbursement,get_refund,REFUND,BL,8325
9211,wanna chat with a goddamn assistant i ened help,contact_human_agent,CONTACT,BCLQWZ,4552
23173,submitting differemt shipping address,set_up_shipping_address,SHIPPING,BKLZ,12797
18741,I am trying to report bloody troubles with payment,payment_issue,PAYMENT,BLMW,9504
1572,wanna correct order {{Order Number}},change_order,ORDER,BLQ,540
14572,updaing info on {{Account Category}} account,edit_account,ACCOUNT,BKLQZ,7424
22679,is there a way to submit some feedback for ur services,review,FEEDBACK,BILQ,12457
12949,I have got to check how soon can I expect the goddamn order,delivery_period,DELIVERY,BLW,6462
11876,delete account,delete_account,ACCOUNT,BK,5891
11579,help me deleting my {{Account Type}} account,delete_account,ACCOUNT,BL,5517
22293,I need help sending my feedback for a service,review,FEEDBACK,BL,12060
4886,"I have to take a quick look at bill #37777, I need help",check_invoice,INVOICE,BCL,2449
2437,help changing my delivery address,change_shipping_address,SHIPPING,BL,1075
11047,I need assistance to remove my freemium account,delete_account,ACCOUNT,BL,5564
13502,i want assistance checking when will my parcel arrive,delivery_period,DELIVERY,BLQZ,6774
24896,i cannot see the status of order {{Order Number}},track_order,ORDER,BELNQ,13529
10429,"I do not have a bloody pro account, need help to open one",create_account,ACCOUNT,BCELNQW,5252
1375,can you help me adding an itm to order {{Order Number}}?,change_order,ORDER,BIZ,458
24169,use gold acdcount,switch_account,ACCOUNT,BKZ,13282
16658,when will i obtain my rdbate of money,get_refund,REFUND,BILQZ,8484
4373,I need assistance to look for the invoice #00108,check_invoice,INVOICE,BL,2210
1913,"I need to swqap something of purchase {{Order Number}}, help me",change_order,ORDER,BCLZ,690
16029,refund {{Refund Amount}} dollars,get_refund,REFUND,BKM,8101
11565,deleting user,delete_account,ACCOUNT,BK,5832
19625,I don't know how to earn several products,place_order,ORDER,BLM,10088
18943,where do I buy something?,place_order,ORDER,BI,9632
20069,i want heop to recover my pass,recover_password,ACCOUNT,BLQZ,10565
2034,can you tell me more about modifying my shipping address?,change_shipping_address,SHIPPING,BIL,758
20294,I have to reset the key of my user,recover_password,ACCOUNT,BL,10763
17562,I need information about unsubscribing to your newslettre,newsletter_subscription,SUBSCRIPTION,BLZ,8868
24849,where do i switch to the gold account,switch_account,ACCOUNT,BIQ,13512
10866,I do not know how I can open a premium account,create_account,ACCOUNT,BEL,5447
19665,makepurchase,place_order,ORDER,BKZ,10246
12317,help seeing the shipment methods,delivery_options,DELIVERY,BL,6227
11958,I do not know how I can see what options for delivery I have,delivery_options,DELIVERY,BELM,6038
8937,transferring to operator,contact_human_agent,CONTACT,BL,4346
1273,"I have to update order {{Order Number}}, how to do it?",change_order,ORDER,BCIL,401
18106,i dont know how to inform of a trouble with payment,payment_issue,PAYMENT,BLQ,9124
11989,can i place an order from {{Delivery Country}},delivery_options,DELIVERY,BIQS,6062
5563,I am trying to see the payment options,check_payment_methods,PAYMENT,BL,2804
12843,"I want to see what shipment methods are there, I need help",delivery_options,DELIVERY,BCLM,6396
22154,wanna send my bloody feedback for ur products can ya help me,review,FEEDBACK,BCILQW,12081
18906,where do I earn some products?,place_order,ORDER,BILM,9596
3782,I dln't know how I can see the termination penalties,check_cancellation_fee,CANCEL,BLMZ,1854
20076,i dont know how to resetthe damn pwd of my user account,recover_password,ACCOUNT,BLQWZ,10571
21066,help me informing of sign-up issues,registration_problems,ACCOUNT,BLM,11341
6580,need help to check in which cases can Irequest refunds,check_refund_policy,REFUND,BLQZ,3231
9835,I need assistance chatting with somebody,contact_human_agent,CONTACT,BL,4871
9475,I do not know what I ned to do to speak with an agent,contact_human_agent,CONTACT,BELZ,4694
9702,"I don't understand you, help me to chat with an agent",contact_human_agent,CONTACT,BCL,4824
22467,where do I leavefeedback about your products?,review,FEEDBACK,BILZ,12314
1549,"I want to modify purchase {{Order Number}}, I need assistance",change_order,ORDER,BCL,480
4406,is it possible to take a quick look at my billl #85632,check_invoice,INVOICE,BILQZ,2223
11274,how do I remove a pro account?,delete_account,ACCOUNT,BIL,5689
26820,could ya help me checking the current status of my refund,track_refund,REFUND,BILPQ,14122
26712,how to see the current status of the rebate,track_refund,REFUND,BILQ,13819
6368,can I see in which situations can I request to be refunded?,check_refund_policy,REFUND,BIL,3164
12943,how do I see how long it takes for my bloody item to arrive?,delivery_period,DELIVERY,BILW,6457
19056,I don't know what I have to do to buy a product,place_order,ORDER,BL,9739
2418,I want to know about updating my delivery address,change_shipping_address,SHIPPING,BL,1063
21194,what do I have to do to inform of problems with sign-up?,registration_problems,ACCOUNT,BILM,11434
14960,send me bull from {{Person Name}},get_invoice,INVOICE,BKLZ,7660
9901,i dont know what i have to do to speak with an assistant,contact_human_agent,CONTACT,BLQ,4674
9690,I don't know how I can speak with a person,contact_human_agent,CONTACT,BL,4817
614,how do I cancel purchae {{Order Number}}?,cancel_order,ORDER,BILZ,147
4882,what do I need to do to check my bill from {{Person Name}}?,check_invoice,INVOICE,BIL,1958
7226,need help filing a claim against your organization,complaint,FEEDBACK,BLQ,3436
13662,how couldi see how long it takes for my package to arrive,delivery_period,DELIVERY,BILPQZ,6843
10593,wanna open a gold account,create_account,ACCOUNT,BLQ,5318
26184,assistance checking my reimbursement current status,track_refund,REFUND,BL,13937
13241,wana check how soon can i expect my order i need help,delivery_period,DELIVERY,BCLQZ,6653
23367,i dont know what to do to set up my shipping address,set_up_shipping_address,SHIPPING,BLQ,12885
13282,can ya help me see how soon can i expect my item,delivery_period,DELIVERY,BILQ,6674
2867,need assistance with a address update,change_shipping_address,SHIPPING,BLQZ,1341
8811,how to contact cutsomer assistance?,contact_customer_service,CONTACT,BILZ,4289
14891,editdata on pro account,edit_account,ACCOUNT,BKLZ,7605
5385,can uhelp me check the bloody allowed paymentmethods,check_payment_methods,PAYMENT,BILQWZ,2718
19129,i ahve got to shop an article will uhelp me,place_order,ORDER,BCILPQZ,9808
23952,change to gold account,switch_account,ACCOUNT,BKL,13167
18304,where do I inform of payment errors?,payment_issue,PAYMENT,BILM,9253
23660,I have rpoblems setting the new delivery address up,set_up_shipping_address,SHIPPING,BLMZ,13025
15158,I need assistance downloading invoice #85632,get_invoice,INVOICE,BL,7743
19231,where can I buy some of your article?,place_order,ORDER,BILM,9836
2285,"my delivery address changed, help me update it",change_shipping_address,SHIPPING,BCL,968
1598,deleter a product from purchase {{Order Number}},change_order,ORDER,BLZ,548
5846,wanna see the allowed payment methods,check_payment_methods,PAYMENT,BLQ,2926
5248,will you show me the accepted payment methods?,check_payment_methods,PAYMENT,BILP,2657
19202,need assistance purchasing some of ur article,place_order,ORDER,BLMQ,9874
5242,"I have to list the payment modalities, help me",check_payment_methods,PAYMENT,BCL,2653
4661,can ya ehlp me giving a quick look at invoice #37777,check_invoice,INVOICE,BILQZ,2344
10152,"I haven't signed up, I need to create a {{Account Category}} account",create_account,ACCOUNT,BCL,5099
2696,i need support editing my shipping adress,change_shipping_address,SHIPPING,BLQZ,1241
10948,how can I get information about my {{Account Category}} account removal?,delete_account,ACCOUNT,BIL,5493
19792,"I have got to acquire several items, I need help",place_order,ORDER,BCLM,10334
15147,I don't know wat I have to do to download my bill #00108,get_invoice,INVOICE,BLZ,7739
21382,i cannot sign up i need to notify of signup proiblems,registration_problems,ACCOUNT,BCELMNQZ,11557
10847,i have problems with creating a {{Account Type}} account,create_account,ACCOUNT,BLMQ,5251
8159,i want help contacting customer support,contact_customer_service,CONTACT,BLQ,4024
11656,i do not nkow how to delete the standard account,delete_account,ACCOUNT,BELQZ,5872
7331,help to make a consumer claim against your company,complaint,FEEDBACK,BL,3337
2979,I do not know how to see the termination fee,check_cancellation_fee,CANCEL,BEL,1408
2767,"I submitted a wrong address by mistake, can you edit it?",change_shipping_address,SHIPPING,BCIL,1281
9708,"I cannot understand you, I want to speak with a human agent",contact_human_agent,CONTACT,BCEL,4827
19953,question about a PIN code reset,recover_password,ACCOUNT,BL,10461
5406,wanna check the available payment options help me,check_payment_methods,PAYMENT,BCLQ,2730
19667,how can I purchase a few of your product?,place_order,ORDER,BILM,9623
4048,how can I find bill #00108?,check_invoice,INVOICE,BIL,2012
7559,I'm not happy wirh ur services file a complaint,complaint,FEEDBACK,BCEQZ,3713
22242,want help ot write a review for a service,review,FEEDBACK,BLQZ,12149
22887,"I have to enter my delivery address, I need help",set_up_shipping_address,SHIPPING,BCL,12596
19802,acquire several of your item,place_order,ORDER,BLM,10341
12757,help me to see the goddamn delivery options,delivery_options,DELIVERY,BLW,6366
21152,help me to report damn sign-up erors,registration_problems,ACCOUNT,BLMWZ,11403
16807,need assistance receiving a bloody rebate of money,get_refund,REFUND,BLQW,8570
6407,I try to see in what cases can I ask for reimbursements,check_refund_policy,REFUND,BL,3022
24262,wanna use the premium account,switch_account,ACCOUNT,BQ,13319
21593,can I report a signup issue ?,registration_problems,ACCOUNT,BILZ,11676
5867,wanna see ur available payment metods i need assistance,check_payment_methods,PAYMENT,BCLQZ,2934
5585,i need assistance listing the payment omdalities,check_payment_methods,PAYMENT,BLQZ,2813
13915,editing information on {{Account Category}} account,edit_account,ACCOUNT,BKL,6957
23469,i have issues entering a delivery adrdess,set_up_shipping_address,SHIPPING,BLMQZ,12931
6084,help to check in which cases can i erquest my money back,check_refund_policy,REFUND,BLQZ,3055
2992,is it possible to see the early exit penalties,check_cancellation_fee,CANCEL,BILMQ,1421
10536,new bloody pro account,create_account,ACCOUNT,BKLW,5292
9719,what do I need to do to speak with someone?,contact_human_agent,CONTACT,BIL,4833
2200,tell me about a shipping address modification,change_shipping_address,SHIPPING,BL,906
24457,can you help me using the platinum profile?,switch_account,ACCOUNT,BIL,13392
8565,how can i speakto customer assistance,contact_customer_service,CONTACT,BILQZ,4193
19299,"I need to order a product, how do I do it?",place_order,ORDER,BCIL,9956
7258,"I am unhappy with your work, lodge a claim",complaint,FEEDBACK,BCL,3561
8993,I want help to contact an assistant,contact_human_agent,CONTACT,BL,4396
6690,could you help me to see how long reimbursements take?,check_refund_policy,REFUND,BILP,3261
7994,i have to speak ot customer support how could i do it,contact_customer_service,CONTACT,BCILPQZ,3929
7394,"I have to file a reclamation, I need assistance",complaint,FEEDBACK,BCL,3633
19307,assistance shopping a few of ur product,place_order,ORDER,BLMQ,9963
2453,there are errors editing the address,change_shipping_address,SHIPPING,BLM,1088
12144,I do not know how to check what delivery methods are there,delivery_options,DELIVERY,BELM,6144
22962,i want help to set another shipping address up,set_up_shipping_address,SHIPPING,BQ,12659
9057,I do not know what to do to chat with someone,contact_human_agent,CONTACT,BEL,4443
25775,how do i check the eta of order00123842,track_order,ORDER,BIQZ,13766
23649,there is an issue setting up my delivery address,set_up_shipping_address,SHIPPING,BL,13020
13403,i dont know how i can check when my order is gonna arrive,delivery_period,DELIVERY,BLQ,6733
11370,how could I get information about a pro account deletion?,delete_account,ACCOUNT,BILP,5746
22418,do you have a method to submit some feedback for a product?,review,FEEDBACK,BIL,12280
21583,I try to notify of errors with a sign-up,registration_problems,ACCOUNT,BLM,11457
13845,I need help to see how long the delivery takes,delivery_period,DELIVERY,BL,6914
7752,i dont know how i could file a fucking customer reclamation,complaint,FEEDBACK,BLPQW,3790
8697,"I want to call customer service, how can I do it?",contact_customer_service,CONTACT,BCIL,4246
21630,I do not know what I need to do to notify of sign-up issues,registration_problems,ACCOUNT,BELM,11229
7694,I need to lodge a customer claim against your business,complaint,FEEDBACK,BL,3375
25353,I do not know how to track order {{Order Number}},track_order,ORDER,BE,13665
23714,where to submit a new delivery address?,set_up_shipping_address,SHIPPING,BIL,13044
19379,I do not know what I need to do to buy an product,place_order,ORDER,BELZ,10029
5695,I need assistance listing your vaailable payment modalities,check_payment_methods,PAYMENT,BLZ,2860
1715,can ya help me swapping an article of order {{Order Number}},change_order,ORDER,BILQ,605
9313,I do not know what I need to do to contact someone,contact_human_agent,CONTACT,BEL,4616
21457,i have to notify of errors with signup,registration_problems,ACCOUNT,BLMQ,11508
18396,"I can't pay, is it possible to report troubles with payment?",payment_issue,PAYMENT,BCILM,9303
18467,need helpsolving problems with online payment,payment_issue,PAYMENT,BLMQZ,9350
23805,errors setting up a different shipping address,set_up_shipping_address,SHIPPING,BLM,12624
9502,I need assistance speaking with an assistant,contact_human_agent,CONTACT,BL,4405
22177,assistance leaving my feedback for your services,review,FEEDBACK,BL,12015
5122,show me the allowed paymeny modalities,check_payment_methods,PAYMENT,BLZ,2593
18079,wanna report troubles with onlpine payment,payment_issue,PAYMENT,BLMQZ,9106
19947,can I reset the key of my user profile?,recover_password,ACCOUNT,BIL,10455
3927,want assistance giving a quick look at the bill #85632,check_invoice,INVOICE,BLQ,1918
21757,can you help me notifying of issues with a registration?,registration_problems,ACCOUNT,BILM,11774
1620,i cant change some items of order {{Order Number}},change_order,ORDER,BMNQ,292
17974,I am trying to notify of an issue with payment,payment_issue,PAYMENT,BL,9021
22813,i do not know what to do to leave an opinion for a product,review,FEEDBACK,BELQ,12549
9555,"I can't understand you, assistance speaking to an assistant",contact_human_agent,CONTACT,BCL,4736
18711,I want help notifying of an error with online payment,payment_issue,PAYMENT,BL,8997
20270,i want assistance to restore my user account key,recover_password,ACCOUNT,BLQ,10742
19329,I want help to earn something,place_order,ORDER,BL,9985
24895,showing me eta of purchase {{Order Number}},track_order,ORDER,BKLQ,13528
11983,do you shp to {{Delivery City}}?,delivery_options,DELIVERY,BILSZ,6058
1022,want assistance to remove some items from order {{Order Number}},change_order,ORDER,BMQ,225
23370,"I have to set a shipping address up, I need assistance",set_up_shipping_address,SHIPPING,BCL,12887
24388,i dont know how to change to the platinum account,switch_account,ACCOUNT,BLQ,13369
20292,I need help recovering my user key,recover_password,ACCOUNT,BL,10761
14029,change details on pro account,edit_account,ACCOUNT,BKLM,7057
17466,i have got to see the status of my newsletter subvscription,newsletter_subscription,SUBSCRIPTION,BLQZ,8843
20966,want assistance to report a sign-up error,registration_problems,ACCOUNT,BLQ,11267
10335,opdn gold account,create_account,ACCOUNT,BKLZ,5209
3193,check the goddamn early exit charges,check_cancellation_fee,CANCEL,BLMW,1560
11846,what do i have to do to cancel a standard account,delete_account,ACCOUNT,BILQ,5959
6350,can I check your refund policy?,check_refund_policy,REFUND,BI,3159
10093,i want information about creating freemium accounts,create_account,ACCOUNT,BMQ,5065
11040,how can I cancel a freemium account?,delete_account,ACCOUNT,BIL,5558
1967,i cant switch something of purchase {{Order Number}},change_order,ORDER,BLNQ,435
21765,i dont know how to report an issue with a registration,registration_problems,ACCOUNT,BQ,11781
2409,where can I get information about an address correction ?,change_shipping_address,SHIPPING,BILZ,1056
17274,I cannot cancel my subscription ti your newsletter,newsletter_subscription,SUBSCRIPTION,BELZ,8780
6849,help me see in what situations can I request reimbursements,check_refund_policy,REFUND,BL,2966
2118,have problems with a shipping address modification,change_shipping_address,SHIPPING,BLMQ,835
2774,i want help trying to correct my delivery address,change_shipping_address,SHIPPING,BLQZ,1287
22171,can uhelp me leave a damn review for a service,review,FEEDBACK,BIQW,12094
10763,"I ain't registered, assistance opening an account with you",create_account,ACCOUNT,BCL,5397
13969,change data on {{Account Type}} account,edit_account,ACCOUNT,BKL,7007
23391,support submitting the delivery address,set_up_shipping_address,SHIPPING,BL,12617
6429,show me in what situations can i ask for my money back,check_refund_policy,REFUND,BLQ,3181
16762,assistance to request my money back,get_refund,REFUND,BL,8150
26663,I have to know if there is anything wrong with the rebate,track_refund,REFUND,BL,14078
22782,"I have got to leave some feedback for your products, help me",review,FEEDBACK,BCL,12524
14792,"I would like to edit my goddamn account, I need help",edit_account,ACCOUNT,BCPW,7546
9074,is it possible to chat with someone,contact_human_agent,CONTACT,BILQ,4456
20744,how to recover my goddamn profile piin code,recover_password,ACCOUNT,BILQWZ,11108
14589,cnange info on freemium account,edit_account,ACCOUNT,BKLQZ,7433
2270,tell me more about correcting the delivery address,change_shipping_address,SHIPPING,BL,961
552,i dont knwo how i can cancel purchase {{Order Number}},cancel_order,ORDER,BLQZ,141
13122,where to check when my product is going to arrive?,delivery_period,DELIVERY,BIL,6565
20161,want help retrieving the pwd of my user account,recover_password,ACCOUNT,BLQ,10648
20838,what do i need to do to recover my user account pin code,recover_password,ACCOUNT,BILQ,10554
2887,i want information about a shipping address modification,change_shipping_address,SHIPPING,BLQ,1354
25321,I can't check the ETA of the orfer {{Order Number}},track_order,ORDER,BNZ,13655
12593,i have to check the shipment methods i need assistance,delivery_options,DELIVERY,BCLQ,6313
13898,want assistance seeinhg how long the shipment takes,delivery_period,DELIVERY,BLQZ,6941
25118,i dont know how i can check the eta of my last delivery,track_order,ORDER,BLQ,13598
11475,I don't know what to do to cancel my {{Account Category}} account,delete_account,ACCOUNT,BL,5798
7016,"my experience with you has been bad, make a customer claim",complaint,FEEDBACK,BCL,3404
20460,what do I need to do to recover the pwd of my profile?,recover_password,ACCOUNT,BILQ,10898
26870,I don't know what to do to see my reimbursement status,track_refund,REFUND,BL,14132
26079,"I want to track my restitution, how do I do it?",track_refund,REFUND,BCIL,13900
7268,I need assistance to make a complaint against your company,complaint,FEEDBACK,BL,3565
10027,open {{Account Type}} account for wife,create_account,ACCOUNT,BKL,5022
235,I am trying to cancel order {{Order Number}},cancel_order,ORDER,B,79
3914,"I want to check the termination fee , help me",check_cancellation_fee,CANCEL,BCLZ,1907
16896,need to cancel the company newslettef subscription help me,newsletter_subscription,SUBSCRIPTION,BCQZ,8615
16102,can uhelp me to request refunds of my money,get_refund,REFUND,BILMQ,8158
5574,help me to see the payment options,check_payment_methods,PAYMENT,BL,2808
16849,assistance obtaining a refund,get_refund,REFUND,BL,8315
1671,want help swapping an article of purchase {{Order Number}},change_order,ORDER,BLQ,580
2665,what do I need to do to update the delivery address?,change_shipping_address,SHIPPING,BIL,1222
16691,can you help me requesting compensations?,get_refund,REFUND,BILM,8501
2758,problems with a delivery address correction,change_shipping_address,SHIPPING,BLM,1276
10043,what do I need to do to open a platinum account for my dad?,create_account,ACCOUNT,BIL,5033
1882,problems wiuth changing order {{Order Number}},change_order,ORDER,BMZ,678
26153,I'm trying to know if there is anything new on my refund,track_refund,REFUND,BLQ,13927
9780,i dont know how i can talk to an operator,contact_human_agent,CONTACT,BLQ,4607
20627,how to retrieve my password?,recover_password,ACCOUNT,BIL,11020
23699,want help to enter the goddamn delivery address,set_up_shipping_address,SHIPPING,BLQW,13038
3743,I don't know how to see the bloody withdrawal penalty,check_cancellation_fee,CANCEL,BLW,1830
12565,I want assistance seeing the options for shipping,delivery_options,DELIVERY,BL,6304
21362,want assistance to notify of a registration issue,registration_problems,ACCOUNT,BLQ,11543
20798,where to retrievethe pwd of my account?,recover_password,ACCOUNT,BILQZ,11142
12493,"I want to check the shipping options, can I get some help?",delivery_options,DELIVERY,BCIL,6283
2176,I have a trouble changing the delivery address,change_shipping_address,SHIPPING,BL,884
18554,I do not know what I have to do to notify of payment issues,payment_issue,PAYMENT,BELM,9396
17235,I don't know how I can subscribe to the company newsletter,newsletter_subscription,SUBSCRIPTION,BL,8761
5282,assistance to list the payment options,check_payment_methods,PAYMENT,BL,2675
24750,switching to freemium account,switch_account,ACCOUNT,BK,13484
2581,I need assistance correcting my shipping address,change_shipping_address,SHIPPING,BL,1170
11187,how can i get information about pro account cancellations,delete_account,ACCOUNT,BILMQ,5648
25619,I need assistance trackng purchase {{Order Number}},track_order,ORDER,BLZ,13727
25425,I'd liketo see the ETA of the purchase {{Order Number}} help me,track_order,ORDER,BCLPQZ,13680
4068,what do i have todo to find invoice #37777,check_invoice,INVOICE,BIQZ,2028
19779,i do not know what i have to do to earn some of ur article,place_order,ORDER,BELMQ,10011
14815,edit information onPremium account,edit_account,ACCOUNT,BKLZ,7561
23611,I don't know what to do to submit a shipping address,set_up_shipping_address,SHIPPING,BL,12998
18326,what do i have to do to report a bloody issue with payments,payment_issue,PAYMENT,BIMQW,9265
23708,i want assistance setting the new shipping dadress up,set_up_shipping_address,SHIPPING,BLQZ,13039
22530,I am trying to leave my feedbacj for your products,review,FEEDBACK,BLZ,12362
25755,I try to seethe status of purchase {{Order Number}},track_order,ORDER,BLZ,13760
16019,what do i have to do to request restitutions of money,get_refund,REFUND,BILMQ,8093
10699,"I ain't registered yet, can I open a fucking user profile?",create_account,ACCOUNT,BCILW,5365
3135,can i check hte early exit charges,check_cancellation_fee,CANCEL,BILMQZ,1524
21702,can I inform of a signup error?,registration_problems,ACCOUNT,BIL,11737
16257,I need help demanding a compensation,get_refund,REFUND,BL,8263
22191,review for your company,review,FEEDBACK,BK,12110
1208,could I add a product to order {{Order Number}}?,change_order,ORDER,BILP,361
4916,I'd like to check my fucking invoices from {{Person Name}} help me,check_invoice,INVOICE,BCLMPQW,2460
21044,what do I have to do to report a problem with sign-up?,registration_problems,ACCOUNT,BIL,11325
2787,I need assistance with a shipping address update,change_shipping_address,SHIPPING,BL,864
14794,correcting info on premium account,edit_account,ACCOUNT,BKLQ,7548
13777,what is the delivery period for this order,delivery_period,DELIVERY,BIQ,6887
21396,can uhelp me informing of problems with sign-up,registration_problems,ACCOUNT,BILMQ,11565
7915,do you have a free number to talk to customer assistance?,contact_customer_service,CONTACT,BIL,3866
20923,I can't notify of a sign-up issue,registration_problems,ACCOUNT,BLN,11230
20680,"I forgot my profile access key, help to recover it",recover_password,ACCOUNT,BCL,11057
7246,I have to file a customer reclamation,complaint,FEEDBACK,BL,3553
22060,ned to leave my feedback about a product can i get some help,review,FEEDBACK,BCILQZ,12005
6792,I need assistance seeing how long reimbursements take,check_refund_policy,REFUND,BL,3043
10614,find inormation about creating standard accounts,create_account,ACCOUNT,BMZ,5327
19035,is it possible to order some of your article?,place_order,ORDER,BILM,9720
16889,I have got to request a restitution of my money,get_refund,REFUND,BL,8282
10421,i dont have a bloody {{Account Category}} account yet i ened to open one,create_account,ACCOUNT,BCLNQWZ,5247
14112,could you help me editing my fucking account?,edit_account,ACCOUNT,BIPW,7127
19854,help me orderng several of ur article,place_order,ORDER,BLMQZ,10381
19002,can you help me shopping some items?,place_order,ORDER,BILM,9690
3375,I don't kow how to see the withdrawal penalty,check_cancellation_fee,CANCEL,BLZ,1662
9834,can uhelp me speak tyo somebody,contact_human_agent,CONTACT,BILQZ,4891
20685,help to restore the PIN code of my profile,recover_password,ACCOUNT,BL,11062
1628,can uhelp me swap some items of order {{Order Number}},change_order,ORDER,BILMQ,558
10850,asistance to open a pro account,create_account,ACCOUNT,BLZ,5434
9655,is it possible to talk to a damn assistant?,contact_human_agent,CONTACT,BILW,4793
9730,transfering to person,contact_human_agent,CONTACT,BLZ,4836
6650,I need to see in what situations can I ask to be reimbursed,check_refund_policy,REFUND,BL,3006
16273,assistance to demand reimbursements,get_refund,REFUND,BLM,8005
14342,chnge data on freemium account,edit_account,ACCOUNT,BKLZ,7283
2240,i dont know how to change my address,change_shipping_address,SHIPPING,BLQZ,936
24419,"I have got to use the damn pro profile, could you help me?",switch_account,ACCOUNT,BCILPW,13379
22967,y i cannot set up my new shiopping address valid,set_up_shipping_address,SHIPPING,BELQZ,12664
1380,how do i delet some items from order {{Order Number}},change_order,ORDER,BILMQZ,259
14595,edit details on gold account,edit_account,ACCOUNT,BKLM,7436
16377,where do i receive a rewfund of money,get_refund,REFUND,BILQZ,8327
21355,is it possible to notify of problems with sign-up?,registration_problems,ACCOUNT,BILM,11537
20737,where can i retrieve my fucking accopunt pass,recover_password,ACCOUNT,BILQWZ,11102
19242,what do I need to do to order something?,place_order,ORDER,BIL,9909
4351,need to locate my invoice #37777 how do i do it,check_invoice,INVOICE,BCILQ,2196
23165,"I would like to enter my shipping address , how to do it?",set_up_shipping_address,SHIPPING,BCILPZ,12792
15673,I want help getting my invoices from {{Person Name}},get_invoice,INVOICE,BLM,7616
5511,I have to list your goddamn available payment modalities,check_payment_methods,PAYMENT,BLW,2779
8270,speaking with customer support,contact_customer_service,CONTACT,BL,4000
16841,"I paid {{Currency Symbol}}{{Refund Amount}} for these items, help receiving a compensation",get_refund,REFUND,BCLM,8592
14839,I would like to edit my user data,edit_account,ACCOUNT,BLP,7572
5533,wanna see ur payment modalities will yahelp me,check_payment_methods,PAYMENT,BCILPQZ,2789
17105,asxsistance receiving your newsletter,newsletter_subscription,SUBSCRIPTION,BLZ,8709
12838,I do not know how I can see the methods for shipping,delivery_options,DELIVERY,BEL,6393
9325,i dont know what i have to do to speak to an agent,contact_human_agent,CONTACT,BLQ,4622
1581,I want help updating order {{Order Number}},change_order,ORDER,BL,246
19865,i have to earn several proucts help me,place_order,ORDER,BCLMQZ,10388
17949,I need assistance notifying of troubles with online payments,payment_issue,PAYMENT,BLM,8957
13948,how do I edit some of the details included on my account?,edit_account,ACCOUNT,BILM,6987
14211,updating pro accojnt,edit_account,ACCOUNT,BKLZ,7202
23729,I don't know what I need to do to enter the shipping address,set_up_shipping_address,SHIPPING,BL,13051
20135,question about forgotten pwd,recover_password,ACCOUNT,BLQ,10624
2566,supports editing the delivery address,change_shipping_address,SHIPPING,BLM,1163
20950,would it be possible to inform of errors with sign-up?,registration_problems,ACCOUNT,BILMP,11253
1404,"I would like to correct order {{Order Number}}, will you help me?",change_order,ORDER,BCILP,469
25613,"I need to see purchase {{Order Number}} status, how to do it?",track_order,ORDER,BCIL,13702
16456,can uhelp me receive a rebate of money,get_refund,REFUND,BILQ,8373
4034,what do i have to do to locate my bill from {{Person Name}},check_invoice,INVOICE,BILQ,2004
3650,seeing cancellation fees,check_cancellation_fee,CANCEL,BLM,1791
1137,wanna edit order {{Order Number}},change_order,ORDER,BLQ,313
2494,where can i get information about editing the address,change_shipping_address,SHIPPING,BILQ,1119
20102,need to reset the password of my user account,recover_password,ACCOUNT,BLQZ,10596
26229,can uhelp me see if there are any news on my refund,track_refund,REFUND,BILMQ,13953
14284,modifying ingormation on {{Account Category}} account,edit_account,ACCOUNT,BKLZ,7248
16016,i dont know how i can get refunds,get_refund,REFUND,BMQ,8090
24128,I need to switch to the standard acconut,switch_account,ACCOUNT,BZ,13269
22991,could you help me enter the secondary delivery address?,set_up_shipping_address,SHIPPING,BILP,12680
2657,I have issues trying to update the shipping address,change_shipping_address,SHIPPING,BLM,851
3608,need help seeing the early exig fee,check_cancellation_fee,CANCEL,BLQZ,1773
16912,help me cancel my subscriptiopn to ur newsletter,newsletter_subscription,SUBSCRIPTION,BLQZ,8628
10974,can you help me to cancel the {{Account Type}} account?,delete_account,ACCOUNT,BIL,5509
19361,is it possible to shop an item,place_order,ORDER,BILQ,10013
5643,is it possible to list ur accepted payment modalities,check_payment_methods,PAYMENT,BILQ,2814
5062,wanna check ur payment methods,check_payment_methods,PAYMENT,BLQ,2563
26581,"I want to check my restitution status, I need help",track_refund,REFUND,BCL,14060
2631,I need assistance trying to edit my shipping address,change_shipping_address,SHIPPING,BL,1123
9851,I need assistance to contact a live agent,contact_human_agent,CONTACT,BL,4900
17727,I need help to sign up to your newsletter,newsletter_subscription,SUBSCRIPTION,BL,8693
19308,where can I acquire a few of your article?,place_order,ORDER,BILM,9964
14860,cnange info on {{Account Type}} account,edit_account,ACCOUNT,BKLQZ,7585
22867,leave comment about a service,review,FEEDBACK,BKL,11852
2461,can you help me correct my goddamn shipping address?,change_shipping_address,SHIPPING,BILW,1093
9035,"you arenot being helpful at all, I want to speak to a person",contact_human_agent,CONTACT,BCELZ,4427
2591,there are errors changin my delivery address,change_shipping_address,SHIPPING,BLMZ,1176
8364,I don't know how I can talk to cstomer support,contact_customer_service,CONTACT,BLZ,4115
2165,I awnt information about updating my shipping address,change_shipping_address,SHIPPING,BLZ,873
16335,I need assistance obtaining compensations of my money,get_refund,REFUND,BLM,8182
5142,I need help checking the payment options,check_payment_methods,PAYMENT,BL,2604
7212,I'm not happy with ur work how do i make a claim,complaint,FEEDBACK,BCEILQ,3535
16578,"I paid {{Refund Amount}} dollars for an item, I need to receive a rebate",get_refund,REFUND,BCLM,8442
13285,i want assistance checking how soon can i expect the item,delivery_period,DELIVERY,BQ,6675
24359,need assistance switching to the fucking premium account,switch_account,ACCOUNT,BQWZ,13360
6999,how do I make a consumer complaint against your businrss?,complaint,FEEDBACK,BILZ,3393
21772,need help reporting a problem with registrations,registration_problems,ACCOUNT,BLQ,11785
23744,support entering the new delivery address,set_up_shipping_address,SHIPPING,BL,13058
8627,i have got to call customer service i need help,contact_customer_service,CONTACT,BCLQ,4220
18010,can you help me to notify of issues with online payment?,payment_issue,PAYMENT,BILM,9054
14614,i do not know how to edit my damn account,edit_account,ACCOUNT,BEQW,7447
9576,i dont know what to do to speak with someone,contact_human_agent,CONTACT,BLQ,4749
25902,where to track the reimbursement,track_refund,REFUND,BILQ,13799
16187,want help receiving compensations,get_refund,REFUND,BLMQ,8220
14344,editdata on gold account,edit_account,ACCOUNT,BKLZ,7285
22163,need help leaving a comment about your services,review,FEEDBACK,BLQ,12088
15662,I don't know what I have to do to get the invoice{{Invoice Number}},get_invoice,INVOICE,BZ,7908
26801,how could I track the compensation?,track_refund,REFUND,BILP,13993
2585,need to change my shipping address,change_shipping_address,SHIPPING,BQ,878
1860,help me swapping an item of order {{Order Number}},change_order,ORDER,BL,471
19298,i have glt to buy a few of ur item help me,place_order,ORDER,BCMQZ,9955
867,have a problem with cancelling order {{Order Number}},cancel_order,ORDER,BQ,18
11881,help to close my {{Account Category}} acount,delete_account,ACCOUNT,BLZ,5975
8989,I need assistance contacting somebody,contact_human_agent,CONTACT,BL,4392
20773,assistance to retrieve my user account pass,recover_password,ACCOUNT,BLQ,11128
18900,i do not know what i need to do to buy several items,place_order,ORDER,BEMQ,9591
5609,I am trying to check what payment options are accepted,check_payment_methods,PAYMENT,BL,2825
25123,need assistance to see the eta of purcase {{Order Number}},track_order,ORDER,BLQZ,13599
25306,lcate order {{Order Number}},track_order,ORDER,BLZ,13653
16478,need to get a rebate of my money,get_refund,REFUND,BLQ,8388
11333,find information about the termination of a standard account,delete_account,ACCOUNT,BL,5660
4452,where can I check the bill #85632?,check_invoice,INVOICE,BIL,2241
1562,"I have got to swap something of order {{Order Number}}, help em",change_order,ORDER,BCLZ,536
20134,can uhelp me retrieving my account pin,recover_password,ACCOUNT,BILQ,10623
10344,create new pro account,create_account,ACCOUNT,BKL,5183
21685,I don't know whar I need to do to notify of signup errors,registration_problems,ACCOUNT,BLMZ,11730
15482,how do I get bill #85632?,get_invoice,INVOICE,BIL,7853
7488,"I ain't happy with your work, help lodging a consumer claim",complaint,FEEDBACK,BCL,3679
17511,i have to subscribe to the neesletter help me,newsletter_subscription,SUBSCRIPTION,BCLQZ,8854
7601,make customer complaint against ur company,complaint,FEEDBACK,BKLQ,3345
1522,could I swap a bloody item of purchase {{Order Number}}?,change_order,ORDER,BILPW,515
26044,i cannot check if there are any news on the compensation,track_refund,REFUND,BELMNQ,13881
16638,"I paid {{Currency Symbol}}{{Refund Amount}} for this product, help to get a compensation",get_refund,REFUND,BCLM,8475
22977,I do not know how to submit the new shipping address,set_up_shipping_address,SHIPPING,BEL,12671
11479,need assistance to cancel the {{Account Type}} account,delete_account,ACCOUNT,BLQ,5551
19924,i awnt help restoring my pass,recover_password,ACCOUNT,BLQZ,10433
10522,I am tryinng to create a {{Account Category}} account,create_account,ACCOUNT,BLZ,5286
5216,"I need to check the available payment methods, help me",check_payment_methods,PAYMENT,BCL,2628
4589,where can I find the invoice #85632?,check_invoice,INVOICE,BI,2309
15859,ehlp me get bill #12588,get_invoice,INVOICE,BLZ,7966
8828,"I have got to talk with customer service, can you help me?",contact_customer_service,CONTACT,BCIL,4295
9569,"I do not understand you, I awnt to talk with someone",contact_human_agent,CONTACT,BCELZ,4744
16919,"I have tounsubscribe from the newsletter, help me",newsletter_subscription,SUBSCRIPTION,BCLZ,8632
9380,could uhelp me to contact an assistant,contact_human_agent,CONTACT,BILPQ,4645
3686,I don't know how I could see the cancellation penalties,check_cancellation_fee,CANCEL,BLMP,1663
21309,where to reoort a problem with a signup,registration_problems,ACCOUNT,BILQZ,11509
9288,"you aren't helpful at all, will you direct to me an agent?",contact_human_agent,CONTACT,BCILP,4599
22079,assistance to leave a comment about ur services,review,FEEDBACK,BLQ,12023
8661,"I have to contact customer support, help me",contact_customer_service,CONTACT,BCL,4229
20256,I do not know how to reset my user password,recover_password,ACCOUNT,BEL,10731
11217,need assistance to cancel my freemium account,delete_account,ACCOUNT,BLQ,5661
19225,how do I acquire some of your product?,place_order,ORDER,BILM,9894
26679,check my refund status,track_refund,REFUND,B,13828
11540,I want assistance to delete a bloody gold account,delete_account,ACCOUNT,BLW,5821
25033,is it possible to see purchase {{Order Number}} status?,track_order,ORDER,BIL,13574
24829,help me to switch to the standard account,switch_account,ACCOUNT,B,13152
24081,I have got to use the premium profile,switch_account,ACCOUNT,BL,13246
18209,want help informing of a trouble with payment,payment_issue,PAYMENT,BLQ,9171
18001,"I need to report a payment error, how can I do it?",payment_issue,PAYMENT,BCIL,9046
8863,"I have got to talk to bloody customer support, I need help",contact_customer_service,CONTACT,BCLW,4306
20191,"I forgot my user account access key, help me recover it",recover_password,ACCOUNT,BCL,10678
6837,show your refund policy,check_refund_policy,REFUND,BKL,3306
19767,I do not know how to buy several of your product,place_order,ORDER,BELM,10317
17963,I need assistance solving payment errors,payment_issue,PAYMENT,BLM,9011
25292,want assistance to see order {{Order Number}} syatus,track_order,ORDER,BLQZ,13647
11382,can ya help me cancelling my {{Account Type}} account,delete_account,ACCOUNT,BILQ,5602
22413,is there an address to leave a review for a service,review,FEEDBACK,BILQ,12278
19853,I try to purchase some items,place_order,ORDER,BLM,10380
2689,i have problems changing my shipping addresw,change_shipping_address,SHIPPING,BLMQZ,1236
2960,there are issues correcting my shipping address,change_shipping_address,SHIPPING,BLM,1391
1108,i missed several items in purchase {{Order Number}},change_order,ORDER,BLMQ,293
18512,could you help me inform of troubles with payment?,payment_issue,PAYMENT,BILMP,9375
26565,I do not know what to do to see the compensation status,track_refund,REFUND,BEL,14058
14357,updating information on {{Account Type}} account,edit_account,ACCOUNT,BKL,7295
14093,updating details on pro account,edit_account,ACCOUNT,BKLM,7110
1092,can I remove an article from order {{Order Number}}?,change_order,ORDER,BIL,282
7537,can you help me filing an reclamation against your company?,complaint,FEEDBACK,BILZ,3703
3094,where can I check the damn withdrawal charges?,check_cancellation_fee,CANCEL,BILMW,1495
18740,i try to inform of a truble with payment,payment_issue,PAYMENT,BLQZ,9503
18969,I want assistance earning some of your product,place_order,ORDER,BLM,9658
13773,could you help me seeing when my parcel is going to arrive?,delivery_period,DELIVERY,BILP,6884
6063,can I see in what cases can I ask for reimbursements?,check_refund_policy,REFUND,BIL,3049
16680,need help requesting a compensation of money,get_refund,REFUND,BLQ,8495
19939,i have to recover my avcount pin code,recover_password,ACCOUNT,BLQZ,10448
4733,I don't know how I could see the invoice #12588,check_invoice,INVOICE,BLP,2376
8202,can I talk with customer service?,contact_customer_service,CONTACT,BIL,4046
3528,can you help me checking the termination charges?,check_cancellation_fee,CANCEL,BILM,1739
23619,i want assistance setting the secondary delivery address up,set_up_shipping_address,SHIPPING,BLQZ,12610
19763,help ordering an item,place_order,ORDER,BL,10316
3252,i dont know how to check the early exit penalty,check_cancellation_fee,CANCEL,BLQZ,1600
7266,how tolodge a customer complaint,complaint,FEEDBACK,BILQZ,3564
19178,can you help me order a few of your product?,place_order,ORDER,BILM,9853
3962,I do not know what I need to do to look for the bill #85632,check_invoice,INVOICE,BEL,1948
4930,"I have got to see your payment modalities, I need help",check_payment_methods,PAYMENT,BCL,2473
4504,I need help taking a quick look at invoice #12588,check_invoice,INVOICE,B,2112
13798,can you show me how soon can I expect my purchase?,delivery_period,DELIVERY,BIL,6689
19397,i dont know what i have to do to earn an article,place_order,ORDER,BLQ,10043
16619,where to get a restitution of my money?,get_refund,REFUND,BIL,8404
23562,I have problems submitting a different shipping address,set_up_shipping_address,SHIPPING,BLM,12972
3235,I'm trying to see the early termination charge,check_cancellation_fee,CANCEL,BLQ,1586
11500,cancelin standard account,delete_account,ACCOUNT,BKLZ,5811
22491,is there an e-mail to leave a review for a service,review,FEEDBACK,BILQ,12329
4237,could you help me to locate the bills from {{Person Name}}?,check_invoice,INVOICE,BILMP,2135
20568,I do not know what I have to do to reset my profile pwd,recover_password,ACCOUNT,BELQ,10976
16475,i dont know how i can asj for a rebate,get_refund,REFUND,BLQZ,8385
3851,what are the penalties for breaking the contract?,check_cancellation_fee,CANCEL,BILM,1880
11782,I need assistance to delete the standard account,delete_account,ACCOUNT,BL,5930
19337,I want assistance buying a few of your item,place_order,ORDER,BM,9992
2127,issues updating shipping address,change_shipping_address,SHIPPING,BKLM,841
13255,I'm caalling to check how soon can i expect the damn order,delivery_period,DELIVERY,BLQWZ,6659
4836,i do not know how i can see my invoice #12588,check_invoice,INVOICE,BELQ,2423
22068,i do not know how i can leave a damn comment for ur peoducts,review,FEEDBACK,BELQWZ,12013
26460,I need help to know if there are any updates on my refund,track_refund,REFUND,BLM,14030
17261,could uhelp me to unsubscribe to ur corporate newslette,newsletter_subscription,SUBSCRIPTION,BILPQZ,8773
11031,information about the removal of a pro account,delete_account,ACCOUNT,BL,5552
19843,I do not know how I can order several of your article,place_order,ORDER,BELM,10372
25899,I try to see the rebate status,track_refund,REFUND,BL,13797
10118,opdn {{Account Type}} account,create_account,ACCOUNT,BKLZ,5082
21558,question about opening user profiles,registration_problems,ACCOUNT,BLM,11275
19083,"I need to purchase several items, how can I do it?",place_order,ORDER,BCILM,9765
10824,I want to know more about opening {{Account Category}} accounts,create_account,ACCOUNT,BLM,5421
10129,I want information about opening platinum accounts,create_account,ACCOUNT,BLM,4955
21119,i cannot sign up need helpto report sign-up problems,registration_problems,ACCOUNT,BCELMNQZ,11379
10739,I want information about opening a standard account,create_account,ACCOUNT,BL,5388
21245,I need assistance reporting an issue with bloody signup,registration_problems,ACCOUNT,BLMW,11472
22285,I'm calling to leave a comment about a service,review,FEEDBACK,BLQ,12182
16633,how can i ask for a rebate,get_refund,REFUND,BILQ,8396
1729,how to modify order {{Order Number}},change_order,ORDER,BILQ,273
10453,i dont know what i need to do to create a premium account,create_account,ACCOUNT,BQ,5261
20818,help restoring the password of my profile,recover_password,ACCOUNT,BL,11153
16132,I do notknow how to get refunds of my money,get_refund,REFUND,BEMZ,8180
25614,i want help seeing the goddamn ETA of purchase {{Order Number}},track_order,ORDER,BLQW,13724
2761,there are troubles trying to modify my dfelivery address,change_shipping_address,SHIPPING,BLMZ,1277
4226,what do I have to do to see my bill #00108?,check_invoice,INVOICE,BIL,2129
20692,can ya help me restore my account pass,recover_password,ACCOUNT,BILQ,11068
22434,need to leave an opinion for a pfoduct can i get some help,review,FEEDBACK,BCILQZ,12292
21129,I want help to inform of an issue with a sign-up,registration_problems,ACCOUNT,BL,11386
21491,need help regadring my sign-up,registration_problems,ACCOUNT,BLQZ,11617
4074,i have got to see my invoice #12588 how can i do it,check_invoice,INVOICE,BCILQ,2032
3363,I can't find the damn cancellation penalty,check_cancellation_fee,CANCEL,BLW,1659
19849,I need assistance to earn some articles,place_order,ORDER,BLM,10377
22109,i have got to send feeback,review,FEEDBACK,BLQZ,12046
22712,do ya have an e-mail to leave a commnt,review,FEEDBACK,BILQZ,12480
20387,help resetting the pin coder of my profile,recover_password,ACCOUNT,BLQZ,10840
13935,correct information on {{Account Type}} account,edit_account,ACCOUNT,BKL,6976
1968,wana swap a damn product of order {{Order Number}} help me,change_order,ORDER,BCLQWZ,709
18638,"I cannot pay, I want to report bloody problems with payment",payment_issue,PAYMENT,BCELMW,9445
2861,I do not know what I have to do to edit the address,change_shipping_address,SHIPPING,BEL,1337
8245,what do I need to do to talk to customer assistance?,contact_customer_service,CONTACT,BIL,4070
25042,can you help me track order {{Order Number}}?,track_order,ORDER,BI,13576
11471,I would like information about my gold account cancellation,delete_account,ACCOUNT,BLP,5796
14107,correct data on standard account,edit_account,ACCOUNT,BKL,7122
4847,seeing invoice #12588,check_invoice,INVOICE,BKL,2429
16043,i have got to ask for reabtes,get_refund,REFUND,BLMQZ,8113
17755,i want help to subscribe to the goddamn corporate newsletter,newsletter_subscription,SUBSCRIPTION,BLQW,8912
15202,getting invoice,get_invoice,INVOICE,BK,7758
24932,show me the eta of the order {{Order Number}},track_order,ORDER,BQ,13537
12618,I want help to check what shipping methods you offer,delivery_options,DELIVERY,BLM,6072
9617,I do not know what I have to do to speak with someone,contact_human_agent,CONTACT,BEL,4473
23795,I want assistnace setting up a secondary shipping address,set_up_shipping_address,SHIPPING,BLZ,13083
16390,I want to ask for a compensation of money,get_refund,REFUND,BL,8116
6437,i do not know how to check ur refund policy,check_refund_policy,REFUND,BEQ,3110
1408,how could I swap some products of purchase {{Order Number}}?,change_order,ORDER,BILMP,472
12965,I call to check when my delivery is going to arrive,delivery_period,DELIVERY,B,6476
19006,i do not know what to do to shop several of ur item,place_order,ORDER,BELMQ,9694
7237,I am calling to lodge a customer claim against your company,complaint,FEEDBACK,BL,3546
7578,help me lodge a consumer claim against ur company,complaint,FEEDBACK,BLQ,3571
13033,need help to see when my purchase is gonna arrive,delivery_period,DELIVERY,BLQ,6493
8184,do uhave a toll-free customer assistance phone number,contact_customer_service,CONTACT,BILQ,4037
10527,create nbew {{Account Category}} account,create_account,ACCOUNT,BKLZ,5287
7082,ido not know how i could file a consumer claim,complaint,FEEDBACK,BELPQZ,3450
8914,"I do not understand you, help me chatting with someone",contact_human_agent,CONTACT,BCEL,4324
7511,help to make a reclamation against your company,complaint,FEEDBACK,BLZ,3401
7554,I want to make a consumer claim,complaint,FEEDBACK,BL,3602
4175,see the bill #00108,check_invoice,INVOICE,BL,1974
25904,i need assistance seeing my refund current status,track_refund,REFUND,BLQ,13800
12812,I want assistance to see what shipping options I have,delivery_options,DELIVERY,BLM,6285
1960,"I made a mistake, help me to change purchase {{Order Number}}",change_order,ORDER,BCL,393
5192,I do not know what I need to do to check the payment options,check_payment_methods,PAYMENT,BEL,2627
8831,what is the customer assistance phone number?,contact_customer_service,CONTACT,BIL,4296
14232,modifying data on freemium account,edit_account,ACCOUNT,BL,7215
10636,I want assistamce creating a standard account,create_account,ACCOUNT,BLZ,5337
19859,I want help byying some bloody products,place_order,ORDER,BLMWZ,10385
3328,I don't know what I have to do to see the early exit charge,check_cancellation_fee,CANCEL,BL,1638
2047,I want supports editing my address,change_shipping_address,SHIPPING,BLM,770
7591,"the experience with you was too bad, make a bloody claim",complaint,FEEDBACK,BCLW,3725
9192,I would like to speak to a live agent,contact_human_agent,CONTACT,BLP,4540
18821,need help to notify of problems with paymenst,payment_issue,PAYMENT,BLMQZ,9547
22790,uhave a way to leave an opinion for ur products,review,FEEDBACK,BILQ,12530
6122,"I want to see how long refunds take, how to do it?",check_refund_policy,REFUND,BCIL,3073
13719,"I have to see when will my product arrive, can you help me?",delivery_period,DELIVERY,BCIL,6863
21845,i dont know what i need to do to report errors with sign-up,registration_problems,ACCOUNT,BLMQ,11824
3624,"I have to see the withdrawal penalties, help me",check_cancellation_fee,CANCEL,BCLM,1779
7049,icall to file a complaint against ur company,complaint,FEEDBACK,BLQZ,3428
21870,I would like to notify of sign-up issues,registration_problems,ACCOUNT,BLMP,11840
10262,"I don't have a platinum account, can I sign up?",create_account,ACCOUNT,BCILNZ,5171
21873,I'm trying to inform of a error with signup,registration_problems,ACCOUNT,BLQZ,11842
18514,where to report probles with online payment,payment_issue,PAYMENT,BILMQZ,9376
22088,need to send my freedback for ur products how can i do it,review,FEEDBACK,BCILQZ,12029
20965,I have top report errors with sign-up,registration_problems,ACCOUNT,BLMZ,11266
16173,I need to demand my money back,get_refund,REFUND,BL,8211
14312,help to correct the information included on my user,edit_account,ACCOUNT,BL,7263
11670,deleting platinum account,delete_account,ACCOUNT,BKL,5878
23524,where can I submit a shipping address?,set_up_shipping_address,SHIPPING,BIL,12816
9957,can you help me create a premium account?,create_account,ACCOUNT,BIL,4966
7702,I don't know what to do to file a consumer reclamation,complaint,FEEDBACK,BL,3777
8708,i want assistance to call customer support,contact_customer_service,CONTACT,BLQ,4250
24073,assistance changing to the platinum account,switch_account,ACCOUNT,BL,13242
15679,getting invoice #12588,get_invoice,INVOICE,BK,7884
4525,can i take a quick look at my invoicr #00108,check_invoice,INVOICE,BIQZ,2277
16660,i need help to get refunds of my money,get_refund,REFUND,BMQ,8486
19478,i want assistance to buy an item,place_order,ORDER,BQ,10109
2294,"the shipping address has changed, can you correct it?",change_shipping_address,SHIPPING,BCIL,755
5099,I want help listing the accepted payment options,check_payment_methods,PAYMENT,BL,2554
496,"I purchased some articles, cancel order {{Order Number}}",cancel_order,ORDER,BCLM,132
11646,could you help me to delete a {{Account Category}} account?,delete_account,ACCOUNT,BILP,5868
6183,need to check how long the goddamn refunds take help me,check_refund_policy,REFUND,BCQW,3097
25916,what do i have to do to check the refund status,track_refund,REFUND,BIQ,13812
19275,help me to earn some of your article,place_order,ORDER,BLM,9865
11749,want assistance cancelling my pro account,delete_account,ACCOUNT,BLQ,5914
23433,problem setting a new delivery address up,set_up_shipping_address,SHIPPING,BL,12715
2695,where do I change my address?,change_shipping_address,SHIPPING,BIL,1240
5331,how do I check the bloody available payment modalities?,check_payment_methods,PAYMENT,BILW,2698
3333,need to see hte goddamn early exit penalty how to do it,check_cancellation_fee,CANCEL,BCILQWZ,1641
21869,i cant notify of signup errors,registration_problems,ACCOUNT,BLMNQ,11839
6408,can i see under which circjmstances can i ask for refunds,check_refund_policy,REFUND,BILQZ,3177
14619,change data on premium account,edit_account,ACCOUNT,BKL,7452
7895,where tofile a consumer claim against ur company,complaint,FEEDBACK,BILQZ,3855
8296,help me see what hhours I can call customer assistance,contact_customer_service,CONTACT,BLZ,4093
2999,i need assistance to check the cancellation fee,check_cancellation_fee,CANCEL,BQ,1428
1526,modify order113542617735902,change_order,ORDER,BLZ,340
4805,how can I check the fucking bill from {{Person Name}}?,check_invoice,INVOICE,BILW,1994
2406,I need help modifying the delivery address,change_shipping_address,SHIPPING,BL,1053
1146,i have got to delete an article from purchase {{Order Number}},change_order,ORDER,BLQ,308
13576,i have gt to check when will my purchase arrive,delivery_period,DELIVERY,BLQZ,6805
2212,I need assistance to correct the delivery address,change_shipping_address,SHIPPING,BL,790
7905,I don't know what I need to do to make a claim,complaint,FEEDBACK,BL,3859
3586,i cannot find the cancellation fees,check_cancellation_fee,CANCEL,BEMQ,1764
18551,i cannot pay want help to report errors with payments,payment_issue,PAYMENT,BCELMQ,9393
23341,can ya help me to set the nw shipping address up,set_up_shipping_address,SHIPPING,BILQZ,12876
21786,could you help me reporting errors with a sign-up?,registration_problems,ACCOUNT,BILMP,11793
13715,I am trying to see when my article is gonig to arrive,delivery_period,DELIVERY,BLZ,6861
8959,I try to chat with somebody,contact_human_agent,CONTACT,BL,4367
13453,can uhelp me to see when my product is gonna arrive,delivery_period,DELIVERY,BILQ,6525
26725,know if there is anything wrong with the refund,track_refund,REFUND,BL,13818
19719,need assistance to purchase several of your article,place_order,ORDER,BLMQ,10287
25589,i have to see the damn ETA of my delivery helpme,track_order,ORDER,BCLQWZ,13719
23750,i cant enter the shipping address,set_up_shipping_address,SHIPPING,BLQ,13062
7660,"my experience with you was too bad, lodge a complaint",complaint,FEEDBACK,BCL,3756
20354,want help to restore my pwd,recover_password,ACCOUNT,BLQ,10813
5910,I need help to check the bloody allowed payment options,check_payment_methods,PAYMENT,BLW,2952
1015,I want help to remove some products from order {{Order Number}},change_order,ORDER,BLM,218
5304,is it possible to ceck the allowed payment options,check_payment_methods,PAYMENT,BILQZ,2688
22716,leaving review,review,FEEDBACK,BK,12482
20358,I do not know what to do to retrieve the key of my profile,recover_password,ACCOUNT,BEL,10816
6920,"I would like to make a bloody complaint, could you help me?",complaint,FEEDBACK,BCILPW,3326
9219,"you are not helpful, can I speak with a person?",contact_human_agent,CONTACT,BCEIL,4558
11824,I have a problem wth the removal of my {{Account Type}} account,delete_account,ACCOUNT,BLZ,5949
18766,could ya help me to solve an issue with payments,payment_issue,PAYMENT,BIMPQ,9519
1679,help me to remove a product from purchase {{Order Number}},change_order,ORDER,BL,207
20367,wluld you give me information about the key retrieval?,recover_password,ACCOUNT,BILPZ,10822
8312,do you have a number to get in touch with customer support?,contact_customer_service,CONTACT,BIL,4099
19969,I do not know how to restore my account PIN code,recover_password,ACCOUNT,BEL,10477
5418,how to check what payment options are accepted,check_payment_methods,PAYMENT,BILQ,2735
23398,there is an issue entering another delivery address,set_up_shipping_address,SHIPPING,BL,12899
20716,how can I restore the PIN code of my profile?,recover_password,ACCOUNT,BIL,11089
1783,I'm trying to edit order {{Order Number}},change_order,ORDER,BLQ,637
26554,I cannot know if there are any updates on my damn refund,track_refund,REFUND,BELMNW,14056
9671,can you help me chatting with a person?,contact_human_agent,CONTACT,BIL,4804
23262,can uhelp me setting up a shipping address,set_up_shipping_address,SHIPPING,BILQ,12842
12885,I would like to check the options for shipping,delivery_options,DELIVERY,BLP,6412
1683,how can I add an article to purchase {{Order Number}}?,change_order,ORDER,BIL,570
2669,there is a problem correcting the delivery address,change_shipping_address,SHIPPING,BL,1225
4279,i have to find my invoice #12588 how todo it,check_invoice,INVOICE,BCIQZ,2154
23300,i dont know how to set a new shipping addrews up,set_up_shipping_address,SHIPPING,BQZ,12859
20031,where do I retrieve my user password?,recover_password,ACCOUNT,BIL,10532
2701,can ya help me to modify the delivery address,change_shipping_address,SHIPPING,BILQ,1244
9450,can you help me talk to an operator?,contact_human_agent,CONTACT,BIL,4565
2656,I need help with an address update,change_shipping_address,SHIPPING,BL,1218
14001,changing data on {{Account Category}} account,edit_account,ACCOUNT,BL,7035
756,needassistance cancelling purchase {{Order Number}},cancel_order,ORDER,BLQZ,172
7072,need hedlp filing a consumer claim,complaint,FEEDBACK,BLQZ,3443
2373,I need help trying to update my deliery address,change_shipping_address,SHIPPING,BLZ,1031
7856,I want assistance to lodge a claim,complaint,FEEDBACK,BL,3838
22256,need to send some feedback about ur products,review,FEEDBACK,BLQ,12160
21862,I have got to notify of an issue with registrtions,registration_problems,ACCOUNT,BLZ,11833
20334,can uhelp me to restore the access key ofmy account,recover_password,ACCOUNT,BILQZ,10796
7273,need to file an fucking consumer claim can i get some help,complaint,FEEDBACK,BCILQWZ,3569
5013,need assistance seeing the payment methods,check_payment_methods,PAYMENT,BLQ,2536
21514,is it possible to notify of registration problems,registration_problems,ACCOUNT,BILMQ,11630
24452,i want assistance using tghe fucking {{Account Category}} account,switch_account,ACCOUNT,BQWZ,13389
12001,"I have to check the options for shipping, how could I do it?",delivery_options,DELIVERY,BCILP,6068
1385,I do not know how to switch some items of order {{Order Number}},change_order,ORDER,BELM,463
4388,is it possible to take a quick look at the invoice #85632?,check_invoice,INVOICE,BI,2216
9286,"I want to talk with a person, I need assistance",contact_human_agent,CONTACT,BCL,4597
3792,I don't know what I have to do to see the termination fees,check_cancellation_fee,CANCEL,BLM,1858
22751,I do not know how I could submit feedback about a service,review,FEEDBACK,BELP,12505
16648,could you help me receiving compensations of my money?,get_refund,REFUND,BILMP,8481
4453,I want help to look for my invoice #85632,check_invoice,INVOICE,BL,2245
26164,i xepect a refund of {{Currency Symbol}}{{Refund Amount}},track_refund,REFUND,BQZ,13929
24208,i hjave to use the {{Account Category}} profile can i get some help,switch_account,ACCOUNT,BCILQZ,13296
4075,I don't know how to check my invoice from {{Person Name}},check_invoice,INVOICE,BL,2033
23959,hep using the {{Account Category}} profile,switch_account,ACCOUNT,BLZ,13180
26151,i expect a refund of {{Currency Symbol}}{{Refund Amount}},track_refund,REFUND,BQ,13798
2947,i dont know what i have to do to edit my shipping address,change_shipping_address,SHIPPING,BLQ,1383
6543,what do i have to do to check ur damn reimbursement policy,check_refund_policy,REFUND,BILQWZ,3219
17435,wanna receive ur company newsletter how do i do it,newsletter_subscription,SUBSCRIPTION,BCILQ,8832
1644,wanna deit order {{Order Number}},change_order,ORDER,BLQZ,566
14000,change details on standard account,edit_account,ACCOUNT,BKLM,7034
9354,want assistance to talk with a live agent,contact_human_agent,CONTACT,BLQ,4633
19672,wanna acquire an item how to do it,place_order,ORDER,BCILQ,10251
16589,where can I request rebates of my money?,get_refund,REFUND,BILM,8446
13059,help me sde how soon can i expect my item,delivery_period,DELIVERY,BLQZ,6547
15524,I'm calling to gt the bloody bills from {{Person Name}},get_invoice,INVOICE,BLMQWZ,7865
20834,what do I have to do to recover the PIN of my account?,recover_password,ACCOUNT,BIL,11163
175,"I can't afford order {{Order Number}}, could I cancel it?",cancel_order,ORDER,BCILNP,63
22515,help me tro leave feedback for your services,review,FEEDBACK,BLZ,12348
10548,want assistance opening a standard account,create_account,ACCOUNT,BLQ,5297
21176,i have got to notify of ah issue with a registration,registration_problems,ACCOUNT,BLQZ,11421
6639,could you show me in which cases can I ask for a refund?,check_refund_policy,REFUND,BILP,3247
11096,where can i fiond information about a pro account removal,delete_account,ACCOUNT,BILQZ,5595
5393,assistance to list your acepted payment modalities,check_payment_methods,PAYMENT,BLZ,2722
14278,editing data on platinum account,edit_account,ACCOUNT,BL,7243
9025,contactingassistant,contact_human_agent,CONTACT,BLZ,4421
1239,i nmeed assistance removing some products,change_order,ORDER,BLMQZ,380
21809,i want assikstance notifying of problems with a registration,registration_problems,ACCOUNT,BLMQZ,11806
13046,assistance seeing how long it takes for my parcel to arrive,delivery_period,DELIVERY,BL,6536
23321,I need assistance submitting my secondary delivery address,set_up_shipping_address,SHIPPING,BL,12868
2637,I don't know how I could modify my shipping address,change_shipping_address,SHIPPING,BLP,1207
18734,"I want to report problems with payments, I need assistance",payment_issue,PAYMENT,BCLM,9499
7985,tell me what hours I can reach customer service,contact_customer_service,CONTACT,BL,3920
12249,need help checking what shipment options I have,delivery_options,DELIVERY,BLMQ,6195
3875,"I want to check the termination charge, help me",check_cancellation_fee,CANCEL,BCL,1887
22627,do ya have an e-mail to leave my feedback about ur services,review,FEEDBACK,BILQ,12422
20542,can you help me to restore the pass of my account?,recover_password,ACCOUNT,BILQ,10955
2882,assistance changing the shippikng address,change_shipping_address,SHIPPING,BLZ,1350
25761,need to trafk order {{Order Number}} help me,track_order,ORDER,BCQZ,13761
3544,is it possible to see the witdrawal penalties,check_cancellation_fee,CANCEL,BILMQZ,1747
11590,i do not know what i have to do to close the platinum accont,delete_account,ACCOUNT,BELQZ,5844
1343,how can I switch an article of purchase {{Order Number}}?,change_order,ORDER,BIL,443
16665,how long till i obtain my money back,get_refund,REFUND,BILQ,8490
16227,I want assistance to receive restitutions of money,get_refund,REFUND,BLM,8244
26447,"I have to check the status of my rebate, I need help",track_refund,REFUND,BCL,14024
20749,find information about my lost PIN,recover_password,ACCOUNT,BL,11111
2512,"the address changed, modify it",change_shipping_address,SHIPPING,BCLZ,942
23965,switching user,switch_account,ACCOUNT,BK,13183
12656,I do not know how to check what shipping options I have,delivery_options,DELIVERY,BELM,6240
10254,"I don't have a {{Account Type}} account, help registering",create_account,ACCOUNT,BCLN,5167
18192,I need assistance to inform of a problem with payments,payment_issue,PAYMENT,BLM,9186
10146,I have a question about opening freemium accounts,create_account,ACCOUNT,BLM,5096
20232,I'm trying to find information about my pin recovery,recover_password,ACCOUNT,BELQ,10711
4764,need assistance giving an quick look at the invoice #37777,check_invoice,INVOICE,BLQZ,1915
22444,do uhave an e-mnail to send feedback about a service,review,FEEDBACK,BILQZ,12299
2744,"my delivery address changed, can you help me editing it?",change_shipping_address,SHIPPING,BCIL,1271
5305,i dont know what i have to do to sde ur payment options,check_payment_methods,PAYMENT,BLQZ,2689
13339,show me how long it usually takes for my product to arrive,delivery_period,DELIVERY,BL,6706
9366,can you help me speaking to an assistant?,contact_human_agent,CONTACT,BIL,4639
14241,edit details on {{Account Category}} account,edit_account,ACCOUNT,BKLM,7002
11968,do you ship to {{Delivery Country}}?,delivery_options,DELIVERY,BILS,6048
4385,I need assistance giving a quick look at the bill #12588,check_invoice,INVOICE,BL,2215
19249,i want assistance earning some products,place_order,ORDER,BLMQ,9915
12097,I want assistance to see what delivery methods I have,delivery_options,DELIVERY,BLM,6119
13860,i have got to see how long the delivery takes,delivery_period,DELIVERY,BLQ,6920
11283,"I don't need the damn platinum account, I try to close it",delete_account,ACCOUNT,BCLW,5695
26242,how to see the rebate current status?,track_refund,REFUND,BIL,13958
3195,"I have to check the withdrawal fees, could you help me ?",check_cancellation_fee,CANCEL,BCILMPZ,1561
24002,need to use the {{Account Type}} profioe can ya help me,switch_account,ACCOUNT,BCILQZ,13204
7122,I'm dissatisfied with ur services help to file a reclamation,complaint,FEEDBACK,BCLQ,3477
9374,I want to chat with a live agent,contact_human_agent,CONTACT,BLZ,4368
2093,"I have entered a wrong address, I need help modifying it",change_shipping_address,SHIPPING,BCL,813
5626,i need help seeing ur payment methods,check_payment_methods,PAYMENT,BLQ,2831
14822,i have got to edit my personal information can uhelp me,edit_account,ACCOUNT,BCIQ,7564
11191,cancel pro acount,delete_account,ACCOUNT,BKLZ,5650
12560,help seeing what shipping options you offer,delivery_options,DELIVERY,BLM,6141
5346,I am trying to list your available payment methods,check_payment_methods,PAYMENT,BL,2704
21590,want assistance reportingan issue with a sign-up,registration_problems,ACCOUNT,BLQZ,11674
21713,"I have got to notify of registration problems, help me",registration_problems,ACCOUNT,BCLM,11746
3334,where to see hte termination penalties,check_cancellation_fee,CANCEL,BILMQZ,1642
15797,I do not know what I need to do to egt the bill #85632,get_invoice,INVOICE,BELZ,7948
5887,I do not know how to check your payment methods,check_payment_methods,PAYMENT,BEL,2607
2225,i have a problem trying to correct the shipping address,change_shipping_address,SHIPPING,BLQ,925
20048,I do not know how to restore my user PIN code,recover_password,ACCOUNT,BEL,10545
23260,wanna submit the new shipping address how do i do it,set_up_shipping_address,SHIPPING,BCILQ,12841
8603,what is your customer support phone number?,contact_customer_service,CONTACT,BIL,4211
14176,need to modify the user info help me,edit_account,ACCOUNT,BCLQ,7177
15552,assistance to get invoice #12588,get_invoice,INVOICE,BZ,7820
20686,I want help recovering my account access key,recover_password,ACCOUNT,BL,11063
19292,i have got to order a product could i get some help,place_order,ORDER,BCILPQ,9950
16816,i need assistance to obtain reimbursementsof money,get_refund,REFUND,BLMQZ,8576
26480,i cannot see if there is anything new on my refund,track_refund,REFUND,BELNQ,14038
1260,I can't edit order {{Order Number}},change_order,ORDER,BLN,394
20532,give me information about a lost PIN,recover_password,ACCOUNT,BL,10947
11022,I do not know how I could remove the {{Account Category}} account,delete_account,ACCOUNT,BELP,5545
10675,creating new freemium account for daughter,create_account,ACCOUNT,BKL,5196
22803,I do not know what to do to leave a comment about a service,review,FEEDBACK,BEL,12541
7397,"my experience with you was awful, lodge a bloody claim",complaint,FEEDBACK,BCLW,3636
21106,i dont know how i could inform of a problem with a sign-up,registration_problems,ACCOUNT,BLPQ,11205
20455,password recovery,recover_password,ACCOUNT,BK,10894
16020,I'm trying to demand a rebate of my money,get_refund,REFUND,BLQ,8094
18536,would it be possible to notfy of an error with payments,payment_issue,PAYMENT,BILMPQZ,9386
8614,need to call customer service,contact_customer_service,CONTACT,BLQ,4047
23271,I have issues entering a new delivery address,set_up_shipping_address,SHIPPING,BLM,12848
7191,can you help me making a complaint?,complaint,FEEDBACK,BIL,3519
6956,I am calling to make a complaint against your company,complaint,FEEDBACK,BL,3360
16908,i do not know what i need to do to receive the newsletter,newsletter_subscription,SUBSCRIPTION,BELQZ,8625
19988,need assistance retrieving tthe password of my user profile,recover_password,ACCOUNT,BLQZ,10495
7831,can i make a consumer reclamation,complaint,FEEDBACK,BILQ,3585
23462,I need help entering the bloody secondary shipping address,set_up_shipping_address,SHIPPING,BLW,12929
294,i dont want this artilce cancel order {{Order Number}},cancel_order,ORDER,BCLNQZ,91
13040,wanna check how long the shipment takes i need help,delivery_period,DELIVERY,BCLQ,6531
9811,could uhelp me to speak to a live agent,contact_human_agent,CONTACT,BILPQ,4878
16864,can you help me to receive a refund?,get_refund,REFUND,BIL,8602
15038,i cant find my invoice #12588 can ya mail it to me,get_invoice,INVOICE,BCILQ,7698
2710,"my address has changed, I need help modifying it",change_shipping_address,SHIPPING,BCL,1251
5008,can ya help me to see what payment option are allowed,check_payment_methods,PAYMENT,BILQZ,2533
23081,why I cannot enter my seocndary shipping address valid,set_up_shipping_address,SHIPPING,BELZ,12743
18272,what do I have to do to report problems with payment?,payment_issue,PAYMENT,BILM,9237
7065,"my experience with you was bad, how do I make a complaint?",complaint,FEEDBACK,BCIL,3438
16126,I have got to ask for refunds,get_refund,REFUND,BLM,8177
9754,i dont know what i need to do to speak to a person,contact_human_agent,CONTACT,BLQ,4847
17895,problem with payments,payment_issue,PAYMENT,BKLM,8948
12736,"I have got to see the shipping options, how to do it?",delivery_options,DELIVERY,BCIL,6356
14337,what do I have to do to change my user data?,edit_account,ACCOUNT,BIL,7279
23740,y i cannot submit a secondary delivery address valid,set_up_shipping_address,SHIPPING,BELQ,13055
24825,I have to use the pro account,switch_account,ACCOUNT,B,13505
21775,reporting issue opening user profile,registration_problems,ACCOUNT,BKL,11786
16033,can you help me demand a reimbursement of money?,get_refund,REFUND,BIL,8104
15546,i need help downloading the bill #37777,get_invoice,INVOICE,BLQ,7830
20164,I have a question about a lost PIN code,recover_password,ACCOUNT,BL,10651
21696,report problems creating profile,registration_problems,ACCOUNT,BKLM,11733
13280,I don't know what to do to check when will my article arrive,delivery_period,DELIVERY,BL,6673
23897,change to {{Account Type}} acount,switch_account,ACCOUNT,BKLZ,13138
21379,can you help me to inform of signup errors?,registration_problems,ACCOUNT,BILM,11555
13406,i want assisyance to see how soon can i expect my product,delivery_period,DELIVERY,BLQZ,6735
16509,what do i have to do to receive a compensation of my money,get_refund,REFUND,BILQ,8132
16448,could you help me demanding rebates of mony?,get_refund,REFUND,BILMPZ,8369
1996,need to update my address,change_shipping_address,SHIPPING,BLQ,720
2416,help me to correct my address,change_shipping_address,SHIPPING,BL,1061
8078,"I want to contact fucking customer support, how can I do it?",contact_customer_service,CONTACT,BCILW,3982
13534,"I want to see how soon can I expect my parcel, how to do it?",delivery_period,DELIVERY,BCIL,6550
21097,help to report an error with signup,registration_problems,ACCOUNT,BL,11362
22373,I don't know how to leave some feedback about your services,review,FEEDBACK,BL,12248
3797,are there any cancellation charges?,check_cancellation_fee,CANCEL,BILM,1860
15502,can ya send me the goddamn bills from {{Person Name}},get_invoice,INVOICE,BILMQW,7857
4740,I have got to look for my bill #00108,check_invoice,INVOICE,BL,2381
22181,want assistance writing a review,review,FEEDBACK,BLQ,12102
2180,I want help trying to moidfy my address,change_shipping_address,SHIPPING,BLZ,888
24597,switch to another user,switch_account,ACCOUNT,BK,13439
22145,is it possible to leave a review about a service?,review,FEEDBACK,BIL,12074
11936,need assistance seeing what shipping methods I have,delivery_options,DELIVERY,BLMQ,6019
2250,assistance trying to edit the address,change_shipping_address,SHIPPING,BL,944
21969,do you have a way to send a comment about your products?,review,FEEDBACK,BIL,11928
16834,what do I need to do to ask for rebates?,get_refund,REFUND,BILM,8589
16177,could ya help me requesting compensations of my money,get_refund,REFUND,BILMPQ,8213
1186,I cannot update purchase {{Order Number}},change_order,ORDER,BELN,343
11256,find information about the termination of a freemium account,delete_account,ACCOUNT,BL,5678
3127,i try to check the cancellation fee,check_cancellation_fee,CANCEL,BQ,1519
3517,how much will you charge me for canceling the contract?,check_cancellation_fee,CANCEL,BIL,1736
3489,i want help checking the early exit penalty,check_cancellation_fee,CANCEL,BLQ,1725
17964,how can I inform of an issue with payment?,payment_issue,PAYMENT,BIL,9012
13932,need to update the data included on my account how to do it,edit_account,ACCOUNT,BCILQ,6973
16070,I need assistance requesting a restitution of money,get_refund,REFUND,BL,8134
23610,I have troubles submittng the shipping address,set_up_shipping_address,SHIPPING,BLMZ,12997
5755,check what payment methods ya accept,check_payment_methods,PAYMENT,BQZ,2770
20019,find information about lost access key,recover_password,ACCOUNT,BLM,10521
23072,why I can't set my secondary delivery address valid up,set_up_shipping_address,SHIPPING,BL,12602
20757,what do i have to do to recover my profile key,recover_password,ACCOUNT,BILQ,11118
16286,i dont know what i need to do to receive a rebate,get_refund,REFUND,BLQ,8280
1263,i want help changing an item of order {{Order Number}},change_order,ORDER,BQ,396
20612,how to reset my profile password?,recover_password,ACCOUNT,BIL,11010
5702,is it possible to list your available payment methods?,check_payment_methods,PAYMENT,BIL,2486
20829,can you help me to restore my damn user account access key?,recover_password,ACCOUNT,BILW,11161
22524,I need help to send my feedback for your company,review,FEEDBACK,BL,12356
16967,"I want to unsubscribe to your corporate newsletter, help me",newsletter_subscription,SUBSCRIPTION,BCL,8659
20750,I don't know how to recover my account access key,recover_password,ACCOUNT,BL,11112
14025,"I want to modify the info on my user, I need assistance",edit_account,ACCOUNT,BCLQ,7053
2251,I need assistance trying to change my address,change_shipping_address,SHIPPING,BL,945
15568,getting invoice from three purchases ago,get_invoice,INVOICE,BKM,7880
2949,I have problems with an address correction,change_shipping_address,SHIPPING,BLMZ,1385
12239,"I want to check the shipping options, I need help",delivery_options,DELIVERY,BCL,6189
11262,"I don't use the gold account, can I remove it?",delete_account,ACCOUNT,BCIL,5682
13683,where to check when will my product arrive?,delivery_period,DELIVERY,BIL,6666
15044,"I would like to download my invoices from {{Person Name}}, help me",get_invoice,INVOICE,BCLMP,7701
17379,I'm trying to cancel the subscription to the newsletter,newsletter_subscription,SUBSCRIPTION,BLQ,8811
7279,I am calling to lodge a claim against your organization,complaint,FEEDBACK,BL,3572
13978,correct details on premium account,edit_account,ACCOUNT,BKLM,7015
22454,"I need to submit goddamn feedback, how to do it?",review,FEEDBACK,BCILW,12306
8604,what do I need to do to call customer support?,contact_customer_service,CONTACT,BIL,4212
1182,need to change something of purchase {{Order Number}},change_order,ORDER,BLQ,341
15030,mail me my bill #37777,get_invoice,INVOICE,BL,7692
4209,wanna chevk the invoices from 8 years ago how could i do it,check_invoice,INVOICE,BCILMPQZ,2119
16099,I don't know how I can ask for compensations,get_refund,REFUND,BLM,8155
120,how could icancel purchase {{Order Number}},cancel_order,ORDER,BILPQZ,44
11466,clsoe platinum account,delete_account,ACCOUNT,BKLZ,5795
9950,I want assistance to create a gold account for my daughter,create_account,ACCOUNT,BL,4959
23379,can you help me setting my delivery address up?,set_up_shipping_address,SHIPPING,BIL,12890
2523,I try to modify the shopping address,change_shipping_address,SHIPPING,BLZ,1135
11399,remove platinum accoint,delete_account,ACCOUNT,BKLZ,5761
9787,what do I have to do to speak to an operator?,contact_human_agent,CONTACT,BIL,4572
9279,assistance to chat with a person,contact_human_agent,CONTACT,BL,4593
14348,updating data on platinum account,edit_account,ACCOUNT,BL,7288
11883,canceling premium account,delete_account,ACCOUNT,BKL,5976
19208,I need assistance earning several articles,place_order,ORDER,BLM,9878
20552,I need information about my access key retrieval,recover_password,ACCOUNT,BL,10522
7275,can you help me filing a complaiont?,complaint,FEEDBACK,BIZ,3570
19283,where do I shop a few of your article?,place_order,ORDER,BILM,9944
23589,I don't know how I can set up the goddamn shipping address,set_up_shipping_address,SHIPPING,BLW,12986
26091,could I know if there are any news on my reimbursement?,track_refund,REFUND,BILMP,13906
14239,"I have to modify the info included on my user, help me",edit_account,ACCOUNT,BCLQ,7221
2405,error changing shipping address,change_shipping_address,SHIPPING,BKL,1052
15949,i want help demanding reimbursements of my money,get_refund,REFUND,BLMQ,8030
22445,I do not know what to do to submit feedback for a service,review,FEEDBACK,BEL,12119
4450,show me bill #37777,check_invoice,INVOICE,BL,2244
5928,wanna check in what cases can i ask to be reimbursed,check_refund_policy,REFUND,BLQ,2965
2122,I need help trying to upadte the shipping address,change_shipping_address,SHIPPING,BLZ,837
11350,"I don't use my {{Account Category}} account, I want help to close it",delete_account,ACCOUNT,BCL,5733
19087,can you help me purchasing some articles?,place_order,ORDER,BILM,9769
14914,what do I need to do to download the bill #00108?,get_invoice,INVOICE,BIL,7626
8786,what do I have to do to talk with customer support?,contact_customer_service,CONTACT,BIL,4254
1225,i cannot change several items of order {{Order Number}},change_order,ORDER,BEMNQ,371
1126,help me to delete some products from purchase {{Order Number}},change_order,ORDER,BLM,305
7890,want assistance to file a customer reclamation,complaint,FEEDBACK,BLQ,3851
23024,"the new delivery address is not valid, how do I do it?",set_up_shipping_address,SHIPPING,BCEIL,12705
15854,"I want to get my invoice from {{Person Name}}, I need help",get_invoice,INVOICE,BCL,7965
15436,help to get the bill #37777,get_invoice,INVOICE,BL,7662
16626,need assistance getting restitutions of my money,get_refund,REFUND,BLMQ,8468
6654,"I would like to check your money back guarantee, help me",check_refund_policy,REFUND,BCLP,3033
5342,could you help me to see what payment methods are accepted?,check_payment_methods,PAYMENT,BILP,2702
19438,I need help acquiringv several of your item,place_order,ORDER,BLMZ,9621
3227,where do i check the termination penalty,check_cancellation_fee,CANCEL,BILQ,1580
15733,"I have to get my bill from {{Person Name}}, will you help me?",get_invoice,INVOICE,BCILP,7870
2471,"I submitted a wrong delivery address, can I modify it?",change_shipping_address,SHIPPING,BCIL,1100
22272,I need help writing a review about your products,review,FEEDBACK,BL,12174
18904,I try to make an order,place_order,ORDER,B,9594
20694,I do not know how to recover the access key of my account,recover_password,ACCOUNT,BEL,11070
18839,is it possible to notify of errors with payments?,payment_issue,PAYMENT,BILM,9557
23399,"I want to enter the delivery address, how to do it?",set_up_shipping_address,SHIPPING,BCIL,12740
21792,what do I have to do to report an issue with signup?,registration_problems,ACCOUNT,BIL,11796
9407,can you direct to me a person?,contact_human_agent,CONTACT,BIL,4656
1325,how do ii modify order {{Order Number}},change_order,ORDER,BILQZ,432
10115,i do not know what to do to open a pro account for my fiance,create_account,ACCOUNT,BELQ,5079
14482,can uhelp me change the data on my profile,edit_account,ACCOUNT,BILQ,7370
1421,i made a mistake help me change order {{Order Number}},change_order,ORDER,BCQ,477
11095,"I want to cancel a damn {{Account Type}} account, I need help",delete_account,ACCOUNT,BCLW,5594
22532,want assistance submitting osme feedback for a service,review,FEEDBACK,BQZ,12363
5214,want help to see ur allowedpayment modalities,check_payment_methods,PAYMENT,BLQZ,2640
15006,I want help getting bill #85632,get_invoice,INVOICE,BL,7682
6261,I want to see under what circumstances can I request refunds,check_refund_policy,REFUND,BL,3014
15725,"I want to download the bill #12588, can I get some help?",get_invoice,INVOICE,BCIL,7924
18037,help regarding payment,payment_issue,PAYMENT,BK,9075
16771,i dont know what to do to reqquest my money back,get_refund,REFUND,BLQZ,8548
1764,i cant delete a prodcut from purchase {{Order Number}},change_order,ORDER,BLNQZ,628
19433,i dont know what i have to do to shop an article,place_order,ORDER,BLQ,10072
6339,help me seeing how long reimbuursements take,check_refund_policy,REFUND,BLZ,3156
22873,where could I send feedback for your services?,review,FEEDBACK,BILP,12587
13790,is it possible to check when my purchase is going to arrive?,delivery_period,DELIVERY,BIL,6892
20252,"I have forgotten my user profile pwd, where to reset it?",recover_password,ACCOUNT,BCILQV,10727
2185,I have a question about an address correction,change_shipping_address,SHIPPING,BL,893
17070,I don't know what to do to sign up to the newsletter,newsletter_subscription,SUBSCRIPTION,BL,8696
13068,"I am looking for the shipping periods, I need help",delivery_period,DELIVERY,BCELM,6553
1351,updating purchase {{Order Number}},change_order,ORDER,BL,447
17221,can utell me more about receiving ur newsletter,newsletter_subscription,SUBSCRIPTION,BILQ,8755
13826,will you show me how long it takes for the parcel to arrive?,delivery_period,DELIVERY,BILP,6907
4685,can you help me take a quick look at my invoice #85632?,check_invoice,INVOICE,BI,2029
9535,I want help contacting a person,contact_human_agent,CONTACT,BL,4722
19163,where to shop an item?,place_order,ORDER,BIL,9839
13827,I'm trying to find the shipping period,delivery_period,DELIVERY,BELQ,6908
24420,I want assistance changing to the pro account,switch_account,ACCOUNT,BL,13376
15835,I do not know what I need to do to download the bill #00108,get_invoice,INVOICE,BEL,7688
13979,correcting info on {{Account Type}} account,edit_account,ACCOUNT,BKLQ,7016
22112,I want help to leave feedback for your services,review,FEEDBACK,BL,12027
17333,I do not know how to sign up to the company newsletter,newsletter_subscription,SUBSCRIPTION,BEL,8796
12172,I do not know how I can see what shipping methods I have,delivery_options,DELIVERY,BELM,6157
20328,can ya help me retrieving my user pin code,recover_password,ACCOUNT,BILQ,10792
19776,i do not know how i can earn several of ur product,place_order,ORDER,BELMQ,10322
18610,what do I need to do to inform of isues with payments?,payment_issue,PAYMENT,BILMZ,9427
6056,wanna check in what cases can i request a refund,check_refund_policy,REFUND,BLQ,3045
1705,help changing some products of order {{Order Number}},change_order,ORDER,BLM,597
25742,could uhelp me check the damn eta of order {{Order Number}},track_order,ORDER,BIPQW,13757
24762,i have to use the premium account how todo it,switch_account,ACCOUNT,BCIQZ,13486
13101,what is the delivery period for this parcel,delivery_period,DELIVERY,BILQ,6575
9759,I don't know what I have to do to chat with an assistant,contact_human_agent,CONTACT,BL,4466
18161,how can i inform of a payment problem,payment_issue,PAYMENT,BILQ,9166
20098,I want ot retrieve the access key of my user account,recover_password,ACCOUNT,BLZ,10592
3612,can i check theearly exit penalty,check_cancellation_fee,CANCEL,BILQZ,1654
23973,i do not know what to do to chanfe to the damn gold account,switch_account,ACCOUNT,BELQWZ,13187
20705,"I cannot remember my account PIN, I would like to recover it",recover_password,ACCOUNT,BCELP,11078
20630,is it possible to restore my fucking user key?,recover_password,ACCOUNT,BILW,11021
2326,find information abou changing the address,change_shipping_address,SHIPPING,BLZ,997
25674,chek order {{Order Number}} status,track_order,ORDER,BZ,13741
16512,how can I get refunds of my money?,get_refund,REFUND,BIM,8407
11317,question about the cancellation of my standard account,delete_account,ACCOUNT,BL,5713
15845,I want asistance downloading invoice #12588,get_invoice,INVOICE,BLZ,7962
10992,will you give me information about pro account terminations?,delete_account,ACCOUNT,BILMP,5524
11867,can you give me information about standard account removals?,delete_account,ACCOUNT,BILM,5970
6430,can ya help me see u refund policy,check_refund_policy,REFUND,BILQZ,3182
5535,where could I see your payment modalities?,check_payment_methods,PAYMENT,BILP,2790
20681,I want help resetting the pwd of my account,recover_password,ACCOUNT,BLQ,11058
11691,i no longer make us of my pro account need help deleting it,delete_account,ACCOUNT,BCELQZ,5887
26087,how could I check if there are any news on the refund?,track_refund,REFUND,BILMP,13903
3433,want helpp checking the termination penalties,check_cancellation_fee,CANCEL,BLMQZ,1699
26405,"I want to see the damn status of my reimbursement, help me",track_refund,REFUND,BCLW,14011
23104,"I have got to enter a delivery address, I need assistance",set_up_shipping_address,SHIPPING,BCL,12759
13266,i have to see how long it takes for the packgae to arrive,delivery_period,DELIVERY,BLQZ,6665
8235,need assistancetalking with customer service,contact_customer_service,CONTACT,BLQZ,4064
18457,is it possible to notify of troubles with online payment ?,payment_issue,PAYMENT,BILMZ,9307
1719,i need help to switch a product of purchase {{Order Number}},change_order,ORDER,BLQ,608
13673,i dont know how to see how soon can i expect my item,delivery_period,DELIVERY,BLQ,6848
2725,I am looking for information about an address modification,change_shipping_address,SHIPPING,BEL,1262
19693,I'm trying ot earn several articles,place_order,ORDER,BLMQZ,10269
5584,i dont know what to doto check ur accepted payment options,check_payment_methods,PAYMENT,BLQZ,2812
19737,assistance buying several of your product,place_order,ORDER,BLM,10299
7865,want assistance lodging a reclamation,complaint,FEEDBACK,BLQ,3415
17937,"I get an error when I try to make a payment, inform of it",payment_issue,PAYMENT,BCL,8990
685,i need help with cancelliung order {{Order Number}},cancel_order,ORDER,BQZ,135
4052,how do I look for my bills from {{Person Name}}?,check_invoice,INVOICE,BILM,2016
21972,i dont know how to write a comment about ur products,review,FEEDBACK,BLQ,11929
26818,i dont know what i have to do to see the rebate status,track_refund,REFUND,BLQ,14121
13382,where can i check how soon can i expect my product,delivery_period,DELIVERY,BILQ,6681
5012,I don't know what I have to do to list the payment methods,check_payment_methods,PAYMENT,BL,2535
13518,I call to check when my article is going to arrive,delivery_period,DELIVERY,BL,6781
11552,cancelling standard account,delete_account,ACCOUNT,BKL,5825
22767,"I want to send feedback for your company, help me",review,FEEDBACK,BCL,11981
21720,i have go to notify of a problem with a signup,registration_problems,ACCOUNT,BLQZ,11750
2474,I want support trying to modify my shipping address,change_shipping_address,SHIPPING,BL,1102
20266,help me reset my use pin,recover_password,ACCOUNT,BLQZ,10739
7832,file complaint,complaint,FEEDBACK,BK,3799
12979,I want help to check how soon can I expect my product,delivery_period,DELIVERY,BL,6460
9163,I don't know what I have to do to speak to somebody,contact_human_agent,CONTACT,BL,4521
13081,I am trying to check how soon can I expect my parcel,delivery_period,DELIVERY,BL,6563
11320,I need information about the termination of my pro account,delete_account,ACCOUNT,BL,5716
1157,can I add a damn item to purchase {{Order Number}}?,change_order,ORDER,BILW,326
10157,could you help me opening a gold account?,create_account,ACCOUNT,BILP,5102
18290,would it be possible to inform of a bloody payment error?,payment_issue,PAYMENT,BILPW,9247
16415,can you help me getting a reimbursement?,get_refund,REFUND,BIL,8349
482,"I have to cancel purchase {{Order Number}}, can I get some help?",cancel_order,ORDER,BCIL,128
11677,cancel platinum account,delete_account,ACCOUNT,BKL,5644
9282,I have got to talk with a live agent,contact_human_agent,CONTACT,BL,4595
384,i dont want ordr {{Order Number}} could uhelp me cancel it,cancel_order,ORDER,BCINPQZ,111
6767,could I check in what situations can I ask for a refund?,check_refund_policy,REFUND,BILP,3285
18856,can you help me report an error with payments?,payment_issue,PAYMENT,BILM,9562
12393,"I am looking for the delivery methods, I need assistance",delivery_options,DELIVERY,BCEL,6254
19424,acquire afew of ur item,place_order,ORDER,BLMQZ,10064
1027,I have a question about correcting order {{Order Number}},change_order,ORDER,BL,229
11415,can you help me cancelling the {{Account Category}} account?,delete_account,ACCOUNT,BIL,5561
21834,how can I inform of a signup problem?,registration_problems,ACCOUNT,BIL,11818
2976,"I want to see the withdrawal penalties, I need assistance",check_cancellation_fee,CANCEL,BCLM,1405
10940,question about the deletion of my {{Account Category}} account,delete_account,ACCOUNT,BL,5485
7746,I don't know how I could file a reclamation,complaint,FEEDBACK,BLP,3788
8966,i dont understand a word ya say how to chat with a person,contact_human_agent,CONTACT,BCILQ,4373
14872,can uhelp me modifying the details included on my profile,edit_account,ACCOUNT,BILMQ,7593
16567,I have got to demand fucking reimbursements,get_refund,REFUND,BLMW,8435
7295,can you help me lodging a reclamation?,complaint,FEEDBACK,BIL,3584
16075,I'm trying to obtain a rebat of money,get_refund,REFUND,BLQZ,8137
15236,need assistance to get the bill from {{Person Name}},get_invoice,INVOICE,BLQ,7614
20931,how do I notify of a signup problem?,registration_problems,ACCOUNT,BIL,11238
22696,is there an e-mail to submit feedback for your company?,review,FEEDBACK,BIL,12162
9228,what do I need todo to speak with somebody?,contact_human_agent,CONTACT,BILZ,4564
21156,I am having an isuse with my signup,registration_problems,ACCOUNT,BELZ,11407
14120,change information on {{Account Type}} account,edit_account,ACCOUNT,BKL,7133
16011,want help getting goddamn reimbursements of money,get_refund,REFUND,BLMQW,8086
3584,I don't know how I can chek the early exit charge,check_cancellation_fee,CANCEL,BLZ,1763
14367,"I have to edit some of the details on my profile, help me",edit_account,ACCOUNT,BCLM,7301
2254,problems with a delivery address update,change_shipping_address,SHIPPING,BLM,948
20254,I'm trying to retrieve the password of my profile,recover_password,ACCOUNT,BLQ,10729
9189,"I have got to talk to someone, can you help me?",contact_human_agent,CONTACT,BCIL,4537
11623,i no longer use the pro account I'm trying to delete it,delete_account,ACCOUNT,BCELQ,5856
11755,cancel freemium account,delete_account,ACCOUNT,BKL,5581
14206,updating premium accojnt,edit_account,ACCOUNT,BKLZ,7197
13825,i have to see how soon can i expect the shipmrnt i need help,delivery_period,DELIVERY,BCLQZ,6906
10717,opening new premium account,create_account,ACCOUNT,BKL,5375
5710,can you help me check your allowed payment modalities?,check_payment_methods,PAYMENT,BIL,2755
25002,I don't know how I could see purchase {{Order Number}} status,track_order,ORDER,BLP,13562
26042,is it possible to check the status of the rebate?,track_refund,REFUND,BIL,13880
14929,could you mail me my goddamn invoices rfom {{Person Name}}?,get_invoice,INVOICE,BILMPWZ,7640
2429,can I edit my shipping address?,change_shipping_address,SHIPPING,BIL,1072
6833,help me checking in what cases can i ask for refunds,check_refund_policy,REFUND,BQ,3132
19148,can you help me earning several of your article?,place_order,ORDER,BILM,9825
18452,where can I report a problem with online payments?,payment_issue,PAYMENT,BILM,9341
3532,can i check the termination fee,check_cancellation_fee,CANCEL,BILQ,1682
18162,how to report bloody troubles with online payments?,payment_issue,PAYMENT,BILMW,9167
6268,hlp seeing ur money back guarantee,check_refund_policy,REFUND,BLQZ,3121
7775,I need assistance to make an consumer complaint,complaint,FEEDBACK,BLZ,3800
14161,correcting info on platinum account,edit_account,ACCOUNT,BKLQ,7166
25889,I expect a goddamn restitution of {{Currency Symbol}}{{Refund Amount}},track_refund,REFUND,BLW,13790
10693,i havent registeredhelp opening a pro account with you,create_account,ACCOUNT,BCLQZ,5363
26226,I'm trying to check if there are any updates on the rebate,track_refund,REFUND,BLMQ,13951
16728,what do I need to do to request a rebate?,get_refund,REFUND,BIL,8525
2953,"I chose a wrong shipping address, how do I update it?",change_shipping_address,SHIPPING,BCIL,1388
11930,help me to see what shipping options are available,delivery_options,DELIVERY,BLM,6014
13609,how do I see how long it takes for my damn parcel to arrive?,delivery_period,DELIVERY,BILW,6823
1666,correcting purchase {{Order Number}},change_order,ORDER,BL,310
3755,I want assistance to see the cancellation penalties,check_cancellation_fee,CANCEL,BLM,1837
14924,can you help me to download the invoice #37777?,get_invoice,INVOICE,BIL,7635
7357,I'm trying to make a consumer clain,complaint,FEEDBACK,BLQZ,3615
2531,I want assistance to correct my address,change_shipping_address,SHIPPING,BL,1141
22012,I do not know how to leave a goddamn comment about a service,review,FEEDBACK,BELW,11964
23720,"I have to submit my damn secondary delivery address, help me",set_up_shipping_address,SHIPPING,BCLW,13048
20543,what do i need to do to reset the access key of my user,recover_password,ACCOUNT,BILQ,10956
14057,editting details on {{Account Category}} account,edit_account,ACCOUNT,BKLMZ,7082
23922,wanna use the gold profile i need help,switch_account,ACCOUNT,BCLQZ,13157
19501,what do I need to do to acquire an item?,place_order,ORDER,BIL,10123
1176,i want assistance to swap something of purchase {{Order Number}},change_order,ORDER,BLQ,337
6936,how can i make a customer complaint against ur organization,complaint,FEEDBACK,BILQ,3342
24381,"I have to change to the platinum account, how do I do it?",switch_account,ACCOUNT,BCIL,13365
20267,I'm trying to recover the pwd of my use,recover_password,ACCOUNT,BLQZ,10740
16929,can I sign up to the damn newsletter?,newsletter_subscription,SUBSCRIPTION,BILW,8639
15313,need assistance downloading my invoice{{Invoice Number}},get_invoice,INVOICE,BLQZ,7796
20271,where do I reset my user key?,recover_password,ACCOUNT,BIL,10743
23824,"I would like to enter another shipping address, help me",set_up_shipping_address,SHIPPING,BCLP,13094
19724,I want to acquire a few of your article,place_order,ORDER,BLM,10290
14699,modifying info on standard accoumt,edit_account,ACCOUNT,BKLQZ,7502
20217,can you help me to retrieve my account pwd?,recover_password,ACCOUNT,BILQ,10701
8465,where can I check what hourw I can call customer support?,contact_customer_service,CONTACT,BILZ,4153
11979,do you deliver to {{Delivery Country}}?,delivery_options,DELIVERY,BIS,6055
19181,is it possible to buy some items?,place_order,ORDER,BIM,9855
7043,I want help to lodge a claim against your company,complaint,FEEDBACK,BL,3423
16201,i dont know how to request restitutions of my money,get_refund,REFUND,BLMQ,8229
6718,want assistance to see how long reimbirsements take,check_refund_policy,REFUND,BLQZ,3267
12815,"I have got to see what delivery options you offer, help me",delivery_options,DELIVERY,BCLM,6302
1286,how to swap an article of purchase {{Order Number}}?,change_order,ORDER,BIL,221
19253,"I need to shop several of your item, help me",place_order,ORDER,BCLM,9919
15432,I don't kno how I can get my invoice #85632,get_invoice,INVOICE,BZ,7832
7524,how could I file a complaont?,complaint,FEEDBACK,BIPZ,3698
19831,how could i buy esveral products,place_order,ORDER,BILMPQZ,10364
16765,receiving rebate,get_refund,REFUND,BKL,8544
2524,there are troubles correcting the shipping address,change_shipping_address,SHIPPING,BLM,1136
4361,I need assistance seeing my bill #12588,check_invoice,INVOICE,BL,2201
2297,"I put the old address by mistake, how do I modify it?",change_shipping_address,SHIPPING,BCIL,977
2279,i want information about changing the address,change_shipping_address,SHIPPING,BLQZ,902
21111,issue creating user,registration_problems,ACCOUNT,BK,11373
18778,what do I have to do to inform of payment errors?,payment_issue,PAYMENT,BILM,9525
4910,I need to take a quick look at my invoice #85632,check_invoice,INVOICE,B,2345
18549,where can I report an error with payments?,payment_issue,PAYMENT,BILM,9231
22383,need assistance to submit my feedback for ur services,review,FEEDBACK,BLQ,12128
11601,problems with gold account deletions,delete_account,ACCOUNT,BLM,5762
25427,can ushow me order {{Order Number}} status,track_order,ORDER,BIQ,13681
7622,i want assistance to file a customer reclamagion,complaint,FEEDBACK,BLQZ,3734
1867,i cannot edit order {{Order Number}},change_order,ORDER,BELNQ,672
14813,I want help updating the details included on my user account,edit_account,ACCOUNT,BLM,7455
18376,i cannot make payments help to report an error,payment_issue,PAYMENT,BCELMQ,9294
8693,i have to see what hours i can contact customer uspport,contact_customer_service,CONTACT,BLQZ,4244
3589,I'd like to see the withdrwaal fee how can i do it,check_cancellation_fee,CANCEL,BCILPQZ,1765
14096,updating data on standard account,edit_account,ACCOUNT,BL,7113
14785,updating details on premium account,edit_account,ACCOUNT,BKLM,7543
6854,I do not know how I can see your reimbursement policy,check_refund_policy,REFUND,BEL,3311
2506,what do I have to do to change my shipping address?,change_shipping_address,SHIPPING,BI,1126
24338,I need assistance using the {{Account Category}} preofile,switch_account,ACCOUNT,BLZ,13352
24314,i hav to change to the premium account help me,switch_account,ACCOUNT,BCLQZ,13344
22190,i need assitsance sending my feedback for a product,review,FEEDBACK,BLQZ,12109
22402,I need to leave feedback about your company,review,FEEDBACK,BL,12236
11072,"I have got to close a premium account, I need help",delete_account,ACCOUNT,BCL,5582
8327,"I have to talk to customer support, I need help",contact_customer_service,CONTACT,BCL,4075
11570,is it possible to delete my freemium account?,delete_account,ACCOUNT,BIL,5834
10768,is it possible to create a standard account,create_account,ACCOUNT,BILQ,5214
15735,what do I need to do to get my last bills?,get_invoice,INVOICE,BILM,7928
6033,could you help me check your money back guarantee?,check_refund_policy,REFUND,BILP,3032
1266,can uhelp me to change a product of purchase {{Order Number}},change_order,ORDER,BILQ,399
12187,can you give me information about the damn shipment options?,delivery_options,DELIVERY,BILW,6165
18089,can you help me notifying of an issue with payment?,payment_issue,PAYMENT,BIL,9113
9240,how can I speak to a human agent?,contact_human_agent,CONTACT,BIL,4574
17039,where do I sign up to your company newsletter?,newsletter_subscription,SUBSCRIPTION,BIL,8689
18961,help me to uby several products,place_order,ORDER,BLMZ,9650
9574,is it possible to contactr a person,contact_human_agent,CONTACT,BILQZ,4748
19282,need help to make an order,place_order,ORDER,BQ,9943
15927,"I paid {{Currency Symbol}}{{Refund Amount}} for this order, help me getting a compensation",get_refund,REFUND,BCLM,8008
13317,how can I get information about damn delivery period?,delivery_period,DELIVERY,BIWZ,6693
9984,new bloody {{Account Type}} account,create_account,ACCOUNT,BKLW,4989
22279,assistance to leave some feedback,review,FEEDBACK,BL,12177
14538,wanna update the details on my account,edit_account,ACCOUNT,BLMQ,7406
11730,how can I cancel a platinum account?,delete_account,ACCOUNT,BIL,5905
17867,I cannot sign up to the company newsletter,newsletter_subscription,SUBSCRIPTION,BEL,8939
4816,can you help me find invoice #37777?,check_invoice,INVOICE,BI,2412
2924,the delivery address changed,change_shipping_address,SHIPPING,BL,1373
13439,I want assistanc to see when my purchase is going to arrive,delivery_period,DELIVERY,BLZ,6748
2276,"I want to modify the address, how can I do it?",change_shipping_address,SHIPPING,BCIL,964
9009,i dont know how i ca chat with a human agent,contact_human_agent,CONTACT,BLQZ,4409
24883,can uhelp me to check the fucking eta of the order {{Order Number}},track_order,ORDER,BIQW,13521
17829,I don't know how to unsubscribe from the goddamn newsletter,newsletter_subscription,SUBSCRIPTION,BLW,8931
15322,get invoices from last purchase,get_invoice,INVOICE,BKM,7798
6590,can ushowme in which situations can i ask for reimbursements,check_refund_policy,REFUND,BILQZ,3236
22178,assistance writing a comment for your products,review,FEEDBACK,BL,12099
2613,there are problems trying to change my delivery address,change_shipping_address,SHIPPING,BLM,1188
3964,I don't know how to locate the invoice #85632,check_invoice,INVOICE,BL,1949
23761,is it possible to enter a new shipping address?,set_up_shipping_address,SHIPPING,BIL,13068
10328,create {{Account Type}} accountfor wife,create_account,ACCOUNT,BKLZ,5205
16367,I don't know what to do to get compensations of my money,get_refund,REFUND,BLM,8319
20277,I don't know what I have to do to reset the pass of my user,recover_password,ACCOUNT,BLQ,10748
26821,there is any updates on my rebate,track_refund,REFUND,BLM,14123
16050,I want help getting a compensation of my money,get_refund,REFUND,BL,8118
20491,I try to restore my account PIN,recover_password,ACCOUNT,BL,10916
4518,assistance to locate hte bill from {{Person Name}},check_invoice,INVOICE,BLZ,2276
23644,I try to set up the ddelivery address,set_up_shipping_address,SHIPPING,BLZ,13015
20025,I cannot retrieve my account key,recover_password,ACCOUNT,BELN,10526
25645,"I have to see order {{Order Number}} status, I need assistance",track_order,ORDER,BCL,13736
19143,I want assistance to purchase a few of your item,place_order,ORDER,BLM,9821
10147,I have to create a {{Account Type}} account for my fiance,create_account,ACCOUNT,BL,5097
21140,need assistance notifying of an issue with sign-up,registration_problems,ACCOUNT,BLQ,11393
21994,do you have a method to leave an opinion?,review,FEEDBACK,BIL,11951
11203,can you help me to delete the platinum account?,delete_account,ACCOUNT,BIL,5654
5137,assistance seeing ur bloody available payment methods,check_payment_methods,PAYMENT,BLQW,2600
8659,wanna contact damn customer service i need help,contact_customer_service,CONTACT,BCQW,4228
1153,"I missed a product in order {{Order Number}}, can I add it?",change_order,ORDER,BCIL,323
15200,wanna get my bill from {{Person Name}},get_invoice,INVOICE,BLQ,7757
22420,can uhelp me leaving a comment about ur services,review,FEEDBACK,BILQ,12282
2367,can you tell me about updating my fucking shipping address?,change_shipping_address,SHIPPING,BILW,1027
8587,"I have to contact customer assistance, can I get some help?",contact_customer_service,CONTACT,BCIL,4203
16611,I do not know how to ask for rebates of my money,get_refund,REFUND,BELM,8336
3815,"I have to check the termination fees, help me",check_cancellation_fee,CANCEL,BCLM,1865
19189,can you help me buying a fucking article?,place_order,ORDER,BILW,9862
22792,"I need to write a review about a service, how to do it?",review,FEEDBACK,BCIL,12532
21540,I'm trying to report errors with signup,registration_problems,ACCOUNT,BLMQ,11647
2255,tell me about a shipping address correction,change_shipping_address,SHIPPING,BL,949
13322,can i check how long it takes for the deilvery to arrive,delivery_period,DELIVERY,BILQZ,6696
9267,talk to person,contact_human_agent,CONTACT,BKL,4588
1251,help me modifying order {{Order Number}},change_order,ORDER,BL,239
1835,I need help with changing order {{Order Number}},change_order,ORDER,B,261
10005,what do i have to do to creare a {{Account Type}} account for my daughter,create_account,ACCOUNT,BILQZ,5006
20711,"I forgot my user account PIN code, help me recover it",recover_password,ACCOUNT,BCL,11084
12076,what do i have to do to check the shipping options,delivery_options,DELIVERY,BILQ,6109
19524,I don't know what I have to do to acquire several products,place_order,ORDER,BLM,10142
14504,pudate pro account,edit_account,ACCOUNT,BKLZ,7383
23250,issues entering a different delivery address,set_up_shipping_address,SHIPPING,BLM,12609
21541,"I can't open a user , want help reporting a signup problem",registration_problems,ACCOUNT,BCLNQZ,11648
9379,help me chat with someone,contact_human_agent,CONTACT,BL,4644
12946,"I have to check when will my item arrive, I need assistance",delivery_period,DELIVERY,BC,6437
10163,i dont have a {{Account Category}} account eyt i need to sign up,create_account,ACCOUNT,BCLNQZ,5107
5764,I have to list the available payment options,check_payment_methods,PAYMENT,BL,2527
4510,would it be possible to lolok for my bill #12588,check_invoice,INVOICE,BILPQZ,2272
5358,"I have got to list the payment options, how can I do it?",check_payment_methods,PAYMENT,BCIL,2708
8769,I'm trying to see at what time customer support available is,contact_customer_service,CONTACT,BLQ,4277
6106,"I want to see your refund policy, how to do it?",check_refund_policy,REFUND,BCIL,3067
22499,I don't know how I can write an opinion for a service,review,FEEDBACK,BL,12335
20170,where can I get information about the forgotten PIN code?,recover_password,ACCOUNT,BIL,10657
14055,editing informaqtion on platinum account,edit_account,ACCOUNT,BKLZ,7080
23167,how to enter another shipping address?,set_up_shipping_address,SHIPPING,BIL,12794
16276,help me get a refund of my moneyu,get_refund,REFUND,BZ,8275
18442,assistance to report an error with payment,payment_issue,PAYMENT,BL,9334
9850,i dont know what i have to do to speak to an operator,contact_human_agent,CONTACT,BLQ,4446
13926,update data on {{Account Category}} cacount,edit_account,ACCOUNT,BKLZ,6967
20349,I want help resetting my profile access key,recover_password,ACCOUNT,BL,10432
20570,i have got to retrieve the pwd of my user account,recover_password,ACCOUNT,BLQ,10978
20832,assistance to reset the pin of my account,recover_password,ACCOUNT,BLQ,11065
12636,where do I see what delivery methods are there?,delivery_options,DELIVERY,BILM,6237
14115,correcting details on pro account,edit_account,ACCOUNT,BKLM,7130
19304,help to buy an few of your product,place_order,ORDER,BLMZ,9960
18618,can you help me solve issues with online payments?,payment_issue,PAYMENT,BILM,9431
11649,I do not know how to close my {{Account Category}} account,delete_account,ACCOUNT,BEL,5502
4534,"I have to find the bill #37777, I need help",check_invoice,INVOICE,BCL,2282
24596,I don't know what I have to do to change to the gold account,switch_account,ACCOUNT,BL,13300
806,can ya help me cancel purchzse {{Order Number}},cancel_order,ORDER,BILQZ,178
5284,i have to list ur accepted payment options how to do it,check_payment_methods,PAYMENT,BCILQ,2516
5798,i dont know how to check ur payment modalities,check_payment_methods,PAYMENT,BLQ,2906
20341,where do I restore the password of my account?,recover_password,ACCOUNT,BIL,10801
9616,I don't know what I have to do to contact someone,contact_human_agent,CONTACT,BL,4772
13124,can you show me when will my product arrive?,delivery_period,DELIVERY,BIL,6591
16992,I am trying to sign up to the newsletter,newsletter_subscription,SUBSCRIPTION,BL,8668
23584,what do i need to do to set up a different shipping address,set_up_shipping_address,SHIPPING,BIQ,12982
710,I can't aford order {{Order Number}},cancel_order,ORDER,BLNZ,163
2610,could uhlep me to change my goddamn address,change_shipping_address,SHIPPING,BILPQWZ,1186
2204,can ya tell me more about changing the shipping address,change_shipping_address,SHIPPING,BIQ,910
21248,where can I report a problem with sign-up?,registration_problems,ACCOUNT,BIL,11473
9545,directing to agent,contact_human_agent,CONTACT,BL,4729
20827,I cannot restore my user account pwd,recover_password,ACCOUNT,BELNQ,11160
23309,i cannot set up the delivery address,set_up_shipping_address,SHIPPING,BELQZ,12861
3966,checking invoices from {{Person Name}},check_invoice,INVOICE,BKM,1943
1093,help me adding some products to order {{Order Number}},change_order,ORDER,BLM,283
18223,i dont know how to inform of paymentissues,payment_issue,PAYMENT,BLMQZ,9208
22683,wanna send feedback about a service,review,FEEDBACK,BLQ,12461
12862,what do I have to do to see what delivery methods I have?,delivery_options,DELIVERY,BILM,6402
13871,i need assistance to check how long the shipping tazkes,delivery_period,DELIVERY,BLQZ,6927
16458,how do I get restitutions of money?,get_refund,REFUND,BILM,8375
14606,"I want to update my goddamn personal info, how to do it?",edit_account,ACCOUNT,BCILQW,7442
4857,what do i need to do to find my bill #37777,check_invoice,INVOICE,BILQ,2434
23387,i cant submit myy new shipping address,set_up_shipping_address,SHIPPING,BLQZ,12893
8445,help to contact damn customer support,contact_customer_service,CONTACT,BLW,4041
7988,can youshow me what hours I can contact customer support?,contact_customer_service,CONTACT,BILZ,3923
6400,is it possible to check in what cases can I request refunds?,check_refund_policy,REFUND,BIL,2971
14875,updating user profile,edit_account,ACCOUNT,BKL,7595
13587,hrlp me check when will my product arrive,delivery_period,DELIVERY,BLZ,6809
26476,I want to track my restitution,track_refund,REFUND,BL,14035
23400,is it possible to set a different shipping address up?,set_up_shipping_address,SHIPPING,BI,12900
23431,there are issues setting up the seocndary shipping address,set_up_shipping_address,SHIPPING,BLMZ,12917
7480,I need help lodging a complaint against your company,complaint,FEEDBACK,BL,3562
17999,need assistance reporting a problem with payment,payment_issue,PAYMENT,BLQ,9044
11962,I have got to check the methods for delivery,delivery_options,DELIVERY,BL,6042
10301,new gold account for wife,create_account,ACCOUNT,BKL,5191
15969,need help asking for a reimbursement ofmy money,get_refund,REFUND,BLQZ,8050
19684,can you help me order an item?,place_order,ORDER,BIL,10261
3712,can you show me the termination fees?,check_cancellation_fee,CANCEL,BILM,1814
26000,where do i track the refund,track_refund,REFUND,BIQ,13860
26612,"I have to see the bloody status of the refund, how to do it?",track_refund,REFUND,BCILW,14072
13951,edit details on {{Account Type}} account,edit_account,ACCOUNT,BKLM,6990
20826,help me to retrieve the access key of my user,recover_password,ACCOUNT,BL,11159
3205,I cannot find anything about the early exit charges,check_cancellation_fee,CANCEL,BELM,1568
23628,i dont know how to set up the new delivery addresd,set_up_shipping_address,SHIPPING,BLQZ,13008
9781,"I do not understand you, can you help me talk to a person?",contact_human_agent,CONTACT,BCEIL,4859
8773,wannaspeak with customer service can ya help me,contact_customer_service,CONTACT,BCILQZ,4278
26407,"I have got to track the restitution, how can I do it?",track_refund,REFUND,BCIL,14012
19522,can you help me purchasing something?,place_order,ORDER,BIL,10141
14401,changing info on freemium account,edit_account,ACCOUNT,BKLQ,7323
21683,i have got to report an issue with sign-up,registration_problems,ACCOUNT,BLQ,11729
13713,how can I see how soon can I expect my goddamn delivery?,delivery_period,DELIVERY,BILW,6859
1076,update purchase00004587345,change_order,ORDER,BLZ,271
56,"I ordered some item, cancel purchase {{Order Number}}",cancel_order,ORDER,BCL,25
17851,"I have got to sign up to the corporate newsletter, help me",newsletter_subscription,SUBSCRIPTION,BCL,8621
21912,what do I have to do to leave a review about a servie?,review,FEEDBACK,BILZ,11876
9076,"you aren't helpful at all, contact somebody",contact_human_agent,CONTACT,BCL,4457
20162,"I have forgotten my PIN, could I reset it?",recover_password,ACCOUNT,BCILPV,10649
19938,i want help to recver my user account pwd,recover_password,ACCOUNT,BLQZ,10447
10483,I want to open a standard account,create_account,ACCOUNT,BL,4990
16229,reimburse {{Refund Amount}} dollars,get_refund,REFUND,BKLM,8195
7784,"I am unhappy with your work, how do I lodge a reclamation?",complaint,FEEDBACK,BCIL,3808
18108,I'm trying to inform of problems with online payments,payment_issue,PAYMENT,BLMQ,9125
6933,"I want to file a damn consumer claim, how can I do it?",complaint,FEEDBACK,BCILW,3339
18490,where to report issues with online payments,payment_issue,PAYMENT,BILMQ,9363
7189,where can I lodge a fucking reclamation?,complaint,FEEDBACK,BILW,3518
19356,want assistance to order something,place_order,ORDER,BLQ,10008
9550,what do I have to do to cntact an assistant?,contact_human_agent,CONTACT,BILZ,4733
7277,lodging reclamation against your company,complaint,FEEDBACK,BL,3503
21343,"I have got to report issues with signup, help me",registration_problems,ACCOUNT,BCLM,11531
19613,I need assistance shopping some of your item,place_order,ORDER,BLM,10202
16313,when will i get a restitutiom of money,get_refund,REFUND,BILQZ,8291
23146,where do I set up the shipping address?,set_up_shipping_address,SHIPPING,BIL,12779
12992,can ya show me when my purchase is gonna arrive,delivery_period,DELIVERY,BILQ,6497
13800,I want assistance to check how soon can Iexpect my purchase,delivery_period,DELIVERY,BLZ,6897
5678,"I need to see the payment options, can you help me?",check_payment_methods,PAYMENT,BCIL,2851
21891,I don't know how I could leave a comment about a service,review,FEEDBACK,BLP,11855
6088,can i see in which situtaions can i request refunds,check_refund_policy,REFUND,BILQZ,3059
22866,uhave a method to submit feedback for ur services,review,FEEDBACK,BILQ,12582
15299,I'm tryng to get the bill #00108,get_invoice,INVOICE,BLQZ,7788
7213,help me filing a consumer reclamation,complaint,FEEDBACK,BL,3536
2579,need support tryinmg to change the address,change_shipping_address,SHIPPING,BLQZ,1169
9623,I cannot contact a human agent,contact_human_agent,CONTACT,BEL,4775
17975,notify of fucking payment issues,payment_issue,PAYMENT,BLMW,9022
20785,I need assistance retrieving the damn PIN code of my profile,recover_password,ACCOUNT,BLW,11134
23005,why I can't enter a different delivery address valid,set_up_shipping_address,SHIPPING,BL,12694
17002,i have glt to receive the newsletter help me,newsletter_subscription,SUBSCRIPTION,BCLQZ,8674
15327,I do not know what to do to get the bill #12588,get_invoice,INVOICE,BELZ,7676
9401,i do not know what i need to do to speak with a person,contact_human_agent,CONTACT,BELQ,4386
20385,I want help to reset my bloody password,recover_password,ACCOUNT,BLW,10838
21697,I am having problems with my registration,registration_problems,ACCOUNT,BELM,11734
374,I need help to cancel purchase370795561790,cancel_order,ORDER,BLZ,109
23150,I have a problem submitting the secondary delivery address,set_up_shipping_address,SHIPPING,BL,12781
18062,"my card did not work, I want to report issues with payments",payment_issue,PAYMENT,BCELM,9096
7332,making customer complaint against your company,complaint,FEEDBACK,BL,3604
6460,help to check in what situations can I request reimbursments,check_refund_policy,REFUND,BLZ,3190
17253,helpme cancel the company newsletter subscription,newsletter_subscription,SUBSCRIPTION,BZ,8771
15050,I don't know what to do to download thr invoice #12588,get_invoice,INVOICE,BLZ,7703
10295,I do not know how I can open another damn {{Account Type}} account,create_account,ACCOUNT,BELW,5189
6583,show me in what casescan i request my money back,check_refund_policy,REFUND,BLQZ,3234
19575,buy item,place_order,ORDER,BK,10181
11907,do you ship to {{Delivery City}}?,delivery_options,DELIVERY,BILS,5992
12401,"I have got to check the shipment methods, how to do it?",delivery_options,DELIVERY,BCIL,6257
20375,i need help restoring myt user profile pin code,recover_password,ACCOUNT,BLQZ,10830
22205,where do I submit feedback about your company?,review,FEEDBACK,BIL,12096
21813,"I cannot open a user, help informing of sign-up problems",registration_problems,ACCOUNT,BCELMN,11809
11900,canceling gold account,delete_account,ACCOUNT,BKL,5985
9642,neerd help chatting with a human agent,contact_human_agent,CONTACT,BLQZ,4786
7139,i call to file a consumer claim against ur company,complaint,FEEDBACK,BLQ,3489
2868,"I have chosen a wrong shipping address, how do I correct it?",change_shipping_address,SHIPPING,BCIL,1342
9685,i have got to talk to a person,contact_human_agent,CONTACT,BLQ,4814
4163,where to take aq quick look at the invoices from {{Person Name}}?,check_invoice,INVOICE,BIMZ,2086
20153,I want help to restore my user account access key,recover_password,ACCOUNT,BL,10642
7398,I'm very unhappyt with ur service i need to file a complaint,complaint,FEEDBACK,BCLQZ,3637
22758,I want to submit my feeddback for your company,review,FEEDBACK,BLZ,12509
16609,i have paid {{Currency Symbol}}{{Refund Amount}} for an item i wanna get my money back,get_refund,REFUND,BCELMQV,8459
3579,"I have to see the early termination charge, can you help me?",check_cancellation_fee,CANCEL,BCIL,1761
13331,I am looking for shipping periods,delivery_period,DELIVERY,BEL,6701
19190,"I have to purchase some of your article, help me",place_order,ORDER,BCLM,9863
15176,is it possible to get my invoice from {{Person Name}},get_invoice,INVOICE,BILQ,7747
10422,i aint registered yet help me opening an {{Account Type}} account,create_account,ACCOUNT,BCLQZ,5248
19141,what do I need to do to buy an item?,place_order,ORDER,BI,9819
2565,can you tell me about updating the shipping address?,change_shipping_address,SHIPPING,BIL,1162
23934,I'd like to use the {{Account Type}} account could uhelp me,switch_account,ACCOUNT,BCIPQ,13165
14925,I don't know how I can get my goddamn invoice from {{Person Name}},get_invoice,INVOICE,BLW,7636
22006,is there an e-mail to submit a comment about your services?,review,FEEDBACK,BIL,11960
8283,i dont know how i can call customer assistance,contact_customer_service,CONTACT,BLQ,4089
20203,I can't retrieve my key,recover_password,ACCOUNT,BLN,10689
21170,I can't notify of errors with a signup,registration_problems,ACCOUNT,BLMN,11418
11099,i want assistance to removce the premium account,delete_account,ACCOUNT,BLQZ,5598
17791,I can't sign up to the company newsletter,newsletter_subscription,SUBSCRIPTION,BL,8922
22169,wanna send some fedeback for ur services i need help,review,FEEDBACK,BCLQZ,12093
21968,I havegot to leave a review for your company,review,FEEDBACK,BZ,11927
15805,getting invoices from eight months ago,get_invoice,INVOICE,BKM,7952
15752,whzt do i have to do to get my invoice #00108,get_invoice,INVOICE,BIQZ,7933
9648,I am trying to contact a agent,contact_human_agent,CONTACT,BZ,4790
12832,i need information about the shipment options,delivery_options,DELIVERY,BLQ,6390
20620,"I have lost my user profile PIN, I have to restore it",recover_password,ACCOUNT,BCLV,11016
13516,how can I see how soon can I expect my article?,delivery_period,DELIVERY,BIL,6483
10775,can ya tell me more about opening {{Account Type}} accounts,create_account,ACCOUNT,BILMQ,5402
8510,I do not know how to contact cutomer support,contact_customer_service,CONTACT,BELZ,4174
14121,modify data on {{Account Type}} account,edit_account,ACCOUNT,BKL,7134
8089,I don't know how I can talk with customer support,contact_customer_service,CONTACT,BL,3986
2394,i try to modify the shippig address,change_shipping_address,SHIPPING,BLQZ,1045
15334,help me to downolad invoice #37777,get_invoice,INVOICE,BLZ,7802
22161,I call to send my feedback,review,FEEDBACK,BL,12086
3995,can uhelp me take a quick look at my invoice #00108,check_invoice,INVOICE,BIQ,1973
21344,"I cannot open an account, how to inform of sign-up errors?",registration_problems,ACCOUNT,BCEILMN,11532
7654,where to lodge a complaint?,complaint,FEEDBACK,BIL,3752
22703,where do I submit feedback about a product?,review,FEEDBACK,BIL,12475
24878,want assitsance using the platinum account,switch_account,ACCOUNT,BQZ,13517
3908,where to check the early termination fes,check_cancellation_fee,CANCEL,BILMQZ,1903
26219,I'm waiting for a refund of {{Refund Amount}} dollrs,track_refund,REFUND,BQZ,13947
11181,question about the rermoval of a {{Account Category}} account,delete_account,ACCOUNT,BLZ,5646
6707,assistance checking in what cases can I ask for a refund,check_refund_policy,REFUND,B,3264
4230,"I lost my invoices from {{Person Name}}, show them to me",check_invoice,INVOICE,BCLM,2132
9046,can you help me speaking with someone?,contact_human_agent,CONTACT,BIL,4434
10557,create freemium account for wife,create_account,ACCOUNT,BKL,5303
1257,wanna edit ordr {{Order Number}} i need help,change_order,ORDER,BCLQZ,392
9132,what do I need to do to chat with an assistant?,contact_human_agent,CONTACT,BILZ,4499
22280,"I have got to leave feedback about your company, I need help",review,FEEDBACK,BCL,12178
22565,"I have got to submit feedback for a service, how to do it?",review,FEEDBACK,BCIL,12381
10811,opening gold account for wife,create_account,ACCOUNT,BKL,5414
4292,I want assistance giving a quick look at my invoice #12588,check_invoice,INVOICE,BL,1971
14989,ido not know what i need to do to get the invoice #37777,get_invoice,INVOICE,BEQZ,7674
23152,I do not know how I could enter my new delivery address,set_up_shipping_address,SHIPPING,BELP,12783
25096,"I want to see order {{Order Number}} status, I need help",track_order,ORDER,BCL,13592
19793,I need help earning some articles,place_order,ORDER,BLM,10335
12101,how can I see what fucking shipment options are available?,delivery_options,DELIVERY,BILMW,6122
20863,I do not know how to reset my user profile PIN code,recover_password,ACCOUNT,BEL,11178
17338,I cannot subscribeto the corporate newsletter,newsletter_subscription,SUBSCRIPTION,BELZ,8798
26548,i want help to see the rebate status,track_refund,REFUND,BLQ,13826
19940,I have to retrieve my user PIN code,recover_password,ACCOUNT,BL,10417
15792,i needhelp to get my invoices from {{Person Name}},get_invoice,INVOICE,BLMQZ,7946
9887,I wanty to contact an operator,contact_human_agent,CONTACT,BLZ,4916
11720,clsoe freemium account,delete_account,ACCOUNT,BKLZ,5900
7306,help me to file a customer claim gaainst your organization,complaint,FEEDBACK,BLZ,3590
9963,Iam looking for information about opening a {{Account Category}} account,create_account,ACCOUNT,BELZ,4972
2233,can ya give me information about an addres update,change_shipping_address,SHIPPING,BILQZ,931
4622,how do I look for bill #12588?,check_invoice,INVOICE,BIL,2329
1357,need help to correc order {{Order Number}},change_order,ORDER,BLQZ,449
23581,"I have to submit my new shipping address, I need assistance",set_up_shipping_address,SHIPPING,BCL,12980
11302,have a problem with the cancellation of my gold account,delete_account,ACCOUNT,BLQ,5706
11122,how could i find infrmation about pro account removals,delete_account,ACCOUNT,BILMPQZ,5614
11058,"I have to cancel my platinum account, how can I do it?",delete_account,ACCOUNT,BCIL,5571
6283,I don't know what I have to do to see your money back policy,check_refund_policy,REFUND,BL,3128
1384,"I hav got to change order {{Order Number}}, help me",change_order,ORDER,BCZ,462
1304,can I delete an item from order {{Order Number}}?,change_order,ORDER,BIL,420
18934,earn a few of your product,place_order,ORDER,BLM,9624
24572,what do I have to do to switch to the pro account?,switch_account,ACCOUNT,BI,13145
12956,I want assistance seeing when my item is going to arrive,delivery_period,DELIVERY,BL,6469
7207,"I am not happy with your work, lodge a consumer reclamation",complaint,FEEDBACK,BCEL,3530
6298,i have to check in what situatins can i ask to be reimbursed,check_refund_policy,REFUND,BLQZ,3138
23742,support setting up my delivery address,set_up_shipping_address,SHIPPING,BL,13057
22615,I have to leave feedback about a product,review,FEEDBACK,BL,12415
6077,could I see in what situations can I ask for refunds?,check_refund_policy,REFUND,BILP,2958
831,i dont wat order {{Order Number}} cancel it,cancel_order,ORDER,BCNQZ,180
22622,wanna leave a comment how do i do it,review,FEEDBACK,BCILQ,12419
10516,opening standard account for wife,create_account,ACCOUNT,BKL,5283
16162,I do not know what I need to do to obtain a reimbursement,get_refund,REFUND,BEL,8204
13191,help to see when will my package arrive,delivery_period,DELIVERY,BL,6542
16342,how long until I obtain a refund of money?,get_refund,REFUND,BIL,8306
21806,what do i need to do to notiyf of problems with a signup,registration_problems,ACCOUNT,BILMQZ,11804
10620,i have a question about opening pro accounts,create_account,ACCOUNT,BLMQ,5329
5396,help seeing what payment methods you accept,check_payment_methods,PAYMENT,BL,2724
19114,need to purchase several of ur article,place_order,ORDER,BLMQ,9795
8380,"I have to talk with customer assistance, how can I do it?",contact_customer_service,CONTACT,BCIL,3898
25582,I nerd to check the ETA of the purchase {{Order Number}},track_order,ORDER,BLZ,13718
11966,could I see the damn shipment methods?,delivery_options,DELIVERY,BILPW,6046
15232,get invoice from last month,get_invoice,INVOICE,BK,7770
17510,how could I receive yoru goddamn newsletter?,newsletter_subscription,SUBSCRIPTION,BILPWZ,8853
16761,i dont know how to receive a refund of my money,get_refund,REFUND,BLQ,8542
24440,using another user,switch_account,ACCOUNT,BK,13386
11839,closing freemium account,delete_account,ACCOUNT,BKL,5621
20641,i have lost my profile pwd help me to recover it,recover_password,ACCOUNT,BCLQV,11029
18538,I try to report errors with payment,payment_issue,PAYMENT,BLM,8979
4023,find my bill #85632,check_invoice,INVOICE,BL,1995
15670,can you help me downloading my bill #85632?,get_invoice,INVOICE,BIL,7912
5916,I am trying to see your allowed payment methods,check_payment_methods,PAYMENT,BL,2492
17894,i cant make a payment where can i notify of an error,payment_issue,PAYMENT,BCILQ,8947
23329,i have got to set the new deliver address up how do i do it,set_up_shipping_address,SHIPPING,BCILQZ,12870
65,I want to cancle purchase {{Order Number}},cancel_order,ORDER,BLZ,28
2175,can you tell me about a shipping address update?,change_shipping_address,SHIPPING,BIL,883
20129,I donot know how to recover my pwd,recover_password,ACCOUNT,BELQZ,10618
22427,assistance sending some efedback about a product,review,FEEDBACK,BLZ,12287
2880,where do I change my shipping address?,change_shipping_address,SHIPPING,BI,1349
20445,could i recover my damn profile key,recover_password,ACCOUNT,BILPQWZ,10886
952,order cancellation,cancel_order,ORDER,BK,196
2080,i have chosen a wrong bloody delivery address by mistale,change_shipping_address,SHIPPING,BLQWZ,802
3028,is it possible to see the withdrawal penalties,check_cancellation_fee,CANCEL,BILMQ,1450
22832,help submitting feedback about your services,review,FEEDBACK,BL,11909
4160,I have got to locate hte bills from {{Person Name}},check_invoice,INVOICE,BLMZ,2084
19267,"I would like to acquire something, how to do it?",place_order,ORDER,BCILP,9930
13405,assistance seeing how soon can I exect my delivery,delivery_period,DELIVERY,BLZ,6734
10770,new standard account,create_account,ACCOUNT,BKL,5400
1879,need help switching some articles of order {{Order Number}},change_order,ORDER,BLMQ,677
18841,help informing of an error with payments,payment_issue,PAYMENT,BLM,9023
8434,can you tell me what hours I can call customer service?,contact_customer_service,CONTACT,BIL,4139
6341,I would like to see in which cases can I ask for refunds,check_refund_policy,REFUND,BLP,3157
15929,I don't know what I need to do to request rebates,get_refund,REFUND,BLM,8010
4568,I need help giving a quick look at the bill #00108,check_invoice,INVOICE,BL,1959
9123,i try to talk with a person,contact_human_agent,CONTACT,BLQ,4491
15151,"I have got to download the invoice #37777, how can I do it?",get_invoice,INVOICE,BCIL,7742
15650,i have got to get my goddamn bills from {{Person Name}},get_invoice,INVOICE,BLMQW,7903
19807,i want help to shop some producgs,place_order,ORDER,BLMQZ,10344
3093,I don't know what to do to see the early termination fees,check_cancellation_fee,CANCEL,BLM,1494
9558,want assistance to talk with an operator,contact_human_agent,CONTACT,BLQ,4548
9051,can you help me to speak with a bloody operator?,contact_human_agent,CONTACT,BILW,4439
1553,need to add an item to purchase {{Order Number}} could ya help m,change_order,ORDER,BCILPQZ,532
5855,"I want to check the payment options, I need assistance",check_payment_methods,PAYMENT,BCL,2930
23042,troubles setting my secondary delivery address up,set_up_shipping_address,SHIPPING,BLM,12717
10138,could you help me to open a premium account?,create_account,ACCOUNT,BILP,5091
4959,can you help me check your accepted payment methods?,check_payment_methods,PAYMENT,BIL,2500
16541,when am I obtaining a refund?,get_refund,REFUND,BIL,8421
26305,is it possible to check if there are any news on my rebate?,track_refund,REFUND,BILM,13978
526,i cant afford order {{Order Number}},cancel_order,ORDER,BLNQ,138
12462,can you show me what methods for delivery I have?,delivery_options,DELIVERY,BILM,6273
7649,need help making an customer complaint against your business,complaint,FEEDBACK,BLQZ,3389
7893,help filing a customer complant against ur business,complaint,FEEDBACK,BLQZ,3854
4353,can i givea quick look at the bill from {{Person Name}},check_invoice,INVOICE,BILQZ,2197
21990,do you have an address to leave a comment about a service?,review,FEEDBACK,BIL,11947
19357,i dont know how i can shop several of ur article,place_order,ORDER,BLMQ,10009
15352,i have got to get bill #37777 how to do it,get_invoice,INVOICE,BCILQ,7806
8233,i want help to see what hours i can call custmer service,contact_customer_service,CONTACT,BLQZ,4063
3211,where can i check the termination penalties,check_cancellation_fee,CANCEL,BILMQ,1407
76,i bought some damn item help to cancep order {{Order Number}},cancel_order,ORDER,BCLQWZ,34
3162,i cant find the cancellation penalty,check_cancellation_fee,CANCEL,BLQ,1543
4561,"I have got to look for bill #00108, how do I do it?",check_invoice,INVOICE,BCIL,2296
5701,I don't know what to do to check the allowed payment options,check_payment_methods,PAYMENT,BL,2863
4706,I need to see my goddamn invoices from last year,check_invoice,INVOICE,BLMW,2362
20111,i have a question about the forgotten pin code,recover_password,ACCOUNT,BLQ,10603
10958,would you give me information about my {{Account Type}} account removal?,delete_account,ACCOUNT,BILP,5500
11650,I do not know what I need to do to remove a pro account,delete_account,ACCOUNT,BEL,5870
5367,I want assistance to check your allowed payment options,check_payment_methods,PAYMENT,BL,2542
19244,I try to buy some goddamn articles,place_order,ORDER,BLMW,9911
2796,help me modify ym shipping address,change_shipping_address,SHIPPING,BLZ,1300
22158,i need assistance to leave a review about ur company,review,FEEDBACK,BLQ,12083
24331,i have to use the freemium account could ya help m,switch_account,ACCOUNT,BCIPQZ,13349
4409,i lost the bills from {{Person Name}} could ufnid them for me,check_invoice,INVOICE,BCILMPQZ,2226
19824,I don't know what I need to do to order several itmes,place_order,ORDER,BLMZ,10357
16797,when am i ovtaining my money back,get_refund,REFUND,BILQZ,8562
16471,how can I obtain refunds of my money?,get_refund,REFUND,BILM,8383
8862,can you help me see what hours I can call customer support?,contact_customer_service,CONTACT,BIL,4305
19666,I need to shop several of your article,place_order,ORDER,BLM,10247
9848,i have got to talk with an agent could uhelp me,contact_human_agent,CONTACT,BCILPQZ,4898
8180,help me to talk to customer suport,contact_customer_service,CONTACT,BLZ,4035
18768,"my card did not work, assistance reporting payment problems",payment_issue,PAYMENT,BCELM,9520
7156,I am trying to make a fucking consumer complaint,complaint,FEEDBACK,BLW,3498
4873,I need to see the fucking bill from {{Person Name}},check_invoice,INVOICE,BLW,2442
25293,i have to see the status of order {{Order Number}} can ya helo me,track_order,ORDER,BCILQZ,13648
20088,csn ya help me reset the password of my account,recover_password,ACCOUNT,BILQZ,10583
22734,I need assistance writing a comment for your services,review,FEEDBACK,BL,12496
4869,wanna find invoice #37777,check_invoice,INVOICE,BQ,2440
7355,how to lodge a consumer complaint against your business?,complaint,FEEDBACK,BIL,3532
5293,"I have got to list the payment modalities, help mne",check_payment_methods,PAYMENT,BCLZ,2681
21461,where can i report registration errors,registration_problems,ACCOUNT,BILMQ,11475
19654,I do not know how to shop a few of your item,place_order,ORDER,BELM,10236
8785,check whatr hours I can call customer support,contact_customer_service,CONTACT,BLZ,4281
22175,is there a method to leave a comment for your products?,review,FEEDBACK,BIL,12097
17911,I want assistance notifying of issues with payment,payment_issue,PAYMENT,BLM,8964
20876,how do i retrieve my profile pin,recover_password,ACCOUNT,BILQ,10784
26552,i want help checking if there are any news on my restitution,track_refund,REFUND,BLMQ,14055
12053,is it possibleto place an order from {{Delivery City}},delivery_options,DELIVERY,BIQSZ,6003
1892,what do I have to do to change an item of purchase {{Order Number}}?,change_order,ORDER,BIL,683
10243,open pro cacount for wife,create_account,ACCOUNT,BKLZ,5160
21509,i cannot inform of a isgnup issue,registration_problems,ACCOUNT,BELNQZ,11626
2527,help deiting the address,change_shipping_address,SHIPPING,BLZ,1137
24642,help me using the standard profile,switch_account,ACCOUNT,BL,13361
12607,"I have got to see the fucking delivery methods, I need help",delivery_options,DELIVERY,BCLW,6315
12501,"I want to check the shipment methods, how can I do it?",delivery_options,DELIVERY,BCIL,6284
22105,wanna leave a comment for ur company could i get some help,review,FEEDBACK,BCILPQZ,12043
8669,can I check what hours customer assistance available is?,contact_customer_service,CONTACT,BIL,3978
23446,"I need to submit the goddamn shipping address, how to do it?",set_up_shipping_address,SHIPPING,BCILW,12923
25144,I try to see purchase 00004587345current status,track_order,ORDER,BLZ,13604
14131,edit data on platinum account,edit_account,ACCOUNT,BKL,7143
2756,can utell me about a shipping addres modification,change_shipping_address,SHIPPING,BILQZ,1275
7830,want assistance to file a consumer claim against ur company,complaint,FEEDBACK,BLQ,3828
22948,want assistance submitting a different shipping address,set_up_shipping_address,SHIPPING,BLQ,12620
24295,wanna use thed freemium profile can ya help me,switch_account,ACCOUNT,BCILQZ,13337
13011,assistance to check hw soon can i expect the order,delivery_period,DELIVERY,BLQZ,6512
17409,where could I receive the fucking company newsletter?,newsletter_subscription,SUBSCRIPTION,BILPW,8823
14273,"I need to edit my bloody user, will you help me?",edit_account,ACCOUNT,BCIPW,7238
11207,I need information about the removal of my platinum account,delete_account,ACCOUNT,BL,5656
5291,wanna list ur payment options could i get some help,check_payment_methods,PAYMENT,BCILPQZ,2680
14971,get invoices,get_invoice,INVOICE,BKM,7665
26013,I'm waiting for an refund of {{Currency Symbol}}{{Refund Amount}},track_refund,REFUND,BQZ,13784
12048,"I want to see what shipping options I can choose, help me",delivery_options,DELIVERY,BCLM,6096
9601,I don't know how I can chat with a damn assistant,contact_human_agent,CONTACT,BLW,4763
22986,i do not know what to do to submit the enw delivery address,set_up_shipping_address,SHIPPING,BELQZ,12676
1687,remove item from order,change_order,ORDER,BK,590
4082,where can I look for the bill #85632?,check_invoice,INVOICE,BIL,2037
5275,is it possible to check ur allowed payment modalities,check_payment_methods,PAYMENT,BILQ,2616
7219,I'm calling to lodge a compaint,complaint,FEEDBACK,BLQZ,3540
14510,edit freemium account,edit_account,ACCOUNT,BKL,7387
18590,I do not know howq to report an error with online payments,payment_issue,PAYMENT,BELMZ,9417
14576,correcting infornation on standard account,edit_account,ACCOUNT,BKLZ,7427
25462,show me the fucking current status of order {{Order Number}},track_order,ORDER,BLW,13579
19331,can you help me acquire several products?,place_order,ORDER,BILM,9987
11573,i do not know how ican delete my freemium account,delete_account,ACCOUNT,BELQZ,5836
1632,"I would like to correct order {{Order Number}}, I need help",change_order,ORDER,BCLP,560
2708,how can I find information about a delivery address change?,change_shipping_address,SHIPPING,BIL,1249
16556,how can i demand refunds of my money,get_refund,REFUND,BILMQ,8152
23163,i do not know how to enter my damn new shipping address,set_up_shipping_address,SHIPPING,BELQW,12790
18358,informing of troubles with payment,payment_issue,PAYMENT,BKLM,9151
17918,help me reporting an issue wigh online payment,payment_issue,PAYMENT,BLZ,8971
19662,want help purchasing several producgs,place_order,ORDER,BLMQZ,10243
5086,can ya tell me what payment payment modalities ya accept,check_payment_methods,PAYMENT,BILQ,2574
20204,I do not know how to reset my profile key,recover_password,ACCOUNT,BEL,10690
9856,ya arent helpful at all how can i chat with somebody,contact_human_agent,CONTACT,BCILQ,4904
8968,need help chatting with an agent,contact_human_agent,CONTACT,BLQ,4374
2174,help trying to modify the delivery address,change_shipping_address,SHIPPING,BL,882
18965,I want help doing a purchase,place_order,ORDER,BL,9654
2926,i chose a wrong address by mistake,change_shipping_address,SHIPPING,BLQ,1015
13726,where to see how soon can I expect the fucking article?,delivery_period,DELIVERY,BILW,6866
4665,look for bill fromMr. Smith,check_invoice,INVOICE,BKLZ,2348
15164,could i get the damn invoice from {{Person Name}},get_invoice,INVOICE,BIPQW,7746
1070,could i swap an iem of order {{Order Number}},change_order,ORDER,BILPQZ,268
16109,I don't know how I can get a reimbursement of my money,get_refund,REFUND,BL,8163
21929,help me submit some feedback about a product,review,FEEDBACK,BL,11892
4114,check invoices from two purchases ago,check_invoice,INVOICE,BKM,2055
3377,can you help me to see the early exit charge?,check_cancellation_fee,CANCEL,BIL,1453
9883,help chatting with an assistant,contact_human_agent,CONTACT,BL,4489
13092,can you show me how long the shipping takes?,delivery_period,DELIVERY,BIL,6570
1161,i need help changing several articles of purchase {{Order Number}},change_order,ORDER,BLMQ,328
23960,use standard acdcount,switch_account,ACCOUNT,BKZ,13181
25721,wanna check the status of order {{Order Number}} could uelp me,track_order,ORDER,BCIPQZ,13753
20394,where do I restore my user account pass?,recover_password,ACCOUNT,BILQ,10558
6225,show me in which situations can i request my money back,check_refund_policy,REFUND,BLQ,3086
16614,what do i need to do to receive a rebate of money,get_refund,REFUND,BILQ,8461
7828,i do not know what to do to lodge a customer reclamation,complaint,FEEDBACK,BELQ,3821
22377,do you have an e-mail to leave my feedback?,review,FEEDBACK,BIL,12250
5349,"I need t see the accepted payment options, will you help me?",check_payment_methods,PAYMENT,BCILPZ,2705
3614,I want assistance seeing the withdrawal fee,check_cancellation_fee,CANCEL,BL,1775
6323,help to see inwhich situations can I ask to be refunded,check_refund_policy,REFUND,BLZ,3149
722,"I do not want this article, cancel order {{Order Number}}",cancel_order,ORDER,BCELN,134
19246,help me purchase some of your item,place_order,ORDER,BLM,9913
23831,wanna submit a secondary shipping address how can i d it,set_up_shipping_address,SHIPPING,BCILQZ,13098
257,I do not know what to do tro cancel order {{Order Number}},cancel_order,ORDER,BEZ,84
22033,I want to send feedback,review,FEEDBACK,BL,11980
21605,how do I report an error with sign-up?,registration_problems,ACCOUNT,BIL,11683
5407,how do i see ur accepted paument methods,check_payment_methods,PAYMENT,BILQZ,2731
13249,can you help me to see when my product is going to arrive?,delivery_period,DELIVERY,BIL,6482
24032,can i use the freemium rpofile,switch_account,ACCOUNT,BILQZ,13220
2021,i have issues trying to modify my shipping address,change_shipping_address,SHIPPING,BLMQ,745
10435,create {{Account Type}} account for wife,create_account,ACCOUNT,BKL,5254
5115,i want assistance seeing ur accepted payment opotions,check_payment_methods,PAYMENT,BLQZ,2590
10718,open another standard account for mum,create_account,ACCOUNT,BKL,5376
2706,there are troubles trying to correct my damn address,change_shipping_address,SHIPPING,BLMW,1248
25046,need to track purchase {{Order Number}},track_order,ORDER,BLQ,13526
6330,i have to see in what cases acn i request my money back,check_refund_policy,REFUND,BLQZ,3151
11078,I want assistance to cancel a gold account,delete_account,ACCOUNT,BL,5585
6964,i dont know how i can lodge a claim,complaint,FEEDBACK,BLQ,3367
16704,where to get a rebate?,get_refund,REFUND,BIL,8510
26755,I do not know how I can see the current status of the refund,track_refund,REFUND,BEL,13928
22722,need to submit some feedback for ur company help me,review,FEEDBACK,BCQZ,12486
1962,I can't swap some products of order {{Order Number}},change_order,ORDER,BLMN,345
2388,I need assistance editing my delivery address,change_shipping_address,SHIPPING,BL,1041
8837,uhave a free number to get in touch with customer assistance,contact_customer_service,CONTACT,BILQ,4297
3149,show me the withdrawal charges,check_cancellation_fee,CANCEL,BLM,1534
4515,can you help me take a quick look at the invoice #00108?,check_invoice,INVOICE,BI,2275
18463,I do not know what to do to report an error with payment,payment_issue,PAYMENT,BEL,9312
23942,"I have got to use the {{Account Type}} profile, how could I do it?",switch_account,ACCOUNT,BCILP,13170
18356,I do not know what I need to do to report payment problems,payment_issue,PAYMENT,BELM,9286
4530,I do not know how I can take a quick look at my bill #12588,check_invoice,INVOICE,BEL,2051
5689,I want assistance seeing your bloody payment options,check_payment_methods,PAYMENT,BLW,2858
10751,where to create a premium account for my daughter?,create_account,ACCOUNT,BIL,5391
19238,can you help me buy a product?,place_order,ORDER,BIL,9905
8163,need help calling damn customer assistanec,contact_customer_service,CONTACT,BLQWZ,4027
9528,I have got to contact a person,contact_human_agent,CONTACT,BL,4717
2261,i need support trying to chane my delivery address,change_shipping_address,SHIPPING,BLQZ,955
24739,i need help to use the platinum progile,switch_account,ACCOUNT,BLQZ,13482
9561,uarent being helpful how to chat with a agent,contact_human_agent,CONTACT,BCILQZ,4739
22284,help ot leave my feedback for a service,review,FEEDBACK,BLZ,12181
18884,want help reporting a trouble with online payment,payment_issue,PAYMENT,BLQ,8999
10158,i need a {{Account Type}} account could i openm it,create_account,ACCOUNT,BCILPQZ,5103
23497,"I need to submit a shipping address, can you help me?",set_up_shipping_address,SHIPPING,BCIL,12939
3020,how to see the cancellation fees?,check_cancellation_fee,CANCEL,BILM,1444
13308,where to see how long the delivery takes?,delivery_period,DELIVERY,BIL,6688
24490,"I want to use the standard profile, how can I do it?",switch_account,ACCOUNT,BCIL,13402
20437,help me to recover my pin,recover_password,ACCOUNT,BLQ,10880
26478,i dont know what i have to do to track the restitution,track_refund,REFUND,BLQ,14037
23123,help me setting another delivery address up,set_up_shipping_address,SHIPPING,BL,12744
7135,can I file a claim against your company?,complaint,FEEDBACK,BIL,3351
11344,clsoe pro account,delete_account,ACCOUNT,BKLZ,5729
14375,mldifying premium account,edit_account,ACCOUNT,BKLZ,7306
6777,how do I see your money back policy?,check_refund_policy,REFUND,BIL,3292
17107,how can I receive your fucking company newsletter?,newsletter_subscription,SUBSCRIPTION,BILW,8711
2168,how can I update my bloody address?,change_shipping_address,SHIPPING,BILW,876
18670,want assistance to notify of an erro with payment,payment_issue,PAYMENT,BLQZ,9469
22032,is there a section to leave an opinion about a service?,review,FEEDBACK,BIL,11979
19565,is it possible to make an order,place_order,ORDER,BIQ,10172
2421,can you help me modifying my delivery address?,change_shipping_address,SHIPPING,BIL,1066
19569,assistance shopping several products,place_order,ORDER,BLM,10176
12166,help checking what shipment methods i can choose,delivery_options,DELIVERY,BLMQ,6153
20075,"I lost my access key, help me retrieving it",recover_password,ACCOUNT,BCL,10570
25821,can you show me the ETA of order {{Order Number}}?,track_order,ORDER,BI,13771
23607,help me submit another delivery address,set_up_shipping_address,SHIPPING,BL,12994
9305,I can't speak to an operator,contact_human_agent,CONTACT,BL,4609
13844,where do i check how long it takes for my article to arrive,delivery_period,DELIVERY,BILQ,6721
23618,need to submit a new shipping adress,set_up_shipping_address,SHIPPING,BLQZ,13002
21211,what do i needto do to inform of registration issues,registration_problems,ACCOUNT,BILMQZ,11443
20128,I am oloking for information about the pass reset,recover_password,ACCOUNT,BELQZ,10617
18000,would it be possible to inform of a problem with payment?,payment_issue,PAYMENT,BILP,9045
22822,i want help writing a review aboutg ur products,review,FEEDBACK,BLQZ,12555
11536,"I don't need my standard account, help cancelling it",delete_account,ACCOUNT,BCL,5819
9870,I don't know how I could chat with a goddamn human agent,contact_human_agent,CONTACT,BLPW,4910
2398,I wantassistance trying to update my address,change_shipping_address,SHIPPING,BLZ,1048
21443,I want assistance reporting a problem with sign-up,registration_problems,ACCOUNT,BL,11411
13093,how long does it take for a damn article to arrive?,delivery_period,DELIVERY,BILW,6571
10756,I cannot create a freemium accounmt for my daughter,create_account,ACCOUNT,BELNZ,5393
19407,I don't know how to buy some of your item,place_order,ORDER,BM,10050
11825,cancelling premium account,delete_account,ACCOUNT,BKL,5950
22153,uhave an address to submit an opinion about a product,review,FEEDBACK,BILQ,12080
16063,i do not know how to obtain a compensation,get_refund,REFUND,BELQ,8129
10127,open {{Account Type}} cacount for wife,create_account,ACCOUNT,BKLZ,5086
2346,what do I need to do to change the address?,change_shipping_address,SHIPPING,BIL,762
24403,I do not know how I could change to the goddamn {{Account Type}} account,switch_account,ACCOUNT,BELPW,13374
25996,tracking refund,track_refund,REFUND,BK,13857
17328,need help receiving ur cororate newsletter,newsletter_subscription,SUBSCRIPTION,BLQZ,8792
2982,I can't find anything about the withdrawal charges,check_cancellation_fee,CANCEL,BLM,1411
21562,what do i have to do to notify of a registration problem,registration_problems,ACCOUNT,BILQ,11659
3971,could you help me find my invoice from {{Person Name}}?,check_invoice,INVOICE,BILP,1955
14270,need to edit my account can ya help me,edit_account,ACCOUNT,BCIQ,7235
21107,i cant inform of sign-up errors,registration_problems,ACCOUNT,BLMNQ,11369
5945,i want help to check in what cases can i ask for a reufnd,check_refund_policy,REFUND,BQZ,2979
12585,I need help checking what delivery options are there,delivery_options,DELIVERY,BLM,6310
12142,I want assistance seeing the methods for shipment,delivery_options,DELIVERY,BL,6142
20310,help me retrieve the key of my account,recover_password,ACCOUNT,BL,10777
2681,I have a trouble correcting the address,change_shipping_address,SHIPPING,BL,867
18542,I don't know how I can report problems with payment,payment_issue,PAYMENT,BLM,9389
16806,i do not know how to get a rebate of money,get_refund,REFUND,BELQ,8569
919,i dont want this order cancel purchase {{Order Number}},cancel_order,ORDER,BCNQ,192
10726,would it be possible to oen a gold account,create_account,ACCOUNT,BILPQZ,5382
19966,I would like to recover the key of my user account,recover_password,ACCOUNT,BLP,10474
12264,I have to check what shipment methods you offer,delivery_options,DELIVERY,BLM,6169
20414,I am trying to recover my account access key,recover_password,ACCOUNT,BL,10860
10038,where could I open a premium account for my fiance?,create_account,ACCOUNT,BILP,5029
22021,help me to leave an opinion about your products,review,FEEDBACK,BL,11888
18151,want help to report errors with online paymen,payment_issue,PAYMENT,BLMQZ,9160
5522,"I need to see your payment modalities, how can I do it?",check_payment_methods,PAYMENT,BCIL,2786
20555,I want to restore the PIN code of my account,recover_password,ACCOUNT,BLZ,10965
12840,I do not know what to do to see the shipment methods,delivery_options,DELIVERY,BEL,6395
14426,i have got to correct the personal details,edit_account,ACCOUNT,BLMQ,7339
3049,is it possible to see the early termination penalty,check_cancellation_fee,CANCEL,BILQZ,1465
21238,I don't know how to inform of an issue with registrations,registration_problems,ACCOUNT,BL,11467
3380,I need assistance to check the goddamn withdrawal charge,check_cancellation_fee,CANCEL,BLW,1666
17419,I want to know about my corporate newsletter subscription,newsletter_subscription,SUBSCRIPTION,BL,8825
13701,"I am trying to find the shipping period, I need help",delivery_period,DELIVERY,BCEL,6855
20670,I have got to reset my user account access key,recover_password,ACCOUNT,BL,11047
18944,I don't know what to do to order a few of your article,place_order,ORDER,BLM,9633
12121,help me checking what options for delivery i have,delivery_options,DELIVERY,BMQ,6131
21350,i habe issues registering how do i do it,registration_problems,ACCOUNT,BCIMQZ,11534
20678,where do i retrieve my user key,recover_password,ACCOUNT,BILQ,11055
10310,where to create a platinum account for my dad,create_account,ACCOUNT,BILQ,5195
11778,I need information about standard account cancellations,delete_account,ACCOUNT,BLM,5928
10597,where to create a platinum account?,create_account,ACCOUNT,BIL,5027
20573,want help to retrieve my pin,recover_password,ACCOUNT,BLQ,10980
13721,"I have to check how soon can I expect my parcel, help me",delivery_period,DELIVERY,BCL,6864
6735,want help seeing in which situations can i requestrefunds,check_refund_policy,REFUND,BLQZ,3271
20823,"I can't remember my bloody access key, can I restore it?",recover_password,ACCOUNT,BCILW,11156
13674,where doi check how soon can i expect my order,delivery_period,DELIVERY,BILQZ,6849
10645,open nw pro account for daughter,create_account,ACCOUNT,BKLZ,5341
4754,where to locaet my invoice #00108,check_invoice,INVOICE,BILQZ,2388
5333,I wantto see what payment options are accepted,check_payment_methods,PAYMENT,BLZ,2699
16078,I need assistance to receive a rebate of money,get_refund,REFUND,BL,8139
10634,how can I open a platinum account?,create_account,ACCOUNT,BIL,5336
17074,is it possible to receive the company newsletter?,newsletter_subscription,SUBSCRIPTION,BIL,8700
2923,my delivery address has changed correct it,change_shipping_address,SHIPPING,BCLQ,1372
12074,how to see the shipping methods,delivery_options,DELIVERY,BILQ,6108
18085,where could I inform of bloody issues with payment?,payment_issue,PAYMENT,BILMPW,9110
4881,I'd likke to locate the bill #85632,check_invoice,INVOICE,BLPQZ,2447
20139,I need assistance to restore the password of my profile,recover_password,ACCOUNT,BL,10628
17069,I am trying to sign up to the company newsletter,newsletter_subscription,SUBSCRIPTION,BL,8698
20768,can you help me to retrieve the key of my user?,recover_password,ACCOUNT,BIL,11124
18861,how can I inform of a trouble with payhments?,payment_issue,PAYMENT,BILMZ,9565
19656,"I have got to acquire some of your article, I need help",place_order,ORDER,BCLM,10238
21762,"I can't register, can I notify of registration problems?",registration_problems,ACCOUNT,BCILMN,11778
9862,can ya help me contacting an operator,contact_human_agent,CONTACT,BILQ,4870
9458,I don't know how I can cntact someone,contact_human_agent,CONTACT,BLZ,4687
2546,I want assistance to update my delivery address,change_shipping_address,SHIPPING,BL,1152
20717,have a question about the forgottem PIN,recover_password,ACCOUNT,BLQZ,11090
3604,can you show me the early termination fee?,check_cancellation_fee,CANCEL,BIL,1770
23975,"I have got to use the gold profile, I need assistance",switch_account,ACCOUNT,BCL,13189
17927,I want help notifying of troubles with online paymnet,payment_issue,PAYMENT,BLMZ,8980
5410,I have to see your allowed payment methods,check_payment_methods,PAYMENT,BL,2732
13795,"I have to see when my item is going to arrive, help me",delivery_period,DELIVERY,BCL,6894
22264,do you have an e-mail to submit a comment?,review,FEEDBACK,BIL,12167
4190,where to check the invoice from three last purchases?,check_invoice,INVOICE,BILM,2106
5043,I don't know how to list the payment options,check_payment_methods,PAYMENT,BL,2551
4273,"I lost my invoice from {{Person Name}}, find it for me",check_invoice,INVOICE,BCL,2150
22185,do you have a way to leave a review for your services?,review,FEEDBACK,BIL,12106
6544,in what cases can I request the bloody reimbursements?,check_refund_policy,REFUND,BILW,3220
11205,"I do not want the premium account, can I delete it?",delete_account,ACCOUNT,BCEIL,5655
21141,I don't know how I can inform of errors with sign-up,registration_problems,ACCOUNT,BLM,11394
9654,i want help talking with a human agent,contact_human_agent,CONTACT,BLQ,4707
23359,y i cannot submit the new shipping address valid,set_up_shipping_address,SHIPPING,BELQZ,12883
20867,I want help resetting my user profile PIN,recover_password,ACCOUNT,BL,11181
4967,will utell me the accepted payment options,check_payment_methods,PAYMENT,BILPQ,2505
15910,I'm trying to request my money back,get_refund,REFUND,BLQ,7991
13568,i dont know what to do to see when mt order is gonna arrive,delivery_period,DELIVERY,BLQZ,6800
26856,"I have to check the status of my compensation, I need help",track_refund,REFUND,BCL,14129
8469,"I would like to call customer service, how to do it?",contact_customer_service,CONTACT,BCILP,4154
22493,can you help me write an opinion about a product?,review,FEEDBACK,BIL,12331
19541,I do not nkow what I have to do to order a few of your item,place_order,ORDER,BELMZ,10156
2182,I have errors trying to modify my shipping address,change_shipping_address,SHIPPING,BLM,890
21810,want assistance to report an issue with sign-up,registration_problems,ACCOUNT,BLQ,11807
25339,i have to see the ETA of purchase {{Order Number}} cn uhelp me,track_order,ORDER,BCILQZ,13660
8742,can uhelp me see what hours i can call customer service,contact_customer_service,CONTACT,BILQ,4263
14496,updating pro account,edit_account,ACCOUNT,BKL,7378
13729,"I want to see how soon can I expect the order, how to do it?",delivery_period,DELIVERY,BCIL,6464
19664,I need assistance shopping a few of your item,place_order,ORDER,BLM,10245
19836,I don't know what I have to do to shop some itmes,place_order,ORDER,BLMZ,10368
7657,need assistance to lodge a customer claim against ur company,complaint,FEEDBACK,BLQ,3599
211,ened help with cancelling purchase {{Order Number}},cancel_order,ORDER,BLQZ,75
9992,open platinum account for wife,create_account,ACCOUNT,BKL,4997
23516,I want assistancesubmitting the bloody new shipping address,set_up_shipping_address,SHIPPING,BLWZ,12943
21887,do you have an address to leave some feedback?,review,FEEDBACK,BIL,11851
8890,I don't know how to talk to customer service,contact_customer_service,CONTACT,BL,3991
11529,i dont know what i need to do to remove the freemium account,delete_account,ACCOUNT,BLQ,5818
14664,need to update the details on my user how do i do it,edit_account,ACCOUNT,BCILMQ,7480
755,"I no longer want order {{Order Number}}, I would like to cancel it",cancel_order,ORDER,BCLNP,171
3942,I need help giving an quick look at my bill #85632,check_invoice,INVOICE,BLZ,1932
4112,i dont know how to take a quick look at bill #85632,check_invoice,INVOICE,BLQ,2054
25888,could i know if there are any news on the refund,track_refund,REFUND,BILMPQ,13789
20378,how to reset my profile pin,recover_password,ACCOUNT,BILQ,10832
16678,help me asking for compensations,get_refund,REFUND,BLM,8444
22370,is there an e-mail to submit an opinion for your services?,review,FEEDBACK,BIL,12246
6891,can i check i which situations can i ask to be reimbursed,check_refund_policy,REFUND,BILQZ,2998
16925,I'd like to unsubscrie to the corporate newsletter help me,newsletter_subscription,SUBSCRIPTION,BCLPQZ,8637
20544,"I lost the PIN of my profile, I want help restoring it",recover_password,ACCOUNT,BCL,10957
3682,"I nede to see the early exit fees, how can I do it?",check_cancellation_fee,CANCEL,BCILMZ,1802
20792,i cant restore my key,recover_password,ACCOUNT,BLNQ,11137
6895,I want assistance to see in what cases can I ask for refunds,check_refund_policy,REFUND,BL,3000
24050,using premium account,switch_account,ACCOUNT,BK,13234
26418,i cannot check if there is anything new on the rebate,track_refund,REFUND,BELNQ,14016
18524,help me reporting problems with online payment,payment_issue,PAYMENT,BLM,9281
18412,i want assistance to report issues with payments,payment_issue,PAYMENT,BMQ,9315
15148,ido not know what i need to do to get the invoice #12588,get_invoice,INVOICE,BEQZ,7740
19119,buying item,place_order,ORDER,BK,9800
8169,ya have a free of charge number to reach customer service,contact_customer_service,CONTACT,BILQ,4029
24872,change to standard acount,switch_account,ACCOUNT,BKLZ,13515
18400,I don't know how to inform of troubles with payment,payment_issue,PAYMENT,BLM,9098
14188,can uhelp me correct my personal details,edit_account,ACCOUNT,BILMQ,7187
20721,is it possible to retrieve the password of my user profile,recover_password,ACCOUNT,BILQ,11092
7592,assistance to file a customer claim,complaint,FEEDBACK,BL,3726
10978,can you help me to delete my premium account?,delete_account,ACCOUNT,BIL,5513
5196,can you show me your accepted payment methods?,check_payment_methods,PAYMENT,BIL,2630
1725,can i swap some articles of purchase {{Order Number}},change_order,ORDER,BILMQ,254
6292,check in what situations can I request to be reimbursed,check_refund_policy,REFUND,BL,3134
17463,i cantg unsubscribe to ur corporate newsletter,newsletter_subscription,SUBSCRIPTION,BLQZ,8841
25494,i cfannot see order {{Order Number}} current status,track_order,ORDER,BELNQZ,13693
4970,need help seeing what damn payment options are accepted,check_payment_methods,PAYMENT,BLQW,2508
13875,would you give me information about the shipping period?,delivery_period,DELIVERY,BILP,6931
22522,what do i need to do to send some feedback,review,FEEDBACK,BILQ,12355
20327,can I restore my user pwd?,recover_password,ACCOUNT,BILQ,10791
9938,I don't know how to open a freemium account,create_account,ACCOUNT,BL,4950
18205,I want help solving a problem with online payment,payment_issue,PAYMENT,BL,9036
8912,I don't know how to get in touch with customer assistance,contact_customer_service,CONTACT,BL,4096
22647,need to write a comment about ur company could huelp me,review,FEEDBACK,BCILPQZ,12436
21434,need to inform of a sign-up error,registration_problems,ACCOUNT,BLQ,11590
3249,will you show me the early exit charges?,check_cancellation_fee,CANCEL,BILMP,1598
24900,wanna see order {{Order Number}} status acn ya help me,track_order,ORDER,BCILQZ,13530
14720,I want help to update some of the details on my user account,edit_account,ACCOUNT,BLM,7513
5307,i do not know how i can see ur payhment options,check_payment_methods,PAYMENT,BELQZ,2690
13637,what do i need to do to chcek when will my article arrive,delivery_period,DELIVERY,BILQZ,6835
21333,I'm trying to report a probloem with a fucking signup,registration_problems,ACCOUNT,BLQWZ,11524
5166,i want help to list ur payment modalities,check_payment_methods,PAYMENT,BLQ,2567
13928,i have to update the data on my profile i need help,edit_account,ACCOUNT,BCLQ,6969
18996,I need to order a bloody item,place_order,ORDER,BLW,9685
10512,is it possible to create a {{Account Category}} accojnt for my daughter?,create_account,ACCOUNT,BILZ,5281
8556,want help to get in touch with customer assistance,contact_customer_service,CONTACT,BLQ,4180
25283,where do I check my last purchase estimated time of arrival?,track_order,ORDER,BIL,13644
5471,how do I see your allowed payment optgions?,check_payment_methods,PAYMENT,BILZ,2758
19081,wanna purchase several products,place_order,ORDER,BLMQZ,9763
22135,i have got to leabe a damn opinion for a service,review,FEEDBACK,BLQWZ,12066
9007,I don't know how I can contact an sasistant,contact_human_agent,CONTACT,BLZ,4407
8367,can I contactcustomer assistance?,contact_customer_service,CONTACT,BILZ,4117
18940,need assistance to order a few of ur item,place_order,ORDER,BLMQ,9629
10595,I want help to create a standard account for my fiance,create_account,ACCOUNT,BL,5319
6337,help to see in what situationscan I ask to be reimbursed,check_refund_policy,REFUND,BLZ,3155
17072,"I need to cancel my damn newsletter subscription, help me",newsletter_subscription,SUBSCRIPTION,BCLW,8699
6916,want help to make a consumer complaint against ur company,complaint,FEEDBACK,BLQ,3322
12231,I don't know what I need to do to check the shipment options,delivery_options,DELIVERY,BL,6184
24356,I don't know what I need to do to switch to the pro account,switch_account,ACCOUNT,B,13359
12465,i try to see what shipment options are available,delivery_options,DELIVERY,BLMQ,6228
3623,is it possible to check the withdrawal penalty?,check_cancellation_fee,CANCEL,BIL,1778
17932,"the payment failed, I want assistance to notify of a problem",payment_issue,PAYMENT,BCL,8985
11291,"I never use the damn gold account, can I delete it?",delete_account,ACCOUNT,BCEILW,5699
23074,how do I submit another delivery address?,set_up_shipping_address,SHIPPING,BIL,12739
25754,I'm trying to check the status of purchase {{Order Number}},track_order,ORDER,BLQ,13759
19695,"I would like to earn several products, how could I do it?",place_order,ORDER,BCILMP,10270
20693,I need assistance retsoring the fucking key of my user,recover_password,ACCOUNT,BLWZ,11069
22641,is there a way to send my feedback,review,FEEDBACK,BILQ,12431
3307,"I want to see the withdrawal fee, can I get some help?",check_cancellation_fee,CANCEL,BCIL,1627
10145,creating account,create_account,ACCOUNT,BK,5061
9221,"I don't want a chatbot, direct to me a bloody agent",contact_human_agent,CONTACT,BCLW,4560
12293,would it be possibl to place a goddamn order from {{Delivery Country}}?,delivery_options,DELIVERY,BIPSWZ,6215
20051,I need information abvout lost passwords,recover_password,ACCOUNT,BLMZ,10548
2009,I have an issue trying to correct my delivery address,change_shipping_address,SHIPPING,BL,733
14135,edit data on gold account,edit_account,ACCOUNT,BKL,7146
12783,assistance to see the shipping methods,delivery_options,DELIVERY,BL,6374
4636,I want help looking for invoice #00108,check_invoice,INVOICE,BL,2334
5749,I want to check what payment payment modalities yu accept,check_payment_methods,PAYMENT,BLZ,2885
20234,can you help me to retrieve the access key of my user?,recover_password,ACCOUNT,BIL,10713
17186,unsubscribe to your company newspetter,newsletter_subscription,SUBSCRIPTION,BLZ,8744
17669,give me inormation about my subscription to your newsletter,newsletter_subscription,SUBSCRIPTION,BLZ,8893
13882,i have got to see how soon can i expect the product,delivery_period,DELIVERY,BLQ,6932
22294,I do not know how to send my goddamn feedback for a product,review,FEEDBACK,BELW,12188
24598,want assistance to use the standard account,switch_account,ACCOUNT,BQ,13256
5547,i dont know how i can see the available payment options,check_payment_methods,PAYMENT,BLQ,2796
19234,can unelp me shop a few of ur article,place_order,ORDER,BILMQZ,9901
25495,I donot know how to check order {{Order Number}} status,track_order,ORDER,BEZ,13694
18024,solve payment error,payment_issue,PAYMENT,BKL,9065
21074,I'm trying to report problems with a signup,registration_problems,ACCOUNT,BLMQ,11348
11897,"I don't use the goddamn gold account, I want to delete it",delete_account,ACCOUNT,BCLW,5983
14350,"I want to correct the info on my account, how do I do it?",edit_account,ACCOUNT,BCILQ,7290
23527,howq can i set up the secondary delivery address,set_up_shipping_address,SHIPPING,BILQZ,12947
11972,shiping to {{Delivery City}},delivery_options,DELIVERY,BLSZ,6051
20504,where can I restore the PIN of my user?,recover_password,ACCOUNT,BIL,10926
13828,"I need to check how long the shipment takes, how do I do it?",delivery_period,DELIVERY,BCIL,6909
13057,want help checking how sooncan i expect my article,delivery_period,DELIVERY,BLQZ,6545
12287,can you help me checking the options for shipment?,delivery_options,DELIVERY,BIL,6212
2067,I want supports trying to update my delivery address,change_shipping_address,SHIPPING,BLM,789
2242,"I entered a wrong shipping address, can I edit it?",change_shipping_address,SHIPPING,BCIL,938
17268,I'd like to unsubscribe from the newsletter i need help,newsletter_subscription,SUBSCRIPTION,BCLPQ,8777
23189,issue entering another shipping address,set_up_shipping_address,SHIPPING,BL,12805
3004,where can I check the bloody cancellation penalties?,check_cancellation_fee,CANCEL,BILMW,1432
23127,I am trying to set up a different shipping address,set_up_shipping_address,SHIPPING,B,12769
21222,I do not know how I can reoprt signup errors,registration_problems,ACCOUNT,BELMZ,11453
2770,I have to change the delivery adfress,change_shipping_address,SHIPPING,BLZ,1283
7095,what do I have to do to make a complaint?,complaint,FEEDBACK,BIL,3459
2229,can utell me more about updating my addfess,change_shipping_address,SHIPPING,BILQZ,929
1110,updateorder {{Order Number}},change_order,ORDER,BLZ,295
26021,i cant track my reimbursement,track_refund,REFUND,BLNQ,13871
18422,want assistance to reporta payment error,payment_issue,PAYMENT,BLQZ,9324
19828,I want assistance ordering something,place_order,ORDER,BL,10361
4952,need helpto check your payment modalities,check_payment_methods,PAYMENT,BLQZ,2493
6552,is it possible to seeur money back policy,check_refund_policy,REFUND,BILQZ,3225
9107,how can i talk with a person,contact_human_agent,CONTACT,BILQ,4479
26788,"I want to check the goddamn rebate status, how to do it?",track_refund,REFUND,BCILW,14113
2667,I need informarion about editing my delivery address,change_shipping_address,SHIPPING,BLZ,1224
14882,updating detais on standard account,edit_account,ACCOUNT,BKLMZ,7600
26090,want help seeing the current status of my reimbursement,track_refund,REFUND,BLQ,13905
6950,what do I have to do to lodge a complaint?,complaint,FEEDBACK,BIL,3355
5750,I'm trying to list ur payment methods,check_payment_methods,PAYMENT,BLQ,2886
1209,switch a product of order {{Order Number}},change_order,ORDER,BL,281
14930,"I cannot find my bill #85632, mail it to me",get_invoice,INVOICE,BCEL,7641
2793,error modifying address,change_shipping_address,SHIPPING,BKL,1069
21568,"I can't sign up, I have to report a sign-up error",registration_problems,ACCOUNT,BCLN,11663
18547,"I cannot pay, help notifying of a problem with payment",payment_issue,PAYMENT,BCEL,9392
15359,I do not know what I need to do to get bill #85632,get_invoice,INVOICE,BEL,7765
11629,i dont know what i need to do to delete the standard account,delete_account,ACCOUNT,BLQ,5725
4318,i do not know what i have to do to find bill #37777,check_invoice,INVOICE,BELQ,2001
13219,I don't know how I can see when will my parcel arrive,delivery_period,DELIVERY,BL,6641
1609,swap several articles of purchase {{Order Number}},change_order,ORDER,BLM,552
14883,correct info onpro account,edit_account,ACCOUNT,BKLQZ,7601
6535,"I have got to see your refund policy, help me",check_refund_policy,REFUND,BCL,3215
14696,update information on platinum account,edit_account,ACCOUNT,BKL,7500
2848,want assistance to change my delivery address,change_shipping_address,SHIPPING,BLQ,954
19790,i want help purchasing several products,place_order,ORDER,BLMQ,10332
18558,hw to report troubles with payment?,payment_issue,PAYMENT,BILMZ,9399
13697,I need help to check when will my purchase arrive,delivery_period,DELIVERY,BL,6456
16710,how to ge compensations of my money?,get_refund,REFUND,BILMZ,8513
1965,I want help changing an article of purchase {{Order Number}},change_order,ORDER,BL,708
16474,i have paid {{Currency Symbol}}{{Refund Amount}} for na article i need to get a rebate,get_refund,REFUND,BCELMQVZ,8384
6155,help me checking in what cases can I ask for reimbursements,check_refund_policy,REFUND,BLZ,3088
19549,want help ordering a few ofur article,place_order,ORDER,BLMQZ,10162
16930,I would like to cancel the subscription to the newsletter,newsletter_subscription,SUBSCRIPTION,BLP,8640
22676,i have to lerave my feedback for ur products,review,FEEDBACK,BLQZ,12455
1953,delete a product from order {{Order Number}},change_order,ORDER,BL,284
21110,"I have got to report an issue with a signup, I need help",registration_problems,ACCOUNT,BCL,11372
10833,"I am not registered yet, want help to open a damn {{Account Type}} accoun",create_account,ACCOUNT,BCELQWZ,5426
12924,I do not know how I can check when will my package arrive,delivery_period,DELIVERY,BEL,6439
23507,I can't set a new delivery address up,set_up_shipping_address,SHIPPING,BL,12941
20093,where do I retrieve my profile pwd?,recover_password,ACCOUNT,BILQ,10588
15599,getting invoices from last purchase,get_invoice,INVOICE,BKM,7791
19729,I have to acquire some of your article,place_order,ORDER,BLM,9698
3931,I do not knw how I can locate the bills from {{Person Name}},check_invoice,INVOICE,BELMZ,1922
18583,I need assistance to notify of a payment error,payment_issue,PAYMENT,BL,9413
23401,I am trying to set up the fucking delivery address,set_up_shipping_address,SHIPPING,BLW,12901
11093,how can i get information about my pro account deletion,delete_account,ACCOUNT,BILQZ,5593
1166,i made a mistake i wanna change purchase {{Order Number}},change_order,ORDER,BCLQ,331
1537,how do i swap a product of order {{Order Number}},change_order,ORDER,BILQ,421
9788,can you help me speak with an operator?,contact_human_agent,CONTACT,BIL,4683
26720,could I track my damn reimbursement?,track_refund,REFUND,BILPW,14098
2338,I want hwlp to correct the shipping address,change_shipping_address,SHIPPING,BLZ,1006
17263,i need help canceling my company newsletter subsctiption,newsletter_subscription,SUBSCRIPTION,BLQZ,8774
15711,I don't know what I have to do to get my invoice #12588,get_invoice,INVOICE,B,7817
24393,wznt help to switch to the bloody freemium account,switch_account,ACCOUNT,BQWZ,13371
2789,give me information about modifying the address,change_shipping_address,SHIPPING,BL,1297
9691,I have got to speak to a person,contact_human_agent,CONTACT,BL,4818
6354,I have got to see in which situations can I ask for a refund,check_refund_policy,REFUND,BL,2976
6782,I have to see in what cases can I request my money back,check_refund_policy,REFUND,BL,3092
19864,I don't know how to purchase a few of your item,place_order,ORDER,BLM,10387
12570,I don't know what to do to see what shipment methods I have,delivery_options,DELIVERY,BLM,6305
5189,I need to see what payment options you accept,check_payment_methods,PAYMENT,BL,2526
21660,i need assistance notifying of signup problems,registration_problems,ACCOUNT,BLMQZ,11499
22533,where can I submit my feedback for a product?,review,FEEDBACK,BIL,12364
14321,editing information on account,edit_account,ACCOUNT,BK,7271
5143,could you help me check the payment methods?,check_payment_methods,PAYMENT,BILP,2605
13956,update gold account,edit_account,ACCOUNT,BKL,6994
5483,listing available payment modalities,check_payment_methods,PAYMENT,BKL,2766
5229,what are your bloody payment methods?,check_payment_methods,PAYMENT,BILW,2648
19622,i dont know how i can shop several of ur product,place_order,ORDER,BLMQ,10210
11410,I am looking for information about my pro account deletion,delete_account,ACCOUNT,BEL,5766
14640,I don't know how to correct the data included on my account,edit_account,ACCOUNT,BL,7465
11608,cancel {{Account Type}} acount,delete_account,ACCOUNT,BKLZ,5852
25593,I want help tosee the status of order {{Order Number}},track_order,ORDER,BLZ,13720
15578,i dont know what i have to do to get my invoice #37777,get_invoice,INVOICE,BQ,7656
12859,I want help to check the bloody shipment methods,delivery_options,DELIVERY,BLW,6400
24602,can ya help me using the fucking {{Account Type}} profile,switch_account,ACCOUNT,BILQW,13440
4191,check invoice #12588,check_invoice,INVOICE,BK,2107
14088,updating data on {{Account Type}} account,edit_account,ACCOUNT,BL,7106
19821,I do not know what to do to purchase several articles,place_order,ORDER,BELM,10355
3574,"I want to see the early exit charge, how can I do it?",check_cancellation_fee,CANCEL,BCIL,1486
24798,I don't know what to do to change to the platinum account,switch_account,ACCOUNT,BL,13490
19312,I do not know what to do to buy some of your product,place_order,ORDER,BELM,9968
18351,solve troubles with payment,payment_issue,PAYMENT,BLM,9257
5183,can you help me seeing the payment medthods?,check_payment_methods,PAYMENT,BILZ,2622
20625,ihave a question about my pin recovery,recover_password,ACCOUNT,BLQZ,11019
9260,I cannot contact an assistant,contact_human_agent,CONTACT,BEL,4585
8609,i have to check at what time custmer support available is,contact_customer_service,CONTACT,BLQZ,4214
20082,could I recover my key?,recover_password,ACCOUNT,BILP,10577
20623,what do i need to do to reset my user cacount pwd,recover_password,ACCOUNT,BILQZ,11018
11398,"I would like to close my standard account, can you help me?",delete_account,ACCOUNT,BCILP,5760
1000,want help adding an item to order {{Order Number}},change_order,ORDER,BQ,203
22023,could you help me to send feedback about your company?,review,FEEDBACK,BILP,11973
26069,help to see if there is anything new on the damn refund,track_refund,REFUND,BLW,13893
19102,I have to buy some of yout item,place_order,ORDER,BMZ,9784
19110,help to earn several of your item,place_order,ORDER,BLM,9671
16337,how do I demand a bloody compensation of my money?,get_refund,REFUND,BILW,8302
3948,checking invoice from September,check_invoice,INVOICE,BK,1938
4049,see the invoice #12588,check_invoice,INVOICE,BL,2013
11247,I don't know what I need to do to close a {{Account Type}} account,delete_account,ACCOUNT,BL,5476
8149,what is your customer service phone number?,contact_customer_service,CONTACT,BIL,4020
3199,"I cannot find the withdrawal penalty, could you help me?",check_cancellation_fee,CANCEL,BCEILP,1565
4497,"I have to check my bill from {{Person Name}}, how can I do it?",check_invoice,INVOICE,BCIL,2265
14023,i have got to change the details on my user i need help,edit_account,ACCOUNT,BCLMQ,7052
9602,directing to person,contact_human_agent,CONTACT,BL,4764
14494,edit freemium accont,edit_account,ACCOUNT,BKLZ,7376
1230,I'd like information about changing order {{Order Number}},change_order,ORDER,BPQ,375
14744,updating info on platinum account,edit_account,ACCOUNT,BKLQ,7309
22765,is there a method to send feedback for a product?,review,FEEDBACK,BIL,12513
9895,what do I need to do to contact an agent?,contact_human_agent,CONTACT,BI,4919
19072,i need help to maake an order,place_order,ORDER,BQZ,9754
4251,check bill #37777,check_invoice,INVOICE,BKL,2138
22067,assistance to leave feedback about ur products,review,FEEDBACK,BLQ,12012
6175,help checking your money back policy,check_refund_policy,REFUND,B,3095
11945,I have got to see what methods for delivery I have,delivery_options,DELIVERY,BLM,6026
8181,assistance seeing at what time I can call customer support,contact_customer_service,CONTACT,BL,4036
6927,i need assistance filing a consumer claim against ur company,complaint,FEEDBACK,BLQ,3333
19061,I don't know what to do to purchase some of your article,place_order,ORDER,BLM,9743
1419,can I update purchase {{Order Number}}?,change_order,ORDER,BIL,476
14026,"I would like to edit my user, will you help me?",edit_account,ACCOUNT,BCIP,7054
11219,I want assistance to close my {{Account Type}} account,delete_account,ACCOUNT,BL,5663
14820,changing data on pro account,edit_account,ACCOUNT,BL,7562
22311,"I want to send my feedback, I need assistance",review,FEEDBACK,BCL,12201
7501,assistance making a custolmer claim,complaint,FEEDBACK,BLZ,3689
10979,could you help me cancel a gold account?,delete_account,ACCOUNT,BILP,5514
1534,problem with modifying purchase {{Order Number}},change_order,ORDER,BL,521
12999,need to see how soon can i expect the order could uhelp me,delivery_period,DELIVERY,BCILPQ,6502
2491,I do not know how to update my shipping address,change_shipping_address,SHIPPING,BEL,1117
1348,could ya help me changing an item of order {{Order Number}},change_order,ORDER,BIPQ,444
4903,I want help checking my fucking bill from {{Person Name}},check_invoice,INVOICE,BLW,2231
19517,"I would like to shop some of your product, how to do it?",place_order,ORDER,BCILMP,10136
22947,I get error messages when I try to set a shipping address up,set_up_shipping_address,SHIPPING,BLM,12645
20335,question about the pin reset,recover_password,ACCOUNT,BLQ,10476
1174,need help swapping a item of purchase {{Order Number}},change_order,ORDER,BLQZ,335
19688,where could I order a product?,place_order,ORDER,BILP,10265
18366,how could i notify of an error with online payment,payment_issue,PAYMENT,BILPQ,9291
22787,want help to submit feedback for ur company,review,FEEDBACK,BLQ,12465
7629,i have got to file a claim against ur business,complaint,FEEDBACK,BLQ,3737
17623,tell me about cancellling the subscription to ur newsletter,newsletter_subscription,SUBSCRIPTION,BLQZ,8882
10211,want assistance opening a premium account,create_account,ACCOUNT,BLQ,5136
4470,I want help giving a quick look at invoice #85632,check_invoice,INVOICE,BL,2253
17989,where can i inform of problems with online paymeny,payment_issue,PAYMENT,BILMQZ,9035
13874,is it possible to see when will my purchase arrive,delivery_period,DELIVERY,BILQ,6930
11411,"I never use my premium account, can I cancel it?",delete_account,ACCOUNT,BCEIL,5767
15461,i dont know what i have to do to get invoice #85632,get_invoice,INVOICE,BQ,7707
23442,se up new delivery address,set_up_shipping_address,SHIPPING,BKLZ,12922
19411,"I want to order a few of your product, can I get some help?",place_order,ORDER,BCILM,10053
9312,how do I chat with a fucking person?,contact_human_agent,CONTACT,BILW,4615
13936,change information on freemium account,edit_account,ACCOUNT,BKL,6977
12002,I am calling to check what bloody shipping methods I have,delivery_options,DELIVERY,BLMW,6069
15249,get bill #00108,get_invoice,INVOICE,BKL,7763
14585,modify info on pro account,edit_account,ACCOUNT,BKLQ,7431
23773,need help setting another shipping address up,set_up_shipping_address,SHIPPING,BQ,13073
9941,another freemium account for father,create_account,ACCOUNT,BKL,4953
22382,can ya help me to leave a review about a esrvice,review,FEEDBACK,BILQZ,12255
3128,I'm trying to see the early exit fers,check_cancellation_fee,CANCEL,BLMQZ,1520
20651,I need assistance to recover the PIN code of my profile,recover_password,ACCOUNT,BL,10705
21013,how can I notify of issues with a sign-up?,registration_problems,ACCOUNT,BILM,11302
7610,wanna file a consumer claim againstur company,complaint,FEEDBACK,BLQZ,3730
17718,need to receive the damn newsletter will uhelp me,newsletter_subscription,SUBSCRIPTION,BCILPQW,8904
7011,where to file a customer reclamation against ur company,complaint,FEEDBACK,BILQ,3400
1611,wanna swap some fucking products of purchase {{Order Number}},change_order,ORDER,BLMQW,554
20853,can you help me restore the key of my user profile?,recover_password,ACCOUNT,BIL,11173
18429,want help to inform of errors with payments,payment_issue,PAYMENT,BLMQ,9068
25876,how to know if there are any updates on my reimbursement?,track_refund,REFUND,BILM,13779
24809,I want assistance to chjange to the gold account,switch_account,ACCOUNT,BLZ,13500
21718,I need to inform of erors with sign-up,registration_problems,ACCOUNT,BLMZ,11748
9114,how do I contact an operator?,contact_human_agent,CONTACT,BIL,4458
17312,what do i have to do to subscribe to ur company newsleter,newsletter_subscription,SUBSCRIPTION,BIQZ,8787
7422,I am trying to file a reclamation against your company,complaint,FEEDBACK,BL,3647
1520,I can't swap somethhing of order {{Order Number}},change_order,ORDER,BLNZ,514
7317,"the experience with you has been bad, make a reclamation",complaint,FEEDBACK,BCL,3595
21257,notifying of issues creating user,registration_problems,ACCOUNT,BKLM,11477
3280,can ya help me checking the cancellation charges,check_cancellation_fee,CANCEL,BILMQ,1617
23992,I have got to use the {{Account Type}} profile,switch_account,ACCOUNT,BL,13198
1451,I have to delete several items from purchase {{Order Number}},change_order,ORDER,BLM,489
22018,i want help writing a comment about ur services,review,FEEDBACK,BLQ,11969
22644,i need assistance to send some feedback for ur produucts,review,FEEDBACK,BLQZ,12434
2012,i want support trying to change my delivery address,change_shipping_address,SHIPPING,BLQ,736
21437,"I have to report a sign-up issue, can you help me?",registration_problems,ACCOUNT,BCIL,11592
18235,Iwant to report an issue with online payments,payment_issue,PAYMENT,BLMZ,9218
9696,could ya help me to speak wqith somebody,contact_human_agent,CONTACT,BILPQZ,4822
23709,where to set up another delivery address?,set_up_shipping_address,SHIPPING,BIL,13040
2719,I cannot edit ym address,change_shipping_address,SHIPPING,BELZ,1259
16591,"I have paid {{Currency Symbol}}{{Refund Amount}} for these articles, I need to get a rebate",get_refund,REFUND,BCELMV,8224
2216,find information about modifying the delivery address,change_shipping_address,SHIPPING,BL,819
1403,give me information aout editing order {{Order Number}},change_order,ORDER,BLZ,468
739,were can i cancel purchase {{Order Number}},cancel_order,ORDER,BILQZ,168
25357,i want help to check the ETA of the oder {{Order Number}},track_order,ORDER,BLQZ,13666
19098,I want asistance to acquire a product,place_order,ORDER,BLZ,9780
1977,how ot edit order {{Order Number}}?,change_order,ORDER,BILZ,209
19328,can you help me shopping several of your article?,place_order,ORDER,BILM,9984
13334,I want help to check how soon can I expect my package,delivery_period,DELIVERY,BL,6534
7764,is it possible to make a reclamation against your business?,complaint,FEEDBACK,BIL,3796
11929,can you tell me more about the methods for delivery?,delivery_options,DELIVERY,BIL,6013
15274,i dont know what i nede to do to get the bill #00108,get_invoice,INVOICE,BLQZ,7782
14526,correcting information on freemium account,edit_account,ACCOUNT,BKL,6986
16394,could you help me requesting a goddamn rebate of my money?,get_refund,REFUND,BILPW,8337
4312,need hepl looking for my invoices from {{Person Name}},check_invoice,INVOICE,BLMQZ,2175
19440,i have to purchasea damn item how do i do it,place_order,ORDER,BCILQWZ,10077
19518,i need help to purchase several of ur product,place_order,ORDER,BLMQ,10137
10814,where to create a gold account,create_account,ACCOUNT,BIQ,5416
1651,can uhelp me remove several articles from order {{Order Number}},change_order,ORDER,BILMQ,571
20219,i ned help to reset the pin of my profile,recover_password,ACCOUNT,BLQZ,10703
18787,I need help notifying of a problem with payment,payment_issue,PAYMENT,BL,8965
4744,I want assistance to take a quick look at bill #85632,check_invoice,INVOICE,BL,2238
160,I have problems with canceling purchase {{Order Number}},cancel_order,ORDER,BLM,9
8963,can ya direct to me an agent,contact_human_agent,CONTACT,BILQ,4371
10076,can i open a {{Account Type}} account for mh dad,create_account,ACCOUNT,BILQZ,5056
5543,I want assistance to list your accetped payment modalities,check_payment_methods,PAYMENT,BLZ,2794
19502,I need help buying some of your article,place_order,ORDER,BLM,10124
10930,can ya help me to cancel an {{Account Category}} account,delete_account,ACCOUNT,BILQZ,5464
16408,can you help me to ask for compensations?,get_refund,REFUND,BILM,8346
2187,is it possible to modify the shipping address,change_shipping_address,SHIPPING,BILQ,895
1577,how to add some items to order {{Order Number}},change_order,ORDER,BIMQ,272
1716,I need to switch an article of order {{Order Number}},change_order,ORDER,BL,606
4797,where can I take a quick look at the bill #85632?,check_invoice,INVOICE,BIL,2267
12527,give me information about the options for shipping,delivery_options,DELIVERY,BL,6210
1223,update purchase113542617735902,change_order,ORDER,BLZ,370
15508,i have to get my invoicxes from {{Person Name}},get_invoice,INVOICE,BLMQZ,7861
1544,I need assistance to modify purchase {{Order Number}},change_order,ORDER,BL,527
17121,wanna know more about thesubscription to ur newsletter,newsletter_subscription,SUBSCRIPTION,BLQZ,8719
15959,i want assistance to ask for refunds,get_refund,REFUND,BLMQZ,8040
14731,editing personal information,edit_account,ACCOUNT,BK,7517
18206,"I can't make payments, need help to report an issue",payment_issue,PAYMENT,BCMQZ,9196
22221,writing review for a service,review,FEEDBACK,BKL,12132
13338,I do not know how to seehow soon can I expect my purchase,delivery_period,DELIVERY,BELZ,6705
22777,how do I write a comment about your services?,review,FEEDBACK,BIL,12519
12555,I want to see what delivery methods are there,delivery_options,DELIVERY,BLM,6175
18448,help notifying of a fucking error with online payments,payment_issue,PAYMENT,BLMW,9338
7294,want help making an customer claim against your business,complaint,FEEDBACK,BLQZ,3583
22078,is tere an e-mail to send a comment about a product,review,FEEDBACK,BILQZ,12022
19213,I am trying to order several of your article,place_order,ORDER,BLM,9883
22640,Iwant assistance to leave my feedback,review,FEEDBACK,BLZ,12430
1658,wanna cange an item of order {{Order Number}} how could i do it,change_order,ORDER,BCIPQZ,574
19117,I want help odering some articles,place_order,ORDER,BLMZ,9798
20948,I have to inform of an issue with bloody registrations,registration_problems,ACCOUNT,BLMW,11251
14117,changing data on freemium account,edit_account,ACCOUNT,BL,7132
2577,i have problems trying to edit the delivery address,change_shipping_address,SHIPPING,BLMQ,1168
21507,assistance informing of problems with sign-up,registration_problems,ACCOUNT,BLM,11226
152,I don't want purchase {{Order Number}},cancel_order,ORDER,BLN,53
9634,can you help me speaking with a live agent?,contact_human_agent,CONTACT,BIL,4781
25252,can you help me seeing the status of order {{Order Number}}?,track_order,ORDER,BIL,13636
19566,I want help to earn a produxt,place_order,ORDER,BLZ,10173
25185,can uhelp me locating order {{Order Number}},track_order,ORDER,BILQ,13602
7652,I don't know how to lodge a consumer claim,complaint,FEEDBACK,BL,3747
1284,I cannot swap some items of order {{Order Number}},change_order,ORDER,BELMN,408
24778,how do I use the standard profile?,switch_account,ACCOUNT,BIL,13245
2507,errors updating shipping address,change_shipping_address,SHIPPING,BKLM,1127
22432,"I need to write a review for a service, will you help me?",review,FEEDBACK,BCILP,12290
23504,need to set my fucking shipping address up how do i do it,set_up_shipping_address,SHIPPING,BCILQW,12940
5066,where do I list your accepted payment options?,check_payment_methods,PAYMENT,BIL,2544
4659,i dont know how to see bill #12588,check_invoice,INVOICE,BLQZ,2343
18019,I have to inform of an error with online payment,payment_issue,PAYMENT,BL,9061
22346,is there an address to send a review about ur company,review,FEEDBACK,BILQ,12225
12331,I need to see what fucking delivery options I have,delivery_options,DELIVERY,BLMW,6233
7793,I want assistance to file a fucking claim,complaint,FEEDBACK,BLW,3814
24448,i weant help using the {{Account Category}} account,switch_account,ACCOUNT,BQZ,13214
24278,can you help me switching to the {{Account Type}} account?,switch_account,ACCOUNT,BI,13327
2108,there are troubles updating the address,change_shipping_address,SHIPPING,BLM,826
21415,"I cannot register, how do I notify of signup errors?",registration_problems,ACCOUNT,BCEILMN,11576
6212,in what cases can I ask to be reimbursed?,check_refund_policy,REFUND,BIL,2957
25617,i dont know what to do to track purchase {{Order Number}},track_order,ORDER,BLQ,13726
17149,i cant subscribe to the damn company newsletter,newsletter_subscription,SUBSCRIPTION,BLQW,8729
16586,what do I need to do to request my money baqck?,get_refund,REFUND,BILZ,8445
23060,can you help me submitting the secondary shipping address?,set_up_shipping_address,SHIPPING,BIL,12729
16441,i have to demand rebates of my money,get_refund,REFUND,BLMQ,8365
9464,could you help me to speak with a live agent?,contact_human_agent,CONTACT,BILP,4337
22949,what do I have to do to set up the new shipping addeess?,set_up_shipping_address,SHIPPING,BILZ,12646
2381,my adddress changed how can i update it,change_shipping_address,SHIPPING,BCILQZ,1038
17135,help me signing up to your corporate newsletter,newsletter_subscription,SUBSCRIPTION,BL,8718
16783,i need help requesting rebates of money,get_refund,REFUND,BLMQ,8258
15956,I want help receiving refunds of my money,get_refund,REFUND,BLM,8037
15968,is it possible to obtain reimbursements of my money,get_refund,REFUND,BILMQ,8049
2366,can ya tell me about modiyfing my address,change_shipping_address,SHIPPING,BILQZ,1026
13647,I want assistance to see when will my item arrive,delivery_period,DELIVERY,BL,6690
10983,cancelin {{Account Type}} account,delete_account,ACCOUNT,BKLZ,5516
7362,I have got to file a reclamation,complaint,FEEDBACK,BL,3618
17513,help to cancel my subscription to ur corporate newsletter,newsletter_subscription,SUBSCRIPTION,BLQ,8629
24589,what do i need to do to swigch to the standard account,switch_account,ACCOUNT,BIQZ,13438
16236,can ya help me to request a refund of my money,get_refund,REFUND,BILQ,8250
16334,I have got to ask for rebates,get_refund,REFUND,BLM,8301
18236,I don't know how I can notify of a payment issue,payment_issue,PAYMENT,BL,9219
20601,help me retrieve the key of my user proflie,recover_password,ACCOUNT,BLZ,11003
10463,another {{Account Type}} account for father,create_account,ACCOUNT,BKL,5265
20423,assistance to recover my acconut key,recover_password,ACCOUNT,BLZ,10869
7396,I want help filing a customer complaint,complaint,FEEDBACK,BL,3635
14987,i need help downloading the bill #12588,get_invoice,INVOICE,BLQ,7673
17387,assistance subscriving to the company newsletter,newsletter_subscription,SUBSCRIPTION,BLZ,8813
18898,help me to shop some of your product,place_order,ORDER,BLM,9589
9473,I want asisstance to speak with a person,contact_human_agent,CONTACT,BLZ,4692
19452,can you help me earn an few of your item?,place_order,ORDER,BILMZ,10087
22794,do ya have an e-mail to submit a comment for a service,review,FEEDBACK,BILQZ,12534
19046,I don't know how I can earn an article,place_order,ORDER,BL,9730
10562,I want to create a {{Account Type}} account for my daughter,create_account,ACCOUNT,BL,5001
2942,I have issues trying to change the damn address,change_shipping_address,SHIPPING,BLMW,1381
1128,need to delete several items from order {{Order Number}},change_order,ORDER,BLMQ,307
21092,i cant notifyof a registration issue,registration_problems,ACCOUNT,BLNQZ,11359
16640,assistance to receive a compensation,get_refund,REFUND,BL,8477
3083,I don't know what I have to do to see the withdrawal pemalty,check_cancellation_fee,CANCEL,BLZ,1489
24020,could I change to the goddamn standard account?,switch_account,ACCOUNT,BILPW,13215
20695,I don't know how to reset the PIN of my user account,recover_password,ACCOUNT,BL,11071
2937,"I submitted a wrong address by mistake, could I update it?",change_shipping_address,SHIPPING,BCILP,1378
6949,"I am unhappy with your service, I have to file a reclamation",complaint,FEEDBACK,BCL,3354
22044,"I want to write a comment for your products, how do I do it?",review,FEEDBACK,BCIL,11990
8876,assistance to contact goddamn customer support,contact_customer_service,CONTACT,BLW,4313
5783,need assistaance to see the accepted payment methods,check_payment_methods,PAYMENT,BLQZ,2902
25599,ETA of ordr {{Order Number}},track_order,ORDER,BKZ,13721
1462,wanna add an article to order 370795561790will uhelp me,change_order,ORDER,BCILPQZ,494
22551,I'm caling to write an opinion about ur services,review,FEEDBACK,BLQZ,12373
9675,could you help me speaking to a live agent?,contact_human_agent,CONTACT,BILP,4807
5048,helpchecking the allowed payment options,check_payment_methods,PAYMENT,BLZ,2555
20242,"I want to recover my user profile key, can you help me?",recover_password,ACCOUNT,BCIL,10719
11871,problem with standard account removals,delete_account,ACCOUNT,BLM,5974
3952,"I have to locate the bill from {{Person Name}}, I need assistance",check_invoice,INVOICE,BCL,1941
6961,want help filiong a consumer claim,complaint,FEEDBACK,BLQZ,3365
9468,i dont know what to do to talk to an assistant,contact_human_agent,CONTACT,BLQ,4691
3760,help me see the termination charge,check_cancellation_fee,CANCEL,BL,1429
24274,can you help me using the premium profile?,switch_account,ACCOUNT,BIL,13324
16133,"I paid {{Currency Symbol}}{{Refund Amount}} for a purchase, assistance obtaining a refund",get_refund,REFUND,BCLM,8181
19750,I do not know how to earn several of your item,place_order,ORDER,BELM,10308
7909,want assistance to make a claim,complaint,FEEDBACK,BLQ,3435
7241,I do not know how to lodge a complaint,complaint,FEEDBACK,BEL,3549
2704,wanna knowabout updating the address,change_shipping_address,SHIPPING,BLQZ,1246
8382,how do I see at what time I can contact customer service?,contact_customer_service,CONTACT,BIL,3896
18840,i cant pay i have to notify of problems with online payment,payment_issue,PAYMENT,BCLMQ,9558
25061,I do not know what to do to see the status of ordrr {{Order Number}},track_order,ORDER,BELZ,13582
20563,I try to retrieve my profile access key,recover_password,ACCOUNT,BL,10971
14750,I don't know what I have to do to modify the user details,edit_account,ACCOUNT,BLM,7526
16723,wqhere to obtain rebates of money,get_refund,REFUND,BILMQZ,8521
13546,where can I get information about shipping periods ?,delivery_period,DELIVERY,BILZ,6788
9283,I cannot talk to a person,contact_human_agent,CONTACT,BEL,4596
7734,how do I make a reclamation?,complaint,FEEDBACK,BIL,3545
26024,help me seeing if there are any updates on the compensation,track_refund,REFUND,BLM,13873
14356,update premium account,edit_account,ACCOUNT,BKL,7294
1982,I need to delete a product from purchase {{Order Number}},change_order,ORDER,BL,644
19463,want help ordering several of your product,place_order,ORDER,BLMQ,10096
16316,how to receive restitutions of money?,get_refund,REFUND,BILM,8293
19367,I want assistance to acquire some artiicles,place_order,ORDER,BLMZ,10018
4918,I try to list your available payment methoids,check_payment_methods,PAYMENT,BLZ,2461
16088,obtain money back,get_refund,REFUND,BKL,8147
21048,I have signup issues,registration_problems,ACCOUNT,BLM,11328
9840,is it possible to speakto a person?,contact_human_agent,CONTACT,BILZ,4893
21041,I try to report a sign-up problem,registration_problems,ACCOUNT,BL,11322
13991,"I want to update the user data, how can I do it?",edit_account,ACCOUNT,BCIL,7028
5571,where to list your allowed payment options?,check_payment_methods,PAYMENT,BIL,2806
23083,why I cannot enter my secondary delivery address valid,set_up_shipping_address,SHIPPING,BEL,12745
6450,"I need to see your reimbusrement policy, how to do it?",check_refund_policy,REFUND,BCILZ,3188
2650,I need assistance to omdify my address,change_shipping_address,SHIPPING,BLZ,1215
14487,"I need to modify the data on my profile, could you help me?",edit_account,ACCOUNT,BCILP,7372
19952,want help to retrieve the key of my prtofile,recover_password,ACCOUNT,BLQZ,10460
3498,help checking the termmination fees,check_cancellation_fee,CANCEL,BLMZ,1728
21768,I want to inform of issues with bloody sign-up,registration_problems,ACCOUNT,BLMW,11783
8067,need help to check what horus I can contact customer service,contact_customer_service,CONTACT,BQZ,3975
22449,I do not know how to leave a review about a product,review,FEEDBACK,BEL,12301
13398,help me seeing how long it takes for the delivery to rarive,delivery_period,DELIVERY,BLZ,6730
18997,want assistance ordering a few of your article,place_order,ORDER,BLMQ,9686
19319,can uhelpp me to order some of ur product,place_order,ORDER,BILMQZ,9975
3209,I don't know how I can check the early termination fees,check_cancellation_fee,CANCEL,BLM,1570
21928,I want help to leave a goddamn comment about your company,review,FEEDBACK,BLW,11891
20468,i dont know what i need to do to recover my account password,recover_password,ACCOUNT,BLQ,10902
2015,there are problems trying to modify the shipping address,change_shipping_address,SHIPPING,BLM,739
22362,wanna leave goddamn feedback about ur services,review,FEEDBACK,BLQW,12239
16025,how long until i receiver my reimbursement of money,get_refund,REFUND,BILQZ,8099
12019,"I have to see the methods for shipment, I need assistance",delivery_options,DELIVERY,BCL,6082
14374,correcting data on premium account,edit_account,ACCOUNT,BL,7305
18489,help me inform of a problem with payment,payment_issue,PAYMENT,BL,9273
21512,i have top inform of goddamn sign-up problems could uhelp me,registration_problems,ACCOUNT,BCILMPQWZ,11628
11842,how can i close my freemium account,delete_account,ACCOUNT,BILQ,5910
14074,assistance updating the damn user information,edit_account,ACCOUNT,BLW,7094
15895,i dont know what to do to getmy bill #37777,get_invoice,INVOICE,BLQZ,7978
19326,"I want to acquire a few of your product, how can I do it?",place_order,ORDER,BCILM,9982
14221,edit info on standard account,edit_account,ACCOUNT,BKLQ,7209
18006,I need help informing of payment issues,payment_issue,PAYMENT,BLM,9050
23050,I would like to submit the delivery address,set_up_shipping_address,SHIPPING,BLP,12723
10685,create standard accountfor wife,create_account,ACCOUNT,BKLZ,5359
8640,i have got to talk to customer assistance how to do it,contact_customer_service,CONTACT,BCILQZ,4224
14547,i have got to modify the details on my account help me,edit_account,ACCOUNT,BCLMQ,7412
4338,help looking for the bill #00108,check_invoice,INVOICE,BL,2189
7418,how could I file a consumer complaint?,complaint,FEEDBACK,BILP,3539
12334,wanna see what delivery options are there i need help,delivery_options,DELIVERY,BCLMQ,6234
16621,I have got to receive compensations,get_refund,REFUND,BLM,8464
15520,I do not know what I need to do to download invoice #37777,get_invoice,INVOICE,BEL,7666
18570,I need assistance to solve a trouble with online paymentsd,payment_issue,PAYMENT,BLMZ,9249
17905,"I cannot make payments, could I report a problem?",payment_issue,PAYMENT,BCEILMP,8958
7098,can uhelp me file a customer reclamation,complaint,FEEDBACK,BILQ,3462
4595,i want assistance to find my invoice #85632,check_invoice,INVOICE,BQ,2314
15627,need to get the invoicefrom {{Person Name}} can i get some help,get_invoice,INVOICE,BCIQZ,7897
21155,there is an issue with my online registration,registration_problems,ACCOUNT,BEL,11406
21981,I want assistanec to leave an opinion,review,FEEDBACK,BLZ,11938
7085,can you help me file a consumer claim against your business?,complaint,FEEDBACK,BIL,3452
22390,need help to write an comment for ur products,review,FEEDBACK,BLQZ,12258
7496,need asistance filing a consumer claim against your business,complaint,FEEDBACK,BLQZ,3686
25799,where to see the bloody ETA of the order {{Order Number}},track_order,ORDER,BILQW,13561
1970,"I have to modigy purchase {{Order Number}}, help me",change_order,ORDER,BCLZ,711
22514,I want toleave an opinion for a service,review,FEEDBACK,BLZ,12347
19251,i have to purchase some items,place_order,ORDER,BLMQ,9917
3063,i dont know whag i have to do to see the termination penalty,check_cancellation_fee,CANCEL,BLQZ,1476
22478,is there a way to leave my feedback about your services?,review,FEEDBACK,BIL,12322
1410,help me editingorder {{Order Number}},change_order,ORDER,BLZ,473
2246,supports trying to modify theaddress,change_shipping_address,SHIPPING,BLMZ,941
10126,I have problem with creating a {{Account Category}} account,create_account,ACCOUNT,BLMZ,5015
3291,I don't know how I can check the cancellation charge,check_cancellation_fee,CANCEL,BL,1620
184,can you help me cancelling order {{Order Number}}?,cancel_order,ORDER,BI,66
14453,change details on gold account,edit_account,ACCOUNT,BKLM,7356
2014,i have an error trying to correct my address,change_shipping_address,SHIPPING,BLQ,738
8509,i dont know what i need to do to call customer assistance,contact_customer_service,CONTACT,BLQ,4173
2208,i want help trying to edit my delivery address,change_shipping_address,SHIPPING,BLQ,914
16731,can you help me request a rebate of money?,get_refund,REFUND,BIL,8526
16482,can you help me demand refunds ?,get_refund,REFUND,BILMZ,8390
20426,"I cannot remember my profile PIN code, how to reset it?",recover_password,ACCOUNT,BCEIL,10872
20049,can you help me to retrieve my user profile key?,recover_password,ACCOUNT,BIL,10546
21212,can i inform of rwgistration errors,registration_problems,ACCOUNT,BILMQZ,11444
24577,watn help to change to the premium account,switch_account,ACCOUNT,BLQZ,13434
4935,want help to see what paymentmethods are allowed,check_payment_methods,PAYMENT,BLQZ,2478
17520,where to unsubscribe to your bloody newsletter?,newsletter_subscription,SUBSCRIPTION,BILW,8855
4798,"I can't find my bills from {{Person Name}}, find them for me",check_invoice,INVOICE,BCLM,2405
13599,delivery period,delivery_period,DELIVERY,BK,6819
2804,there are issues modifying my address,change_shipping_address,SHIPPING,BLM,1304
4362,want hrlp locating my invoice from {{Person Name}},check_invoice,INVOICE,BLQZ,2202
18578,need help reporting an error with payments,payment_issue,PAYMENT,BLMQ,9410
15036,where can I get the bill #85632?,get_invoice,INVOICE,BIL,7697
11349,i do not use my {{Account Category}} account i try to close it,delete_account,ACCOUNT,BCELQ,5732
12538,I am trying to check what delivery methods you offer,delivery_options,DELIVERY,BLM,6298
24532,where can I change to the pro account?,switch_account,ACCOUNT,BIL,13419
21538,I need to report an issue with a registration,registration_problems,ACCOUNT,B,11200
2145,would ugive me information about editing my delivery address,change_shipping_address,SHIPPING,BILPQ,858
8491,need to speak to customere assistance,contact_customer_service,CONTACT,BLQZ,4166
19603,how can i buy a few of ur item,place_order,ORDER,BIMQ,9832
15726,"I lost the bill #12588, mail it to me",get_invoice,INVOICE,BCL,7925
14192,correcting details on {{Account Category}} account,edit_account,ACCOUNT,BKLM,7174
7005,I call to make a customer claim,complaint,FEEDBACK,BL,3397
22355,I am trying to leave a goddamn comment for a product,review,FEEDBACK,BLW,12232
18780,reporting trouble with payments,payment_issue,PAYMENT,BKLM,9367
18080,notify of issues wiht payment,payment_issue,PAYMENT,BLMZ,9107
9339,uarent helpful can i chat with somebody,contact_human_agent,CONTACT,BCILQ,4627
23499,need assistance to enter the shipping address,set_up_shipping_address,SHIPPING,BLQ,12764
22788,"I want to write a comment about a service, will you help me?",review,FEEDBACK,BCILP,12528
21460,is it possible to notify of a registration problem?,registration_problems,ACCOUNT,BIL,11602
3956,wanna see the bill from {{Person Name}},check_invoice,INVOICE,BLQ,1945
254,asistance cancelling purchase {{Order Number}},cancel_order,ORDER,BLZ,83
8216,can uhelp me speaking with customer service,contact_customer_service,CONTACT,BILQ,4055
25729,could ya help me locae purchase {{Order Number}},track_order,ORDER,BILPQZ,13755
14800,I want to correct my user info,edit_account,ACCOUNT,BLQ,7551
7709,i do not know what to do to file a complaint,complaint,FEEDBACK,BEQ,3780
8267,uhave a free number to call customer support,contact_customer_service,CONTACT,BILQ,4082
3100,I am trying to check the cancellation charges,check_cancellation_fee,CANCEL,BLM,1499
16483,i dont know what to do to request a reimbursement of money,get_refund,REFUND,BLQ,8145
14111,"I have to update my user account, how could I do it?",edit_account,ACCOUNT,BCILP,7126
11902,"I want to delete the goddamn pro account, how can I do it?",delete_account,ACCOUNT,BCILW,5987
6003,i need help checking in what cases can i ask to be refunded,check_refund_policy,REFUND,BQZ,3016
19446,I don't know what I need to do to earn aa product,place_order,ORDER,BLZ,10083
22865,need help submitting feedback for yor services,review,FEEDBACK,BLQZ,12581
2628,"I have to correct my address, will you help me?",change_shipping_address,SHIPPING,BCILP,1199
20313,i have got to retrieve the pass of my user prodile,recover_password,ACCOUNT,BLQZ,10780
10166,i dfo not know what i have to do to create a {{Account Type}} account,create_account,ACCOUNT,BELQZ,5110
22147,i do not know how to send feedback about ur products,review,FEEDBACK,BELQ,11854
2463,"I have to edit the address, I need assistance",change_shipping_address,SHIPPING,BCL,1094
1235,i cannot change order {{Order Number}},change_order,ORDER,BENQ,378
3229,what do I have to do to see the early exit fee?,check_cancellation_fee,CANCEL,BIL,1582
5276,can ya show me the payment methods,check_payment_methods,PAYMENT,BILQ,2669
17129,"I need to unsubscribe from the fucking newsletter, help me",newsletter_subscription,SUBSCRIPTION,BCLW,8721
21193,i dont know how i could inform of an error with signup,registration_problems,ACCOUNT,BLPQ,11433
3538,I can't find the early terminatuon penalty,check_cancellation_fee,CANCEL,BLZ,1743
4080,help seeing invoice #00108,check_invoice,INVOICE,BL,2035
16672,"I paid {{Currency Symbol}}{{Refund Amount}} for this product, assistance to receive a refund",get_refund,REFUND,BCLM,8493
16987,want help receiving your newsletter,newsletter_subscription,SUBSCRIPTION,BLQ,8666
13756,i try to seehow long it takes for my package to arrive,delivery_period,DELIVERY,BLQZ,6876
19258,i need assistance to order a few of ur prodcut,place_order,ORDER,BLMQZ,9924
14880,I need help to update the information on my user profile,edit_account,ACCOUNT,BL,7599
19615,"I have to earn a damn product , how could I do it?",place_order,ORDER,BCILPWZ,10204
19685,"I have to shop a few of your product, how could I do it?",place_order,ORDER,BCILMP,10262
3437,I don't know how I could check the early termination charges,check_cancellation_fee,CANCEL,BLMP,1509
16083,refunding {{Refund Amount}} dollars,get_refund,REFUND,BKMZ,8144
13732,I am trying to see how soon can I expect my fucking product,delivery_period,DELIVERY,BLW,6870
6877,where do i check ur goddamn money bafk guarantee,check_refund_policy,REFUND,BILQWZ,3316
10062,i want help to create a different damn platinum account,create_account,ACCOUNT,BLQW,5044
5504,can you help me listing your allowed payment methods?,check_payment_methods,PAYMENT,BIL,2776
11123,"I need to cancel a {{Account Type}} account, could you help me?",delete_account,ACCOUNT,BCILP,5615
20397,I need assistance retreiving my profile key,recover_password,ACCOUNT,BLZ,10847
989,"I no longer want purchase {{Order Number}}, can you cancel it?",cancel_order,ORDER,BCILN,198
13490,wanna check how soon can i expect my article,delivery_period,DELIVERY,BLQ,6769
2568,wanna change my fucking address,change_shipping_address,SHIPPING,BLQW,1165
20371,I try to restore the access key of my account,recover_password,ACCOUNT,BL,10826
25515,I cannot see purchase {{Order Number}} goddamn current status,track_order,ORDER,BELNW,13698
1714,help me adding several articles to purchase {{Order Number}},change_order,ORDER,BLM,604
7126,I want assistance filing a customer claim,complaint,FEEDBACK,BL,3480
20691,I need help to restore the access key of my user,recover_password,ACCOUNT,BL,11067
7763,help me to file a customer claim against your business,complaint,FEEDBACK,BL,3684
10753,"I have to open a gold account, how do I do it?",create_account,ACCOUNT,BCIL,5392
23495,I want assistance settnig up the delivery address,set_up_shipping_address,SHIPPING,BLZ,12938
3863,i want assistance seeing thw termination penalties,check_cancellation_fee,CANCEL,BLMQZ,1883
13778,I am calling to see how soon can I expect my damn delivery,delivery_period,DELIVERY,BLW,6888
20833,where can I get information about the lost PIN code?,recover_password,ACCOUNT,BIL,10637
15811,get bill fromDavid Miller,get_invoice,INVOICE,BKLZ,7954
6110,I cannot see your bloody reimbursement policy,check_refund_policy,REFUND,BELW,3068
13350,help checking when my article is gonna arrive,delivery_period,DELIVERY,BLQ,6710
478,i bought somegoddamn item how do i cancel order {{Order Number}},cancel_order,ORDER,BCILQWZ,126
26544,i expect an refund of {{Refund Amount}} dollars was it processed,track_refund,REFUND,BCLQZ,14051
7039,could uhelp me to lodge a customer clain,complaint,FEEDBACK,BILPQZ,3419
5886,i need helo checking ur allowed payment methods,check_payment_methods,PAYMENT,BQZ,2941
13477,where can I see how long the shipment takes?,delivery_period,DELIVERY,BIL,6764
22269,"I have to leave a comment for your services, help me",review,FEEDBACK,BCL,12171
22,assistance with cancelling pucrhase {{Order Number}},cancel_order,ORDER,BLZ,15
15402,get bill fromMr. Jones,get_invoice,INVOICE,BKLZ,7824
3243,what is the fee for breaking the contract,check_cancellation_fee,CANCEL,BILQ,1593
10389,I do not know what I have to do to create a pro accoun,create_account,ACCOUNT,BEZ,5234
26422,I expect an compensation of {{Refund Amount}} dollars,track_refund,REFUND,BLZ,13817
9868,I wanthelp speaking with a person,contact_human_agent,CONTACT,BLZ,4908
74,I need help cacneling order {{Order Number}},cancel_order,ORDER,BZ,33
2486,I need aasistance trying to update the address,change_shipping_address,SHIPPING,BLZ,1113
23126,where could i submit a goddamn secondary delivery address,set_up_shipping_address,SHIPPING,BILPQW,12768
25382,ihave to locate purchase {{Order Number}} help me,track_order,ORDER,BCLQZ,13670
22686,I want assistance to leave a comment about your company,review,FEEDBACK,BL,12463
18941,i dont know how to acquire an article,place_order,ORDER,BLQ,9630
21748,how can I inform of sign-up issues?,registration_problems,ACCOUNT,BILM,11767
24758,use another account,switch_account,ACCOUNT,BK,13485
23617,what do i have to do to submit my shipping address,set_up_shipping_address,SHIPPING,BILQZ,12623
6663,chwck under which circumstances can I request reimbursements,check_refund_policy,REFUND,BLZ,3255
23158,i have errors submitting my enw delivery address,set_up_shipping_address,SHIPPING,BLMQZ,12787
2241,i have an issue modifying the shipping address,change_shipping_address,SHIPPING,BLQ,937
20932,report erroprs with sign-up,registration_problems,ACCOUNT,BKLMZ,11239
23785,I cannot set up the secondary delivery address,set_up_shipping_address,SHIPPING,BELZ,13078
16615,I need assistance to request refunds of my money,get_refund,REFUND,BLM,8462
24501,where to change to the freemium accout,switch_account,ACCOUNT,BILQZ,13408
19847,need help to order some of your itdm,place_order,ORDER,BLMQZ,10375
20272,"I need to retrieve my user PIN, could you help me?",recover_password,ACCOUNT,BCILP,10744
8519,where do I se what hours I can reach customer assistance?,contact_customer_service,CONTACT,BILZ,3883
19584,is it possible to earn an article?,place_order,ORDER,BIL,10184
23564,ido not know how i can submit the new shipping address,set_up_shipping_address,SHIPPING,BELQZ,12973
9112,I need help to talk with a human agent,contact_human_agent,CONTACT,BL,4383
26248,i need assistance checking my rebate status,track_refund,REFUND,BLQ,13786
2910,how to modify my shippng address,change_shipping_address,SHIPPING,BILQZ,1365
23648,there are troubles submitting a new delivery address,set_up_shipping_address,SHIPPING,BLM,13019
7429,is it possible to make a reclamation against your company?,complaint,FEEDBACK,BIL,3652
17971,the payment failed i need help to report errors with payment,payment_issue,PAYMENT,BCLMQ,9018
3776,could uhelp me to check the early exit fee,check_cancellation_fee,CANCEL,BILPQ,1850
20911,I needs to notify of signup issues,registration_problems,ACCOUNT,BLMZ,11218
17431,how to cancel the subscriptipn to ur company newsletter,newsletter_subscription,SUBSCRIPTION,BIQZ,8829
10927,"I no longer use my {{Account Type}} account, help me cancelling it",delete_account,ACCOUNT,BCEL,5475
5375,were can i see the allowed payment modalities,check_payment_methods,PAYMENT,BILQZ,2712
18656,assistance to solve a fucking payment error,payment_issue,PAYMENT,BLW,9458
22319,I do not know how I can submit feedback about a product,review,FEEDBACK,BEL,12205
21347,I'm having issues trying to register,registration_problems,ACCOUNT,BELMQ,11533
19788,i do not know what to do to earn an item,place_order,ORDER,BELQ,10330
13760,I have to see when will my article arrive,delivery_period,DELIVERY,BL,6429
24803,i dont khow what i need to do to change to the gold account,switch_account,ACCOUNT,BLQZ,13496
9106,"I don't want to chat with a bot, transfer to me someone",contact_human_agent,CONTACT,BCL,4478
14142,editing data on gold acocunt,edit_account,ACCOUNT,BLZ,7151
16156,I'm trying to request rebates of my money,get_refund,REFUND,BLMQ,8200
18907,how do i do a purchase,place_order,ORDER,BILQZ,9597
19601,where can I acquire some of your item?,place_order,ORDER,BILM,10034
23852,can you help me to set up my secndary delivery address?,set_up_shipping_address,SHIPPING,BILZ,13110
10108,opening new standard account for daughter,create_account,ACCOUNT,BKL,5074
10939,"I don't want the freemium account, I need help to close it",delete_account,ACCOUNT,BCL,5484
16405,"I paid {{Refund Amount}} dollars for this order, I need a compensation",get_refund,REFUND,BCLM,8344
21797,notify of problems creating user,registration_problems,ACCOUNT,BKLM,11799
18876,i need assistance to solve payment errors,payment_issue,PAYMENT,BLMQ,9573
1160,modify ordfer {{Order Number}},change_order,ORDER,BKLZ,327
5597,can uhelp me check what damn pamyent options are accepted,check_payment_methods,PAYMENT,BILQWZ,2818
15414,get inviice from {{Person Name}},get_invoice,INVOICE,BKZ,7827
16760,I ahve got to get rebates,get_refund,REFUND,BLMZ,8541
13582,I need help checking how soon can I expect the purchase,delivery_period,DELIVERY,BL,6807
25198,"I have to see the ETA of order {{Order Number}}, how to do it?",track_order,ORDER,BCIL,13618
21549,inform of an issue with an registration,registration_problems,ACCOUNT,BLZ,11209
9255,i dont know wht i have to do to contact a person,contact_human_agent,CONTACT,BLQZ,4582
21064,I am experiencing a problem signing up,registration_problems,ACCOUNT,BEL,11339
11082,I do not know what to do to remove my standard account,delete_account,ACCOUNT,BEL,5587
14862,updating detais on {{Account Category}} account,edit_account,ACCOUNT,BKLMZ,7586
2858,i want supports trying to correct the address,change_shipping_address,SHIPPING,BLMQ,1335
18653,I try to inform of troubles with payment,payment_issue,PAYMENT,BLM,8982
13745,I don't know how to check how soon can I expect my product,delivery_period,DELIVERY,BL,6644
19537,I do not know how I can earn an few of your item,place_order,ORDER,BELMZ,10152
22080,i call to write a comment about a service,review,FEEDBACK,BLQ,12024
15664,want help getting my invoice #85632,get_invoice,INVOICE,BQ,7837
23537,what do I need to do to set the delivery address up?,set_up_shipping_address,SHIPPING,BIL,12953
11812,i need infrmation about the cancellation of my {{Account Type}} account,delete_account,ACCOUNT,BLQZ,5945
19589,i have to shop several articles,place_order,ORDER,BLMQ,9593
1309,deit purchase {{Order Number}},change_order,ORDER,BKLZ,423
21722,I have to report signup errors,registration_problems,ACCOUNT,BLM,11706
7371,assistance filing a customer reclamation,complaint,FEEDBACK,BL,3623
17575,could you help me signing up to the corporate newsletter?,newsletter_subscription,SUBSCRIPTION,BILP,8873
24188,I can't change to the damn gold account,switch_account,ACCOUNT,BLNW,13288
5946,help checking in which cases can i request a reimburement,check_refund_policy,REFUND,BLQZ,2980
23531,i have issues submitting another shipping address,set_up_shipping_address,SHIPPING,BLMQ,12949
10443,create new standard account for daughter,create_account,ACCOUNT,BKL,5256
22665,help me leaving a comment for ur company,review,FEEDBACK,BLQ,12448
4571,wanna check my goddamn invoices from {{Person Name}},check_invoice,INVOICE,BLMQWZ,2301
23324,I have a trouble setting m new delivery address up,set_up_shipping_address,SHIPPING,BLZ,12818
19861,i have to purchase some damn products how can i do it,place_order,ORDER,BCILMQW,10386
13575,where can i find information about the delivery periods,delivery_period,DELIVERY,BIMQ,6804
16383,getting refund of money,get_refund,REFUND,BK,8332
22017,ya have an address to submit some feednack,review,FEEDBACK,BILQZ,11968
9544,need help to speak to a uhman agent,contact_human_agent,CONTACT,BLQZ,4728
18191,I am trying to inform of payment problems,payment_issue,PAYMENT,BLM,9185
3239,can ya help me seeing the bloody early exit fee,check_cancellation_fee,CANCEL,BILQW,1590
8657,uhave a free number to talk to customer service,contact_customer_service,CONTACT,BILQ,4227
18382,I do not know how to infgorm of payment problems,payment_issue,PAYMENT,BELMZ,9296
6596,assistance seeing in which cases can I ask for a refund,check_refund_policy,REFUND,BL,3238
18664,what do i have to do to inform of problems with payments,payment_issue,PAYMENT,BILMQ,9293
10715,I need help with creating a platinum account,create_account,ACCOUNT,BL,4930
22202,I do not know how to submit some feedback,review,FEEDBACK,BE,12120
5634,how could I see the payment options?,check_payment_methods,PAYMENT,BILP,2834
11462,i do notuse the bloody {{Account Type}} account i try to delete it,delete_account,ACCOUNT,BCELQWZ,5792
6293,"I have got to check your money back guarantee, how to do it?",check_refund_policy,REFUND,BCIL,3091
25328,"I want to track purchase {{Order Number}}, I need help",track_order,ORDER,BCL,13657
3183,seeing withdrawal penalty,check_cancellation_fee,CANCEL,BL,1477
2236,want help tyo modify my shipping address,change_shipping_address,SHIPPING,BLQZ,933
20173,have a question about my pin code recovery,recover_password,ACCOUNT,BLQ,10660
19240,I am trying to purchase several of your article,place_order,ORDER,BLM,9907
13559,"I have got to see when will my article arrive, how to do it?",delivery_period,DELIVERY,BCIL,6796
21961,is it possible to send some feedback about your company?,review,FEEDBACK,BIL,11921
10315,can I open a standard account?,create_account,ACCOUNT,BIL,4982
10261,create gold cacount,create_account,ACCOUNT,BKZ,5170
17602,help me signing up to the newsletter,newsletter_subscription,SUBSCRIPTION,BL,8657
12246,want help seeing what delivery options are there,delivery_options,DELIVERY,BLMQ,6192
12639,want help seeing what shipping methods uoffer,delivery_options,DELIVERY,BLMQ,6326
15852,wannadownload the invoice from {{Person Name}},get_invoice,INVOICE,BLQZ,7964
4719,"I want to locate invoice #00108 , help me",check_invoice,INVOICE,BCLZ,2368
25439,I cannot check the ETA of the order {{Order Number}},track_order,ORDER,BEN,13646
11856,i do not know what i have to do to close the {{Account Category}} accont,delete_account,ACCOUNT,BELQZ,5965
2128,I have a truble editing my shipping address,change_shipping_address,SHIPPING,BLZ,842
11006,"I do not use the damn {{Account Category}} account, help canceling it",delete_account,ACCOUNT,BCELW,5535
9195,I do not know what I need to dp to contact an agent,contact_human_agent,CONTACT,BEZ,4542
15860,I want assistance to download my bill #85632,get_invoice,INVOICE,BL,7967
5531,how to check what payment payment modalities are accepted?,check_payment_methods,PAYMENT,BIL,2552
15066,"I need to get my bill from {{Person Name}}, how can I do it?",get_invoice,INVOICE,BCIL,7710
23848,howcan I enter another delivery address?,set_up_shipping_address,SHIPPING,BILZ,13107
26029,is it possible to check my damn rebate current status?,track_refund,REFUND,BILW,13874
1298,wanna delete some items from purchase {{Order Number}},change_order,ORDER,BLMQ,415
25093,can uhelp me to locate order {{Order Number}},track_order,ORDER,BILQ,13591
6021,"I have to see how long reimbursements usually take, help me",check_refund_policy,REFUND,BCL,3026
18639,payment issue,payment_issue,PAYMENT,BK,9446
5802,"I have to see the payment modalities, can you help me?",check_payment_methods,PAYMENT,BCIL,2909
7308,can i lodge a customer claim againmst ur company,complaint,FEEDBACK,BILQZ,3592
1678,i want help adding some products to purchase {{Order Number}},change_order,ORDER,BLMQ,584
11166,I do not know what I hae to do to close the {{Account Category}} account,delete_account,ACCOUNT,BELZ,5637
13432,can utell me more about delivery periods,delivery_period,DELIVERY,BIQ,6448
3772,"I cannot find the bloody early termination penalty, help me",check_cancellation_fee,CANCEL,BCELW,1848
2612,i cant edit my delivery address,change_shipping_address,SHIPPING,BLQ,1187
18002,"my card was declined, can I report problems with payments?",payment_issue,PAYMENT,BCILM,9047
6405,help me seeing your money back guarantee,check_refund_policy,REFUND,BL,2975
3341,check the cancellation penalties,check_cancellation_fee,CANCEL,BLM,1646
9739,I don't know how to chat with an agent,contact_human_agent,CONTACT,BL,4842
18918,I need assistance to shop a product,place_order,ORDER,BL,9608
4018,is it possible to look for my bill #85632,check_invoice,INVOICE,BILQ,1991
5432,assistance seeing your allowed payment methods,check_payment_methods,PAYMENT,BL,2739
16697,I want help to get compensations,get_refund,REFUND,BLM,8255
21703,where to notify of a sign-up problem?,registration_problems,ACCOUNT,BIL,11738
5299,"I have to list your available payment options, I need help",check_payment_methods,PAYMENT,BCL,2571
16118,wanna get a rebate of my mney,get_refund,REFUND,BLQZ,8171
18575,help me informof errors with online payment,payment_issue,PAYMENT,BLMZ,9408
1498,need to add several products to purchase {{Order Number}},change_order,ORDER,BLMQ,506
21671,I am experiencing a problem with the sign-up,registration_problems,ACCOUNT,BEL,11723
19761,I do not know how to order a few of your article,place_order,ORDER,BELM,10314
21914,do you have a way to send feedback for a service?,review,FEEDBACK,BIL,11878
4266,checking bill #37777,check_invoice,INVOICE,BKL,2147
14035,I'd like to edit the data included on my user i need help,edit_account,ACCOUNT,BCLPQ,7062
15142,"I have got to download the bill #12588, how do I do it?",get_invoice,INVOICE,BCIL,7737
19198,"I would like to earn a product, could I get some help?",place_order,ORDER,BCILP,9870
7486,I habe got to file a complaint,complaint,FEEDBACK,BZ,3678
2722,I want supports correcting my shipping address,change_shipping_address,SHIPPING,BLM,1012
1745,I missed an item in purchase {{Order Number}},change_order,ORDER,BL,622
10480,open another gold account,create_account,ACCOUNT,BKL,5270
10702,i aint registered can i create a {{Account Category}} account,create_account,ACCOUNT,BCILQ,5367
10376,i dont know what to do to open a pro account for my dad,create_account,ACCOUNT,BLQ,5227
22267,is there an address to send feedback for ur products,review,FEEDBACK,BILQ,12169
13373,assistance to see when my order is going to arrive,delivery_period,DELIVERY,BL,6723
21706,"I cannot register,I have got to inform of signup problems",registration_problems,ACCOUNT,BCELMNZ,11740
12198,what are the available methods for shipment?,delivery_options,DELIVERY,BIL,6173
20348,I need help retrieving my user pwd,recover_password,ACCOUNT,BLQ,10808
19897,what do i have to do to recover my user account key,recover_password,ACCOUNT,BILQ,10407
16635,where to get a restitution of my money,get_refund,REFUND,BILQ,8473
7154,I want help to make a customer claim against your busines,complaint,FEEDBACK,BLZ,3361
13612,help me to see when my purchase is gonn arrive,delivery_period,DELIVERY,BLQZ,6824
881,I do not knwo what I need to do to cancel order {{Order Number}},cancel_order,ORDER,BEZ,45
24287,where to change to the pro account,switch_account,ACCOUNT,BILQ,13332
9504,Ineed to contact an agent,contact_human_agent,CONTACT,BZ,4706
4921,see ur payment methods,check_payment_methods,PAYMENT,BLQ,2464
25487,hwere to see the ETA of the order {{Order Number}},track_order,ORDER,BILQZ,13691
1178,need to change several proucts of order {{Order Number}},change_order,ORDER,BLMQZ,339
11574,clsoe premium account,delete_account,ACCOUNT,BKLZ,5837
39,i do not want these article i try to cancel order {{Order Number}},cancel_order,ORDER,BCELNQZ,21
5657,"I want to list the available payment modalities, help me",check_payment_methods,PAYMENT,BCL,2841
21719,"I need to report a fucking registration error, help me",registration_problems,ACCOUNT,BCLW,11749
9752,i do not know what i need to do to speak with an operator,contact_human_agent,CONTACT,BELQ,4555
4884,show me the bill from {{Person Name}},check_invoice,INVOICE,BL,2448
4753,I need to give a quick look at bill #00108,check_invoice,INVOICE,BL,1930
8325,could i get in touchwith customer service,contact_customer_service,CONTACT,BILPQZ,4103
24318,i have got to use the standard profile,switch_account,ACCOUNT,BLQ,13185
21336,assistance to inform of problems with signup,registration_problems,ACCOUNT,BLM,11526
8942,I don't know what to do to speak to an assistant,contact_human_agent,CONTACT,BL,4351
6249,can ushow me ur refund policy,check_refund_policy,REFUND,BIQ,3117
17875,I need help signing up to your company newsletter,newsletter_subscription,SUBSCRIPTION,BL,8942
8754,help me to speak with customer assistance,contact_customer_service,CONTACT,BL,3940
13003,i want assistance seeing when my parcel is gonna arrive,delivery_period,DELIVERY,BLQ,6505
18976,I want help to purchase several damn products,place_order,ORDER,BLMW,9665
21063,I can't report errors with signup,registration_problems,ACCOUNT,BLMN,11338
2344,I havbe problems updating my delivery address,change_shipping_address,SHIPPING,BLMZ,1008
5408,i want help listing u payment methods,check_payment_methods,PAYMENT,BLQZ,2588
10792,"I have not registered yet, assistance to open a pro account",create_account,ACCOUNT,BCEL,5407
19980,can you help me retrieve the PIN code of my account?,recover_password,ACCOUNT,BIL,10488
2396,"I have submitted a wrong shippingh address, update it",change_shipping_address,SHIPPING,BCLZ,1046
9049,"I do not understand anything you say, talk with a live agent",contact_human_agent,CONTACT,BCEL,4437
11904,I don't know how I can cancel a freemium account,delete_account,ACCOUNT,BL,5989
3694,"I have to see the early exit penalty, I need help",check_cancellation_fee,CANCEL,BCL,1805
19778,need assistance to order several of your product,place_order,ORDER,BLMQ,10324
19653,need help ordering several oof your product,place_order,ORDER,BLMQZ,10235
18521,could you help me solving troubles with online payment ?,payment_issue,PAYMENT,BILMPZ,9080
26322,I need help checking if there are any updates on the rebate,track_refund,REFUND,BLM,13982
21486,would it be possible to notify of a fucking signup error?,registration_problems,ACCOUNT,BILPW,11614
22485,I needassistance sending some feedback about your company,review,FEEDBACK,BLZ,12327
9489,what do I have to do to contact someone?,contact_human_agent,CONTACT,BIL,4700
19892,I can't retrieve my goddamn user access key,recover_password,ACCOUNT,BLNW,10402
19884,help shopping some of ur article,place_order,ORDER,BLMQ,10338
22797,I have got to leave an opinion for your company,review,FEEDBACK,BL,12536
2404,help trying to edit the deliveyr address,change_shipping_address,SHIPPING,BLZ,1051
12400,assistance seeing the shipping methods,delivery_options,DELIVERY,BL,6185
15332,wanna download invoice #85632,get_invoice,INVOICE,BLQ,7801
19956,how can I reset my profile pass?,recover_password,ACCOUNT,BILQ,10464
20728,I don't know what I have to do to erset my user account pass,recover_password,ACCOUNT,BLQZ,11098
20616,I have got to recover the PIN of my user,recover_password,ACCOUNT,BL,11013
24344,"I have got to change to the {{Account Type}} account, how to do it?",switch_account,ACCOUNT,BCIL,13270
2231,i want support updating the delivery address,change_shipping_address,SHIPPING,BLQZ,930
8696,what is the customer support working hours?,contact_customer_service,CONTACT,BILM,4245
25631,hlw do i check the ETA of purchase {{Order Number}},track_order,ORDER,BILQZ,13729
14041,pudate {{Account Type}} account,edit_account,ACCOUNT,BKLZ,7068
2051,i have put the old address by mistkae help me modifying it,change_shipping_address,SHIPPING,BCLQZ,774
21161,I don't know what to do to report problems witha sign-up,registration_problems,ACCOUNT,BLMZ,11412
13913,changing details on gold account,edit_account,ACCOUNT,BKLM,6955
22286,do uhave a e-mail to leave feedback about ur products,review,FEEDBACK,BILQZ,12183
24507,can I change to the freemium account?,switch_account,ACCOUNT,BIL,13173
6829,help me to see your goddamn refund policy,check_refund_policy,REFUND,BLW,3304
4955,i want assistance seeing ur avbailable payment options,check_payment_methods,PAYMENT,BLQZ,2496
17388,I can't sign up to your goddamn company newsletter,newsletter_subscription,SUBSCRIPTION,BLW,8814
11687,"I don't use the {{Account Type}} account, need help cancelling it",delete_account,ACCOUNT,BCLQ,5885
21054,I do not know what to do to inform of a signup problem,registration_problems,ACCOUNT,BEL,11332
12257,I call to check the shipment options,delivery_options,DELIVERY,BL,6200
7500,where to lodge a consumer reclamation against ur company,complaint,FEEDBACK,BILQ,3335
19466,how could I order several damn products?,place_order,ORDER,BILMPW,10099
23559,can you help me setting another delivery addrss up?,set_up_shipping_address,SHIPPING,BILZ,12969
4291,check invoice from five months ago,check_invoice,INVOICE,BKM,2162
8413,"I need to call customer assistance, how could I do it?",contact_customer_service,CONTACT,BCILP,4133
18141,how could I report trfoubles with payment?,payment_issue,PAYMENT,BILMPZ,9150
14457,update info on {{Account Type}} account,edit_account,ACCOUNT,BKLQ,7011
1567,assistance removing something from purchase {{Order Number}},change_order,ORDER,BL,539
18625,i dont know what to do to notify of issues with payment,payment_issue,PAYMENT,BLMQ,9435
21522,I do not know how I can notify of registration problems,registration_problems,ACCOUNT,BELM,11635
15940,I try to ask for a refund of my money,get_refund,REFUND,BL,8021
12655,can uhelp me seeing the options for shipment,delivery_options,DELIVERY,BILQ,6331
3938,chck bill from {{Person Name}},check_invoice,INVOICE,BKLZ,1929
25915,i exepct a restitution of {{Currency Symbol}}{{Refund Amount}},track_refund,REFUND,BLQZ,13811
15358,download bill #85632,get_invoice,INVOICE,BKL,7809
9311,I don't know what to do to speak with an operator,contact_human_agent,CONTACT,BL,4614
19548,want assaistance purchasing a few of your article,place_order,ORDER,BLMQZ,10161
10171,what do i have to do to open a {{Account Type}} account,create_account,ACCOUNT,BILQ,5115
3821,I do not know how I can see the bloody early termination fee,check_cancellation_fee,CANCEL,BELW,1867
21368,how do I notify of a signup error ?,registration_problems,ACCOUNT,BILZ,11308
7916,I try to see what hours customer service aailable is,contact_customer_service,CONTACT,BLZ,3867
19887,I would like to earn several items,place_order,ORDER,BLMP,10399
14309,correct info on premium account,edit_account,ACCOUNT,BKLQ,7260
14083,correct info on standard account,edit_account,ACCOUNT,BKLQ,7102
2714,want help updating my address,change_shipping_address,SHIPPING,BLQ,965
13980,modifying info on pro account,edit_account,ACCOUNT,BKLQ,7017
10863,have a question about creating fucking {{Account Type}} accounts,create_account,ACCOUNT,BMQW,5444
16015,I need help demanding an reimbursement,get_refund,REFUND,BLZ,8089
6475,can uhelp me check in what situations cani ask for refunds,check_refund_policy,REFUND,BILQZ,3193
22361,is there a section to leave feedback about a service?,review,FEEDBACK,BIL,12238
6858,check in which cases can i request refunds,check_refund_policy,REFUND,BLQ,2997
2968,"I can't ifnd the bloody termination charge, I need help",check_cancellation_fee,CANCEL,BCLWZ,1397
8238,help seeing at what time i can contact customer assistance,contact_customer_service,CONTACT,BLQ,4067
3233,can ya help me seeing the terminatio penalties,check_cancellation_fee,CANCEL,BILMQZ,1585
23892,wanna switch to th {{Account Category}} account could uhelp me,switch_account,ACCOUNT,BCIPQZ,13134
8965,assistance talking with a person,contact_human_agent,CONTACT,BL,4333
16602,i do not knowhow to request a restitution of money,get_refund,REFUND,BELQZ,8454
19614,I do not know how I can purchase an article,place_order,ORDER,BEL,10203
9577,i dont know what to do to speak to somebody,contact_human_agent,CONTACT,BLQ,4750
2331,problems with a goddamn address update,change_shipping_address,SHIPPING,BLMW,1000
20597,I'm looking for information about lost passwords,recover_password,ACCOUNT,BELMQ,11000
17893,want help subscribing to ur companynewsletter,newsletter_subscription,SUBSCRIPTION,BQZ,8946
22024,how can i leave a comment,review,FEEDBACK,BILQ,11974
20706,how can I retrieve the PIN code opf my profile?,recover_password,ACCOUNT,BILZ,11079
9355,i need help to chat with an human agent,contact_human_agent,CONTACT,BLQZ,4634
9722,how can I chat with a live agent?,contact_human_agent,CONTACT,BIL,4450
5733,I want assistance to see your allowed payment modalties,check_payment_methods,PAYMENT,BLZ,2876
13642,i do not know what to do to see how long the shipping takes,delivery_period,DELIVERY,BELQ,6838
20446,I have a question about the PIN recovery,recover_password,ACCOUNT,BL,10887
15087,get invoice,get_invoice,INVOICE,BK,7716
14661,correct info on pro account,edit_account,ACCOUNT,BKLQ,7477
18447,i want help to solve an issue with payments,payment_issue,PAYMENT,BMQ,9337
10215,I do not know how to open a {{Account Type}} account for my daughter,create_account,ACCOUNT,BEL,5139
20286,need to restore my user profile pass,recover_password,ACCOUNT,BLQ,10756
21207,can ya help me report an issue with signup,registration_problems,ACCOUNT,BILQ,11265
3886,"I have to see the withdrawal fees, can you help me?",check_cancellation_fee,CANCEL,BCILM,1894
20812,i do not know what to do toreset the pwd of my user,recover_password,ACCOUNT,BELQZ,11148
7976,"I have to speak to customer service , can I get some help?",contact_customer_service,CONTACT,BCILZ,3913
23755,I'm trying to enter an shipping address,set_up_shipping_address,SHIPPING,BLQZ,13065
21631,need assistance to notify of issues with a sign-up,registration_problems,ACCOUNT,BLMQ,11284
19717,i do not know how i can shop a few of ur product,place_order,ORDER,BELMQ,10285
20226,I don't know what to do to reset my access key,recover_password,ACCOUNT,BL,10706
19389,where do I acquire some of your article?,place_order,ORDER,BILM,10038
20137,help me reset my PIN,recover_password,ACCOUNT,BL,10626
5177,help me to check the acceptedpayment modalities,check_payment_methods,PAYMENT,BLZ,2620
7824,what do I need to do tofile a consumer claim?,complaint,FEEDBACK,BILZ,3825
17859,cfan you help me to unsubscribe from the newsletter?,newsletter_subscription,SUBSCRIPTION,BILZ,8936
5129,I need assistance to check what payment options you accept,check_payment_methods,PAYMENT,BL,2597
1815,I want information about correcting order {{Order Number}},change_order,ORDER,BL,275
7330,is it possible to lodge a complaint,complaint,FEEDBACK,BILQ,3603
24423,where to switch to the pro account?,switch_account,ACCOUNT,BI,13381
14152,change info on {{Account Category}} account,edit_account,ACCOUNT,BKLQ,7159
20575,I do not know what I need to do to retrieve my PIN code,recover_password,ACCOUNT,BEL,10982
24712,using {{Account Category}} accouny,switch_account,ACCOUNT,BKZ,13472
21163,need aasistance reporting a problem with goddamn sign-up,registration_problems,ACCOUNT,BLMQWZ,11413
5610,I want help to see what bloody payment options are accepted,check_payment_methods,PAYMENT,BLW,2826
16274,i dont know what i have to doto get refunds of my money,get_refund,REFUND,BMQZ,8274
25568,I need assistance locating order {{Order Number}},track_order,ORDER,BL,13708
22835,i call to submit feedback about ur services,review,FEEDBACK,BLQ,12564
14995,I don't know what to do to download thr invoice #00108,get_invoice,INVOICE,BLZ,7677
3873,i want assistance to see the earlly termination fee,check_cancellation_fee,CANCEL,BLQZ,1886
20481,"I lost my profile PIN, where do I restore it?",recover_password,ACCOUNT,BCIL,10910
17142,i need assistance to subwcribe to ur newsletter,newsletter_subscription,SUBSCRIPTION,BLQZ,8726
13237,i dont know how i can ese how soon can i expect the order,delivery_period,DELIVERY,BLQZ,6650
12377,what do I have to do to see the delivery options?,delivery_options,DELIVERY,BIL,6250
15917,reimbursing {{Currency Symbol}}{{Refund Amount}},get_refund,REFUND,BKLM,7998
26564,help to check the damn current status of the restitution,track_refund,REFUND,BLW,14057
14108,could uhelp me to change the data on my user account,edit_account,ACCOUNT,BILPQ,7123
16137,i dont know what i have to do to demand rebates of money,get_refund,REFUND,BLMQ,8184
5754,could you help me seeing the payment options?,check_payment_methods,PAYMENT,BILP,2840
24077,i need help to use the fucking {{Account Type}} profile,switch_account,ACCOUNT,BLQW,13244
8988,I need help speaking with a live agent,contact_human_agent,CONTACT,BL,4391
8484,do you have a mail to get in touch with customer assistance?,contact_customer_service,CONTACT,BIL,4163
13968,edit info on gold accunt,edit_account,ACCOUNT,BKLQZ,7006
14643,edit data on standard account,edit_account,ACCOUNT,BKL,7467
15925,when can I expect a refund,get_refund,REFUND,B,8006
10571,create premium account for wife,create_account,ACCOUNT,BKL,5309
8001,I am trying to get in touch with customer service,contact_customer_service,CONTACT,BL,3934
3671,are there cancellation penalties,check_cancellation_fee,CANCEL,BILMQ,1798
19509,can ya help me order something,place_order,ORDER,BILQ,10129
7283,making customer claim,complaint,FEEDBACK,BL,3575
9118,I want assistance seaking with someone,contact_human_agent,CONTACT,BLZ,4486
2156,I have to edit my shipping address,change_shipping_address,SHIPPING,BL,865
24725,wanna use theFreemium account i need help,switch_account,ACCOUNT,BCQZ,13477
22785,could you help me write a review for your services?,review,FEEDBACK,BILP,12526
11850,delete freemium account,delete_account,ACCOUNT,BKL,5961
8277,"I want to speak with damn customer support, help me",contact_customer_service,CONTACT,BCLW,4086
19200,help me to order several articles,place_order,ORDER,BLM,9872
14076,modifying freemium account,edit_account,ACCOUNT,BKL,7096
7844,i wanthelp filing a customer complaint against ur company,complaint,FEEDBACK,BLQZ,3833
16429,help receiving a refund of money,get_refund,REFUND,BL,8359
17550,can i subscribe to ur company newsetter,newsletter_subscription,SUBSCRIPTION,BIQZ,8864
9384,"I have to talk to an assistant, help me",contact_human_agent,CONTACT,BCL,4647
21936,I am calling to leave a review about a service,review,FEEDBACK,BL,11898
4411,checking bill #12588,check_invoice,INVOICE,BKL,2228
21547,I have to inform of an issje with a sign-up,registration_problems,ACCOUNT,BLZ,11651
20300,"someone has stolen my PIN code, how could I retrieve it?",recover_password,ACCOUNT,BCILPV,10768
4326,i dont know wwhat i need to do to check invoice #85632,check_invoice,INVOICE,BQZ,2182
10472,I want help opening a standard account,create_account,ACCOUNT,BL,5233
23608,there is a problem entering my new shipping address,set_up_shipping_address,SHIPPING,BL,12995
14063,want help to edit some of the details on my account,edit_account,ACCOUNT,BLMQ,7087
8655,how do I check what hours customer service available is?,contact_customer_service,CONTACT,BI,4197
8065,can you help me talk with customer assistance?,contact_customer_service,CONTACT,BIL,3973
6825,I need help seeing in which cases can I ask for a refund,check_refund_policy,REFUND,BL,3036
7579,where to lodge a customre claim against ur organization,complaint,FEEDBACK,BILQZ,3723
8542,assistance checking what hours i can reach customre service,contact_customer_service,CONTACT,BLQZ,4184
19161,I don't know how I can buy several of yur product,place_order,ORDER,BLMZ,9837
18054,i cant make payments notify of issujes,payment_issue,PAYMENT,BCLMQZ,9089
2590,what do I need to do to change my delivery address?,change_shipping_address,SHIPPING,BIL,1175
20452,want help recovering the key of my account,recover_password,ACCOUNT,BLQ,10891
7073,"I ain't happy with your work, lodge a customer reclamation",complaint,FEEDBACK,BCL,3444
25351,wat help to see the ETA of purchase {{Order Number}},track_order,ORDER,BLQZ,13663
17578,I do not know how I can sign up to the newsletter,newsletter_subscription,SUBSCRIPTION,BEL,8648
22092,i want assistance to leave a comment,review,FEEDBACK,BLQ,12032
4200,checking invoices from last month,check_invoice,INVOICE,BKM,2064
11059,"I never use the {{Account Type}} account, can you help me to cancel it?",delete_account,ACCOUNT,BCEIL,5572
15488,will ya send me my invoices from {{Person Name}},get_invoice,INVOICE,BILMPQ,7855
8080,I don't know how to contact customer assistance,contact_customer_service,CONTACT,BL,3984
18867,can uhelp me to inform of issues with payments,payment_issue,PAYMENT,BILMQZ,9569
10628,what do I need to do to open a freemium account for my dad?,create_account,ACCOUNT,BIL,5333
5879,is it possible to list the allowed payment options,check_payment_methods,PAYMENT,BILQ,2938
18389,"my card was declined, where do I report a payment error?",payment_issue,PAYMENT,BCIL,9299
24804,i want help ti use the freemium account,switch_account,ACCOUNT,BQZ,13497
9058,can you help me talk with someone?,contact_human_agent,CONTACT,BIL,4444
16159,can yahelp me getting a compensation,get_refund,REFUND,BILQZ,8203
9867,what do I need to do to chat with somebody?,contact_human_agent,CONTACT,BIL,4642
20080,where to reset the key of my user profile,recover_password,ACCOUNT,BILQ,10575
7385,my experience with ya was terrible help maing a claim,complaint,FEEDBACK,BCLQZ,3629
1885,is it possible to change order {{Order Number}}?,change_order,ORDER,BI,679
20419,what do I need to do to reset my user profile PIN code?,recover_password,ACCOUNT,BIL,10865
20236,help me recovering the password of my account,recover_password,ACCOUNT,BL,10715
14219,i do not know how i can update the info included on my user,edit_account,ACCOUNT,BELQ,7208
15517,i lost the invoices from {{Person Name}} can ya mail them to me,get_invoice,INVOICE,BCILMQ,7862
14683,wanna modify the fucking personal info could uhelp me,edit_account,ACCOUNT,BCILPQW,7494
5489,check the payment options,check_payment_methods,PAYMENT,BL,2668
26634,I can't check if there are any news on my restitution,track_refund,REFUND,BLMN,13820
18210,what do I have to do to report problems with online payment?,payment_issue,PAYMENT,BILM,9198
22707,leave review for a service,review,FEEDBACK,BK,12478
26382,can uhelp me knowing if there are any news on my restitution,track_refund,REFUND,BILMQ,14003
2059,I don't know how to change the shipping address,change_shipping_address,SHIPPING,B,781
17362,wanna sign up to the corporate newsletter can uhelp me,newsletter_subscription,SUBSCRIPTION,BCILQ,8806
7509,I don't know what to do to file a consumer claim,complaint,FEEDBACK,BL,3690
13108,help me checking how long it takes for the article to arrive,delivery_period,DELIVERY,BL,6581
19530,i want help acquiring a few of ur item,place_order,ORDER,BLMQ,9647
19377,i ahve to acquire some products,place_order,ORDER,BLMQZ,10028
429,ohw to cancel order {{Order Number}},cancel_order,ORDER,BIQZ,118
14878,"I want to modify the user data, I need help",edit_account,ACCOUNT,BCL,7597
18531,"my card did not work, help to inform of payment issues",payment_issue,PAYMENT,BCELM,9384
15957,I don't know what I need to do to demand a rebate,get_refund,REFUND,BL,8038
8215,i need help speaking to customer service,contact_customer_service,CONTACT,BLQ,4054
21962,I don't know how I can write a comment about your services,review,FEEDBACK,BL,11872
25352,i dont know wha to do to check the status of order {{Order Number}},track_order,ORDER,BQZ,13664
19999,I am trying to retrieve the access key of my profile,recover_password,ACCOUNT,BL,10504
2183,I can't update my address,change_shipping_address,SHIPPING,BL,891
8891,how do I check what hours I can ocntact customer service?,contact_customer_service,CONTACT,BIZ,4320
21025,assistance signing up,registration_problems,ACCOUNT,BKL,11311
11923,help seeing the delivery options,delivery_options,DELIVERY,BL,6008
3506,i do not know what i have to do to see the early exit fees,check_cancellation_fee,CANCEL,BELMQ,1424
21279,notify of errorw with online registration,registration_problems,ACCOUNT,BKLMZ,11492
3917,can you help me see the cancellation charges?,check_cancellation_fee,CANCEL,BILM,1526
3159,i have to see the early termination penalties how to doo it,check_cancellation_fee,CANCEL,BCILMQZ,1540
18231,is it possible to inform of issues with online payments,payment_issue,PAYMENT,BILMQ,9216
15521,"I want to downlpad my invoice from {{Person Name}}, I need help",get_invoice,INVOICE,BCLZ,7863
20779,need help retrieving my profile PIN,recover_password,ACCOUNT,BLQZ,10604
16564,"I have paid {{Currency Symbol}}{{Refund Amount}} for an item, help me receiving a rebate",get_refund,REFUND,BCELMV,8433
16937,I want help cancelling the newsletter subscripotion,newsletter_subscription,SUBSCRIPTION,BLZ,8643
3960,is it possible to look for my bill from {{Person Name}}?,check_invoice,INVOICE,BIL,1947
26626,"I expect a rebate of {{Refund Amount}} dollars, was it processed already",track_refund,REFUND,BCL,14075
20916,can you help me to report a problem with signup?,registration_problems,ACCOUNT,BIL,11223
15590,i do not know what to do to download the bioll #85632,get_invoice,INVOICE,BELQZ,7886
11786,delete user,delete_account,ACCOUNT,BK,5933
8713,I do not know how I could contact fucking customer support,contact_customer_service,CONTACT,BELPW,4252
4169,where can I give a quick look at invoice #37777?,check_invoice,INVOICE,BIL,2090
15988,where can i ask for compensations of money,get_refund,REFUND,BILMQ,8068
11545,remove gold account,delete_account,ACCOUNT,BKL,5824
26436,where to see the bloody rebate current status?,track_refund,REFUND,BILW,14022
6919,I call to makle a customer claim against your business,complaint,FEEDBACK,BLZ,3325
19210,what do I need to do to order several of your item?,place_order,ORDER,BILM,9880
3293,can you help me checking the bloody cancellation penalty?,check_cancellation_fee,CANCEL,BILW,1621
2467,I cannot edit my shipping address,change_shipping_address,SHIPPING,BEL,1098
3613,I need to ese the early exit fee,check_cancellation_fee,CANCEL,BLZ,1774
7651,could you help me file a customer reclamation?,complaint,FEEDBACK,BILP,3751
2217,where can I find information about an address update?,change_shipping_address,SHIPPING,BIL,917
2899,help me modify the shipping address,change_shipping_address,SHIPPING,BL,776
5458,I don't know what to do to see the available payment methods,check_payment_methods,PAYMENT,BL,2752
4715,i need help locating my invoices from {{Person Name}},check_invoice,INVOICE,BLMQ,2330
7520,could i file a customer complaint,complaint,FEEDBACK,BILPQ,3696
5273,I need assistance listing the allowed payment modalities,check_payment_methods,PAYMENT,BL,2549
3367,i need assistance to check the early terminaion charge,check_cancellation_fee,CANCEL,BLQZ,1661
10098,new premium account,create_account,ACCOUNT,BKL,5068
16545,i do not know what i have to do to ask for a rebate of money,get_refund,REFUND,BELQ,8423
25232,how cam i track order {{Order Number}},track_order,ORDER,BIQZ,13628
6157,"I need to see your goddamn refund policy, how do I do it?",check_refund_policy,REFUND,BCILW,3090
18870,need help to solv problems with online payment,payment_issue,PAYMENT,BLMQZ,9138
13643,I am trying to find the delivery periods,delivery_period,DELIVERY,BEM,6839
1287,give em information about updating order {{Order Number}},change_order,ORDER,BLZ,409
2218,ened support trying to change my address,change_shipping_address,SHIPPING,BLQZ,918
25281,need assiwtance seeing the ETA of the order {{Order Number}},track_order,ORDER,BLQZ,13643
5578,can you help me check the acepted payment modalities?,check_payment_methods,PAYMENT,BILZ,2810
3058,"I cannot find the termination fees, I need assistance",check_cancellation_fee,CANCEL,BCELM,1472
21848,i cant sign up want assistance to report sign-up problems,registration_problems,ACCOUNT,BCLMNQ,11827
16872,help to demand a rebate of my money,get_refund,REFUND,BL,8209
14386,how could I edit my damn user?,edit_account,ACCOUNT,BIPW,7315
24549,wanna use the platinum profile help me,switch_account,ACCOUNT,BCLQZ,13425
25249,I don't know what to do to seeorder {{Order Number}} status,track_order,ORDER,BLZ,13633
1197,hlw do I add several products to purchase {{Order Number}}?,change_order,ORDER,BILMZ,353
22056,i dont know how to send some feedback for ur services,review,FEEDBACK,BLQ,12001
6863,show me in which cases can I ask for refunds,check_refund_policy,REFUND,BL,3314
4795,"I want to see the bill #37777, help me",check_invoice,INVOICE,BCL,2404
2430,I want to know more about editing my shipping address,change_shipping_address,SHIPPING,BL,1058
7802,I don't know how to make a claim against your organization,complaint,FEEDBACK,BL,3338
20808,I have a question about the lost pass,recover_password,ACCOUNT,BLQ,10413
19671,I don't know how I could shop several articles,place_order,ORDER,BLMP,9646
3454,i dont know how i can check the cancellation fee,check_cancellation_fee,CANCEL,BQ,1711
4502,seebills from {{Person Name}},check_invoice,INVOICE,BKLMZ,2019
11788,i dont know how i can delete a premium account,delete_account,ACCOUNT,BLQ,5934
21206,i dont know what to do to inform of a bloody signup problem,registration_problems,ACCOUNT,BLQW,11441
9824,"I can't understand you, can I chat with a human agent?",contact_human_agent,CONTACT,BCIL,4887
23879,switch user,switch_account,ACCOUNT,BK,13123
25998,can uhelp me check my refund current status,track_refund,REFUND,BILQ,13859
11508,how can i find information about my standard account removal,delete_account,ACCOUNT,BILQ,5813
2408,I want to know about a bloody shipping address modification,change_shipping_address,SHIPPING,BLW,1055
4874,I don't know what to do to find the bills from {{Person Name}},check_invoice,INVOICE,BLMZ,2443
277,I no longer want order {{Order Number}},cancel_order,ORDER,BLN,87
8285,help to see at what time i can reach customer support,contact_customer_service,CONTACT,BLQ,3932
14017,update {{Account Category}} account,edit_account,ACCOUNT,BKL,6951
19499,"I need to order several articles, can you help me?",place_order,ORDER,BCILM,10122
9055,direct to me an operator,contact_human_agent,CONTACT,BL,4441
21795,is it possible to notify of errors with a signup?,registration_problems,ACCOUNT,BILM,11461
5374,"I have got to see your payment modalities, will you help me?",check_payment_methods,PAYMENT,BCILP,2711
6200,assistance to check youe money back guarantee,check_refund_policy,REFUND,BLZ,3101
15867,send me invoice #12588,get_invoice,INVOICE,BKL,7970
24016,I do not know how I can switch to the pro account,switch_account,ACCOUNT,BE,13211
21533,I cannot inform of sign-up issues,registration_problems,ACCOUNT,BELMN,11643
10245,give me information about opening standard accounts,create_account,ACCOUNT,BLM,5162
24558,assistance using the pro profile,switch_account,ACCOUNT,BL,13428
5487,wana see the allowed payment modalities how can i do it,check_payment_methods,PAYMENT,BCILQZ,2769
24629,using pro account,switch_account,ACCOUNT,BK,13447
7990,tell me what hours I can get in touch with customer support,contact_customer_service,CONTACT,BL,3925
21966,I have to leave feedback about yoour products,review,FEEDBACK,BLZ,11925
23989,can you help me using the pro profile?,switch_account,ACCOUNT,BIL,13196
2470,want support updating the delivery dadress,change_shipping_address,SHIPPING,BLQZ,1099
20215,i need assistance restoring the key of my profile,recover_password,ACCOUNT,BLQ,10700
13495,how long does it take for a shipment to arrive,delivery_period,DELIVERY,BILQ,6771
3448,what are the cancelation fees?,check_cancellation_fee,CANCEL,BIMZ,1709
2078,I cannot modify the delivery address,change_shipping_address,SHIPPING,BEL,800
1513,I need help to swap some itemsof order {{Order Number}},change_order,ORDER,BLMZ,510
22805,"I need to leave a comment about your services, help me",review,FEEDBACK,BCL,12543
23665,problems setting up my secondary delivery address,set_up_shipping_address,SHIPPING,BLM,12634
23426,I would like to submit a secondary delivery address,set_up_shipping_address,SHIPPING,BLP,12913
22554,can I send my feedback about your products?,review,FEEDBACK,BIL,12302
20160,need assistance to restore the pin of my profile,recover_password,ACCOUNT,BLQ,10647
16476,I am trying to request compensations of money,get_refund,REFUND,BLM,8386
3412,can you help me see the withdrawal penalties?,check_cancellation_fee,CANCEL,BILM,1685
14623,correct information on Goldaccount,edit_account,ACCOUNT,BKLZ,7453
23186,why I can't set up my delivery address avlid,set_up_shipping_address,SHIPPING,BLZ,12803
21413,help me notifying of signup errors,registration_problems,ACCOUNT,BLM,11363
21495,is it possible to notify of signup problems?,registration_problems,ACCOUNT,BILM,11619
22996,I have a problem setting up a new shipping address,set_up_shipping_address,SHIPPING,BL,12685
4221,I need assistance to see the invoice #00108,check_invoice,INVOICE,BL,2126
13172,I'm trying to see how long it takes for my product to arrive,delivery_period,DELIVERY,BLQ,6620
19687,"I have to shop an article, I need help",place_order,ORDER,BCL,10264
12197,I have a problem with the shipment options,delivery_options,DELIVERY,BL,6172
5092,want help seeing ur pzyment options,check_payment_methods,PAYMENT,BLQZ,2578
12190,want assistance to see what shipment methods are there,delivery_options,DELIVERY,BLMQ,6167
1686,"I have to add a product to purchase {{Order Number}}, how to do it?",change_order,ORDER,BCIL,589
24624,"I need to change to the {{Account Category}} account, how to do it?",switch_account,ACCOUNT,BCIL,13191
9809,want assistance talking to an operator,contact_human_agent,CONTACT,BLQ,4877
3466,"I want to see the termination fees, can you help me?",check_cancellation_fee,CANCEL,BCILM,1716
9877,i do not know what to do to contact a live agent,contact_human_agent,CONTACT,BELQ,4912
20346,can I reset m user pass?,recover_password,ACCOUNT,BILQZ,10806
21985,do you have a e-mail to leave feedback about your services?,review,FEEDBACK,BILZ,11942
5313,can you help me see whzt payment options are allowed?,check_payment_methods,PAYMENT,BILZ,2694
14355,modiby data on {{Account Category}} account,edit_account,ACCOUNT,BKLZ,7293
24160,i do not know wnat i have to do to switch to the pro account,switch_account,ACCOUNT,BEQZ,13279
21051,I don't know how I can notify of issues with a registration,registration_problems,ACCOUNT,BLM,11228
3849,I cannot find anything about the termination penalties,check_cancellation_fee,CANCEL,BELM,1879
5612,how could I see the payment methods?,check_payment_methods,PAYMENT,BILP,2827
26410,how could I track my restitution?,track_refund,REFUND,BILP,14014
2477,where do I correct the fucking shipping address?,change_shipping_address,SHIPPING,BILW,1104
22599,I don't know how I could submit feedback for your company,review,FEEDBACK,BLP,12405
7829,I'm trying to lodge a consumer claim,complaint,FEEDBACK,BLQ,3827
19711,I want assistance ordering an article,place_order,ORDER,BL,10183
8095,i dont know what to do to speak to customer support,contact_customer_service,CONTACT,BLQ,3990
20453,how do i retrieve the pin code of myaccount,recover_password,ACCOUNT,BILQZ,10892
22930,I try to set up my delivery address,set_up_shipping_address,SHIPPING,BL,12632
10009,"I don't have a {{Account Category}} account, how could I register?",create_account,ACCOUNT,BCILNP,5009
16452,help me get a reiombursement of my money,get_refund,REFUND,BLZ,8371
18213,"I need to notify of issues with online payments, help me",payment_issue,PAYMENT,BCLM,9199
20710,I need assistance restoring my user account password,recover_password,ACCOUNT,BL,11083
4758,I want help locating bill #12588,check_invoice,INVOICE,BL,2391
15621,where to download the bill #12588?,get_invoice,INVOICE,BIL,7894
12263,i need assistance checking what methods for delivery i have,delivery_options,DELIVERY,BLMQ,6161
12938,can you help me see when my order is going to arrive?,delivery_period,DELIVERY,BIL,6452
13633,i need assistance to see when my article is gonna arrive,delivery_period,DELIVERY,BLQZ,6832
1332,help me to switch an item of order {{Order Number}},change_order,ORDER,BL,437
13661,I need assistance seeing when will my parcel arrive,delivery_period,DELIVERY,BL,6768
1945,problems with swapping some items of purchase {{Order Number}},change_order,ORDER,BLM,702
83,cancelling order,cancel_order,ORDER,BK,37
20260,i dont know how to recover my user account access key,recover_password,ACCOUNT,BLQ,10449
24575,"I have to use the {{Account Type}} profile, can I get some help?",switch_account,ACCOUNT,BCIL,13433
7992,"I have to talk to customer support, will you help me?",contact_customer_service,CONTACT,BCILP,3927
6783,i cant check ur moeny back guarantee,check_refund_policy,REFUND,BLQZ,3293
19981,I don't know how to retrieve the password of my profile,recover_password,ACCOUNT,BL,10489
17300,help canceling my company fucking newsletter subscription,newsletter_subscription,SUBSCRIPTION,BLW,8785
18433,i want assistance to solve issues with payment,payment_issue,PAYMENT,BMQ,9330
11746,I want help closing my pro account,delete_account,ACCOUNT,BL,5849
2157,i chose a wfong fucking address i wanna correct it,change_shipping_address,SHIPPING,BCLQWZ,866
12308,help me see the options for shipping,delivery_options,DELIVERY,BL,6204
10877,i need assistance opening a platinum account for my daughter,create_account,ACCOUNT,BLQ,5194
23420,issues submitting my delivery adfdress,set_up_shipping_address,SHIPPING,BLMZ,12909
10623,"I don't have a bloody user, could you help me to open one?",create_account,ACCOUNT,BCILNPW,5331
7000,I'm dissatisfied with ur work help me making a complaint,complaint,FEEDBACK,BCLQ,3394
7940,i hae to talk to customer support i need help,contact_customer_service,CONTACT,BCLQZ,3886
17444,I'd like to receive the company newsletter could ya help me,newsletter_subscription,SUBSCRIPTION,BCILPQ,8836
19795,want assistanfe to shop several damn articles,place_order,ORDER,BLMQWZ,10337
12877,check the available methods for delivery,delivery_options,DELIVERY,BL,6411
19327,what do I need to do to order a few of your product?,place_order,ORDER,BILM,9983
14009,editing details on standard account,edit_account,ACCOUNT,BKLM,7041
2784,supports trying to change the address,change_shipping_address,SHIPPING,BLM,1295
18379,I need help to solve a problem with payments,payment_issue,PAYMENT,BLM,9295
21627,is it possible to report an sign-up issue,registration_problems,ACCOUNT,BILQZ,11696
12288,how to see what options for delivery are there?,delivery_options,DELIVERY,BILM,6213
13977,"I would like to edit some of my user details, I need help",edit_account,ACCOUNT,BCLMP,7014
12418,I have got to see what delivery options are there,delivery_options,DELIVERY,BLM,6261
25855,i want assistance to track order {{Order Number}},track_order,ORDER,BQ,13649
21268,I cannot report a registration error,registration_problems,ACCOUNT,BELNZ,11438
18784,i do not know what to do toi inform of payment problems,payment_issue,PAYMENT,BELMQZ,9528
14377,correct information on standard account,edit_account,ACCOUNT,BKL,7308
2812,wanna know more about a shipping address update,change_shipping_address,SHIPPING,BLQ,1308
8834,I don't know how to speak with customer support,contact_customer_service,CONTACT,BL,3992
20954,could you help me notify of problems with a sign-up?,registration_problems,ACCOUNT,BILMP,11257
21712,"I can't open an account, help reporting a signup issue",registration_problems,ACCOUNT,BCLN,11745
6229,show me in which cases can I request a refund,check_refund_policy,REFUND,BL,3112
14801,editing info on pro account,edit_account,ACCOUNT,BKLQ,7552
18476,my card was declined report payment issues,payment_issue,PAYMENT,BCLMQ,9355
18324,I don't know how to report an issue with online payments,payment_issue,PAYMENT,BLM,9032
3225,how can i see the early exit charge,check_cancellation_fee,CANCEL,BILQ,1578
12250,I'm looking for the shipment methods help me find them,delivery_options,DELIVERY,BCELQ,6196
6310,I need to check how long the goddamn reimbursements take,check_refund_policy,REFUND,BLW,3141
16022,whzt do i need to do to ask for reimbursements of money,get_refund,REFUND,BILMQZ,8096
12907,where can I check how soon can I expect the goddamn article?,delivery_period,DELIVERY,BILW,6423
4660,can ya help me give a quick look at my bill #85632,check_invoice,INVOICE,BILQ,2006
15198,I want to download the nivoice from {{Person Name}},get_invoice,INVOICE,BLZ,7756
19827,what do I need to do to buy several items?,place_order,ORDER,BIM,10360
3170,could ya help me see the goddamn cancellation charge,check_cancellation_fee,CANCEL,BILPQW,1549
1163,chnaging order {{Order Number}},change_order,ORDER,BZ,329
19351,how to shop some items?,place_order,ORDER,BILM,10003
23349,i need assistance to set up the new delivery address,set_up_shipping_address,SHIPPING,BLQ,12648
11238,"I never use my {{Account Category}} account, could I cancel it?",delete_account,ACCOUNT,BCEILP,5672
12991,I have got to see how soon can I expect the fucking item,delivery_period,DELIVERY,BLW,6496
3102,i cannot find the early termination fees,check_cancellation_fee,CANCEL,BELMQ,1501
21816,I am trying to notify of sign-up problems,registration_problems,ACCOUNT,BLM,11810
19751,"I would like to shop several of your article, I need help",place_order,ORDER,BCLMP,10309
3861,nded to check the termination penalties how to do it,check_cancellation_fee,CANCEL,BCILMQZ,1882
16659,"I have paid {{Currency Symbol}}{{Refund Amount}} for this article, how to obtain a rebate?",get_refund,REFUND,BCEILMV,8485
22345,want assistance to leave feedback for ur products,review,FEEDBACK,BLQ,12224
8144,"I want to talk with customer support, can you help me?",contact_customer_service,CONTACT,BCIL,4017
8850,I want help to check what hours I can call customer service,contact_customer_service,CONTACT,BL,3897
23979,could you help me changing to the {{Account Type}} account?,switch_account,ACCOUNT,BILP,13192
26805,want assistance to know if there are any news on my rebate,track_refund,REFUND,BLMQ,14118
15847,I don't know what I have to do to get the invoice #85632,get_invoice,INVOICE,B,7709
20425,"I forgot the PIN of my profile, how could I reset it?",recover_password,ACCOUNT,BCILP,10871
3246,I don't know what I have to do to see the early exit fee,check_cancellation_fee,CANCEL,BL,1596
12898,I want assistance to see what shipment options are available,delivery_options,DELIVERY,BLM,6352
7632,"I am unhappy with your services, help filing a complaint",complaint,FEEDBACK,BCL,3739
17945,I do not know how to inform of troubles with payments,payment_issue,PAYMENT,BELM,8995
7841,assistance lodging a reclamation against your organization,complaint,FEEDBACK,BL,3830
1264,help me adding several rpoducts to order {{Order Number}},change_order,ORDER,BLMZ,397
1924,need asistance to modify purchase {{Order Number}},change_order,ORDER,BLQZ,693
4939,help me seeing the payment modalities,check_payment_methods,PAYMENT,BL,2482
12324,I want help checking the methods for shipping,delivery_options,DELIVERY,BL,6229
19829,where could I buy several articles?,place_order,ORDER,BILMP,10362
13793,need to see when will my parcel arrive,delivery_period,DELIVERY,BLQ,6523
22521,is their a section to submit my feedback about a product,review,FEEDBACK,BILQZ,12354
4812,see ibll #37777,check_invoice,INVOICE,BLZ,2408
26598,could you help me see if there are any news on my rebate?,track_refund,REFUND,BILMP,14068
11290,i have to delete the fucking freemium account i need help,delete_account,ACCOUNT,BCLQW,5698
19336,"I want to order a few of your item, can I get some help?",place_order,ORDER,BCILM,9991
3111,what are the withdrawal fees?,check_cancellation_fee,CANCEL,BILM,1507
13272,I want assistance checking when my order is going to arrive,delivery_period,DELIVERY,BL,6668
17973,how can I inform of issues with online payment?,payment_issue,PAYMENT,BILM,9020
16759,I would like to ask for compensations,get_refund,REFUND,BLMP,8540
8878,what is ur customer assistance phone number,contact_customer_service,CONTACT,BILQ,4315
1119,how can i remove several items from purchaswe {{Order Number}},change_order,ORDER,BILMQZ,301
22538,want help to send my feedback for your rpoducts,review,FEEDBACK,BLQZ,12367
9377,i need help to chat withh somebody,contact_human_agent,CONTACT,BLQZ,4643
25578,I'm trying to see purchase {{Order Number}} current status,track_order,ORDER,BLQ,13714
14427,i have got to edit the details included on my profile,edit_account,ACCOUNT,BLMQ,7340
18729,errors with online payments,payment_issue,PAYMENT,BKLM,9495
3033,I have to see the withdrawal fees,check_cancellation_fee,CANCEL,BLM,1402
3720,"I want to check the termination penalty, help me",check_cancellation_fee,CANCEL,BCL,1818
6940,could i file a revlamation against ur organization,complaint,FEEDBACK,BILPQZ,3346
12981,how can I see how son can I expect my package?,delivery_period,DELIVERY,BILZ,6488
2850,i have an error trying to edit the address,change_shipping_address,SHIPPING,BLQ,1332
6661,I do not know how I can check your reimbursement policu,check_refund_policy,REFUND,BELZ,3253
16863,i have paid {{Currency Symbol}}{{Refund Amount}} for an item help to obtain a rebbate,get_refund,REFUND,BCELMQVZ,8135
22366,is there a method to leave some feedback for a product?,review,FEEDBACK,BIL,12243
11829,i dont know what i need to do to cancel a pro account,delete_account,ACCOUNT,BLQ,5954
11942,"I would like to check the delivery options, how to do it?",delivery_options,DELIVERY,BCIP,6023
16947,i cnt cancel my company newsletter subscription,newsletter_subscription,SUBSCRIPTION,BLQZ,8650
25526,I am trying to see the status of order {{Order Number}},track_order,ORDER,BL,13700
20611,"someone stole my password, help retrieving it",recover_password,ACCOUNT,BCL,11009
20736,could you help me reset the PIN of my user profile?,recover_password,ACCOUNT,BILP,11101
9038,I need to chat with an agent,contact_human_agent,CONTACT,BL,4429
5405,I want to see what payment options are availabl,check_payment_methods,PAYMENT,BLZ,2729
6516,i need help to see in what situationw can i ask for refunds,check_refund_policy,REFUND,BLQZ,2990
11002,can ya help me cancel a {{Account Type}} cacount,delete_account,ACCOUNT,BILQZ,5533
10025,I don't know what to do to create a standard account,create_account,ACCOUNT,B,5020
4101,is it possible to see the bills from {{Person Name}}?,check_invoice,INVOICE,BILM,2048
7232,i try to make a bloody consumer complaint against ur company,complaint,FEEDBACK,BLQW,3544
14124,updating information on pro account,edit_account,ACCOUNT,BKL,7136
10325,open a standard account for my dad,create_account,ACCOUNT,BL,4946
12219,can you help me checking what shipment methods I have?,delivery_options,DELIVERY,BILM,6160
11991,do ya ship to {{Delivery Country}},delivery_options,DELIVERY,BILQS,6064
321,i dont want purchase {{Order Number}} could i cancel it,cancel_order,ORDER,BCILNPQ,99
8167,how do i see at what time i can recah customer service,contact_customer_service,CONTACT,BILQZ,4028
19995,question about the passowrd reset,recover_password,ACCOUNT,BLZ,10501
3146,I want assidtance to check the early exit penalty,check_cancellation_fee,CANCEL,BLZ,1532
23247,there are issues setting another delivery address up,set_up_shipping_address,SHIPPING,BLM,12833
16171,i need assistance to get rebates,get_refund,REFUND,BLMQ,8210
13425,want assistance checking ohw soon can i expect my parcel,delivery_period,DELIVERY,BLQZ,6743
1974,switch several items of order {{Order Number}},change_order,ORDER,BLM,249
6928,I have to file a consumer complaint,complaint,FEEDBACK,BL,3334
19832,is it possible to earn several products?,place_order,ORDER,BILM,10365
21047,is it possible to notify of a registration error?,registration_problems,ACCOUNT,BIL,11327
3500,are there early termination fees?,check_cancellation_fee,CANCEL,BILM,1729
16128,i do not know how i could obtaain compensations,get_refund,REFUND,BELMPQZ,8178
19570,"I need to shop a few of your product, how can I do it?",place_order,ORDER,BCILM,10177
6273,i need help checking ur refund policy,check_refund_policy,REFUND,BQ,3123
17907,i want help to oslve a bloody issue with payment,payment_issue,PAYMENT,BQWZ,8960
9804,"I cannot understand a word you say, can I contact someone?",contact_human_agent,CONTACT,BCEIL,4872
22452,i do not know how to leave a review about ur services,review,FEEDBACK,BELQ,12304
13772,"I am looking for shipping periods, where could I find them?",delivery_period,DELIVERY,BCEILP,6883
18599,can uhelp me informing of a payment issue,payment_issue,PAYMENT,BILQ,9422
19048,can you help me acquiring a few of your product?,place_order,ORDER,BILM,9732
17855,"I have to receive the newsletter, how could I do it?",newsletter_subscription,SUBSCRIPTION,BCILP,8935
21637,i need assistance to inform of errors with signup,registration_problems,ACCOUNT,BLMQ,11700
21557,where can I inform of errors with a bloody signup?,registration_problems,ACCOUNT,BILMW,11656
8873,I don't know how I can talk with customer assistance,contact_customer_service,CONTACT,BL,4311
7443,I do not know what to do to lodge a consumer claim,complaint,FEEDBACK,BEL,3659
21892,do you have a section to submit some feedback for a service?,review,FEEDBACK,BI,11856
14238,chnge data on standard account,edit_account,ACCOUNT,BKLZ,7220
6705,wanna see inwhich cases can i ask to be refunded i need help,check_refund_policy,REFUND,BCLQZ,3263
20535,want help to restore my pi code,recover_password,ACCOUNT,BLQZ,10950
17342,I don't know how to receive your company newsletter,newsletter_subscription,SUBSCRIPTION,BL,8799
8313,need to see what hours customer assistance available is,contact_customer_service,CONTACT,BLQ,4100
10761,i need informqtion about creating platinum accounts,create_account,ACCOUNT,BMQZ,5396
19898,I do not know what to do to retrieve the PIN of my user,recover_password,ACCOUNT,BEL,10408
18719,I do not know how I can notify of an error with payments,payment_issue,PAYMENT,BELM,9489
19291,assistance shopping some of your article,place_order,ORDER,BLM,9949
23253,support submitting the deoivery address,set_up_shipping_address,SHIPPING,BLZ,12837
15167,help me downloading my invoice #37777,get_invoice,INVOICE,BL,7650
26816,what do I have to do to see the rebate status?,track_refund,REFUND,BIL,14120
16792,I don't know how I could request my money back,get_refund,REFUND,BLP,8559
9097,I want to speak with somebody,contact_human_agent,CONTACT,BL,4339
16757,I don't know how I can receive compensations,get_refund,REFUND,BLM,8538
21019,want help to report fucking sign-up errors,registration_problems,ACCOUNT,BLMQW,11307
10829,creating gold account,create_account,ACCOUNT,BK,5424
1858,i camt update order {{Order Number}},change_order,ORDER,BLNQZ,668
6299,are service charges reimbursable?,check_refund_policy,REFUND,BIL,3028
10060,how do I create a premium account?,create_account,ACCOUNT,BIL,5013
3775,can I check the early termination fee?,check_cancellation_fee,CANCEL,BIL,1557
11758,"I no longer make use of my pro account, I try to delete it",delete_account,ACCOUNT,BCEL,5916
17885,want assistance receiving ur goddamn newsletter,newsletter_subscription,SUBSCRIPTION,BLQW,8943
17596,I cannotcancel my subscription to your corporate newsletter,newsletter_subscription,SUBSCRIPTION,BELZ,8877
26346,need help checking the current status ofv the compensation,track_refund,REFUND,BLQZ,13990
11860,want assistance canceling the standard account,delete_account,ACCOUNT,BLQ,5969
24689,can you help me to change to the goddamn pro account?,switch_account,ACCOUNT,BILW,13462
5797,i dont know how to hceck the payment options,check_payment_methods,PAYMENT,BLQZ,2905
6689,assisance seeing in what cases can i request a refund,check_refund_policy,REFUND,BLQZ,3260
311,canceling order,cancel_order,ORDER,BK,96
13006,can you hsow me how long it takes for the article to arrive?,delivery_period,DELIVERY,BILZ,6508
10935,I have a problem with the termination of my {{Account Type}} account,delete_account,ACCOUNT,BL,5480
12890,"I have to check the shipping options, will you help me?",delivery_options,DELIVERY,BCILP,6414
17797,"I have to unsubscribe from the newsletter, will you help me?",newsletter_subscription,SUBSCRIPTION,BCILP,8924
25940,is it possible to see if there are any updates on my refund,track_refund,REFUND,BILMQ,13830
22720,assistance sending some feedback for ur proiducts,review,FEEDBACK,BLQZ,12484
21874,where can I notify of problems with sign-up?,registration_problems,ACCOUNT,BILM,11285
13573,"I want to see how soon can I expect my delivery, help me",delivery_period,DELIVERY,BCL,6802
3723,I do not know what I have to do to check te cancellation fee,check_cancellation_fee,CANCEL,BEZ,1820
21641,i dont know what i have to do to inform of signup issues,registration_problems,ACCOUNT,BLMQ,11704
6381,can ushow me in which cases can i ask for reimbursements,check_refund_policy,REFUND,BILQ,3168
9455,need assistance talking to someone,contact_human_agent,CONTACT,BLQ,4686
22222,can you help me submit feedback for a service?,review,FEEDBACK,BIL,12133
2529,help me modifying the adress,change_shipping_address,SHIPPING,BLZ,1139
18559,i canr pay can ya help me report issues with online payment,payment_issue,PAYMENT,BCILMQZ,9400
2489,there is an issue modifying my address,change_shipping_address,SHIPPING,BL,1116
6443,I have to see in which cases can I sak for reimbursements,check_refund_policy,REFUND,BLZ,3186
19955,help me restoring my account key,recover_password,ACCOUNT,BL,10463
23070,"I have got to set up a shipping address, how do I do it?",set_up_shipping_address,SHIPPING,BCIL,12736
10264,i do not have a standard account assistance registering,create_account,ACCOUNT,BCELNQ,5172
13070,help me see when will myarticle arrive,delivery_period,DELIVERY,BLZ,6555
19037,i dont know what i need to do to shop a few of ur product,place_order,ORDER,BLMQ,9722
8452,I want help speaking to goddamn customer service,contact_customer_service,CONTACT,BLW,4149
20021,I want assistance resetting my key,recover_password,ACCOUNT,BL,10523
21477,I am trying to inform of errors with registrations,registration_problems,ACCOUNT,BLM,11608
20679,"I want to retrieve my user PIN, how to do it?",recover_password,ACCOUNT,BCIL,11056
8299,i try to check whathours customer support available is,contact_customer_service,CONTACT,BLQZ,4095
21142,how do i inform of issues with a signup,registration_problems,ACCOUNT,BILMQ,11395
19339,how can I earn some of your article?,place_order,ORDER,BILM,9993
14027,correcting details on standard account,edit_account,ACCOUNT,BKLM,7055
8567,wannma speak to customer service how can i do it,contact_customer_service,CONTACT,BCILQZ,4194
17381,i want assistznce signing up to ur company newsletter,newsletter_subscription,SUBSCRIPTION,BLQZ,8812
9812,help me to contact an ooperator,contact_human_agent,CONTACT,BLZ,4879
22164,is there an e-mail to submit some feedback for a product,review,FEEDBACK,BILQ,12089
19400,can you help me shopping an article?,place_order,ORDER,BIL,10044
14195,correct info on {{Account Category}} account,edit_account,ACCOUNT,BKLQ,7191
19401,I have got to buy some fucking products,place_order,ORDER,BLMW,10045
15633,getting invoices from one purchases ago,get_invoice,INVOICE,BKM,7898
16368,i do not know how i can request a rebate of my money,get_refund,REFUND,BELQ,8320
16861,where do i receive compensations of my money,get_refund,REFUND,BILMQ,8036
10731,I do not know how I can create a platinum account,create_account,ACCOUNT,BEL,5215
4358,wanna give an quick look at my bill #37777 i need assistance,check_invoice,INVOICE,BCLQZ,2200
22126,want help sending my feedback,review,FEEDBACK,BLQ,12059
18294,I'm trying to notify of errors with online payments,payment_issue,PAYMENT,BLMQ,9250
1359,swap an item of order {{Order Number}},change_order,ORDER,BL,309
8589,need assistance to speak with customer support,contact_customer_service,CONTACT,BLQ,4204
4182,"I need to locate my bill from {{Person Name}}, will you help me?",check_invoice,INVOICE,BCILP,2099
9358,direct to me an assisrant,contact_human_agent,CONTACT,BLZ,4636
12112,need help to check the shipment methods,delivery_options,DELIVERY,BLQ,6127
12806,assistance seeing what shipment methods you offer,delivery_options,DELIVERY,BLM,6383
21642,i do not know how to report an issue wiht a sign-up,registration_problems,ACCOUNT,BELQZ,11705
6440,need help seeing in what cases can I ask for a refund,check_refund_policy,REFUND,BLQ,3185
21542,how can I notify of an error with goddamn sign-up?,registration_problems,ACCOUNT,BILMW,11649
14528,changing details on platinum account,edit_account,ACCOUNT,BKLM,7401
8584,do you have a toll-free number to contact customer support?,contact_customer_service,CONTACT,BIL,4201
12835,I am calling to see what delivery options I have,delivery_options,DELIVERY,BLM,6391
19612,how to purchase several articles?,place_order,ORDER,BILM,10201
25853,I need to see the ETA of purchase00123842,track_order,ORDER,BLZ,13597
22535,I want assistance to write a review for your company,review,FEEDBACK,BL,12365
21466,"I can't create a user, where to notify of sign-up errors?",registration_problems,ACCOUNT,BCILMN,11604
19929,I need to retrieve the pass of my user account,recover_password,ACCOUNT,BLQ,10438
4047,what do i have to do to find my bills from {{Person Name}},check_invoice,INVOICE,BILMQ,1933
8241,"I have got to talk to customer support, can I get some help?",contact_customer_service,CONTACT,BCIL,4068
10369,is it possible to create a {{Account Category}} account?,create_account,ACCOUNT,BI,5225
24114,using premium accouny,switch_account,ACCOUNT,BKZ,13263
1322,how can i find information about editing order {{Order Number}},change_order,ORDER,BILQ,430
24136,use another user,switch_account,ACCOUNT,BK,13272
2449,I have issues correcting the address,change_shipping_address,SHIPPING,BLM,1084
22773,is there a section to submit my feedback for ur products,review,FEEDBACK,BILQ,12143
15698,I don't know what I have to do to get bill #00108,get_invoice,INVOICE,BL,7917
23923,switch to thepremium account,switch_account,ACCOUNT,BZ,13158
9327,i do not knw how to talk to somebody,contact_human_agent,CONTACT,BELQZ,4623
3940,can you help me find my bills from {{Person Name}}?,check_invoice,INVOICE,BILM,1931
5719,"I need to list your allowed payment options, how do I do it?",check_payment_methods,PAYMENT,BCIL,2625
8939,I do not know how I can chat with an agent,contact_human_agent,CONTACT,BEL,4348
6064,how do I check your money back policy ?,check_refund_policy,REFUND,BIZ,3050
21756,inform of an error with a signup,registration_problems,ACCOUNT,BL,11380
18718,need to reoprt problems with online payment,payment_issue,PAYMENT,BLMQZ,9488
19343,help me to acquire an item,place_order,ORDER,BL,9809
26680,what is my rebate status?,track_refund,REFUND,BIL,14087
14229,correct data on platinum account,edit_account,ACCOUNT,BKL,7212
16079,I'm trying to demand fucking refunds of money,get_refund,REFUND,BLMQW,8140
22096,want assistance to write a comment about your company,review,FEEDBACK,BLQ,12036
7991,were to see at what time I can contact customer service?,contact_customer_service,CONTACT,BILZ,3926
22196,"I have to submit feedback about a service, I need assistance",review,FEEDBACK,BCL,12115
19784,"I have got to earn several items, how can I do it?",place_order,ORDER,BCILM,10327
2772,there are problems trying to edit the delivery address,change_shipping_address,SHIPPING,BLM,1285
20631,how to reset my user profile key?,recover_password,ACCOUNT,BIL,11022
78,"I have got to cancel purchase {{Order Number}}, help me",cancel_order,ORDER,BCL,35
13602,need assistnce to see how soon can I expect the purchase,delivery_period,DELIVERY,BLQZ,6820
23533,i have a trouble entering a secondary shipping address,set_up_shipping_address,SHIPPING,BLQ,12950
9770,help me speaking with a goddamn agent,contact_human_agent,CONTACT,BLW,4852
6951,can you help me lodging a complaint against your company?,complaint,FEEDBACK,BIL,3356
11244,delete {{Account Type}} acvount,delete_account,ACCOUNT,BKLZ,5673
11803,I don't know how I can cancel the pro account,delete_account,ACCOUNT,BL,5941
3373,where do I check the termination fees?,check_cancellation_fee,CANCEL,BILM,1536
23148,i dont know what i have to do to submit my delivery address,set_up_shipping_address,SHIPPING,BLQ,12780
19164,I'm trying to buy a few of ur item,place_order,ORDER,BMQ,9840
18291,I don't know how I can report a problem with payments,payment_issue,PAYMENT,BLM,9248
7790,where do I file a reclamation?,complaint,FEEDBACK,BIL,3812
26326,I want assistance to see the fucking status of the rebate,track_refund,REFUND,BLW,13983
8957,I don't know what to do to talk with an operator,contact_human_agent,CONTACT,BL,4366
20854,want help to reset my user pass,recover_password,ACCOUNT,BLQ,11174
9636,"you are not helpful, how to chat with an agent?",contact_human_agent,CONTACT,BCEIL,4669
23689,y i cant set the delivery adress valid up,set_up_shipping_address,SHIPPING,BLQZ,13030
4779,i dont know what i have to do to find the invoice #00108,check_invoice,INVOICE,BQ,2043
18700,i dont know how i could inform of an payment error,payment_issue,PAYMENT,BLPQZ,9099
14409,editing details on premium account,edit_account,ACCOUNT,BKLM,7329
2572,tell me more abou editing my address,change_shipping_address,SHIPPING,BLZ,1167
15057,can you help me getting invoice #37777?,get_invoice,INVOICE,BI,7706
2287,support correcting my delivery address,change_shipping_address,SHIPPING,BL,970
26809,see the status of the reimbursement,track_refund,REFUND,BL,14119
19057,could uhelp me purchase a goddamn item,place_order,ORDER,BILPQW,9740
16138,is it possible to demand a damn compensation,get_refund,REFUND,BILQW,8185
26484,"I need to check the rebate current status, can you help me?",track_refund,REFUND,BCIL,14039
6333,"I have to see in which cases can I ask for refunds, help me",check_refund_policy,REFUND,BCL,3153
10412,open a platinum acocunt,create_account,ACCOUNT,BLZ,5243
5034,show me your payment options,check_payment_methods,PAYMENT,BL,2547
7656,"I am not happy with your work, I have to file a reclamation",complaint,FEEDBACK,BCEL,3753
23251,help setting up the secondary shipping address,set_up_shipping_address,SHIPPING,BL,12836
1386,question about changing purchase {{Order Number}},change_order,ORDER,BL,464
17247,can uhelp me to unsubscribe to ur corporate newsetter,newsletter_subscription,SUBSCRIPTION,BILQZ,8767
15843,what do I need to do to get my goddamn bill from {{Person Name}}?,get_invoice,INVOICE,BILW,7961
7880,where can i lodge a claim against ur company,complaint,FEEDBACK,BILQ,3847
22091,could you help me sending some feedback?,review,FEEDBACK,BILP,12031
6942,I call to lodge a consumer reclamation against your business,complaint,FEEDBACK,BL,3348
2415,i dont know how i could correct the address,change_shipping_address,SHIPPING,BLPQ,1060
1237,i made a mistake i want help to edit order {{Order Number}},change_order,ORDER,BCLQ,379
23692,i have sisues setting up my secondary shipping address,set_up_shipping_address,SHIPPING,BLMQZ,13033
15549,what do I have to doto download the invoice #85632?,get_invoice,INVOICE,BILZ,7873
23993,wanna switcj to the pro account i need help,switch_account,ACCOUNT,BCQZ,13199
4214,I am trying to locate my invoice #85632,check_invoice,INVOICE,BL,2122
322,i obught some item help me canceling order {{Order Number}},cancel_order,ORDER,BCLQZ,100
9170,can uhelp me to speak with a person,contact_human_agent,CONTACT,BILQ,4526
14242,could I edit my damn profile?,edit_account,ACCOUNT,BILPW,7222
19021,buying article,place_order,ORDER,BKL,9707
19387,I'd like to acquire some of ur item how do i do it,place_order,ORDER,BCILMPQ,10036
10873,assistance to crete a platinum account,create_account,ACCOUNT,BLZ,5449
8700,how to get in touch with goddamn customer service,contact_customer_service,CONTACT,BILQW,4248
1625,help to moidfy purchase {{Order Number}},change_order,ORDER,BLZ,557
18615,I want assistance reporting a trouble with payment,payment_issue,PAYMENT,BL,9169
20945,i do not know what i need to do to inform of signup erors,registration_problems,ACCOUNT,BELMQZ,11249
11913,shipments to {{Delivery City}},delivery_options,DELIVERY,BLS,5998
20505,i have lost my pwd could i reset it,recover_password,ACCOUNT,BCILPQVZ,10927
9991,i dont know what i have to do to open a premium account,create_account,ACCOUNT,BLQ,4996
17679,where can i subscribe to ur corporate newsletter,newsletter_subscription,SUBSCRIPTION,BILQZ,8630
9782,can ya help me speak toan agent,contact_human_agent,CONTACT,BILQZ,4860
21978,is it possible to write a comment about your company?,review,FEEDBACK,BIL,11935
13199,help me check how soon can I expect my fucking product,delivery_period,DELIVERY,BLW,6630
12359,show me what fucking shipping options I can choose,delivery_options,DELIVERY,BLMW,6243
18487,can ya help me report payment issues,payment_issue,PAYMENT,BIMQ,9361
22685,need to leave feedback for a product,review,FEEDBACK,BLQ,11893
25091,"I want to see the ETA of my order, could you help me?",track_order,ORDER,BCILP,13590
20769,"I have lost my user profile password, help me recover it",recover_password,ACCOUNT,BCLV,11125
26646,I do not know how to know if there are any news on my rebate,track_refund,REFUND,BELM,14079
6998,how can i file a consumre claim against ur organization,complaint,FEEDBACK,BILQZ,3392
17022,ihave got to receive ur damn company newsletter i need help,newsletter_subscription,SUBSCRIPTION,BCLQWZ,8684
21498,assistance to report errors with sign-up,registration_problems,ACCOUNT,BLM,11620
25918,I am waiting for a refnd of {{Refund Amount}} dollars,track_refund,REFUND,BZ,13814
11369,delete standard account,delete_account,ACCOUNT,BKL,5626
20683,need help to restore my user profile key,recover_password,ACCOUNT,BLQ,11060
13325,what do i have to do to see when my order is gonna arrive,delivery_period,DELIVERY,BILQ,6697
22110,assistance to send some feedback about ur company,review,FEEDBACK,BLQ,12047
6894,helpme check your refund policy,check_refund_policy,REFUND,BZ,3317
22351,is there a section to submit fedback for your company?,review,FEEDBACK,BILZ,12228
11807,deleting standard accoumt,delete_account,ACCOUNT,BKLZ,5943
1039,I want information about modifying order {{Order Number}},change_order,ORDER,BL,241
6736,I would like to see in which cases can I request refunds,check_refund_policy,REFUND,BLP,3124
7164,help lodging a consumer claim,complaint,FEEDBACK,BL,3420
7540,I do not know what I have to do to make a reclamation,complaint,FEEDBACK,BEL,3509
7145,i dont know what i have to do to lodge as consumer claim,complaint,FEEDBACK,BLQZ,3493
7801,help filing a consumer complaint against ur business,complaint,FEEDBACK,BLQ,3816
19052,I need assistance shopping something,place_order,ORDER,BL,9736
22936,there are problems entering a secondary shipping address,set_up_shipping_address,SHIPPING,BLM,12638
9213,uarent helpfulo talk with an operator,contact_human_agent,CONTACT,BCLQZ,4554
8162,ya have a free of charge number to talk to customer service,contact_customer_service,CONTACT,BILQ,4026
26018,I have to check if there are any updates on the restitution,track_refund,REFUND,BLM,13870
10647,"I haven't signed up yet, I have got to open a pro account",create_account,ACCOUNT,BCL,5342
23116,there is a problem setting up my new shipping address,set_up_shipping_address,SHIPPING,BLZ,12753
4819,whaty do i need to do to check the invoice #00108,check_invoice,INVOICE,BIQZ,2415
20586,I don't know what to do to ertrieve the PIN of my user,recover_password,ACCOUNT,BLZ,10991
3746,I cannot find the withdrawal penalty,check_cancellation_fee,CANCEL,BEL,1831
23681,what do I have to do to submit thw delivery address?,set_up_shipping_address,SHIPPING,BILZ,13029
25726,I want to see order {{Order Number}} bloody current status,track_order,ORDER,BLW,13754
19637,i want help to buy a damn article,place_order,ORDER,BLQWZ,10221
20788,i do not know what to do to reset my profile pass,recover_password,ACCOUNT,BELQ,10512
6533,i dont know how i can check ur reimbursement policy,check_refund_policy,REFUND,BLQ,3214
12279,"I have to see what shipping methods you offer, how to do it?",delivery_options,DELIVERY,BCILM,6211
21262,"I cannot sign up, inform of sign-up problems",registration_problems,ACCOUNT,BCELMN,11481
4529,can i take a quick look at the invoices from {{Person Name}},check_invoice,INVOICE,BIMQ,2110
11802,what do i have to do to close my standard account,delete_account,ACCOUNT,BILQ,5940
6581,need to see how long refunds take can i get somehelp,check_refund_policy,REFUND,BCILQZ,3232
9797,uare not ehlpful i need assistance to speak to a person,contact_human_agent,CONTACT,BCELQZ,4868
4940,can I pay with PayPal?,check_payment_methods,PAYMENT,BIL,2483
5437,i do not knwo how to see the payment methods,check_payment_methods,PAYMENT,BELQZ,2741
18241,where do i inform of errors with payment,payment_issue,PAYMENT,BILMQ,9222
1563,how can I erdit purchase {{Order Number}}?,change_order,ORDER,BILZ,537
8654,how do I see at what time customer assistance available is?,contact_customer_service,CONTACT,BIL,4226
2516,i want assistance trying to update my address,change_shipping_address,SHIPPING,BLQ,1086
2711,I have problems trying to update my address,change_shipping_address,SHIPPING,BLM,1252
873,I want assistance canceling purchyase {{Order Number}},cancel_order,ORDER,BLZ,184
18801,can uhelp me report problems with payments,payment_issue,PAYMENT,BILMQ,9538
14566,editing info on platinum account,edit_account,ACCOUNT,BKLQ,7393
1782,can uhelp me to add a bloody item topurchase {{Order Number}},change_order,ORDER,BILQWZ,636
2511,give me information about changing my address,change_shipping_address,SHIPPING,BL,1130
20436,retrieve the key of my user account,recover_password,ACCOUNT,BL,10454
18970,wanna shop a few of ur article,place_order,ORDER,BLMQ,9659
19201,i need help buying some of ur item,place_order,ORDER,BMQ,9873
22253,i have to leave an opinion about an service i need help,review,FEEDBACK,BCLQZ,12157
26772,I cannot see if there are any updates on my compensation,track_refund,REFUND,BELMN,14110
22483,ya have an address to submit my feedback for ur products,review,FEEDBACK,BILQ,12326
26752,how to track the reimbursement?,track_refund,REFUND,BIL,13821
8540,I'm trying to check what hours i can reach customer suport,contact_customer_service,CONTACT,BLQZ,4182
1868,can I change a product of order {{Order Number}}?,change_order,ORDER,BIL,673
23595,I cannot set a shipping address up,set_up_shipping_address,SHIPPING,BEL,12827
13937,updating information on freemium account,edit_account,ACCOUNT,BKL,6978
169,"I can't afford my last item, cancel purchase {{Order Number}}",cancel_order,ORDER,BCLN,60
21287,can you help me notify of registration problems?,registration_problems,ACCOUNT,BILM,11497
6914,help me to file a claim,complaint,FEEDBACK,BL,3320
5263,could you tell me the fucking payment modalities?,check_payment_methods,PAYMENT,BILPW,2663
4218,can you help me give a quick look at bill #00108?,check_invoice,INVOICE,BIL,2008
7151,where do i file an customer claim against ur business,complaint,FEEDBACK,BILQZ,3496
10851,where do I create a gold account?,create_account,ACCOUNT,BIL,5435
7037,I have got to file a customer complaint,complaint,FEEDBACK,BL,3417
14277,modifying information on freemium account,edit_account,ACCOUNT,BKL,7242
19306,how to shop some articles,place_order,ORDER,BILMQ,9962
19559,"I have got to order a few of your item, how do I do it?",place_order,ORDER,BCILM,10168
16777,i want assistance requesting rebates,get_refund,REFUND,BLMQ,8551
16778,"I paid {{Currency Symbol}}{{Refund Amount}} for this purchase, I want my rebate",get_refund,REFUND,BCLM,8196
22043,i dont know what to do to write a review for a service,review,FEEDBACK,BLQ,11989
13462,where to ese how long the delivery takes,delivery_period,DELIVERY,BILQZ,6757
3398,"I need to see the cancellation fee, can you help me?",check_cancellation_fee,CANCEL,BCIL,1676
9893,how can I contact an agent?,contact_human_agent,CONTACT,BI,4918
21159,i need help notifying of registration issues,registration_problems,ACCOUNT,BLMQ,11410
7318,i have to lodge a consumer claim against ur ocmpany,complaint,FEEDBACK,BLQZ,3596
11894,I want assistance cancelling the premium account,delete_account,ACCOUNT,BL,5981
8680,"I need to call customer support, how do I do it?",contact_customer_service,CONTACT,BCIL,4237
678,"I do not want the item I purchased, can I cancel the order?",cancel_order,ORDER,BCEILN,158
3635,what are the fees for canceling the contract?,check_cancellation_fee,CANCEL,BILM,1783
22430,I have got to submit my feedback,review,FEEDBACK,BL,12289
19462,I do not know ohw to acquire an item,place_order,ORDER,BELZ,10095
16859,is it possible to get rebates of my money,get_refund,REFUND,BILMQ,8600
25026,wanna see orer {{Order Number}} current status can ya help me,track_order,ORDER,BCILQZ,13571
1694,I am trying to swap an item of order {{Order Number}},change_order,ORDER,BL,593
22616,i want assistance to submit my feedback for a service,review,FEEDBACK,BLQ,12416
6472,help to ssee in what situations can i ask for reimbursements,check_refund_policy,REFUND,BLQZ,3072
12194,"I need to see the methods for shipping, can I get some help?",delivery_options,DELIVERY,BCIL,6170
19173,"I have to acquire a few of your article, can you help me?",place_order,ORDER,BCILM,9848
3559,help me to check the termination charges,check_cancellation_fee,CANCEL,BLM,1443
12952,I am trying to see how soon can I expect the purchase,delivery_period,DELIVERY,BL,6465
2535,there is an issue changing my address,change_shipping_address,SHIPPING,BL,1144
23869,there are errors submitting the new shipping address,set_up_shipping_address,SHIPPING,BLM,13118
12449,"I need to see the delivery methods, how to do it?",delivery_options,DELIVERY,BCIL,6268
13852,show me how long it takes for my parcel to arrive,delivery_period,DELIVERY,BL,6438
2356,"my bloody delivery address changed, can I update it?",change_shipping_address,SHIPPING,BCILW,1018
23409,error entering a goddamn different shipping address,set_up_shipping_address,SHIPPING,BLW,12905
20599,i habe a problem with my pin retrieval,recover_password,ACCOUNT,BLQZ,11002
3649,is it possible to check the withdrawal charge?,check_cancellation_fee,CANCEL,BIL,1790
5962,could I see in what cases can I ask for a refund?,check_refund_policy,REFUND,BILP,2994
12346,"I need to see the delivery options, how do I do it?",delivery_options,DELIVERY,BCIL,6238
12687,do ya ship toUSA,delivery_options,DELIVERY,BILQSZ,6343
23919,"I have to use the pro profile, I need assistance",switch_account,ACCOUNT,BCL,13155
6774,wanna see ur refund policy caan ya help me,check_refund_policy,REFUND,BCILQZ,3291
7535,I do not know what to do to file a customer reclamtion,complaint,FEEDBACK,BELZ,3702
11857,I don't know what I need to do to cancel a platinum account,delete_account,ACCOUNT,BL,5966
13476,i call to check how soon can i expect my bloody item,delivery_period,DELIVERY,BLQW,6763
13014,"I need to see when will my parcel arrive, how to do it?",delivery_period,DELIVERY,BCIL,6515
14429,correct data on freemium account,edit_account,ACCOUNT,BKL,7341
11666,assistance deleting the secondary account,delete_account,ACCOUNT,BL,5875
26812,assistance seeing if there are any news on my reimbursement,track_refund,REFUND,BLM,13938
8480,i want help to check wht hours i can reach customer service,contact_customer_service,CONTACT,BLQZ,4159
23447,there are errors setting the secondary delivery address up,set_up_shipping_address,SHIPPING,BLM,12924
4412,is it possible to locate invoice #37777,check_invoice,INVOICE,BILQ,2229
17600,I cannot sign up to the bloody newsletter,newsletter_subscription,SUBSCRIPTION,BELW,8878
8809,I do not know how I could get in touch with customer support,contact_customer_service,CONTACT,BELP,4288
25780,I am trying to see the ET of the order {{Order Number}},track_order,ORDER,BLZ,13767
4684,I need help checking the biol #37777,check_invoice,INVOICE,BLZ,2353
14137,correctdata on gold account,edit_account,ACCOUNT,BKLZ,7148
16235,i do not know what to do to request refunds,get_refund,REFUND,BELMQ,8249
3543,i need assistance checking the early termintaion fees,check_cancellation_fee,CANCEL,BLMQZ,1746
9775,I don't know how to speak with a human agent,contact_human_agent,CONTACT,BL,4569
19174,where can i order an article,place_order,ORDER,BILQ,9849
13465,can you help me see when my article is goong to arrive?,delivery_period,DELIVERY,BILZ,6758
14575,modifu details on {{Account Type}} account,edit_account,ACCOUNT,BKLMZ,7426
22715,i dont know how i can leave feedback for ur products,review,FEEDBACK,BLQ,12229
486,icannot afford order {{Order Number}} could i cancel it,cancel_order,ORDER,BCEILNPQZ,129
19221,where do I order an article?,place_order,ORDER,BIL,9890
13780,I would like to check how soon can I expect the shipment,delivery_period,DELIVERY,BLP,6889
20377,I cannot reset my profile PIN,recover_password,ACCOUNT,BELN,10428
25303,need help seeing the fucking status of order {{Order Number}},track_order,ORDER,BLQW,13651
12948,"I have got to see how long the delivery takes, I need help",delivery_period,DELIVERY,BCL,6461
4906,i have got to check my bill from {{Person Name}} will uhelp me,check_invoice,INVOICE,BCILPQ,2456
11452,i want assistance deleting the {{Account Type}} account,delete_account,ACCOUNT,BLQ,5785
18810,I do not know what I need to do to inform of paymdnt errors,payment_issue,PAYMENT,BELMZ,9545
12051,assistance checking what bloody shipping options you offer,delivery_options,DELIVERY,BLMW,6099
20146,i want information about my access key recovery,recover_password,ACCOUNT,BLQ,10635
2300,I need information about a delivery address update,change_shipping_address,SHIPPING,BL,979
21695,assistance to inform of asign-up problem,registration_problems,ACCOUNT,BLZ,11263
22874,want assistance sending some feedback about a product,review,FEEDBACK,BLQ,11908
13985,update inforemation on {{Account Type}} account,edit_account,ACCOUNT,BKLZ,7022
7949,how could I get in touch with fucking customer service?,contact_customer_service,CONTACT,BILPW,3895
13854,where do i check how soon can i expect my purchase,delivery_period,DELIVERY,BILQ,6917
1361,I forgot to include an item in purchase {{Order Number}},change_order,ORDER,BL,450
16134,how do I obtain a rebate of money?,get_refund,REFUND,BIL,8175
24953,will ushow me purchase {{Order Number}} curret status,track_order,ORDER,BILPQZ,13544
12164,assistance seeing what shipping methods are there,delivery_options,DELIVERY,BLM,6152
11901,i have a problem with the removal opf my standard account,delete_account,ACCOUNT,BLQZ,5986
14953,i have toget invoice #00108 can ya help me,get_invoice,INVOICE,BCIQZ,7657
3103,I don't know how I can check the withdrawal penalties,check_cancellation_fee,CANCEL,BLM,1502
19989,I don't know how I could recover my user profile access key,recover_password,ACCOUNT,BLP,10496
23557,"my new shipping address is invalid, can you help me?",set_up_shipping_address,SHIPPING,BCIL,12967
8666,assistance to speak with bloody customer support,contact_customer_service,CONTACT,BLW,4231
24979,order 00123842current status,track_order,ORDER,BKLZ,13552
14468,what do i need to do to edit the details on my user profile,edit_account,ACCOUNT,BILMQ,7363
19099,can you help me earning something?,place_order,ORDER,BIL,9781
22245,can I leave a damn opinion about a product?,review,FEEDBACK,BILW,12151
2056,wanna know more about modifying my delivery address,change_shipping_address,SHIPPING,BLQ,779
5782,help seeing the accepted payment options,check_payment_methods,PAYMENT,BL,2497
12273,assistance to check what delivery options are there,delivery_options,DELIVERY,BLM,6207
17250,where to sign up to the company nmewsletter,newsletter_subscription,SUBSCRIPTION,BILQZ,8769
730,i need help with canceling orer {{Order Number}},cancel_order,ORDER,BQZ,166
3051,how to see the termination penalty,check_cancellation_fee,CANCEL,BILQ,1467
2860,need assistance correcting the delivery address,change_shipping_address,SHIPPING,BLQZ,1124
2256,is it possible to edit the bloody deliveryaddress,change_shipping_address,SHIPPING,BILQWZ,950
13447,where could I see when my delivery is going to arrive?,delivery_period,DELIVERY,BILP,6750
12677,can you help me check what options for delivery you offer?,delivery_options,DELIVERY,BIM,6339
23724,need assitance setting my new delivery address up,set_up_shipping_address,SHIPPING,BLQZ,13049
14564,modify info on gold account,edit_account,ACCOUNT,BKLQ,7420
14749,updatikng data on platinum account,edit_account,ACCOUNT,BLZ,7525
14685,updating platinum accojnt,edit_account,ACCOUNT,BKLZ,7496
24035,is it possible to use the {{Account Type}} profile,switch_account,ACCOUNT,BILQ,13222
10312,where do i open a gold account for my fiance,create_account,ACCOUNT,BILQ,5197
1603,problem with adding some articles to order {{Order Number}},change_order,ORDER,BLM,550
13250,where could I see how soon can I expect the product ?,delivery_period,DELIVERY,BILPZ,6657
20172,is it possible to reset the keyof my user account,recover_password,ACCOUNT,BILQZ,10659
26379,how do i know if there are any updates on my rebate,track_refund,REFUND,BILMQ,13853
8217,need help checking what hours customerservice available is,contact_customer_service,CONTACT,BQZ,4056
18167,want assistance reporting an error with payments,payment_issue,PAYMENT,BLMQ,9170
13221,I am trying to check how soon can I expect the damn shipment,delivery_period,DELIVERY,BLW,6643
22059,I call to write an opinion for a service,review,FEEDBACK,BL,12004
11986,would it be possible to place a fucking order from {{Delivery City}},delivery_options,DELIVERY,BIPQSW,6060
23620,i do not know how i can set up the delivery address,set_up_shipping_address,SHIPPING,BELQ,13003
22741,I am trying to leave feedback for a service,review,FEEDBACK,BL,12483
10383,I want a pro account,create_account,ACCOUNT,BLZ,5231
19186,order anitem,place_order,ORDER,BLZ,9859
21114,I don't know what I need to do to notify of a sign-up issue,registration_problems,ACCOUNT,BL,11376
14889,modify premium account,edit_account,ACCOUNT,BKL,7604
2885,i have a tyrouble modifying my address,change_shipping_address,SHIPPING,BLQZ,1353
5446,can you show me what payment methods are allowed ?,check_payment_methods,PAYMENT,BILZ,2746
3430,"I have got to check the withdrawal charges, help me",check_cancellation_fee,CANCEL,BCLM,1697
19916,help me restoring my user pin,recover_password,ACCOUNT,BLQ,10425
10696,creatingnew {{Account Category}} account,create_account,ACCOUNT,BKLZ,5364
26787,can you help me check if there are any news on my refund?,track_refund,REFUND,BILM,14106
22309,is it possible to submit feedback for ur services,review,FEEDBACK,BILQ,12199
9173,I need help to speak to someond,contact_human_agent,CONTACT,BLZ,4528
19380,need assistance ordering some of ur item,place_order,ORDER,BLMQ,10030
7231,the experience with ya was awful i have to lodge a claim,complaint,FEEDBACK,BCLQZ,3543
15178,i haveto get the invoice from {{Person Name}} how can i do it,get_invoice,INVOICE,BCIQZ,7748
19415,can you help me earning some items?,place_order,ORDER,BILM,10056
18955,how do I order somearticles?,place_order,ORDER,BILMZ,9644
6745,I'm trying to check in which cases can i ask for a refund,check_refund_policy,REFUND,BLQ,3274
8913,I don't know how to call bloody customer support,contact_customer_service,CONTACT,BLW,4323
2407,I am trying to find information about editing the address,change_shipping_address,SHIPPING,BEL,1054
2794,their is a problem trying to correct my delivery address,change_shipping_address,SHIPPING,BLZ,1299
8407,"I want to talk with customer assistance, could you help me?",contact_customer_service,CONTACT,BCILP,4131
16397,need help obtaining damn rebates of my money,get_refund,REFUND,BLMQWZ,8339
16698,i do not know what to do to receive restitutions of money,get_refund,REFUND,BELMQ,8506
22586,do you have a section to submit an opinion for your company?,review,FEEDBACK,BIL,12394
19016,I don't know what to do to buy some items,place_order,ORDER,BM,9703
26713,i dont know how to track my refund,track_refund,REFUND,BQ,14095
14089,updating data on pro account,edit_account,ACCOUNT,BL,7107
10728,I want information about opening a pro account,create_account,ACCOUNT,BL,5384
1331,problem with switching a bloody product of order {{Order Number}},change_order,ORDER,BLW,436
20263,how can I find informnation about a key retrieval?,recover_password,ACCOUNT,BILZ,10737
10612,"I ain't registered yet, I try to open a {{Account Category}} account",create_account,ACCOUNT,BCL,5326
22709,uhave an method to submit some feedback about ur products,review,FEEDBACK,BILQZ,12479
4846,want assistance to take a quick look at the invoice #85632,check_invoice,INVOICE,BQ,2428
10852,problem with creatingmy {{Account Type}} account,create_account,ACCOUNT,BZ,5436
20496,I have got to retrieve the PIN of my account,recover_password,ACCOUNT,BL,10920
4503,is it plssible to locate my invoice from {{Person Name}},check_invoice,INVOICE,BILQZ,2268
2427,there is a problem updating my shipping address,change_shipping_address,SHIPPING,BL,1070
4341,how can I find my bill from {{Person Name}}?,check_invoice,INVOICE,BIL,2192
16085,"I paid {{Currency Symbol}}{{Refund Amount}} for an item, help me to get a bloody rebate",get_refund,REFUND,BCLMW,8146
18634,how do I notify of an issue with payment?,payment_issue,PAYMENT,BIL,9442
4736,see the bills frmo {{Person Name}},check_invoice,INVOICE,BLMZ,2378
18315,i try to inform of troubles with online payments,payment_issue,PAYMENT,BLMQ,9001
10251,wanna know more about creating {{Account Category}} accounts,create_account,ACCOUNT,BMQ,5165
19819,i dont know how i can purcase some items,place_order,ORDER,BLMQZ,10353
362,I need assistance cancelling purcjase {{Order Number}},cancel_order,ORDER,BLZ,105
21938,do you have a method to submit a review for your services?,review,FEEDBACK,BIL,11900
1964,how can i add some bloody products to order {{Order Number}},change_order,ORDER,BILMQW,707
20684,"I lost my PIN code, help me resetting it",recover_password,ACCOUNT,BCL,11061
22601,do you have an address to submita review for your products?,review,FEEDBACK,BILZ,12406
16296,I try to demand a refund,get_refund,REFUND,BL,8283
7547,help me making a claim against your business,complaint,FEEDBACK,BL,3608
9740,can I talk to somebody?,contact_human_agent,CONTACT,BIL,4375
13589,I do not know how I can see hlw soon can I expect my package,delivery_period,DELIVERY,BELZ,6811
13210,want help to chck how soon can i expect my order,delivery_period,DELIVERY,BLQZ,6637
19239,"I would like to order an item, I need assistance",place_order,ORDER,BCLP,9906
24284,howdo i use the gold account,switch_account,ACCOUNT,BIQZ,13330
998,I try to change several bloody items of order {{Order Number}},change_order,ORDER,BMW,201
6070,I need to check how long rimbursements take,check_refund_policy,REFUND,BLZ,3052
14844,change info on pro account,edit_account,ACCOUNT,BKLQ,7576
3145,"I haave to check the termination charge, I need help",check_cancellation_fee,CANCEL,BCLZ,1531
13039,how do I check when my damn parcel is going to arrive?,delivery_period,DELIVERY,BILW,6530
5551,can i check what payment options ya accept,check_payment_methods,PAYMENT,BILQ,2799
7544,I need to lodge a goddamn conplaint against your business,complaint,FEEDBACK,BLWZ,3707
8374,wanna talk with customer assistance,contact_customer_service,CONTACT,BLQ,4119
25458,is it possible to track purchase {{Order Number}}?,track_order,ORDER,BIL,13687
2873,need assistance to modify the address,change_shipping_address,SHIPPING,BLQ,1336
338,I have got to cancel purcahse {{Order Number}},cancel_order,ORDER,BLZ,103
19964,i want assistance retrieving my profile pass,recover_password,ACCOUNT,BLQ,10472
9789,want hep to speak with a live agent,contact_human_agent,CONTACT,BLQZ,4862
20116,help to reset my account PIN,recover_password,ACCOUNT,BL,10606
20577,give me information about my forgotten PIN,recover_password,ACCOUNT,BL,10757
11759,"I don't want my {{Account Type}} account, how could I close it?",delete_account,ACCOUNT,BCILP,5917
26611,where do i check the restitution status,track_refund,REFUND,BILQ,14071
16110,where do i request reimburseents,get_refund,REFUND,BILMQZ,8164
6193,"I need to see how long reimbursements take, how can I do it?",check_refund_policy,REFUND,BCIL,3020
19660,I don't know what to do to shop some goddamn items,place_order,ORDER,BLMW,10241
4489,"I have got to locate the invoice #85632, how can I do it?",check_invoice,INVOICE,BCIL,2260
25666,how can I see the status of purchae {{Order Number}}?,track_order,ORDER,BILZ,13740
2104,I have problesm with a delivery address update,change_shipping_address,SHIPPING,BLMZ,823
18765,where do I inform of problems with online payments?,payment_issue,PAYMENT,BILM,9518
8681,"I would like to call customer assistance, how could I do it?",contact_customer_service,CONTACT,BCILP,4238
12995,could uhlep me to check how soon can i expect the damn order,delivery_period,DELIVERY,BILPQWZ,6499
12766,I need help to see what shipping methods I have,delivery_options,DELIVERY,BLM,6369
11562,"I do not need my damn {{Account Category}} account, help to close it",delete_account,ACCOUNT,BCELW,5831
22673,"I want to leave a comment for your company, how to do it?",review,FEEDBACK,BCIL,12452
24210,whta do i need to do to change to the damn gold account,switch_account,ACCOUNT,BILQWZ,13298
14515,modifying data on {{Account Type}} account,edit_account,ACCOUNT,BL,7392
22681,is there a way to send a comment for ur products,review,FEEDBACK,BILQ,12459
20640,"I forgot the damn PIN of my user, I need help recovering it",recover_password,ACCOUNT,BCLW,11028
10567,wanna open a freemium account for my fiance,create_account,ACCOUNT,BLQ,5307
24427,switch to pro account,switch_account,ACCOUNT,BK,13343
9948,I have a question about opening {{Account Category}} accounts,create_account,ACCOUNT,BLM,4957
21799,"I have got to inform of problems with registrations, help me",registration_problems,ACCOUNT,BCLM,11800
18073,report a goddamn problem with payment,payment_issue,PAYMENT,BLW,9103
10279,new {{Account Type}} account for wife,create_account,ACCOUNT,BKL,4925
4829,can ya help me to check the bill #37777,check_invoice,INVOICE,BILQ,2421
3666,where to see the damn termination charges?,check_cancellation_fee,CANCEL,BILMW,1796
8954,awnt assistance talking to an agent,contact_human_agent,CONTACT,BQZ,4363
24658,I want assistance changing to the goddamn {{Account Category}} account,switch_account,ACCOUNT,BLW,13455
16571,I'm trying to obtain compensations,get_refund,REFUND,BLMQ,8439
10576,wanna open a platinum account,create_account,ACCOUNT,BLQ,5311
1979,wana correct order {{Order Number}},change_order,ORDER,BLQZ,714
4913,I don't know what to do to look for bill #37777,check_invoice,INVOICE,BL,2458
22138,I don't know how to write an opinion for your products,review,FEEDBACK,BL,12068
22811,uhave a address to send some feedback for ur services,review,FEEDBACK,BILQZ,12547
20392,can you help me to retrieve the pwd of my profile ?,recover_password,ACCOUNT,BILQZ,10843
7861,"I need to file a reclamation, how can I do it?",complaint,FEEDBACK,BCIL,3841
16699,I need help getting a rebate of my money,get_refund,REFUND,BL,8507
11266,i do not know what i have to do to delete my premium account,delete_account,ACCOUNT,BELQ,5686
5871,i need help checking what payment options are accepted,check_payment_methods,PAYMENT,BLQ,2936
3554,show early termination ppenalties,check_cancellation_fee,CANCEL,BKLMZ,1752
22046,can I leave a review about your products?,review,FEEDBACK,BIL,11992
25982,I'm waiting for a restitution of {{Refund Amount}} dollras,track_refund,REFUND,BLQZ,13852
5950,is it possibpe to check how long refunds take,check_refund_policy,REFUND,BIQZ,2983
2677,I want assistance updating the shipping address,change_shipping_address,SHIPPING,BL,1230
5766,I'm trying to list the available payment modalities,check_payment_methods,PAYMENT,BLQ,2891
19363,I do not know how I can acquire some articles,place_order,ORDER,BELM,10014
13833,will you show me how soon can I expect my shipment?,delivery_period,DELIVERY,BILP,6709
4135,could you help me check my invoices from {{Person Name}}?,check_invoice,INVOICE,BILMP,2068
19169,I need assistance to buy several products,place_order,ORDER,BLM,9845
15531,i have got to get my invoice #12588 can i get some help,get_invoice,INVOICE,BCIQ,7866
7239,"I am unhappy with your services, help filing a claim",complaint,FEEDBACK,BCL,3548
9230,i want assistance speaking to ann assistant,contact_human_agent,CONTACT,BLQZ,4566
8432,i dont know whatto do to talk to customer assistance,contact_customer_service,CONTACT,BLQZ,4138
18313,I am trying to report errors with payments,payment_issue,PAYMENT,BLM,9258
4822,how can I give a quick look at my invoice #12588?,check_invoice,INVOICE,BIL,2096
14498,updaing info on standard account,edit_account,ACCOUNT,BKLQZ,7380
16186,I would like to get a compensation of my money,get_refund,REFUND,BLP,8219
16346,"I have paid {{Currency Symbol}}{{Refund Amount}} for an item, help to receive my money back",get_refund,REFUND,BCELMV,8303
23340,i have errors setting up my shipping address,set_up_shipping_address,SHIPPING,BLMQ,12591
545,i cannot pay for my last item cancel order {{Order Number}},cancel_order,ORDER,BCELNQ,140
23741,need to set the damn delivery address up how can i do it,set_up_shipping_address,SHIPPING,BCILQWZ,13056
3312,want help seeing thecancellation fees,check_cancellation_fee,CANCEL,BLMQZ,1631
22889,help to submit a fucking secondary delivery address,set_up_shipping_address,SHIPPING,BLW,12598
23235,"I have to enter my new delivery address, could you help m?",set_up_shipping_address,SHIPPING,BCILPZ,12824
14194,modifu details on freemium account,edit_account,ACCOUNT,BKLMZ,7190
21035,"I can't register, how could I report signup problems?",registration_problems,ACCOUNT,BCILMNP,11317
13337,wanna check when will my parcel arrive can i get some help,delivery_period,DELIVERY,BCILQ,6704
7257,I'm very unhappy with ur service how to file a reclamation,complaint,FEEDBACK,BCILQ,3560
12419,I am calling to see what shipment methods are there,delivery_options,DELIVERY,BLM,6262
10946,would it be possible to delete a {{Account Type}} account?,delete_account,ACCOUNT,BILP,5491
7907,I don't know how to lodge a condumer reclamation,complaint,FEEDBACK,BLZ,3861
20868,I am trying to restore my user profile PIN,recover_password,ACCOUNT,BL,11182
2536,can you tell me more about correcting the bloody address?,change_shipping_address,SHIPPING,BILW,1145
8671,what is the bloody customer service phone number?,contact_customer_service,CONTACT,BILW,4234
17015,see the status of my subscription to ur newsleyter,newsletter_subscription,SUBSCRIPTION,BLQZ,8682
22391,I want help writing a reviw about your products,review,FEEDBACK,BLZ,12259
24625,need to change to hte {{Account Category}} account could uhelp me,switch_account,ACCOUNT,BCILPQZ,13445
11021,would it be possible to delete a {{Account Category}} account?,delete_account,ACCOUNT,BILP,5544
20602,I do not know what I need too do to reset my user PIN,recover_password,ACCOUNT,BELZ,11004
5500,wanna see the payment methods help me,check_payment_methods,PAYMENT,BCLQZ,2775
16855,I am trying to get rebates of money,get_refund,REFUND,BLM,8599
7307,i have got to file a customer reclamation againstur company,complaint,FEEDBACK,BLQZ,3591
7634,"my experience with you was terrible, help me lodging a claim",complaint,FEEDBACK,BCL,3741
19347,"I need to earn several bloody items, how could I do it?",place_order,ORDER,BCILMPW,9999
5679,I try to list the payment options,check_payment_methods,PAYMENT,BL,2852
15251,I don't know how to get the bill #00108,get_invoice,INVOICE,BL,7775
5613,help me to see what payment paymnet modalities are available,check_payment_methods,PAYMENT,BLZ,2828
1062,"I would like to modify order {{Order Number}}, how can I do it?",change_order,ORDER,BCILP,262
14040,chnge data on {{Account Category}} account,edit_account,ACCOUNT,BKLZ,7067
22786,send service review,review,FEEDBACK,BKL,12527
16946,help to receive your newslettyer,newsletter_subscription,SUBSCRIPTION,BLZ,8649
6274,can I check your reimbursement policy?,check_refund_policy,REFUND,BIL,2962
7238,the eperience with ya was bad help me to lodge a reclamation,complaint,FEEDBACK,BCLQZ,3547
20359,can uhelp me resetting the access key of my user profile,recover_password,ACCOUNT,BILQ,10817
2680,can you tell me more about a shipping address correction?,change_shipping_address,SHIPPING,BIL,1232
22114,how could I leave a review for your products?,review,FEEDBACK,BILP,12050
21440,"I can't register, inform of signup problems",registration_problems,ACCOUNT,BCLMN,11594
20516,help me recover my user password,recover_password,ACCOUNT,BL,10935
16862,wanna obtain fucking compensations,get_refund,REFUND,BLMQW,8601
22260,ya have an address to submit some feedback abouta product,review,FEEDBACK,BILQZ,12164
1012,"I want to delete an item from purchase {{Order Number}}, help me",change_order,ORDER,BCL,215
13949,wanna correct the personal information,edit_account,ACCOUNT,BLQ,6988
18121,i try to report an payment error,payment_issue,PAYMENT,BLQZ,9135
9104,"I don't want to talk to a bot, direct to me a human agent",contact_human_agent,CONTACT,BCL,4476
23799,support setting another shipping address up,set_up_shipping_address,SHIPPING,BL,13084
23917,"I have to use the premium profile, I need assistance",switch_account,ACCOUNT,BCL,13153
20939,I'd like to inform of an issue with signup help me,registration_problems,ACCOUNT,BCLPQ,11244
23913,I cannot change to the standard account,switch_account,ACCOUNT,BELN,13149
9596,want assisance to speak with an operator,contact_human_agent,CONTACT,BLQZ,4760
10307,open premium cacount for wife,create_account,ACCOUNT,BKLZ,5193
9295,"I cannot understand you, I have got to speak with someone",contact_human_agent,CONTACT,BCEL,4604
13789,is it possible to see when will my article arrive?,delivery_period,DELIVERY,BIL,6891
946,need help with cfanceling order {{Order Number}},cancel_order,ORDER,BQZ,195
14729,I have got to change the details included on my user,edit_account,ACCOUNT,BLM,7516
13918,changing info on {{Account Category}} account,edit_account,ACCOUNT,BKLQ,6960
2705,i do not know what to do to correct the shipping address,change_shipping_address,SHIPPING,BELQ,1247
3420,I czn't find the early termination penalties,check_cancellation_fee,CANCEL,BLMZ,1690
14293,i have got to correct the info included on my user profile,edit_account,ACCOUNT,BLQ,7252
19421,how do I order an article?,place_order,ORDER,BIL,10061
9626,could you help me speak to somebody?,contact_human_agent,CONTACT,BILP,4778
24204,"I have got to use the standard profile, can I get some help?",switch_account,ACCOUNT,BCIL,13292
21735,can you help me notifying of a problem with bloody signup ?,registration_problems,ACCOUNT,BILMWZ,11758
5383,I need help checking your payment modalities,check_payment_methods,PAYMENT,BL,2717
25260,I'm trying to see the current status of order {{Order Number}},track_order,ORDER,BLQ,13639
11009,how can I get information about a {{Account Type}} account termination?,delete_account,ACCOUNT,BIL,5492
6364,need assistancee to check your damn reimbursement policy,check_refund_policy,REFUND,BLQWZ,3163
18186,what do i have to do to inform of a error with payments,payment_issue,PAYMENT,BILMQZ,9182
10805,have a problem with creating a platinum account,create_account,ACCOUNT,BQ,5147
1207,update purchase00123842,change_order,ORDER,BLZ,360
18208,i do not know whzt to do to inform of a problem with payment,payment_issue,PAYMENT,BELQZ,9197
17041,i can check the status of my company newsletter subscription,newsletter_subscription,SUBSCRIPTION,BQZ,8690
20206,help recovering thr PIN of my profile,recover_password,ACCOUNT,BLZ,10692
13866,I want to see how long it takes for the dewlivery to arrive,delivery_period,DELIVERY,BLZ,6925
4423,how do I see my invoice from {{Person Name}}?,check_invoice,INVOICE,BIL,2125
22341,I have got to send feedback for a product,review,FEEDBACK,BL,12020
21056,"I cannot sign up, I need to notify of registration issues",registration_problems,ACCOUNT,BCELMN,11334
9910,contact someone,contact_human_agent,CONTACT,BL,4327
10402,I'd like informatoin about opening platinum accounts,create_account,ACCOUNT,BLMPQZ,5241
18401,is it possible to report issues with online payment?,payment_issue,PAYMENT,BILM,9306
14724,i try to change the info included on my profile,edit_account,ACCOUNT,BLQ,7515
22414,I need help leaving feedback about your products,review,FEEDBACK,BL,11988
24068,I don't know what to do to switch to the standard account,switch_account,ACCOUNT,B,13239
26254,what do i need to do to check the status of the restitution,track_refund,REFUND,BILQ,13961
10363,create pro cacount,create_account,ACCOUNT,BKZ,5223
4029,where can I check my invoices from {{Person Name}}?,check_invoice,INVOICE,BILM,2000
4219,where can I look for the invoice #12588?,check_invoice,INVOICE,BIL,2036
19883,i have got to purchase sone articles,place_order,ORDER,BLMQZ,10398
9849,helo to contact an assistant,contact_human_agent,CONTACT,BLZ,4899
15701,canuhelp me to get the bills from {{Person Name}},get_invoice,INVOICE,BILMQZ,7918
22829,I need assistance to leave a comment about a servcie,review,FEEDBACK,BLZ,12562
25964,need assistance checking my compensation current status,track_refund,REFUND,BLQ,13843
10318,"I ain't registered, can I create a standard account?",create_account,ACCOUNT,BCIL,5200
11371,I'm trying to cancel the {{Account Type}} account,delete_account,ACCOUNT,BLQ,5747
13579,can you help me checking when will my product arrive?,delivery_period,DELIVERY,BIL,6806
2740,wat support trying to update my address,change_shipping_address,SHIPPING,BLQZ,1270
23603,I do not know how I can enter another shipping address,set_up_shipping_address,SHIPPING,BEL,12991
6188,chek in which cases can I request reimbursements,check_refund_policy,REFUND,BLZ,3098
24480,need help touse the freemium account,switch_account,ACCOUNT,BQZ,13401
14561,how do I modify the goddamn details included on my profile?,edit_account,ACCOUNT,BILMW,7419
16363,how to receive a reimbursement of my money?,get_refund,REFUND,BIL,8316
23183,ihave a problem entering my new delivery address,set_up_shipping_address,SHIPPING,BLQZ,12801
25070,I need help seeing the ETA of the order {{Order Number}},track_order,ORDER,BL,13584
20944,help regarding my signup,registration_problems,ACCOUNT,BL,11248
12477,help me checking what shipment methods I have,delivery_options,DELIVERY,BLM,6279
20549,"I have lost the PIN of my user, how do I recover it?",recover_password,ACCOUNT,BCILV,10962
24300,where can I change to the goddamn {{Account Category}} account?,switch_account,ACCOUNT,BILW,13340
19197,i want assistance to buy some products,place_order,ORDER,BLMQ,9869
11711,i dont know how i can remove my premium account,delete_account,ACCOUNT,BLQ,5895
12265,how can i see what shipment methods i have,delivery_options,DELIVERY,BILMQ,6203
10432,new pro account for wife,create_account,ACCOUNT,BKL,5253
21244,I want help informing of an issue with a signup,registration_problems,ACCOUNT,BL,11471
23079,where can I submit the secondary delivery address?,set_up_shipping_address,SHIPPING,BIL,12607
3416,i have got to check the cvancellation penalty how to do it,check_cancellation_fee,CANCEL,BCILQZ,1688
20001,"I have lost my user password, where do I retrieve it?",recover_password,ACCOUNT,BCILV,10506
21136,can I notify of problems with signup?,registration_problems,ACCOUNT,BILM,11391
10184,can ya tell me more about opening platinum accounts,create_account,ACCOUNT,BILMQ,5124
20858,"I have forgotten my user account key, help to restore it",recover_password,ACCOUNT,BCLV,11176
6402,in what cases can I request reimbursements?,check_refund_policy,REFUND,BIL,3175
13811,where do i see how soon can i expect my shipment,delivery_period,DELIVERY,BILQ,6901
20766,i cannotrestore the bloody password of my user account,recover_password,ACCOUNT,BELNQWZ,11123
5031,where to check what payment methods are allowed?,check_payment_methods,PAYMENT,BIL,2546
3453,i dont know what to do tyo see the withdrawal fees,check_cancellation_fee,CANCEL,BLMQZ,1710
18803,i want help solving errors with online payments,payment_issue,PAYMENT,BLMQ,9540
13235,help me see when my damn article is going to arrive,delivery_period,DELIVERY,BLW,6649
4576,ser the bill #85632,check_invoice,INVOICE,BLZ,2305
13483,can I see how long it takes for the purchase to arrive?,delivery_period,DELIVERY,BIL,6442
25242,how do i check purchasae {{Order Number}} current status,track_order,ORDER,BILQZ,13631
11764,would you give me information about my gold account removal?,delete_account,ACCOUNT,BILP,5920
1766,assistance to swap some products of purchase {{Order Number}},change_order,ORDER,BLM,386
3414,hwat do I have to do to see the early termination charges?,check_cancellation_fee,CANCEL,BILMZ,1687
18655,I need hepl to report an error with online payment,payment_issue,PAYMENT,BLZ,9457
21951,I need assistance leaving a review about a product,review,FEEDBACK,BL,11912
3189,can uhelp me to check the termination chareg,check_cancellation_fee,CANCEL,BILQZ,1558
23612,can you help me submit a different delivery address?,set_up_shipping_address,SHIPPING,BIL,12999
19132,how to shop a product?,place_order,ORDER,BIL,9811
13942,change information on pro account,edit_account,ACCOUNT,BKL,6982
18329,I need assistance notifying of errors with online payments,payment_issue,PAYMENT,BLM,9268
18888,want help informing of an issue with online payments,payment_issue,PAYMENT,BLMQ,9582
19077,I have to purchase several of your article,place_order,ORDER,BLM,9759
18246,"I cam't make a transfer, can I report payment errors?",payment_issue,PAYMENT,BCILMZ,9224
3976,can uhelp me looking for the bills from {{Person Name}},check_invoice,INVOICE,BILMQZ,1954
12286,could I see the shipment options?,delivery_options,DELIVERY,BILP,6101
19219,where do I buy several products?,place_order,ORDER,BILM,9888
21984,is there a section to submit feedback for your company?,review,FEEDBACK,BIL,11941
5279,"I have to check your payment options, can you help me?",check_payment_methods,PAYMENT,BCIL,2672
15951,i have padi {{Currency Symbol}}{{Refund Amount}} for an order i need to get a reimbursement,get_refund,REFUND,BCELMQVZ,8032
12580,how to check what delivery methods I have?,delivery_options,DELIVERY,BILM,6307
24103,i dont know what i have to do to change to the pro account,switch_account,ACCOUNT,BLQ,13255
19605,is it possiblr to earn an item,place_order,ORDER,BILQZ,10197
26793,how to see the restitution current status?,track_refund,REFUND,BIL,14117
22101,"I have to submit my feedback about a service, help me",review,FEEDBACK,BCL,12039
10039,i have a questio about creating gold accounts,create_account,ACCOUNT,BMQZ,5030
26224,i cant see if there are any updates on the refund,track_refund,REFUND,BLMNQ,13950
5321,"I have got to check your payment methods, I need assistance",check_payment_methods,PAYMENT,BCL,2611
4565,wanna locate the ivoice from {{Person Name}} can i get some help,check_invoice,INVOICE,BCILQZ,2298
16004,where do I receive rebates of my money?,get_refund,REFUND,BILM,8080
4494,is it possible to give a quick look at the invoice #12588,check_invoice,INVOICE,BILQ,2264
12765,i want assistance to see the options for shipment,delivery_options,DELIVERY,BLQ,6368
22836,I don't know how to leave a review for your products,review,FEEDBACK,BL,12565
8023,can yahelp me contacting customer support,contact_customer_service,CONTACT,BILQZ,3947
1857,"I have got to modify purchase {{Order Number}}, I need help",change_order,ORDER,BCL,667
18274,I don't know what I need to do to report a payment problem,payment_issue,PAYMENT,BL,9239
21945,is there a section to submit an opinion for ur products,review,FEEDBACK,BILQ,11907
22103,is there a way to submit feedback for your company?,review,FEEDBACK,BIL,12041
2267,i have a question about a goddamn shipping address change,change_shipping_address,SHIPPING,BQW,960
17081,i dont know what i have to do to receive thenewsletter,newsletter_subscription,SUBSCRIPTION,BLQZ,8681
3926,locate the bill #12588,check_invoice,INVOICE,BL,1917
2545,"I have submitted a wrong address, help me editing it",change_shipping_address,SHIPPING,BCL,1151
23691,want help submitting another bloody shipping address,set_up_shipping_address,SHIPPING,BLQW,13032
14237,"I have got to edit my damn user, could I get some help?",edit_account,ACCOUNT,BCIPW,7219
8821,needs help to see at what time customer support available is,contact_customer_service,CONTACT,BLQZ,4293
3951,how do I give a quick look at my invoice #00108?,check_invoice,INVOICE,BIL,1940
2389,"I have entered a wrong address, could I correct it?",change_shipping_address,SHIPPING,BCILP,1042
10446,open standard cacount for wife,create_account,ACCOUNT,BKLZ,5258
9665,contact somebodh,contact_human_agent,CONTACT,BLZ,4799
5072,is it possible to list your payment options?,check_payment_methods,PAYMENT,BIL,2568
19950,"I lost my user PIN, what do I have to do to reset it?",recover_password,ACCOUNT,BCIL,10458
10789,I don't know how I can create a freemium account,create_account,ACCOUNT,B,4964
13499,help me check how soon can I expect the fucking purchase,delivery_period,DELIVERY,BLW,6773
6832,show me how long refunds take,check_refund_policy,REFUND,B,3305
11559,give me information about the deletion of my Freemiumaccount,delete_account,ACCOUNT,BLZ,5830
20561,"I have got to reset my profile access key, can you help me?",recover_password,ACCOUNT,BCIL,10969
5819,can i check ur aailable payment methods,check_payment_methods,PAYMENT,BILQZ,2916
23106,what do I need to do to submit my shipping address?,set_up_shipping_address,SHIPPING,BIL,12760
7646,I don't know how I could make a claim,complaint,FEEDBACK,BLP,3528
4991,need assistance to list your avaialble payment options,check_payment_methods,PAYMENT,BLQZ,2522
5603,I don't know what to do to list the accepted payment methods,check_payment_methods,PAYMENT,BL,2701
5460,"I want to list the allowed payment methods, how to do it?",check_payment_methods,PAYMENT,BCIL,2754
5903,"I want to see the accepted payment methods, can you help me?",check_payment_methods,PAYMENT,BCIL,2948
3515,i cannot find the early exit fee,check_cancellation_fee,CANCEL,BELQ,1735
3987,find bil #12588,check_invoice,INVOICE,BLZ,1968
5095,help me to see what payment payment modalities you accept,check_payment_methods,PAYMENT,BL,2579
3461,can I see the bloody withdrawal penalties?,check_cancellation_fee,CANCEL,BILMW,1714
19025,how can i purchase some of ur product,place_order,ORDER,BILMQ,9711
7013,I want to oldge a claim against your business,complaint,FEEDBACK,BLZ,3402
12868,I need assistance checking the options for shipment,delivery_options,DELIVERY,BL,6407
16739,is it possible to get a reimbursement?,get_refund,REFUND,BIL,8531
16345,i want assistance to obtain reimbursements of money,get_refund,REFUND,BLMQ,8308
9085,i have got to contact an agent,contact_human_agent,CONTACT,BQ,4463
3317,"I have to check the termination fee, how can I do it?",check_cancellation_fee,CANCEL,BCIL,1635
11675,removing gold account,delete_account,ACCOUNT,BKL,5881
13455,how to check how soon can I expect my shipment?,delivery_period,DELIVERY,BIL,6727
9522,what do I have to do to chat with an agent?,contact_human_agent,CONTACT,BIL,4714
15507,get ibll #12588,get_invoice,INVOICE,BKLZ,7860
10779,i want assistance creating a standard account fr my fiance,create_account,ACCOUNT,BLQZ,5404
8284,help me see at what time customer support available is,contact_customer_service,CONTACT,BL,3908
23763,I need help to enter the delivery adress,set_up_shipping_address,SHIPPING,BLZ,13070
2257,I want supports trying to edit the delivery address,change_shipping_address,SHIPPING,BLM,951
11428,"I no longer use the standard account, assistance removing it",delete_account,ACCOUNT,BCEL,5775
25338,i hasve to see the ETA of order {{Order Number}} how can i do it,track_order,ORDER,BCILQZ,13659
23586,I'm trying to submit a shipping address,set_up_shipping_address,SHIPPING,BLQ,12984
4393,I awnt assistance to locate the bill #00108,check_invoice,INVOICE,BLZ,2218
18181,need help to report an issue with payment,payment_issue,PAYMENT,BQ,9159
19800,want help msking a fucking order,place_order,ORDER,BQWZ,10340
21619,where to inform of a problem with fucking signup,registration_problems,ACCOUNT,BILMQW,11691
8561,tell me at what time I can call customer service,contact_customer_service,CONTACT,BL,4192
10695,I have a question about opening a {{Account Type}} account,create_account,ACCOUNT,BL,5051
10760,open standard account for wife,create_account,ACCOUNT,BKL,5395
8210,can ya help me talk to customer assistance,contact_customer_service,CONTACT,BILQ,4051
12091,delieries to {{Delivery City}},delivery_options,DELIVERY,BSZ,6116
8964,I do not know what I have to dp to chat with an agent,contact_human_agent,CONTACT,BELZ,4372
13169,need help to see how soon can I expect the delivery,delivery_period,DELIVERY,BLQ,6618
2114,I want help trying to edit my addreds,change_shipping_address,SHIPPING,BLZ,831
22090,want help to write a comment about a product,review,FEEDBACK,BLQ,12030
1516,want assistance to edit purchase {{Order Number}},change_order,ORDER,BLQZ,511
17280,"I want to receive the corporate newsletter, can you help me?",newsletter_subscription,SUBSCRIPTION,BCIL,8782
23027,trouble submitting the edlivery address,set_up_shipping_address,SHIPPING,BLZ,12708
10266,where can i find information about creating a {{Account Type}} account,create_account,ACCOUNT,BIQ,5173
3313,I can't find the cancellation charges,check_cancellation_fee,CANCEL,BLM,1632
22639,i dont know what to do to write a comment about a product,review,FEEDBACK,BLQ,12003
2967,how do I change my address?,change_shipping_address,SHIPPING,BIL,1396
16605,I do not know what I need to do to demand a refund,get_refund,REFUND,BEL,8457
15888,i want assistance downloading the bills from {{Person Name}},get_invoice,INVOICE,BLMQ,7671
14346,change data on platinum account,edit_account,ACCOUNT,BKL,7286
20748,i need information about a pwd recovery,recover_password,ACCOUNT,BLQ,10741
11861,problem with the cancellation of a {{Account Type}} account,delete_account,ACCOUNT,BL,5510
26643,I need assistance to check the current status of the rebate,track_refund,REFUND,BL,14077
16984,could you help me to unsubscribe to the company newsletter?,newsletter_subscription,SUBSCRIPTION,BILP,8665
23357,can you help me set my secondary shipping address up?,set_up_shipping_address,SHIPPING,BIL,12882
17008,"I want to sign up to the newsletter, can I get some help?",newsletter_subscription,SUBSCRIPTION,BCIL,8677
22472,where to leave a review for ur products,review,FEEDBACK,BILQ,12318
18451,need help to solve an error with payment,payment_issue,PAYMENT,BLQ,9340
8086,"I wold like to talk to customer service, could you help me?",contact_customer_service,CONTACT,BCILPZ,3985
6136,wanna check in wshat situations can i ask for a refund,check_refund_policy,REFUND,BLQZ,3080
16125,can you help me receive a rebate of money?,get_refund,REFUND,BIL,8176
13838,is it possible to check how soon can I expect the package?,delivery_period,DELIVERY,BIL,6911
18332,I don't know how to inform of issues wth online payments,payment_issue,PAYMENT,BLMZ,9271
24707,need help using the gold aaccount,switch_account,ACCOUNT,BQZ,13469
8512,"I need to talk to customer support, how do I do it?",contact_customer_service,CONTACT,BCIL,4155
1258,corrrect order {{Order Number}},change_order,ORDER,BLZ,258
3038,wanna check the termination penalties,check_cancellation_fee,CANCEL,BLMQ,1458
7336,"I am very unhappy with your service, I try to lodge a claim",complaint,FEEDBACK,BCL,3606
8590,what do I have to do to talk to customer service?,contact_customer_service,CONTACT,BIL,4205
22694,want assistance writing a comment about a service,review,FEEDBACK,BLQ,12470
2624,could you help me updating the address?,change_shipping_address,SHIPPING,BILP,1196
17175,I would like to unsubscribe to the company newsletter,newsletter_subscription,SUBSCRIPTION,BLP,8740
4563,i do not know how to look for the invoice #85632,check_invoice,INVOICE,BELQ,2297
2239,will you give me information about updating the address?,change_shipping_address,SHIPPING,BILP,935
9082,"I have got to talk to a person, how can I do it?",contact_human_agent,CONTACT,BCIL,4461
6983,how to file an reclamation?,complaint,FEEDBACK,BILZ,3380
3257,were do I see the early termination charges?,check_cancellation_fee,CANCEL,BILMZ,1605
22989,y is not my delivery address valid,set_up_shipping_address,SHIPPING,BELQ,12679
26032,"I have to see the status of my rebate, how to do it?",track_refund,REFUND,BCIL,13875
1270,"I want to add a product to my order, could I get some help?",change_order,ORDER,BCILP,400
20319,i have problesm with my forgotten pwd,recover_password,ACCOUNT,BLMQZ,10785
15573,assistance to dowmload the invoice from {{Person Name}},get_invoice,INVOICE,BLZ,7882
22958,I want assistance to set the goddamn delivery address up,set_up_shipping_address,SHIPPING,BLW,12655
20795,can you help me to reset the PIN code of my user?,recover_password,ACCOUNT,BIL,11139
1308,I am trying to remove a product from order {{Order Number}},change_order,ORDER,BL,422
1080,need to change several products of purchase113542617735902,change_order,ORDER,BLMQZ,274
10063,"I have to create a platinum account, help me",create_account,ACCOUNT,BCL,5045
16852,how to ask for my money back,get_refund,REFUND,BILQ,8597
3187,how doI see the early termination penalty?,check_cancellation_fee,CANCEL,BILZ,1556
16618,i have got to obtain a reimbursement of my money,get_refund,REFUND,BLQ,8014
20477,ius it possible to recover my user account key?,recover_password,ACCOUNT,BILZ,10908
2347,I want to edit the shipping address,change_shipping_address,SHIPPING,BL,1010
13934,correct data on {{Account Type}} account,edit_account,ACCOUNT,BKL,6975
24426,need assistance using the freemium account,switch_account,ACCOUNT,BQ,13382
2359,I submitted a wrong shipping address,change_shipping_address,SHIPPING,BL,1020
26819,"I am waiting for a restitution of {{Currency Symbol}}{{Refund Amount}}, was it processed",track_refund,REFUND,BCL,13792
9159,"you are not being helpful, speak to an assistant",contact_human_agent,CONTACT,BCEL,4518
2965,"I have got to correct the delivery address, how to do it?",change_shipping_address,SHIPPING,BCIL,1394
3597,"I want to see the cancellation charges, help me",check_cancellation_fee,CANCEL,BCLM,1604
26591,I don't know how to track my reimbursement,track_refund,REFUND,BL,14065
25500,want assistance checking the ETA of orfer {{Order Number}},track_order,ORDER,BQZ,13695
24039,using standard accouny,switch_account,ACCOUNT,BKZ,13224
8455,help to see at what time i can call customer assistance,contact_customer_service,CONTACT,BLQ,3870
10844,how do I create a freemium account for my daughter?,create_account,ACCOUNT,BIL,5432
21939,i have to leave an opinion about a product,review,FEEDBACK,BLQ,11901
8391,what is ur customer assistance mail,contact_customer_service,CONTACT,BILQ,4126
22323,do you have a method to submit a review for your products?,review,FEEDBACK,BIL,12209
8481,contactcustomer service,contact_customer_service,CONTACT,BZ,4160
12800,can you show me what shipment options are available?,delivery_options,DELIVERY,BILM,6067
23605,I want assistance to enter a new delivery address,set_up_shipping_address,SHIPPING,BL,12934
162,i havegot to cancel purchase {{Order Number}},cancel_order,ORDER,BLQZ,57
10164,I'm trying to find information about creating users,create_account,ACCOUNT,BEMQ,5108
1283,need to switch some products of purchase {{Order Number}},change_order,ORDER,BLMQ,407
23065,I am trying to set my secondary shipping address up,set_up_shipping_address,SHIPPING,BLZ,12734
15661,get invoices from 10 purchases ago,get_invoice,INVOICE,BKM,7907
10141,i do not have a {{Account Type}} account ned help creating one,create_account,ACCOUNT,BCENQZ,5093
19812,help me earning several of ur item,place_order,ORDER,BLMQ,10348
22510,how to write a comment for your products?,review,FEEDBACK,BIL,12136
13259,assistance to check how soon can i exepct the purchase,delivery_period,DELIVERY,BLQZ,6661
21402,repor sign-up problems,registration_problems,ACCOUNT,BLMZ,11569
18586,could ya help me to report a payment problem,payment_issue,PAYMENT,BILPQZ,9415
8483,help seing what hours i can contact customer service,contact_customer_service,CONTACT,BLQZ,4162
4673,checking invoice from nine months ago,check_invoice,INVOICE,BKM,2350
20262,"I have lost my account access key, I need help to reset it",recover_password,ACCOUNT,BCLV,10736
15903,I need help asking for a restitution of my money,get_refund,REFUND,BLZ,7984
2826,I cannot change the addreas,change_shipping_address,SHIPPING,BELZ,1319
21158,I want to inform of an error with a damn signup,registration_problems,ACCOUNT,BLW,11409
17174,I cannot sign up to your corporate newsletter,newsletter_subscription,SUBSCRIPTION,BEL,8739
15953,help me to get a rebate,get_refund,REFUND,BL,8034
21604,I can't inform of prblems with sign-up,registration_problems,ACCOUNT,BLMNZ,11682
20240,I can't recover my user account access key,recover_password,ACCOUNT,BLN,10717
11148,closing {{Account Category}} account,delete_account,ACCOUNT,BKL,5547
3354,can you help me to see the cancellation penalty?,check_cancellation_fee,CANCEL,BIL,1653
9694,"I don't understand you, how could I chat with a damn person?",contact_human_agent,CONTACT,BCILPW,4820
23717,I want assistance submitting my delivery address,set_up_shipping_address,SHIPPING,BL,13046
13017,i tfy to see how soon can i expect my shipment,delivery_period,DELIVERY,BLQZ,6517
23532,I want assistance to submit the shipping address,set_up_shipping_address,SHIPPING,BL,12910
13966,correct information on freeaccount,edit_account,ACCOUNT,BKLZ,7004
1168,want help switching some damn products of purchase {{Order Number}},change_order,ORDER,BLMQW,332
9016,I'm trying to speak to a person,contact_human_agent,CONTACT,BLQ,4414
7084,I'm extremely unsatisfied with ur wor i wanna lodge a claim,complaint,FEEDBACK,BCLQZ,3451
22724,is there an address to send a review?,review,FEEDBACK,BIL,12488
3937,I don't know what I have to do to locate my invoice #37777,check_invoice,INVOICE,BL,1928
18925,I need help to purchase some bloody products,place_order,ORDER,BLMW,9615
14835,need to correct the damn data on my user how do i do it,edit_account,ACCOUNT,BCILQW,7571
15248,I am calling to get my bill #37777,get_invoice,INVOICE,BL,7774
14600,correcting infornation on pro account,edit_account,ACCOUNT,BKLZ,7437
9914,how to open a different fucking {{Account Type}} account for my father?,create_account,ACCOUNT,BILW,4926
4126,chcek bills from {{Person Name}},check_invoice,INVOICE,BKLMZ,2061
19182,"I have to buy a fucking article, how to do it?",place_order,ORDER,BCILW,9856
3858,can i check the withdrawal penalty,check_cancellation_fee,CANCEL,BILQ,1442
23145,erorr submitting the new shipping address,set_up_shipping_address,SHIPPING,BLZ,12778
21204,can you help me notify of errors with sign-up?,registration_problems,ACCOUNT,BILM,11440
22672,help to leave damn feedback for ru products,review,FEEDBACK,BLQWZ,12451
18757,can youhelp me reporting troubles with online payments?,payment_issue,PAYMENT,BILMZ,9512
2076,I have troubles trying to change my shipping address,change_shipping_address,SHIPPING,BLM,798
12828,want help to see the shipping options,delivery_options,DELIVERY,BLQ,6388
2896,I have troubles trying to updste my delivery address,change_shipping_address,SHIPPING,BLMZ,1361
276,"I don't want this item, cancel order {{Order Number}}",cancel_order,ORDER,BCLN,74
15602,can usend me the damn invoices from {{Person Name}},get_invoice,INVOICE,BIMQW,7890
23541,I get error messages when I try to submit a delivery address,set_up_shipping_address,SHIPPING,BLM,12955
3057,where to see the withdrawal charge,check_cancellation_fee,CANCEL,BILQ,1471
4611,what do I need to do to find my bill #37777?,check_invoice,INVOICE,BIL,2323
13384,could you help me checking when will my article arrive?,delivery_period,DELIVERY,BILP,6726
24461,is it possible to change to the standard account?,switch_account,ACCOUNT,BIL,13394
19135,I do not know what I need to do to acquire a product,place_order,ORDER,BEL,9814
22574,can i leave feedback,review,FEEDBACK,BILQ,12387
22297,I need assistance to submit my feedback about your products,review,FEEDBACK,BL,11896
13592,where do i see when my item is gonna arrive,delivery_period,DELIVERY,BILQ,6814
7683,want help to lodge a customer claimagainst your company,complaint,FEEDBACK,BLQZ,3766
3325,what is the fee for cancelling the contract?,check_cancellation_fee,CANCEL,BIL,1637
8815,what is thecustomer support mail,contact_customer_service,CONTACT,BILQZ,4291
20302,I want help to reset the password of my user,recover_password,ACCOUNT,BL,10770
14360,editing info on gold account,edit_account,ACCOUNT,BKLQ,7297
9749,i do not know what i have to do to chat with somebody,contact_human_agent,CONTACT,BELQ,4676
23522,I want help setting up the delivery address,set_up_shipping_address,SHIPPING,BL,12605
19019,i dont know how to order several articles,place_order,ORDER,BLMQ,9705
20209,is it possible to retrieve the pin code of my account,recover_password,ACCOUNT,BILQ,10695
16350,i dont know how to demand a rebate of money,get_refund,REFUND,BLQ,8311
18021,i need assistance informing of an issue with online payments,payment_issue,PAYMENT,BLMQ,9062
20301,how do i restore my account passwodr,recover_password,ACCOUNT,BILQZ,10769
23552,I have an issue submitting a shipping address,set_up_shipping_address,SHIPPING,BL,12962
13277,is it possible to see how soon can i expect my delivery,delivery_period,DELIVERY,BILQ,6670
8489,i dont know how i can talk to customer service,contact_customer_service,CONTACT,BLQ,4164
20967,inform of error opening profile,registration_problems,ACCOUNT,BKL,11268
18998,I don't know what I have to do to order several products,place_order,ORDER,BLM,9687
10246,can you help me create a different bloody platinum account?,create_account,ACCOUNT,BILW,5163
19184,I don't know hwat to do to earn several items,place_order,ORDER,BLMZ,9858
19595,help to shop a bloody product,place_order,ORDER,BLW,10191
5325,where to see what payment options are available?,check_payment_methods,PAYMENT,BIL,2696
4924,I do not know how to check your allowed payment methods,check_payment_methods,PAYMENT,BE,2467
11365,I do not know hgow to remove the standard account,delete_account,ACCOUNT,BELZ,5743
24713,"I have got to use the {{Account Type}} profile, I need help",switch_account,ACCOUNT,BCL,13226
10757,i have to open a platinum account,create_account,ACCOUNT,BLQ,5141
9122,i do not know what i need to do to speak with somebody,contact_human_agent,CONTACT,BELQ,4490
4675,I don't know how to check my fucking invoices from {{Person Name}},check_invoice,INVOICE,BLMW,2351
21174,i do not know how i can report an issue with sign-up,registration_problems,ACCOUNT,BELQ,11256
6252,"I have to see how long refunds take, I need help",check_refund_policy,REFUND,BCL,3008
6311,need help to see in which cases can I request my money bac,check_refund_policy,REFUND,BLQZ,3142
20417,would it be possible to recover my profile PIN code?,recover_password,ACCOUNT,BILP,10863
14442,"I have to correct the info included on my profile, help me",edit_account,ACCOUNT,BCLQ,7350
15982,is it possible to request a refund of my money?,get_refund,REFUND,BIL,8062
21982,wanna submit some feedback for a service how can i do it,review,FEEDBACK,BCIQ,11939
19257,"I have to acquire a bloody item, I need assistance",place_order,ORDER,BCLW,9923
1028,I mised a product in purchase {{Order Number}},change_order,ORDER,BLZ,230
5785,i do not knowhow i can list the payment options,check_payment_methods,PAYMENT,BELQZ,2903
18353,where can I iinform of errors with online payment?,payment_issue,PAYMENT,BILMZ,9284
24566,where to change to the goddamn {{Account Type}} account?,switch_account,ACCOUNT,BILW,13281
26332,assistance to see the status of the rebate,track_refund,REFUND,BL,13986
20722,I have problems with my key recovery,recover_password,ACCOUNT,BLM,11093
6795,check in whicch cases can i ask to be refunded,check_refund_policy,REFUND,BLQZ,3297
22503,uhave an address to leave feedback about ur company,review,FEEDBACK,BILQ,12338
22566,I don't know how I can write a comment for a product,review,FEEDBACK,BLZ,12382
4527,wanna see bill #85632,check_invoice,INVOICE,BLQ,2279
2097,want support trying to upate my shipping address,change_shipping_address,SHIPPING,BLQZ,816
11631,I need assistance to delete my pro account,delete_account,ACCOUNT,BL,5859
2957,where could I get information about updating my address?,change_shipping_address,SHIPPING,BILP,1206
6111,can you help me seeing in what cases can I request a refund?,check_refund_policy,REFUND,BIL,3069
3894,where can I check the withdrawal fees?,check_cancellation_fee,CANCEL,BILM,1857
5106,neeed help listing the allowed payment methods,check_payment_methods,PAYMENT,BLQZ,2585
19150,I want help ordering a few of your product,place_order,ORDER,BLM,9827
3069,what are the withdrawal charged?,check_cancellation_fee,CANCEL,BILM,1480
8990,I don't know how I can chat with a live agent,contact_human_agent,CONTACT,BL,4393
23383,I have problems entering the shipping address,set_up_shipping_address,SHIPPING,BLM,12808
19179,where can i shop some articles,place_order,ORDER,BILMQ,9854
2993,"I want to check the fucking withdrawal fee, how can I do it?",check_cancellation_fee,CANCEL,BCILW,1422
13613,I want assistance seeing how soon can I expect my product,delivery_period,DELIVERY,BL,6825
20288,i need information about the pwd retrieval,recover_password,ACCOUNT,BLQ,10758
9808,I don't know what to doto speak to someone,contact_human_agent,CONTACT,BLZ,4876
17661,what do i have to do to unsubscribe to the nrwsletter,newsletter_subscription,SUBSCRIPTION,BILQZ,8891
5947,help to see in what cases can I ask to be reimbursed,check_refund_policy,REFUND,BL,2963
18909,how to purchase an item?,place_order,ORDER,BIL,9599
14384,correcting infornation on premium account,edit_account,ACCOUNT,BKLZ,7313
22302,what do i need to do to leave a comment about ur services,review,FEEDBACK,BILQ,12194
10189,new premium account for wife,create_account,ACCOUNT,BKL,5126
13840,need assistanmce checking how soon can I expect the package,delivery_period,DELIVERY,BLQZ,6913
19678,need assistance to acquire a product,place_order,ORDER,BLQ,10255
14831,how do I update my personal information?,edit_account,ACCOUNT,BIL,7569
19301,I do not know how I can buy a few of your article,place_order,ORDER,BELM,9958
17951,I nerd to report a trouble with online payment,payment_issue,PAYMENT,BLZ,9000
13776,how can I see when my delivery is going to arrive?,delivery_period,DELIVERY,BIL,6886
16224,"I paid {{Currency Symbol}}{{Refund Amount}} for an article, I want my compensation",get_refund,REFUND,BCLM,8241
22442,leaving review for your company,review,FEEDBACK,BK,12297
7393,can ya help me lodging an consumer complaint,complaint,FEEDBACK,BILQZ,3632
66,help me to cancel my last goddamn purchase,cancel_order,ORDER,BLWZ,29
11826,I am trying to cancel a freemium account,delete_account,ACCOUNT,BL,5951
20904,what d i need to do to report a problem with sign-up,registration_problems,ACCOUNT,BILQZ,11211
18346,"my credit card was declined, I have to report payment errors",payment_issue,PAYMENT,BCLM,9280
7388,can you help me to make a consumer reclamation?,complaint,FEEDBACK,BIL,3630
5481,"I have got to list the damn payment methods, how to do it?",check_payment_methods,PAYMENT,BCILW,2764
18790,is it possible to notify of an error with payments,payment_issue,PAYMENT,BILMQ,9496
11087,deleting {{Account Type}} accoumt,delete_account,ACCOUNT,BKLZ,5590
21218,"I can't open an account, reportregistration issues",registration_problems,ACCOUNT,BCLMNZ,11450
22608,I call to leave a comment for your services,review,FEEDBACK,BL,12190
8650,want help to talk to customer srvice,contact_customer_service,CONTACT,BLQZ,4225
23806,what do i need to do to set up my delivery address,set_up_shipping_address,SHIPPING,BILQ,12594
5253,i do not kow what to do to check the allowed payment methods,check_payment_methods,PAYMENT,BELQZ,2658
14892,i have to update some of the goddamn details on my user,edit_account,ACCOUNT,BLMQW,7606
15631,help to get bill #85632,get_invoice,INVOICE,BL,7681
7759,where can i file a customer complaint agaist ur company,complaint,FEEDBACK,BILQZ,3793
9735,I have got to speak to a fucking person,contact_human_agent,CONTACT,BLW,4841
9579,what do I have to do to talk with an agent?,contact_human_agent,CONTACT,BIL,4752
19289,I want help to acquire some of your rpoduct,place_order,ORDER,BLMZ,9948
18793,where do I report a payment issue?,payment_issue,PAYMENT,BI,9531
13170,where do i check when my shipment is gonna arrive,delivery_period,DELIVERY,BILQ,6619
18372,how to report an issue with online payments?,payment_issue,PAYMENT,BILM,9209
2121,can you help me to correct the delivery address?,change_shipping_address,SHIPPING,BIL,724
25711,order 113542617735902current status,track_order,ORDER,BKLZ,13749
26150,"I have to check the rebate status, I need assistance",track_refund,REFUND,BCL,13926
7870,i try to lodge a cliam,complaint,FEEDBACK,BLQZ,3843
2090,"I have put my old address by mistake, how can I update it?",change_shipping_address,SHIPPING,BCIL,810
13055,is it possible to check when will my parcel arrive?,delivery_period,DELIVERY,BIL,6544
26413,I ned help checking the rebate current status,track_refund,REFUND,BLZ,14015
6953,I want assistance to make an customer reclamation,complaint,FEEDBACK,BLZ,3358
18127,informing of issues with payments,payment_issue,PAYMENT,BKLM,9139
21412,what do I need to do to notify of an issue with a signup?,registration_problems,ACCOUNT,BIL,11525
21240,I do not know how to report issues with signup,registration_problems,ACCOUNT,BELM,11304
14804,modifu details on standard account,edit_account,ACCOUNT,BKLMZ,7554
12926,i want help seeing when will my itwm arrive,delivery_period,DELIVERY,BLQZ,6441
4922,"I have got to list the allowed payment modalities, help me",check_payment_methods,PAYMENT,BCL,2465
2173,where could i update the adress,change_shipping_address,SHIPPING,BILPQZ,881
14146,"I would like to edit my goddamn user, will you help me?",edit_account,ACCOUNT,BCIPW,7154
22881,assistance to send some feedback about your products,review,FEEDBACK,BL,12590
1816,herlp to swap an article of order {{Order Number}},change_order,ORDER,BLZ,650
7980,iw it possible to get in touch with customer support,contact_customer_service,CONTACT,BILQZ,3916
3783,where do I check the early exit charge?,check_cancellation_fee,CANCEL,BIL,1855
19071,assistance earning a damn product,place_order,ORDER,BLW,9753
26763,I am trying to check the status of the restitution,track_refund,REFUND,BL,14107
14481,i have to update the data included on my user i need help,edit_account,ACCOUNT,BCLQ,7369
9422,help me to contact somebody,contact_human_agent,CONTACT,BL,4665
7096,I don't know how I can file a claim against your business,complaint,FEEDBACK,BL,3460
22408,i have to send feedback can i get some help,review,FEEDBACK,BCILQ,12274
24272,I want help to use the bloody {{Account Category}} profile,switch_account,ACCOUNT,BLW,13323
2159,can ya tell me about updating the delivery address,change_shipping_address,SHIPPING,BILQ,868
3848,what do I need to do to see the terminbation fee?,check_cancellation_fee,CANCEL,BILZ,1878
11919,i have to check what shipment options uoffer,delivery_options,DELIVERY,BLMQ,6004
7762,how can I lodge a reclamation against your business?,complaint,FEEDBACK,BIL,3795
13525,is it possible to see how soon can I expect my purchase?,delivery_period,DELIVERY,BIL,6785
8379,could I talk to customer support?,contact_customer_service,CONTACT,BILP,4121
18873,I need help to inform of a problem with payments,payment_issue,PAYMENT,BLM,9572
3865,want assistance to check the cancellation charge,check_cancellation_fee,CANCEL,BLQ,1884
5671,i do not know how i could see ur payment modalities,check_payment_methods,PAYMENT,BELPQ,2847
3391,I need assistance seeing the early exit fee,check_cancellation_fee,CANCEL,BL,1672
17754,could you help me unsubscribe from your bloody newsletter?,newsletter_subscription,SUBSCRIPTION,BILPW,8911
20712,help me retsore my pass,recover_password,ACCOUNT,BLQZ,11085
13022,"I want to check how long the shipment taes, how can I do it?",delivery_period,DELIVERY,BCILZ,6520
19417,I do not know what I have to do to order some articles,place_order,ORDER,BELM,10058
23416,i dont know how i can set up a new shipping address,set_up_shipping_address,SHIPPING,BQ,12908
2800,I have a trouble trying to modify my shipping address,change_shipping_address,SHIPPING,BL,805
19526,need assistance to earn an article,place_order,ORDER,BLQ,10143
16216,i want assistance gettingg reimbursements of my money,get_refund,REFUND,BLMQZ,8237
14501,edit platinum account,edit_account,ACCOUNT,BKL,7381
9521,can you help me to talk to a human agent?,contact_human_agent,CONTACT,BIL,4713
11011,I do not know what I need to do to close a pro account,delete_account,ACCOUNT,BEL,5538
11703,how can I get infomation about my {{Account Type}} account cancellation?,delete_account,ACCOUNT,BILZ,5890
3337,is it possible to see the termination fees,check_cancellation_fee,CANCEL,BILMQ,1644
2308,where do I update the delivery address?,change_shipping_address,SHIPPING,BIL,780
2821,"the address changed, could I update it?",change_shipping_address,SHIPPING,BCILP,1314
20176,how to recove the pin of my profile,recover_password,ACCOUNT,BILQZ,10663
14252,updating {{Account Category}} accojnt,edit_account,ACCOUNT,BKLZ,7226
1397,help editing purchase {{Order Number}},change_order,ORDER,BL,317
19550,wanna order a few of ur article,place_order,ORDER,BLMQ,10163
12016,is it possible toorder from {{Delivery City}},delivery_options,DELIVERY,BIQSZ,6079
9124,i ned help to talk to an operator,contact_human_agent,CONTACT,BLQZ,4492
1741,want help to remove several products from purchase {{Order Number}},change_order,ORDER,BLMQ,619
26775,i expect a compensation of {{Refund Amount}} dollars was it processed,track_refund,REFUND,BCLQ,14000
10033,i have a questio about creating platinum accounts,create_account,ACCOUNT,BMQZ,5026
18607,help me solving troubles with payments,payment_issue,PAYMENT,BLM,9305
1896,I need to remove several articles from purchase {{Order Number}},change_order,ORDER,BLM,685
26699,help checking if there are any news on my compensation,track_refund,REFUND,BLM,13887
2651,support editing my shipping address,change_shipping_address,SHIPPING,BL,1216
4443,"I want to check bill #00108, can I get some help?",check_invoice,INVOICE,BCIL,2239
5568,i dont know what to do to list the payment options,check_payment_methods,PAYMENT,BLQ,2805
20998,i dont kno how to inform of an error with a registration,registration_problems,ACCOUNT,BLQZ,11293
17295,i dont know what i need to do to subscribe to the newsletter,newsletter_subscription,SUBSCRIPTION,BLQ,8784
4624,can I see invoice #12588?,check_invoice,INVOICE,BIL,2331
3594,I'm trying to se the withdrawal fees,check_cancellation_fee,CANCEL,BLMQZ,1767
12853,i do not know what to do to see the options for shipping,delivery_options,DELIVERY,BELQ,6105
21488,issue creating account,registration_problems,ACCOUNT,BK,11615
3535,ened assistance to see the termination penalties,check_cancellation_fee,CANCEL,BLMQZ,1742
10929,question about my {{Account Type}} account removal,delete_account,ACCOUNT,BL,5477
7472,I do not kow how to lodge a consumer claim,complaint,FEEDBACK,BELZ,3671
2493,there is an issue modifying the delivery address,change_shipping_address,SHIPPING,BL,1118
17788,i cantcancel my subscription to ur company newsletter,newsletter_subscription,SUBSCRIPTION,BLQZ,8921
21743,I need assistance informing of errors with signup,registration_problems,ACCOUNT,BLM,11762
25736,i do not kno what to do to locate purchase {{Order Number}},track_order,ORDER,BELQZ,13525
1250,can uhelp me switching somedthing of order {{Order Number}},change_order,ORDER,BILQZ,387
20024,I want help to recover my user profile access key,recover_password,ACCOUNT,BL,10525
5255,could you help me listing your accepted payment methods?,check_payment_methods,PAYMENT,BILP,2659
114,could you help me canceling purchase {{Order Number}}?,cancel_order,ORDER,BILP,43
381,"I can't pay for purchase {{Order Number}}, how can I cancel it?",cancel_order,ORDER,BCILN,110
22072,I'm trying to send soem feedback,review,FEEDBACK,BLQZ,12016
10893,what do I have to do to create a standard account?,create_account,ACCOUNT,BI,5453
22455,is there an address to send some feedback for your company?,review,FEEDBACK,BIL,12307
10498,can i open a pro account for my dad,create_account,ACCOUNT,BILQ,4984
25266,want assistance seeing the fucking ETA of order {{Order Number}},track_order,ORDER,BLQW,13640
6406,can I check in which situations can I ask to be refunded?,check_refund_policy,REFUND,BIL,3176
15585,get ibll #37777,get_invoice,INVOICE,BKLZ,7885
16498,how could i edmand a refund of my money,get_refund,REFUND,BILPQZ,8401
16527,is it possible to obtain rebates?,get_refund,REFUND,BILM,8414
10499,create new freemium account,create_account,ACCOUNT,BKL,5057
25769,i have to locate purchase {{Order Number}} i need assistance,track_order,ORDER,BCLQ,13627
13126,how to check how soon can i expect the item,delivery_period,DELIVERY,BIQ,6593
16999,I need assistance signing up to your damn newsletter,newsletter_subscription,SUBSCRIPTION,BLW,8672
2304,I need assistance trying to modify the shipping address,change_shipping_address,SHIPPING,BL,982
25468,icant see the eta of purchase {{Order Number}},track_order,ORDER,BLNQZ,13688
19714,I want to acquire sevearl of your article,place_order,ORDER,BLMZ,10284
6009,in what cases can I ask foir a refund?,check_refund_policy,REFUND,BIZ,3018
5865,is it possible to list the available payment modalities ?,check_payment_methods,PAYMENT,BILZ,2933
8569,can you help me speak to customer assistance?,contact_customer_service,CONTACT,BIL,4111
12813,check delivery options,delivery_options,DELIVERY,BK,6275
9779,I cannot chat with somebody,contact_human_agent,CONTACT,BEL,4858
2201,there are errors trying to modify my shipping address,change_shipping_address,SHIPPING,BLM,907
16355,I have to ask for goddamn refunds,get_refund,REFUND,BLMW,8313
306,help cancelling my bloody purchase,cancel_order,ORDER,BLW,95
25518,want help to see tthe damn ETA of order {{Order Number}},track_order,ORDER,BLQWZ,13699
17308,can uhelp me subscribing to the copany newsletter,newsletter_subscription,SUBSCRIPTION,BILQZ,8786
3030,could ya help me to check the termination fee,check_cancellation_fee,CANCEL,BILPQ,1452
21369,I do not know what to do to inform of a sign-up issue,registration_problems,ACCOUNT,BEL,11547
15976,where to obtain rebates of my money?,get_refund,REFUND,BILM,8056
4404,could you help me find the bill #00108?,check_invoice,INVOICE,BILP,2222
25648,show me purchase {{Order Number}} status,track_order,ORDER,BKL,13522
17790,"I have to receive your corporate newsletter, help me",newsletter_subscription,SUBSCRIPTION,BCL,8652
21201,"I can't open an account, help me report bloody signup issues",registration_problems,ACCOUNT,BCLMNW,11437
12546,"I have got to check the methods for shipment, I need help",delivery_options,DELIVERY,BCL,6300
4917,i do not know what to do to locate the bill #37777,check_invoice,INVOICE,BELQ,2232
5225,where to check your payment methods?,check_payment_methods,PAYMENT,BIL,2644
20539,I don't know how to retrieve the PIN code of my user,recover_password,ACCOUNT,BL,10481
12175,"I have to see the methods for shipping, I need help",delivery_options,DELIVERY,BCL,6159
20167,I need help retrieving my goddamn account password,recover_password,ACCOUNT,BLW,10654
21515,I do not know how to inofrm of registration problems,registration_problems,ACCOUNT,BELMZ,11631
10475,I have to create a premium account for my fiance,create_account,ACCOUNT,BL,5267
22271,I do not know how to leave some feedback about a product,review,FEEDBACK,BEL,12173
22062,do you have an e-mail to submit an opinion about a product?,review,FEEDBACK,BIL,12007
4995,help me see ur allowed payment optyions,check_payment_methods,PAYMENT,BLQZ,2524
26258,i dont know how i can check my refund current status,track_refund,REFUND,BLQ,13962
318,i do not know how to cancel purchasw {{Order Number}},cancel_order,ORDER,BELQZ,97
23066,I don't know how to set up the delivery address,set_up_shipping_address,SHIPPING,BL,12735
20760,how do I retrieve the password of my user?,recover_password,ACCOUNT,BIL,11121
22082,where to leave a fucking comment for your products?,review,FEEDBACK,BILW,12026
20345,where can i find information about a pwd reset,recover_password,ACCOUNT,BILQ,10805
14279,edit details on standard account,edit_account,ACCOUNT,BKLM,7244
18253,could you help me notify of payment problems?,payment_issue,PAYMENT,BILMP,9228
13153,need to see how long it usually take for the item to arrive,delivery_period,DELIVERY,BLQZ,6609
26589,could you help me seeing the status of my refund?,track_refund,REFUND,BILP,14064
1455,deleting item from order {{Order Number}},change_order,ORDER,BL,269
14435,how to correct my user data?,edit_account,ACCOUNT,BIL,7346
17896,can you help me notifying of errors with online payment?,payment_issue,PAYMENT,BILM,8949
3371,I need help seeing the termination charges,check_cancellation_fee,CANCEL,BLM,1597
20519,can you help me restoring the password of my account?,recover_password,ACCOUNT,BIL,10938
26499,help me to check the sxtatus of my reimbursement,track_refund,REFUND,BLZ,13995
11453,problem with a pro account removal,delete_account,ACCOUNT,BL,5786
20150,"I cannot remember my damn profile key, how to restore it?",recover_password,ACCOUNT,BCEILW,10639
15119,want help to get the invokces from {{Person Name}},get_invoice,INVOICE,BMQZ,7729
1459,i made an mistake could i modify order {{Order Number}},change_order,ORDER,BCILPQZ,493
24473,changing to pro account,switch_account,ACCOUNT,BKL,13398
24352,I am trying to change to the {{Account Type}} account,switch_account,ACCOUNT,BL,13357
22252,i have to leave a fucking comment could i get some help,review,FEEDBACK,BCILPQW,12156
13352,i need assistance to check how long the shgipment takes,delivery_period,DELIVERY,BLQZ,6711
13012,I call to see when my goddamn package is going to arrive,delivery_period,DELIVERY,BLW,6513
2026,need assistance correcting the address,change_shipping_address,SHIPPING,BLQ,750
23225,why I cannot submit my shipping address valid,set_up_shipping_address,SHIPPING,BEL,12820
4124,i hsve to locate invoice #00108 help me,check_invoice,INVOICE,BCLQZ,2059
6147,under which circumstances can I ask for my money back?,check_refund_policy,REFUND,BIL,3085
26728,showing reimbursement status,track_refund,REFUND,BKL,14101
10669,opdn standard account,create_account,ACCOUNT,BKLZ,5352
21943,I have got to leave a fucking opinion about a product,review,FEEDBACK,BLW,11905
14437,edit details oon gold account,edit_account,ACCOUNT,BKLMZ,7348
11834,what do i have to do to delete the freemium account,delete_account,ACCOUNT,BILQ,5944
14180,pudate {{Account Category}} account,edit_account,ACCOUNT,BKLZ,7181
26521,want assistance to track the restitution,track_refund,REFUND,BLQ,14048
24764,I do not know how I can switch to tbe {{Account Category}} account,switch_account,ACCOUNT,BEZ,13487
22255,"I would like to send my feedback for a product, help me",review,FEEDBACK,BCLP,12159
4737,"I want to locate invoice #37777, how to do it?",check_invoice,INVOICE,BCIL,2379
4547,i dont kmow how i can locate bill #37777,check_invoice,INVOICE,BLQZ,2291
23820,i have troubles entering my delivery address,set_up_shipping_address,SHIPPING,BLMQ,13093
13983,I try to change the fucking personal details,edit_account,ACCOUNT,BLMW,7020
11228,how can I find information about my premium account removal?,delete_account,ACCOUNT,BIL,5668
24607,I don't know how I could change to the premium account,switch_account,ACCOUNT,BLP,13345
20537,I cannot reset my damn account PIN code,recover_password,ACCOUNT,BELNW,10951
20145,assistance recovering my user account PIN,recover_password,ACCOUNT,BL,10634
7245,assistance filing a customer complaint against ur company,complaint,FEEDBACK,BLQ,3552
14626,need to edit the personal data could i get some help,edit_account,ACCOUNT,BCILPQ,7456
2162,I have a problem updating my delivery address,change_shipping_address,SHIPPING,BL,804
6860,am I entitled to a reimbursement?,check_refund_policy,REFUND,BIL,3312
25771,i cannot check purchase {{Order Number}} status,track_order,ORDER,BELNQ,13763
20207,"I forgot the PIN of my user, I need help to retrieve it",recover_password,ACCOUNT,BCL,10693
16112,i dont know how i could receive compensations,get_refund,REFUND,BLMPQ,8166
4612,where can i see my fucking bill from {{Person Name}},check_invoice,INVOICE,BILQW,2324
3704,can ushow me hte cancellation fees,check_cancellation_fee,CANCEL,BIMQZ,1808
21130,notifying of issue opening user,registration_problems,ACCOUNT,BKL,11387
16724,how long until i get my money back,get_refund,REFUND,BIQ,8522
11855,question about the cancellation of a {{Account Category}} acclunt,delete_account,ACCOUNT,BLZ,5964
8807,help me to get in touch with bloody customer support,contact_customer_service,CONTACT,BLW,4287
20566,I am looking for information about a password retrieval,recover_password,ACCOUNT,BEL,10974
16818,get money back,get_refund,REFUND,BK,8309
23136,I have got to set up a different shipping address,set_up_shipping_address,SHIPPING,B,12611
3929,want assistance to find the bills from {{Person Name}},check_invoice,INVOICE,BLMQ,1920
15737,can you help me get my invoice #85632?,get_invoice,INVOICE,BI,7929
10721,"I have got to open a new bloody {{Account Type}} account, I need help",create_account,ACCOUNT,BCLW,5379
21462,have a questoon about creating user profiles,registration_problems,ACCOUNT,BLMQZ,11603
26105,I am trying to see the current status of the compensation,track_refund,REFUND,BL,13904
14454,update information on gold account,edit_account,ACCOUNT,BKL,7357
18014,need to report an issue with paymentr,payment_issue,PAYMENT,BQZ,9057
16030,"I have paid {{Currency Symbol}}{{Refund Amount}} for this order, I want my reimbursement",get_refund,REFUND,BCELMV,8102
10320,open another premium account,create_account,ACCOUNT,BKL,5202
415,want asistance canceling order {{Order Number}},cancel_order,ORDER,BQZ,115
20494,how can I recover the key of my user?,recover_password,ACCOUNT,BIL,10919
16582,I donot know what to do to demand a refund,get_refund,REFUND,BELZ,8443
12274,can you help me check what shipment methods are there?,delivery_options,DELIVERY,BILM,6208
9140,i have got to talk with an assistant,contact_human_agent,CONTACT,BLQ,4506
20963,where to notify of an issue with a sign-up,registration_problems,ACCOUNT,BILQ,11264
4342,how do i locate my goddamn invoicesfrom {{Person Name}},check_invoice,INVOICE,BILMQWZ,2193
26112,"I have to check my restitution current status, how to do it?",track_refund,REFUND,BCIL,13915
17953,help notifying of an error with payment,payment_issue,PAYMENT,BL,9002
19108,how can i purchasse a product,place_order,ORDER,BILQZ,9790
13700,were can I see how long it takes for my package to arrive?,delivery_period,DELIVERY,BILZ,6854
18701,I don't knpw how to report payment issues,payment_issue,PAYMENT,BMZ,9484
3770,i dont know how i can see the early exit charegs,check_cancellation_fee,CANCEL,BLMQZ,1846
19458,how can I order several goddamn articles?,place_order,ORDER,BILMW,10091
23353,help me set another delivery address up,set_up_shipping_address,SHIPPING,BL,12879
4146,need assistance checking the bill #12588,check_invoice,INVOICE,BLQ,2075
17810,could you help me receiving the corporate newsletter?,newsletter_subscription,SUBSCRIPTION,BILP,8927
1291,help with changing purchase {{Order Number}},change_order,ORDER,BL,411
17035,can you give me information about receiving your newsletter?,newsletter_subscription,SUBSCRIPTION,BIL,8687
24509,help to switch to the premium account,switch_account,ACCOUNT,B,13229
17357,"I want to receive the fucking corporate newsletter, help me",newsletter_subscription,SUBSCRIPTION,BCLW,8805
8944,can you help me to talk with an agent?,contact_human_agent,CONTACT,BIL,4353
13327,can ya help me to check how son can i expect the shipment,delivery_period,DELIVERY,BILQZ,6699
14811,editing info on premium account,edit_account,ACCOUNT,BKLQ,7558
26203,I would like to check if there are any news on the refund,track_refund,REFUND,BLMP,13941
2219,I have troubles correcting my address,change_shipping_address,SHIPPING,BLM,919
2876,I need help trying to edit the shipping address,change_shipping_address,SHIPPING,BL,916
12028,shipping to {{Delivery Country}},delivery_options,DELIVERY,BLS,6088
5221,help checking your accepted payment options,check_payment_methods,PAYMENT,BL,2621
24113,help touse the {{Account Category}} profile,switch_account,ACCOUNT,BLZ,13262
1919,assistance adding some items to purchase {{Order Number}},change_order,ORDER,BLM,252
2808,i do not know what i nded to do to edit my delivery address,change_shipping_address,SHIPPING,BELQZ,1306
19736,buy artilce,place_order,ORDER,BKLZ,10298
19353,how can I purchase several fucking items ?,place_order,ORDER,BILMWZ,10005
20990,"I can't open an account, where do I report a signup issue?",registration_problems,ACCOUNT,BCILN,11287
13993,editting details on premium account,edit_account,ACCOUNT,BKLMZ,7030
19983,i have got to reset my account pwd,recover_password,ACCOUNT,BLQ,10491
22830,do you have a method to send a comment about your products?,review,FEEDBACK,BIL,12563
18989,I don't know how to acquire some articles,place_order,ORDER,BLM,9678
4340,can you help me giving a quick look at my bill #12588?,check_invoice,INVOICE,BIL,2191
4556,where to look for the damn bills from {{Person Name}},check_invoice,INVOICE,BILMQW,2294
23781,i do not know how to enter the new shippin address,set_up_shipping_address,SHIPPING,BELQZ,13075
1218,i want herlp to update order {{Order Number}},change_order,ORDER,BLQZ,367
11345,"I no longer need the {{Account Type}} account, I want to delete it",delete_account,ACCOUNT,BCEL,5730
166,would you give me information about cancelling orders?,cancel_order,ORDER,BIMP,59
3089,withdrawal penalties,check_cancellation_fee,CANCEL,BLM,1434
23194,i have to enter the secondary shipping dadress i need help,set_up_shipping_address,SHIPPING,BCLQZ,12807
17319,can ya tell me more abuot unsubscribing from ur newsletter,newsletter_subscription,SUBSCRIPTION,BILQZ,8790
23999,is it possible to switch to the freemium account,switch_account,ACCOUNT,BIQ,13202
9394,can you help me to speak to someone?,contact_human_agent,CONTACT,BIL,4652
13986,wanna change the info on my account can i get some help,edit_account,ACCOUNT,BCILQ,7023
18330,i dont know what i have to do to report issues with payments,payment_issue,PAYMENT,BMQ,9269
21649,how to report a problem with registrations?,registration_problems,ACCOUNT,BIL,11710
203,i need assistance to cancel order {{Order Number}},cancel_order,ORDER,BQ,5
18847,want help notifying of a trouble with payment,payment_issue,PAYMENT,BLQ,9510
20282,is it possible to reset my pass,recover_password,ACCOUNT,BILQZ,10752
18831,i dont know how to inform of an issue with payments,payment_issue,PAYMENT,BLMQ,9551
17604,where can i unsubscribe from ur fucking newsletter,newsletter_subscription,SUBSCRIPTION,BILQWZ,8879
288,"I do not want my last bloody item, cancel order {{Order Number}}",cancel_order,ORDER,BCELNW,88
18153,help to solve an error withonline payments,payment_issue,PAYMENT,BLMZ,9161
14079,i have to change my personal data can ya help me,edit_account,ACCOUNT,BCILQ,7099
4590,I do not know how to find invoice #85632,check_invoice,INVOICE,BE,2310
8997,ohw to contact a person?,contact_human_agent,CONTACT,BILZ,4400
8410,where to check at wnat time customer assistance available is,contact_customer_service,CONTACT,BILQZ,4132
16555,where to ask for restitutons of my money,get_refund,REFUND,BILMQZ,8428
14958,getting billsfrom {{Person Name}},get_invoice,INVOICE,BKLMZ,7659
8501,i try to see whay hours i can reach customer support,contact_customer_service,CONTACT,BLQZ,4169
22244,"I have to write a comment for a service , how to do it?",review,FEEDBACK,BCILZ,11897
15371,"I cannot find bill #12588, mail it to me",get_invoice,INVOICE,BCEL,7812
24351,can I use the bloody {{Account Type}} profile?,switch_account,ACCOUNT,BILW,13356
17830,wanna nusubscribe from the company newsletter,newsletter_subscription,SUBSCRIPTION,BLQZ,8932
14087,correcting information on pro account,edit_account,ACCOUNT,BKL,7105
21504,i need assistance to report isues with a signup,registration_problems,ACCOUNT,BLMQZ,11623
21895,I do not know how to write a review about your products,review,FEEDBACK,BEL,11859
5085,i want assistanec to list ur payment options,check_payment_methods,PAYMENT,BLQZ,2573
24692,i need assistance changing to the {{Account Type}} account,switch_account,ACCOUNT,BLQ,13141
2833,tell me about updating the address,change_shipping_address,SHIPPING,BL,1320
8244,anybody available at customer support,contact_customer_service,CONTACT,BL,3919
25142,i cant see order {{Order Number}} goddamn current satus,track_order,ORDER,BLNQWZ,13603
22675,need help sending osme feedback for your services,review,FEEDBACK,BLQZ,12454
7615,I don't know what I need to dol to make a reclamation,complaint,FEEDBACK,BLZ,3733
17350,I need asisstance unsubscribing from your newsletter,newsletter_subscription,SUBSCRIPTION,BLZ,8802
22098,i need assistance submitting my feedback,review,FEEDBACK,BLQ,12037
463,i dont want order {{Order Number}} could i cancel it,cancel_order,ORDER,BCINPQ,123
7701,is it possible to make a complaint against your company?,complaint,FEEDBACK,BIL,3776
16646,i do not know what to do to obtain rebates,get_refund,REFUND,BELMQ,8479
177,"I don't want this item, help me cancel purchase {{Order Number}}",cancel_order,ORDER,BCLN,64
17005,how can I sign up to your corporate nnewsletter?,newsletter_subscription,SUBSCRIPTION,BILZ,8675
8886,I have to conract customer assistance,contact_customer_service,CONTACT,BLZ,4318
18921,assistance to buy several of your product,place_order,ORDER,BLM,9611
18145,where can i report errors with onlinepayment,payment_issue,PAYMENT,BILMQZ,9154
2284,there are problems trying to edit my address,change_shipping_address,SHIPPING,BLM,967
17561,"I have to sign up to your newsletter, I need assistance",newsletter_subscription,SUBSCRIPTION,BCL,8867
20190,assistance to recover my user profile access key,recover_password,ACCOUNT,BL,10677
18602,i cant makr a transfer help me report a payment error,payment_issue,PAYMENT,BCLQZ,9424
23392,"I need to set up the new delivery address, how to do it?",set_up_shipping_address,SHIPPING,BCIL,12878
26010,where can I know if there is anything new on the refund?,track_refund,REFUND,BIL,13865
2997,cfan i check the cancellation fees,check_cancellation_fee,CANCEL,BIMQZ,1426
14559,update details on premium account,edit_account,ACCOUNT,BKLM,7418
24463,"I need to use the gold profile, how can I do it?",switch_account,ACCOUNT,BCIL,13395
4821,i dont know how i could check the bill #37777,check_invoice,INVOICE,BLPQ,2417
13688,where do i check how soon can i expect the delivery,delivery_period,DELIVERY,BIQ,6853
18504,"I want to inform of a problem with online payments, help me",payment_issue,PAYMENT,BCLM,9372
8271,how can i contact customer support,contact_customer_service,CONTACT,BILQ,4033
3050,I want assistance seeing the bloody cancellation fee,check_cancellation_fee,CANCEL,BLW,1466
23554,is it possible to enter the new delivery address?,set_up_shipping_address,SHIPPING,BIL,12964
13004,how can I see how long it takes for my item to arrive?,delivery_period,DELIVERY,BIL,6506
4109,I need help to look for bill #00108,check_invoice,INVOICE,BL,2053
3992,can you help me to check my invoice #37777?,check_invoice,INVOICE,BI,1970
3148,can I check the early termination penalty?,check_cancellation_fee,CANCEL,BIL,1404
19323,assistance ordering some bloodyproducts,place_order,ORDER,BLMWZ,9979
4506,help me to locate the invoice #37777,check_invoice,INVOICE,BL,1957
2542,i do not know what i have to do to update the address,change_shipping_address,SHIPPING,BELQ,1149
4445,"I want to locate the invoice #85632, I need assistance",check_invoice,INVOICE,BCL,2240
24805,I'd like to use the {{Account Type}} account,switch_account,ACCOUNT,BPQ,13498
8433,I'm trying to check what hours i can call customer support,contact_customer_service,CONTACT,BLQ,3904
6711,could i see in what cases can i request refundcs,check_refund_policy,REFUND,BILPQZ,3265
16460,when am I receiving my compensation?,get_refund,REFUND,BIL,8377
23455,I have got to submit the new delivery address,set_up_shipping_address,SHIPPING,BL,12928
21827,how to inform of an issue wsith a sign-up?,registration_problems,ACCOUNT,BILZ,11813
21365,I don't know how I can notify of issues with damn sign-up,registration_problems,ACCOUNT,BLMW,11544
16501,i do not know how i can get a compensation of money,get_refund,REFUND,BELQ,8403
7733,"I ain't happy with your work, I need to make a reclamation",complaint,FEEDBACK,BCL,3786
19648,can you help me to order a few of your item?,place_order,ORDER,BILM,10231
13367,I have tl see how soon can I expect my shipment,delivery_period,DELIVERY,BLZ,6720
23836,ik dont know how to submit the secondary shipping address,set_up_shipping_address,SHIPPING,BLQZ,12608
3570,can you help me seeing the cancellation charge?,check_cancellation_fee,CANCEL,BIL,1755
12086,i have to see the delivery options how do i do it,delivery_options,DELIVERY,BCILQ,6114
21776,how could I notify of a sign-up issue?,registration_problems,ACCOUNT,BILP,11787
20009,have a problem with tge pin code retrieval,recover_password,ACCOUNT,BLQZ,10513
22714,can i write a comment for ur company,review,FEEDBACK,BILQ,12216
15914,needassistance to demand rebates,get_refund,REFUND,BLMQZ,7995
6732,in which situationscan i ask to be refunded,check_refund_policy,REFUND,BILQZ,3269
12808,I need assistance to see what shipment options you offer,delivery_options,DELIVERY,BLM,6384
24717,assistance using the bloody platinum profile,switch_account,ACCOUNT,BLW,13474
3572,I don't know how I could see the cancellation fees,check_cancellation_fee,CANCEL,BLMP,1756
9817,I do not know what I have to do ot talk to somebody,contact_human_agent,CONTACT,BELZ,4882
18577,"I cannot pay, where could I inform of payment issues?",payment_issue,PAYMENT,BCEILMP,9409
7955,I want to check at what time I can reach customer serfvice,contact_customer_service,CONTACT,BLZ,3900
7552,consumer reclamation,complaint,FEEDBACK,BL,3710
10182,I want help to open a premium account for my dad,create_account,ACCOUNT,BL,5123
4888,i do not know what i need to do to check invoice #12588,check_invoice,INVOICE,BEQ,2450
22806,I have to send my feedback,review,FEEDBACK,BL,12544
4288,i cannot find invoiced #00108,check_invoice,INVOICE,BENQZ,2161
12440,I want help to see the shipment options,delivery_options,DELIVERY,BL,6024
20073,problem with forgotten keys,recover_password,ACCOUNT,BLM,10568
19247,I am trying to order several of your item,place_order,ORDER,BLM,9914
7487,I don't know what I need to do to make a consumer claim,complaint,FEEDBACK,BL,3670
16533,i want help to get a rebate of my money,get_refund,REFUND,BLQ,8416
23493,issue submitting the secondary delivery address,set_up_shipping_address,SHIPPING,BL,12937
19205,i do not know what to do to earn some items,place_order,ORDER,BELMQ,9653
7778,hdlp me to make a consumer complaint against your company,complaint,FEEDBACK,BLZ,3803
23664,there is an issue entering the secondary shipping address,set_up_shipping_address,SHIPPING,BL,13026
23133,i have a problem setting a secondary shipping address up,set_up_shipping_address,SHIPPING,BLQ,12656
7456,help me lodge a customer reclamation against ur company,complaint,FEEDBACK,BLQ,3474
10708,i need assistance to create a platinum acfount for my fiance,create_account,ACCOUNT,BLQZ,5370
15159,i dont know what i need to do to get the bill #12588,get_invoice,INVOICE,BLQ,7744
16052,I do not know how I can receive a refund of my money,get_refund,REFUND,BEL,8120
641,i need assistance canceling roder {{Order Number}},cancel_order,ORDER,BQZ,150
15215,I'm trying to get my damn bills from {{Person Name}},get_invoice,INVOICE,BLMQW,7761
20343,I want to retrieve my key,recover_password,ACCOUNT,BL,10803
17913,where do i notify of a trouble with payments,payment_issue,PAYMENT,BILMQ,8966
26704,i cannot track my restitution,track_refund,REFUND,BELNQ,14092
23782,"I need to set up a delivery address, help me",set_up_shipping_address,SHIPPING,BCL,13076
25937,I don't know how to check my restitution status,track_refund,REFUND,BL,13827
6614,I don't know what I have to do to see your refund policy,check_refund_policy,REFUND,BL,3242
791,i cannot pay for these product how do i cancel the order,cancel_order,ORDER,BCEILNQZ,177
20347,"I lost my account PIN code, assistance to reset it",recover_password,ACCOUNT,BCL,10807
20677,help recovering the password of my profile,recover_password,ACCOUNT,BL,11054
3752,are there early exit fees?,check_cancellation_fee,CANCEL,BILM,1834
20243,"I have lost my profile access key, where can I recover it?",recover_password,ACCOUNT,BCILV,10720
19578,acquire several items,place_order,ORDER,BLM,9844
14737,i want help correcting the information on my profile,edit_account,ACCOUNT,BLQ,7518
22300,I need hdlp to submit my feedback for a product,review,FEEDBACK,BLZ,12192
23818,could I set up the shipping address?,set_up_shipping_address,SHIPPING,BILP,13091
18650,"I cannot make a transfer, notify of payment issues",payment_issue,PAYMENT,BCELM,9136
13930,editing information on {{Account Type}} account,edit_account,ACCOUNT,BKL,6971
19733,i need assistance ordering some articles,place_order,ORDER,BLMQ,9595
25873,i need help trackng order {{Order Number}},track_order,ORDER,BQZ,13776
25946,I have got to track the compensation,track_refund,REFUND,BL,13835
1103,"I made a mistake, I want help editing order {{Order Number}}",change_order,ORDER,BCL,289
2273,I want help trying to correct my shipping address,change_shipping_address,SHIPPING,BL,932
21551,is it possible to inform of an error with registrations,registration_problems,ACCOUNT,BILQ,11654
11959,can i place an oeder from {{Delivery City}},delivery_options,DELIVERY,BIQSZ,6039
5899,where do I list the payment options?,check_payment_methods,PAYMENT,BIL,2750
4699,i do not know how to check bill #12588,check_invoice,INVOICE,BELQ,2325
4919,I nneed help to list the accepted payment methods,check_payment_methods,PAYMENT,BLZ,2462
23634,i dont know how to set a different shipping address up,set_up_shipping_address,SHIPPING,BQ,13010
2530,i dont know whatto do to modify my address,change_shipping_address,SHIPPING,BLQZ,1140
14282,how to change the details included on my profile?,edit_account,ACCOUNT,BILM,7246
16469,I want assistance requesting a compensation of money,get_refund,REFUND,BL,8001
22015,I am calling to submit feedback,review,FEEDBACK,BL,11966
2013,I need help trying to change my shipping address,change_shipping_address,SHIPPING,B,737
6317,I would like to see how long reimbursements take,check_refund_policy,REFUND,BLP,3146
1667,i cant add some goddamn products to purchase {{Order Number}},change_order,ORDER,BLMNQW,417
19277,"I need to earn a goddamn article, could you help me?",place_order,ORDER,BCILPW,9938
11077,deleting account,delete_account,ACCOUNT,BK,5584
14543,what do i have to do to edit my goddamn profile,edit_account,ACCOUNT,BILQW,7409
26144,I don't know how I can check the rebate status,track_refund,REFUND,BL,13923
20339,I don't know what I have to do to reset the PIN of my user,recover_password,ACCOUNT,BL,10800
10705,help me creating a freemium account,create_account,ACCOUNT,B,4936
22505,I need help submitting some feedback about a product,review,FEEDBACK,BL,12340
1187,need help deleting some articles from order {{Order Number}},change_order,ORDER,BLMQ,344
18923,how to order some products?,place_order,ORDER,BILM,9613
19476,want assistancd purchasing several of ur product,place_order,ORDER,BLMQZ,10108
20085,I need assistance recovering my account access key,recover_password,ACCOUNT,BL,10580
9676,i dont understand ucould i contact a bloody live aent,contact_human_agent,CONTACT,BCILPQWZ,4808
23057,there is an error submitting my secondary delivery address,set_up_shipping_address,SHIPPING,BL,12727
19116,"I want to earn some goddamn items, I need assistance",place_order,ORDER,BCLMW,9797
18835,need to inform of issues with payment,payment_issue,PAYMENT,BLMQ,9173
21992,is it possible to leave feedback about ur products,review,FEEDBACK,BILQ,11949
26364,i expect a rebate of {{Currency Symbol}}{{Refund Amount}} has it been processd already,track_refund,REFUND,BCILQZ,13998
3633,I would like to see the termination fee,check_cancellation_fee,CANCEL,BLP,1781
14540,update information on premium account,edit_account,ACCOUNT,BKL,7408
4165,"I lost my bill from {{Person Name}}, will you show it to me?",check_invoice,INVOICE,BCILP,2087
2987,i cannot find the withdrawal penalties,check_cancellation_fee,CANCEL,BELMQ,1416
6198,"I need to see your money back policy, can you hep me?",check_refund_policy,REFUND,BCILZ,3100
16477,I need help receiving refunds,get_refund,REFUND,BLM,8387
2556,where can I change the delivery address?,change_shipping_address,SHIPPING,BIL,1157
21958,"I have to send my feedback about your company, help me",review,FEEDBACK,BCL,11918
19868,i need assistance acquiring several items,place_order,ORDER,BLMQ,9806
14033,modifying ingormation on freemium account,edit_account,ACCOUNT,BKLZ,7060
24170,how to use the pro profile,switch_account,ACCOUNT,BILQ,13276
22035,is there a way to leave a review about ur products,review,FEEDBACK,BILQ,11982
11450,i have a question about the termination of a standard acount,delete_account,ACCOUNT,BLQZ,5618
16727,I am trying to obtain rebates of my money,get_refund,REFUND,BLM,8524
21112,i need assiustance reporting an issue with a registration,registration_problems,ACCOUNT,BQZ,11374
19172,i need assistance to buy some articles,place_order,ORDER,BLMQ,9847
4151,seeing invoice #85632,check_invoice,INVOICE,BKL,2078
14764,changing informatiln on gold account,edit_account,ACCOUNT,BKLZ,7533
17001,help me to receive the bloody newsletter,newsletter_subscription,SUBSCRIPTION,BLW,8673
6228,I don't know how I can check your reimbursement policy,check_refund_policy,REFUND,BL,3111
20957,help reporting fucking signup problems,registration_problems,ACCOUNT,BLMW,11259
2189,I have troubles updating my delivery address,change_shipping_address,SHIPPING,BLM,897
7325,assistance to file a claim,complaint,FEEDBACK,BL,3600
8503,I have to speak to fucking ucstomer support,contact_customer_service,CONTACT,BLWZ,4170
18135,can you help me informing of errors with payment?,payment_issue,PAYMENT,BILM,9144
9599,"I would like to speak with an assistant, how do I do it?",contact_human_agent,CONTACT,BCILP,4762
18594,I do not know what I need to do to inform of payment errors,payment_issue,PAYMENT,BELM,9120
25913,I would like to track the restitution,track_refund,REFUND,BLP,13809
19628,I'd like to purcjase several of ur item help me,place_order,ORDER,BCLMPQZ,10213
11944,find information about the shipping methods,delivery_options,DELIVERY,BL,6025
8916,I can't speak with a live agent,contact_human_agent,CONTACT,BL,4326
16815,I don't know how I can obtain rebates,get_refund,REFUND,BLM,8575
11318,problem with platinum account removals,delete_account,ACCOUNT,BLM,5714
8865,how casn i check at what time i can contact customer support,contact_customer_service,CONTACT,BILQZ,4308
17984,I don't know how to inform of troubles with online payments,payment_issue,PAYMENT,BLM,9030
4602,could uhelp me seeing my invoices from {{Person Name}},check_invoice,INVOICE,BILMPQZ,2316
14603,modifying info on gold accoumt,edit_account,ACCOUNT,BKLQZ,7439
15816,i do not know what i need to do to download the bioll #12588,get_invoice,INVOICE,BELQZ,7955
19596,I want help to acquire a few of your product,place_order,ORDER,BLM,10192
8526,help me get in touch with customer support,contact_customer_service,CONTACT,BL,4015
16622,"I paid {{Currency Symbol}}{{Refund Amount}} for an item, help me getting a goddamn rebate",get_refund,REFUND,BCLMW,8465
12024,where can I find information about the methods for shipping?,delivery_options,DELIVERY,BIL,6085
6134,help me checking how long reimbursements take,check_refund_policy,REFUND,BL,3078
20569,I cannot retrieve the bloody PIN code of my profile,recover_password,ACCOUNT,BELNW,10977
20618,I don't know how I can retrieve my account PIN,recover_password,ACCOUNT,BL,11015
10633,I'm trying to open a {{Account Category}} account,create_account,ACCOUNT,BLQ,5335
10207,can I create a gold account?,create_account,ACCOUNT,BI,5133
10240,opening new {{Account Category}} account for daughter,create_account,ACCOUNT,BKL,5157
21104,informing of issues creating user account,registration_problems,ACCOUNT,BKLM,11367
3473,need to check the withdrawal penalty will uhelp me,check_cancellation_fee,CANCEL,BCILPQ,1718
8276,I need help to talk to custmoer service,contact_customer_service,CONTACT,BLZ,4085
11917,I would like to know more about the options for shipment,delivery_options,DELIVERY,BLP,6002
14634,changing detais on {{Account Category}} account,edit_account,ACCOUNT,BKLMZ,7461
18097,need help to notify of an error with online paymemts,payment_issue,PAYMENT,BLMQZ,9118
13588,can you show me how soon can I expect my parcel?,delivery_period,DELIVERY,BIL,6810
7148,help filing a customer reclamation against ur company,complaint,FEEDBACK,BLQ,3376
21898,ya have an section to leave my feedback about ur company,review,FEEDBACK,BILQZ,11862
24260,can you help me changing to the gold account?,switch_account,ACCOUNT,BIL,13318
5554,i dont know what to do to list ur available payment methods,check_payment_methods,PAYMENT,BLQ,2801
3335,can you help me checking the early exit fee?,check_cancellation_fee,CANCEL,BIL,1643
21751,inform of a sign-up issue,registration_problems,ACCOUNT,BL,11770
6500,can you show me in what cases can I request refunds?,check_refund_policy,REFUND,BIL,3204
21861,need help to report a problem with signup,registration_problems,ACCOUNT,BLQ,11276
14417,need to correct the bloody details included on my account,edit_account,ACCOUNT,BLMQW,7335
13617,I need to see how soon can I expect my damn order,delivery_period,DELIVERY,BLW,6732
2138,can you help me change my shipping address ?,change_shipping_address,SHIPPING,BIZ,852
1460,update order {{Order Number}},change_order,ORDER,BL,300
10783,open a gold account,create_account,ACCOUNT,BL,5358
22348,can you help me submit feedback for a product?,review,FEEDBACK,BIL,12018
16675,i have paid {{Currency Symbol}}{{Refund Amount}} for this item i wanna obtai a rebate,get_refund,REFUND,BCELMQVZ,8494
2037,"my address has changed, could you help me changing it?",change_shipping_address,SHIPPING,BCILP,761
7157,"the experience with you has been bad, I try to file a claim",complaint,FEEDBACK,BCL,3499
17862,what do i have to do to sign up to ur company newslettee,newsletter_subscription,SUBSCRIPTION,BILQZ,8937
6754,show me in which cases can I ask for my money back,check_refund_policy,REFUND,BL,3277
11895,problems with my standard account removal,delete_account,ACCOUNT,BLM,5691
5395,I don't know how I can see your payment methods,check_payment_methods,PAYMENT,BL,2723
24053,wanna use the pro pprofile,switch_account,ACCOUNT,BLQZ,13237
4391,want help giving a quick look at my inovice #85632,check_invoice,INVOICE,BLQZ,2217
15357,i call to get my bill #12588,get_invoice,INVOICE,BLQ,7808
6763,help checking in which situations can i ask to be erimbursed,check_refund_policy,REFUND,BLQZ,3282
17495,"I have got to receive your newsletter, can you help me?",newsletter_subscription,SUBSCRIPTION,BCIL,8851
16312,help receiving reinbursements of my money,get_refund,REFUND,BLMZ,8290
8440,ucstomer service mail address,contact_customer_service,CONTACT,BLZ,4143
4954,I want to check the bloody payment options,check_payment_methods,PAYMENT,BLW,2495
16199,want help obtaining reimbursements ofmy money,get_refund,REFUND,BLMQZ,8228
17473,information about receiving your company newsletter,newsletter_subscription,SUBSCRIPTION,BL,8723
20197,where to recover the PIN of my user?,recover_password,ACCOUNT,BIL,10683
22055,do you have a method to send some feedback for a product ?,review,FEEDBACK,BILZ,12000
26179,I am trying to see the current status of the rebate,track_refund,REFUND,BL,13925
22916,Ihave an issue entering my shipping address,set_up_shipping_address,SHIPPING,BLZ,12621
22386,do ya have an e-mail to leave some feedback about ur company,review,FEEDBACK,BILQ,12256
14310,how to update the info on my user profile?,edit_account,ACCOUNT,BILQ,7261
17412,"I have to unsuscribe to your company newsletter, I need help",newsletter_subscription,SUBSCRIPTION,BCLZ,8824
6320,i have to check how long reufnds take how to do it,check_refund_policy,REFUND,BCIQZ,3148
7912,what do I have to do to file a goddamn customer claim?,complaint,FEEDBACK,BILW,3863
19926,"someone has stolen my user account key, help to restore it",recover_password,ACCOUNT,BCLV,10435
18289,can you help me notify of a payment issue?,payment_issue,PAYMENT,BIL,9246
22701,I do not know how to submit some feedback for a servicd,review,FEEDBACK,BEZ,12473
19383,assistance ordering some of your article,place_order,ORDER,BLM,10033
9929,how can i get information about creating a {{Account Type}} account,create_account,ACCOUNT,BIQ,4941
14148,"I have to edit some of my user details, how to do it?",edit_account,ACCOUNT,BCILM,7155
9758,I have to chat with a livbe agent,contact_human_agent,CONTACT,BLZ,4848
2678,need assistance trying to corrcet my delivery address,change_shipping_address,SHIPPING,BLQZ,1231
4259,i have to find the biol #12588 how to do it,check_invoice,INVOICE,BCILQZ,2144
1480,how could I switch several articles of purchase {{Order Number}}?,change_order,ORDER,BILMP,498
14697,correct data on premium account,edit_account,ACCOUNT,BKL,7501
5311,how could I see your bloody accepted payment modalities?,check_payment_methods,PAYMENT,BILPW,2693
15252,I don't know what I need to do to downloa the invoice #85632,get_invoice,INVOICE,BLZ,7776
24788,I need assistance to use the platinum profile,switch_account,ACCOUNT,BL,13213
4982,I want help to check your bloody available payment methods,check_payment_methods,PAYMENT,BLW,2515
20285,I am trying to retrieve the password of my account,recover_password,ACCOUNT,BL,10755
26617,where could I check the current status of the compensation?,track_refund,REFUND,BILP,14073
12425,can ya help me checking what methds for delivery ya offer,delivery_options,DELIVERY,BILMQZ,6265
13428,need to check how soon can i ezpect my package,delivery_period,DELIVERY,BLQZ,6745
2986,I don't know how to see the withdrawal fees,check_cancellation_fee,CANCEL,BLM,1415
22863,do uhave an e-mail to leave a comment for a product,review,FEEDBACK,BILQ,12580
4826,I do not know what to do to see my invoice #37777,check_invoice,INVOICE,BEL,2292
21591,I don't know how I can report registration errors,registration_problems,ACCOUNT,BLM,11301
2841,there is an error trying to update the shipping address,change_shipping_address,SHIPPING,BL,1059
24626,where can i change to the gold account,switch_account,ACCOUNT,BILQ,13446
11424,I don't knwo what I have to do to cancel a premium account,delete_account,ACCOUNT,BLZ,5774
13902,correctdata on {{Account Type}} account,edit_account,ACCOUNT,BKLZ,6945
19027,i want help ordering an article,place_order,ORDER,BLQ,9713
5881,could you help me checking the available payment options?,check_payment_methods,PAYMENT,BILP,2939
19619,help earning some of youe article,place_order,ORDER,BLMZ,10208
14138,updating details on {{Account Category}} account,edit_account,ACCOUNT,BKLM,6998
1255,can uhelp me add some items to order {{Order Number}},change_order,ORDER,BIMQ,391
16887,where could I get a compensation of my money?,get_refund,REFUND,BILP,7979
10813,create gold account for wife,create_account,ACCOUNT,BKL,5415
15046,"I have got to download invoice #12588, how can I do it?",get_invoice,INVOICE,BCIL,7702
11767,is it possible to delete the standard account?,delete_account,ACCOUNT,BIL,5718
14778,i need assistance to edit the personal details,edit_account,ACCOUNT,BLMQ,7093
10831,can I create a new bloody platinum account for my wife?,create_account,ACCOUNT,BILW,5425
19451,how can I acquire a product?,place_order,ORDER,BIL,10086
18464,help me inform of a problem withpayment,payment_issue,PAYMENT,BLZ,9347
7310,I do not know what to do to lodge a customer claim,complaint,FEEDBACK,BEL,3512
26671,i need help seeing if there are any news on the rebate,track_refund,REFUND,BLMQ,14085
10963,I do not know what I need to do to cancel my premium account,delete_account,ACCOUNT,BEL,5503
24630,need help using the {{Account Category}} proffile,switch_account,ACCOUNT,BLQZ,13146
16546,getting money back,get_refund,REFUND,BK,8424
2473,i dont know what i need to do to correct theaddress,change_shipping_address,SHIPPING,BLQZ,1101
18456,"I cannot make a payment, how could I report bloody problems?",payment_issue,PAYMENT,BCEILMPW,9344
22945,where to set up my delivery address,set_up_shipping_address,SHIPPING,BILQ,12643
14050,I need assistance changing the user information,edit_account,ACCOUNT,BL,7076
18288,can you help me to solve issues with online payment?,payment_issue,PAYMENT,BILM,9245
18219,where could I inform of an issue with online payment?,payment_issue,PAYMENT,BILP,9204
23837,I need to set my new delivery addrwss up,set_up_shipping_address,SHIPPING,BLZ,13101
23025,I want help to enter a damn secondary delivery address,set_up_shipping_address,SHIPPING,BLW,12706
19659,"I have got to order some items, can you help me?",place_order,ORDER,BCILM,10240
19371,whereto acquire something,place_order,ORDER,BILQZ,10022
18204,i need assistance notifying of a payment probelm,payment_issue,PAYMENT,BLQZ,9195
18974,I do not know what to do to acquire several articles,place_order,ORDER,BELM,9663
6742,help me see how long the bloody reimbursements usually take,check_refund_policy,REFUND,BLW,3273
2871,"I want to correct my delivery address, how do I do it?",change_shipping_address,SHIPPING,BCIL,1344
19055,"I need to shop some fucking articles, could I get some help?",place_order,ORDER,BCILMPW,9738
14682,changing information on gold account,edit_account,ACCOUNT,BKL,7493
20447,I don't know how I can recover the password of my profile,recover_password,ACCOUNT,BL,10888
8264,what do I need to do to call cusromer support?,contact_customer_service,CONTACT,BILZ,4081
16167,what do I have to do to obtain rebates?,get_refund,REFUND,BILM,8208
1640,help me to switch several articles of order {{Order Number}},change_order,ORDER,BLM,384
14436,I'd like to update the fucking data on my user profile,edit_account,ACCOUNT,BLPQW,7347
1226,update purchase732201349959,change_order,ORDER,BLZ,372
21859,can I inform of signup problems?,registration_problems,ACCOUNT,BILM,11832
16847,"I paid {{Currency Symbol}}{{Refund Amount}} for an item, I need a compensation",get_refund,REFUND,BCLM,8595
9483,I'm trying to speak to a live agent,contact_human_agent,CONTACT,BLQ,4696
26317,show me my restitution status,track_refund,REFUND,BL,13981
13239,can you hlp me seeing when my product is going to arrive?,delivery_period,DELIVERY,BILZ,6652
11188,problem with {{Account Type}} account removals,delete_account,ACCOUNT,BLM,5649
14881,update platinum account,edit_account,ACCOUNT,BKL,7307
25019,wanna locate order {{Order Number}} how can i do it,track_order,ORDER,BCILQ,13570
12237,"I need to check the options for shipping, how do I do it?",delivery_options,DELIVERY,BCIL,6136
14159,edit data on {{Account Type}} account,edit_account,ACCOUNT,BKL,7165
2153,"I have entered a wrong delivery address, help me changing it",change_shipping_address,SHIPPING,BCL,862
16400,were do i receive bloody compensations of my money,get_refund,REFUND,BILMQWZ,8341
6185,see under what circumstances can I ask to be refunded,check_refund_policy,REFUND,BL,2978
14738,modify information on standard account,edit_account,ACCOUNT,BKL,7519
24615,wanna use th gold account how can i do it,switch_account,ACCOUNT,BCIQZ,13443
19994,"I have lost my account PIN code, how do I restore it?",recover_password,ACCOUNT,BCILV,10500
5918,help me check your money bck guarantee,check_refund_policy,REFUND,BLZ,2955
12251,I call to see the shipping methods,delivery_options,DELIVERY,BL,6197
6028,"I need to check your refund policy , how to do it?",check_refund_policy,REFUND,BCIZ,3030
7598,can you help me make a customer complaint?,complaint,FEEDBACK,BIL,3704
20362,have problems with my pin retrieval,recover_password,ACCOUNT,BLMQ,10819
22057,I need help to write a review for a product,review,FEEDBACK,BL,12002
25920,"I want to check the status of my rebate, I need assistance",track_refund,REFUND,BCL,13815
14387,updating informtaion on {{Account Category}} account,edit_account,ACCOUNT,BKLZ,7316
13672,"I have got to check how soon can I expect my order, help me",delivery_period,DELIVERY,BCL,6847
18760,assistance to report a problem with payments,payment_issue,PAYMENT,BLM,9514
18745,how can i report an trouble with payment,payment_issue,PAYMENT,BILQZ,9506
16073,i have paid {{Currency Symbol}}{{Refund Amount}} for an article want helo getting a rebate,get_refund,REFUND,BCELMQVZ,8081
14536,modify pro account,edit_account,ACCOUNT,BKL,7405
5593,help to see ur accepted payment emthods,check_payment_methods,PAYMENT,BLQZ,2816
20591,sasistance resetting the PIN code of my account,recover_password,ACCOUNT,BLZ,10995
15300,get invoice from November,get_invoice,INVOICE,BK,7789
18221,I don't know what to do to notify of a payment problem,payment_issue,PAYMENT,BLZ,9206
11977,help checking what shipping options are there,delivery_options,DELIVERY,BLM,6054
26549,can you help me check the rebate current status?,track_refund,REFUND,BIL,14052
1185,I can't remove an item from purchase {{Order Number}},change_order,ORDER,BLN,342
14765,edit info on platinum account,edit_account,ACCOUNT,BKLQ,7534
13466,i have got to se how long the shipment takes how to do it,delivery_period,DELIVERY,BCILQZ,6759
20647,I am trying to retrieve the key of my user account,recover_password,ACCOUNT,BL,11034
7407,help me filing a reclamation against your business,complaint,FEEDBACK,BL,3642
10550,I want to know more about creating a {{Account Category}} cacount,create_account,ACCOUNT,BZ,5299
24315,I want assistance to use the {{Account Type}} profile,switch_account,ACCOUNT,BL,13175
12637,can you help me seeing the options for delivery?,delivery_options,DELIVERY,BIL,6324
24294,help to use the bloody gold profile,switch_account,ACCOUNT,BLW,13336
9177,how to talk to a fucking person?,contact_human_agent,CONTACT,BILW,4531
22318,need assistance submitting some feedback for ur products,review,FEEDBACK,BLQ,12139
2369,i put my old address by mistake i need help updating it,change_shipping_address,SHIPPING,BCLQ,1029
25579,I need assistance to locate order {{Order Number}},track_order,ORDER,BL,13715
3648,i want assistance checking the termination penalties,check_cancellation_fee,CANCEL,BLMQ,1789
8889,I'm trying to contact customer service,contact_customer_service,CONTACT,BQ,4319
15382,I need assistance to dfownload my invoice #37777,get_invoice,INVOICE,BLZ,7814
22687,I want help writing a fucking comment about your company,review,FEEDBACK,BLW,12464
26328,i do not know how to check my refund current status,track_refund,REFUND,BELQ,13984
7850,need help lodging a cutomer claim against your organization,complaint,FEEDBACK,BLQZ,3836
20432,help me reset my user access key,recover_password,ACCOUNT,BL,10876
7270,"I want to file a damn reclamation, how can I do it?",complaint,FEEDBACK,BCILW,3566
12802,"I need to see the options for delivery, can you help me?",delivery_options,DELIVERY,BCIL,6380
9204,i do not know how to speak with sommeone,contact_human_agent,CONTACT,BELQZ,4546
11548,problems with the removal of my {{Account Category}} account,delete_account,ACCOUNT,BLM,5640
24391,"I have got to use the standard profile, help me",switch_account,ACCOUNT,BCL,13370
19413,what do I need to do to buy several goddamn articles?,place_order,ORDER,BILMW,10054
23490,there is an ixsue setting my shipping address up,set_up_shipping_address,SHIPPING,BLZ,12697
6015,help to see your fucking money back policy,check_refund_policy,REFUND,BLW,3021
11885,"I do not want my freemium account, I need help closing it",delete_account,ACCOUNT,BCEL,5978
3024,wannasee the cancellation penalties can uhelp me,check_cancellation_fee,CANCEL,BCILMQZ,1447
3913,"I have to see the early termination fees, help me",check_cancellation_fee,CANCEL,BCLM,1906
9967,open another freemium account for mum,create_account,ACCOUNT,BKL,4975
13976,updating data on gold account,edit_account,ACCOUNT,BL,7013
19487,I need assistance to purchase some of your article,place_order,ORDER,BLM,10114
3277,i need assistance checking the damn cancellation charge,check_cancellation_fee,CANCEL,BLQW,1614
21940,ya have a method to send feedback,review,FEEDBACK,BILQ,11902
15007,wanna get my bloody bll from {{Person Name}},get_invoice,INVOICE,BLQWZ,7683
4690,"I need to look for the bill from {{Person Name}}, how to do it?",check_invoice,INVOICE,BCIL,2356
22886,there is a problem submitting my secondary shipping address,set_up_shipping_address,SHIPPING,BL,12595
23800,I need help to enter my new delivery address,set_up_shipping_address,SHIPPING,BL,12670
1014,I cannot modify purchase {{Order Number}},change_order,ORDER,BELN,217
18828,help me informing of an issue with payment,payment_issue,PAYMENT,BL,9213
14302,changing information on standard account,edit_account,ACCOUNT,BKL,7256
25848,can ushow me the ETA of purchase {{Order Number}},track_order,ORDER,BILQ,13774
18744,help me informing of a payment problem,payment_issue,PAYMENT,BL,9165
16145,i have paid {{Currency Symbol}}{{Refund Amount}} for these products i want my money back,get_refund,REFUND,BCEMQV,8192
14397,modify information on premium account,edit_account,ACCOUNT,BKL,7320
5069,how do I list your payment options?,check_payment_methods,PAYMENT,BIL,2566
2120,there is a trouble modifying the shipping address,change_shipping_address,SHIPPING,BL,836
8269,how to speak to customer support ?,contact_customer_service,CONTACT,BILZ,3865
9428,could you help me chatting with someone?,contact_human_agent,CONTACT,BILP,4670
14629,changing info on premium account,edit_account,ACCOUNT,BKLQ,7457
19042,can ya help me shop some articles,place_order,ORDER,BILMQ,9726
5743,can i see ur abailable payment methods,check_payment_methods,PAYMENT,BILQZ,2883
20560,i try to restore the pwd of my user profile,recover_password,ACCOUNT,BLQ,10968
4500,i lost my invoices from {{Person Name}} could ufind it for me,check_invoice,INVOICE,BCILMPQ,2266
2843,I have problems correcting the goddamn address,change_shipping_address,SHIPPING,BLMW,1327
1922,"I have to correct purchase {{Order Number}}, can you help me?",change_order,ORDER,BCIL,692
24523,I want assistance to use the standard profile,switch_account,ACCOUNT,BL,13414
2220,wanna know more about correcting the address,change_shipping_address,SHIPPING,BLQ,920
20290,need assistance resetting my account pin code,recover_password,ACCOUNT,BLQ,10759
2125,"the address changed, I need assistace editing it",change_shipping_address,SHIPPING,BCLZ,839
9215,i do not know what to do to contact an assistant,contact_human_agent,CONTACT,BELQ,4556
3656,i do not know what to do to check the cancellation fees,check_cancellation_fee,CANCEL,BEMQ,1794
8610,i need help to ese what hours i can reach customer support,contact_customer_service,CONTACT,BLQZ,4215
16266,could you help me to request a compensation of my money?,get_refund,REFUND,BILP,8270
5540,I don't know how I could list your payment modalities,check_payment_methods,PAYMENT,BLP,2791
12657,how to see what delivery options you offer?,delivery_options,DELIVERY,BILM,6045
5709,I want assisatance seeing the allowed payment options,check_payment_methods,PAYMENT,BLZ,2866
22783,wanna send my feedback for ur services,review,FEEDBACK,BLQ,12525
18669,i need assistance to solve na issue with payment,payment_issue,PAYMENT,BQZ,9468
1040,"I want to edit order {{Order Number}}, help me",change_order,ORDER,BCL,242
21924,I do not know how I could write an opinion for a product,review,FEEDBACK,BELP,11887
19104,how do I buy some articles?,place_order,ORDER,BILM,9786
4154,what do i have to do to check my bill #00108,check_invoice,INVOICE,BILQ,2081
3276,I have got to see the early exit penalpties,check_cancellation_fee,CANCEL,BLMZ,1613
18515,wanna notify of goddamn errors with online payment,payment_issue,PAYMENT,BLMQW,9377
21849,what do I have to do to report a sign-up issue?,registration_problems,ACCOUNT,BIL,11828
21080,need help reporting errors with registratons,registration_problems,ACCOUNT,BLMQZ,11350
16101,I don't know how I can get a refund of money,get_refund,REFUND,B,8157
3250,what do I need to do to see the early termination penalty?,check_cancellation_fee,CANCEL,BIL,1599
7900,"I want to make a fucking consumer claim, I need help",complaint,FEEDBACK,BCLW,3857
18971,assistance to purchase something,place_order,ORDER,BL,9660
13855,i call to see when my product is gonna arrive,delivery_period,DELIVERY,BLQ,6918
9390,I have to speak with someone,contact_human_agent,CONTACT,BL,4431
11116,close standard account,delete_account,ACCOUNT,BKL,5467
2712,I have a problem updating my shipping address,change_shipping_address,SHIPPING,BL,1253
22768,do you have a way to leave a comment about your company?,review,FEEDBACK,BIL,12514
20893,"I cannot create a user, help to inform of a signup problem",registration_problems,ACCOUNT,BCELN,11201
20231,I need to recover my account PIN,recover_password,ACCOUNT,BL,10710
24548,where can I switch to the premium account?,switch_account,ACCOUNT,BI,13424
1458,help me change purchase {{Order Number}},change_order,ORDER,BL,312
12584,I don't know how to check the goddamn shipment methods,delivery_options,DELIVERY,BLW,6309
9987,have problems with creating my standard account,create_account,ACCOUNT,BMQ,4992
10110,i have a problem with opening a {{Account Type}} account,create_account,ACCOUNT,BLQ,5076
7287,I need assistance filing a reclamation,complaint,FEEDBACK,BL,3578
22273,I am calling to leave a comment about your compnay,review,FEEDBACK,BLZ,12175
21825,I am experiencing an issue trying to sign up,registration_problems,ACCOUNT,BEL,11812
19891,can I reset the PIN of my user profile?,recover_password,ACCOUNT,BIL,10401
4560,what do I need to do to find my invoice #00108?,check_invoice,INVOICE,BI,2295
20065,I try to restore my user profile PIN,recover_password,ACCOUNT,BL,10561
1450,i have got to remove an item from order {{Order Number}} help me,change_order,ORDER,BCQ,206
22753,how can I send feedback about a service?,review,FEEDBACK,BIL,12506
9581,what do I need to do to chat wth a person?,contact_human_agent,CONTACT,BILZ,4754
19655,help me to buyy something,place_order,ORDER,BZ,10237
21372,how can I report a sign-up problem?,registration_problems,ACCOUNT,BIL,11549
17902,is it possibe to inform of errors with payment?,payment_issue,PAYMENT,BILMZ,8955
20796,how can I get information about a lost access key?,recover_password,ACCOUNT,BIL,11140
3075,i cannot find the early termination chaarges,check_cancellation_fee,CANCEL,BELMQZ,1483
18629,notifyof issues with online payment,payment_issue,PAYMENT,BLMZ,9438
21640,"I can't create a profile, I want to inform of signup issues",registration_problems,ACCOUNT,BCLMN,11703
20626,help me retrieve the password of my user profile,recover_password,ACCOUNT,BL,10967
14380,update data on freemium account,edit_account,ACCOUNT,BKL,7311
16737,I do not know what I need to do to receive reimbursemenrs,get_refund,REFUND,BELMZ,8530
2905,"my goddamn delivery address changed, how do I correct it?",change_shipping_address,SHIPPING,BCILW,1364
11052,i have to close my pro account,delete_account,ACCOUNT,BLQ,5568
18048,"I can't pay, notify of a trouble with online payment",payment_issue,PAYMENT,BCL,9084
7138,need to lodge a fucking customer complaint,complaint,FEEDBACK,BLQW,3488
13614,what do i have to do to check how long the shipment takes,delivery_period,DELIVERY,BILQZ,6623
3292,I cannot find the termination charge,check_cancellation_fee,CANCEL,BEL,1511
16093,i want help requesting refunds,get_refund,REFUND,BLMQ,8151
15022,i try to getinvoice #85632,get_invoice,INVOICE,BQZ,7690
11851,"I no longer need the bloody {{Account Type}} account, can I remove it?",delete_account,ACCOUNT,BCEILW,5962
1814,I cannot change some products of pirchase {{Order Number}},change_order,ORDER,BELMNZ,649
16553,I need assistance to obtain a goddamn rebate of money,get_refund,REFUND,BLW,8427
7038,I try to file a claim,complaint,FEEDBACK,BLZ,3418
9426,I don't know how to speak with a humnan agent,contact_human_agent,CONTACT,BLZ,4668
11296,"I never use my pro account, I do not know how to remove it",delete_account,ACCOUNT,BCEL,5704
23344,there are problems entering my shipping address,set_up_shipping_address,SHIPPING,BLM,12877
16785,"I paid {{Refund Amount}} dollars for this item, I want to obtain a refund",get_refund,REFUND,BCLM,8555
10600,how can I find information about openinga pro account?,create_account,ACCOUNT,BILZ,5322
17834,I don't know how I can receive the newsletter,newsletter_subscription,SUBSCRIPTION,BL,8712
4765,show me my invoices fromn {{Person Name}},check_invoice,INVOICE,BLMZ,2393
7227,help me making a reclamation,complaint,FEEDBACK,BL,3542
3264,how can I checkthe cancellation charges?,check_cancellation_fee,CANCEL,BILMZ,1610
10560,help me to open a premium account for my daughter,create_account,ACCOUNT,BL,5305
18359,could you help menotifying of troubles with online payment?,payment_issue,PAYMENT,BILMPZ,9287
16323,I have got to ask for reimbursements,get_refund,REFUND,BLM,8297
17735,wanna check the status of my subscription to ur newseltter,newsletter_subscription,SUBSCRIPTION,BLQZ,8906
9403,is it possible to chat with a human agent?,contact_human_agent,CONTACT,BILZ,4654
9693,I do not know what I have to do to talk wiyh a live agent,contact_human_agent,CONTACT,BELZ,4819
8074,assistance to contact customer support,contact_customer_service,CONTACT,BL,3979
21752,I don't know how to inform of sign-up errrors,registration_problems,ACCOUNT,BLMZ,11771
660,I don't want order {{Order Number}},cancel_order,ORDER,BN,154
21875,i cannot report issues with signup,registration_problems,ACCOUNT,BELMNQ,11843
3998,how do I look for the fucking invoices from {{Person Name}}?,check_invoice,INVOICE,BILMW,1914
1702,I try to edit purchase {{Order Number}},change_order,ORDER,BL,205
19749,how do I shop a few of your item?,place_order,ORDER,BILM,10307
13467,i want assistance seeing howlong the shipment takes,delivery_period,DELIVERY,BLQZ,6760
10723,open another {{Account Type}} account for mum,create_account,ACCOUNT,BKL,5380
7563,i dont know how to file a consumer reclamation,complaint,FEEDBACK,BLQ,3716
9732,"you are not helpful at all, I have got to talk to someone",contact_human_agent,CONTACT,BCEL,4838
21800,i want assistance informing of an error with goddamn signup,registration_problems,ACCOUNT,BLMQW,11801
4012,is it possible tocheck invoice #37777,check_invoice,INVOICE,BIQZ,1986
9611,want assistance speajing to a person,contact_human_agent,CONTACT,BLQZ,4768
4714,checking invoice #85632,check_invoice,INVOICE,BK,2366
21221,sypport creating user,registration_problems,ACCOUNT,BKLZ,11452
14185,correctinmg details on platinum account,edit_account,ACCOUNT,BKLMZ,7184
11261,I don't know how I can close my platinum account,delete_account,ACCOUNT,BL,5681
20110,where do I retrieve my user access key?,recover_password,ACCOUNT,BIL,10602
23187,where can I set up the secondary delivery address?,set_up_shipping_address,SHIPPING,BIL,12804
20578,how to reset the apssword of my account,recover_password,ACCOUNT,BILQZ,10984
13480,I want information about shipping period,delivery_period,DELIVERY,BL,6432
1564,problems with correcting order {{Order Number}},change_order,ORDER,BLM,538
2455,i want help correcting the address,change_shipping_address,SHIPPING,BLQZ,747
18990,can you help me earning several products?,place_order,ORDER,BILM,9679
10898,open a premium acocunt,create_account,ACCOUNT,BLZ,5455
21313,what do i need to do to notify of an issue with a sign-up,registration_problems,ACCOUNT,BILQ,11512
18395,want help informing of payment problems,payment_issue,PAYMENT,BLMQ,9094
10973,i do not know what i have to do to remove the {{Account Type}} account,delete_account,ACCOUNT,BELQ,5460
9529,I can't talk with a person,contact_human_agent,CONTACT,BL,4718
5541,"I have got to see the payment opitons, how to do it?",check_payment_methods,PAYMENT,BCILZ,2792
7140,"I am unhappy with your services, how to lodge a reclamation?",complaint,FEEDBACK,BCIL,3490
16888,I want assistance receiving a refund of my money,get_refund,REFUND,BL,8019
20198,I need assistance reecovering my profile PIN code,recover_password,ACCOUNT,BLZ,10684
1872,can you helo me switch something of order {{Order Number}}?,change_order,ORDER,BILZ,674
18947,where can i order some of ur article,place_order,ORDER,BILMQ,9636
25270,what do I need to do to locate purchase {{Order Number}}?,track_order,ORDER,BIL,13641
18516,I need help to solve errors with payments,payment_issue,PAYMENT,BLM,9378
2186,I don't know what I need to do to edit my shipping address,change_shipping_address,SHIPPING,BL,894
13149,I want assistance to see how soon can I expect my purchase,delivery_period,DELIVERY,BL,6606
3647,I can't find the termination charge,check_cancellation_fee,CANCEL,BLZ,1788
6113,I have to check in what situations can I request a refund,check_refund_policy,REFUND,BL,2992
10026,another {{Account Type}} acconut,create_account,ACCOUNT,BKLZ,5021
21137,informing of registration error,registration_problems,ACCOUNT,BKL,11272
21441,where to reoprt errors with signup?,registration_problems,ACCOUNT,BILMZ,11595
6867,help checking in which cases can I request to be refunded,check_refund_policy,REFUND,BL,3009
14407,assistance to change the personal details,edit_account,ACCOUNT,BLM,7327
19145,I want help buying some of your product,place_order,ORDER,BLM,9637
12373,assistance to check what shipping options uoffer,delivery_options,DELIVERY,BLMQ,6198
8206,what is your customer support mail?,contact_customer_service,CONTACT,BIL,4048
7930,how could I get in touch with customer support?,contact_customer_service,CONTACT,BILP,3880
1685,could I switch something of order {{Order Number}}?,change_order,ORDER,BILP,588
5101,can ya tell me ur acepted payment modalities,check_payment_methods,PAYMENT,BILQZ,2581
9548,need assistance speaking to a hujan agent,contact_human_agent,CONTACT,BLQZ,4731
1277,wanna remoev a bloody article from order {{Order Number}},change_order,ORDER,BLQWZ,404
25204,ned to locate order {{Order Number}} how could i do it,track_order,ORDER,BCILPQZ,13622
3393,can you help me to see the withdrawal fees?,check_cancellation_fee,CANCEL,BILM,1674
20732,find informtaion about my forgotten pin,recover_password,ACCOUNT,BLQZ,11099
22199,help sending feedback for your company,review,FEEDBACK,BL,12117
25581,wanna locate uprchase {{Order Number}} can i get some help,track_order,ORDER,BCILQZ,13717
3508,I need help seeing the termination fees,check_cancellation_fee,CANCEL,BLM,1553
1830,i need assistance editing order {{Order Number}},change_order,ORDER,BLQ,656
2863,i want assistance to edit the delivery address,change_shipping_address,SHIPPING,BLQ,1339
23342,troubles entering a fucking secondary delivery address,set_up_shipping_address,SHIPPING,BLMW,12663
17801,I want assistance to receive your company newsletter,newsletter_subscription,SUBSCRIPTION,BL,8925
2609,"my address has changed, I want to edit it",change_shipping_address,SHIPPING,BCL,1009
9905,"I cannot understand anything you say, contact an agent",contact_human_agent,CONTACT,BCEL,4921
24350,i nee assistance to use the standard profile,switch_account,ACCOUNT,BLQZ,13355
20155,I want assistance to reset my pwd,recover_password,ACCOUNT,BLQ,10643
20881,"I can't remember my account password, where to reset it?",recover_password,ACCOUNT,BCIL,11190
21502,"I am experiencing problems trying to sign up, help me",registration_problems,ACCOUNT,BCELM,11621
8698,check at what time i can reachy customer support,contact_customer_service,CONTACT,BLQZ,4247
24954,"I would like to check order {{Order Number}} current status, help me",track_order,ORDER,BCLP,13545
9873,"I do not understand you, could I contact a person?",contact_human_agent,CONTACT,BCEILP,4911
19673,I want help to order several of your item,place_order,ORDER,BLM,10252
25394,I'd like to locate purchase {{Order Number}} i need assistance,track_order,ORDER,BCLPQ,13674
15791,I need assistance to download bill #00108,get_invoice,INVOICE,BL,7868
17011,help to unsubscribe frmo your company newsletter,newsletter_subscription,SUBSCRIPTION,BLZ,8679
3180,I don't know how I can see the termination fee,check_cancellation_fee,CANCEL,BL,1554
5777,checking allowed payment methods,check_payment_methods,PAYMENT,BK,2543
20520,can ya help me retrieve the pin code of my acocunt,recover_password,ACCOUNT,BILQZ,10939
10861,I need help opening a new goddamn gold account,create_account,ACCOUNT,BLW,5442
14898,change info on freemium account,edit_account,ACCOUNT,BKLQ,7611
26696,I need to see if there is anything new on the compensation,track_refund,REFUND,BL,13795
18028,I don't know how I can notify of a problem with payments,payment_issue,PAYMENT,BLM,9069
23452,would it be possible to enter the new delivery address?,set_up_shipping_address,SHIPPING,BILP,12926
4677,I do not know what I have to do to look for the bill #12588,check_invoice,INVOICE,BEL,2180
10592,another pro account,create_account,ACCOUNT,BKL,5317
18709,i neee assistance to report problems with online payment,payment_issue,PAYMENT,BLMQZ,9485
23181,I want assistance entering my delivery address,set_up_shipping_address,SHIPPING,BL,12742
779,cancel purchase113542617735902,cancel_order,ORDER,BKLZ,176
9278,"I do not understand you, direct to me a human agent",contact_human_agent,CONTACT,BCEL,4592
9396,I am trying to talk with an agent,contact_human_agent,CONTACT,BL,4653
14189,i do not know how i can correct the user information,edit_account,ACCOUNT,BELQ,7188
10828,I don't know how I can create a standard account for my dad,create_account,ACCOUNT,BL,5423
14405,how can I change my personal data?,edit_account,ACCOUNT,BIL,7326
3197,I need help seeing the bloody termination penalty,check_cancellation_fee,CANCEL,BLW,1563
19632,i dont know what i have to do to buy an article,place_order,ORDER,BLQ,10217
16197,I need assistance requesting a refund of money,get_refund,REFUND,BL,8226
14999,I do not know what I need to do to download the bill #37777,get_invoice,INVOICE,BEL,7668
4638,what do i have to do to give a quick look at the bill #37777,check_invoice,INVOICE,BILQ,2335
11465,where can I find information about a {{Account Type}} account removal?,delete_account,ACCOUNT,BIL,5794
16095,I do not know how to reauest reimbursements,get_refund,REFUND,BELMZ,8153
5203,need help to see the available payment options,check_payment_methods,PAYMENT,BLQ,2475
23395,why I cannot enter an different shipping address valid,set_up_shipping_address,SHIPPING,BELZ,12897
10075,i need assistance to create a platinum accountt,create_account,ACCOUNT,BQZ,5055
20157,I have gotto retrieve my user pwd,recover_password,ACCOUNT,BLQZ,10645
12823,I have to check what shipment methods are there,delivery_options,DELIVERY,BLM,6323
20245,help me reset my user pwd,recover_password,ACCOUNT,BLQ,10722
1709,i try to remove some items from order {{Order Number}},change_order,ORDER,BMQ,600
7155,help me lodge a customer complaint against ur company,complaint,FEEDBACK,BLQ,3363
13574,is it possible to chck when will my purchase arrive,delivery_period,DELIVERY,BILQZ,6803
21546,notify of registration issue,registration_problems,ACCOUNT,BKL,11650
16496,i dont kno how to request a refund of my money,get_refund,REFUND,BLQZ,8399
21483,need help notifying of issues wiht a sign-up,registration_problems,ACCOUNT,BLMQZ,11612
9425,I want assistance to speak to a fucking live agent,contact_human_agent,CONTACT,BLW,4667
20655,I do not know how I can retrieve my goddamn user PIN code,recover_password,ACCOUNT,BELW,10616
6099,I want tocheck in which cases can I request to be reimbursed,check_refund_policy,REFUND,BLZ,3064
18864,solve problems with apyment,payment_issue,PAYMENT,BLMZ,9567
8138,can you show me what hours I can reach customer assistance?,contact_customer_service,CONTACT,BIL,4014
10008,can I open a standard account for my daughter?,create_account,ACCOUNT,BIL,5008
18485,reporting issues with payments,payment_issue,PAYMENT,BKM,9008
20946,i cant open a profile where do i inform of a sign-up issue,registration_problems,ACCOUNT,BCILNQ,11250
3007,is it possible to see the early exit fees?,check_cancellation_fee,CANCEL,BILM,1435
1350,i have to delete som items from purchase {{Order Number}},change_order,ORDER,BLMQZ,446
21385,help to notify of an error with bloody registrations,registration_problems,ACCOUNT,BLMW,11559
22095,what do I need to do to leave my feedback for your products?,review,FEEDBACK,BIL,12035
1199,"I have to update purchase {{Order Number}}, how could I do it?",change_order,ORDER,BCILP,354
22961,i have a trouble submitting a different shipping address,set_up_shipping_address,SHIPPING,BLQ,12658
15092,i try to get the inovice #00108,get_invoice,INVOICE,BQZ,7720
16228,how long till I obtain a refund of money?,get_refund,REFUND,BIL,8245
11451,I don't know what to do to remove the platinum account,delete_account,ACCOUNT,BL,5784
19207,"I have to order a bloody product, how can I do it?",place_order,ORDER,BCILW,9877
11644,"I never make use of my {{Account Type}} account, assistance deleting it",delete_account,ACCOUNT,BCEL,5866
10980,I would like to delete my premium account,delete_account,ACCOUNT,BLP,5515
6018,could you show me inwhat cases can I ask for refunds?,check_refund_policy,REFUND,BIPZ,3024
13278,I am trying to se how long the shipment takes,delivery_period,DELIVERY,BLZ,6671
1720,I cannot add some articles to order {{Order Number}},change_order,ORDER,BELMN,609
16147,"I have paid {{Currency Symbol}}{{Refund Amount}} for an order, how oculd I receive a refund?",get_refund,REFUND,BCEILMPVZ,8193
17930,i have a question about thepayments,payment_issue,PAYMENT,BLMQZ,8983
2776,there are issues trying to edit my delivery address,change_shipping_address,SHIPPING,BLM,1289
13702,is it possible to check how soon can i expect the item,delivery_period,DELIVERY,BIQ,6856
3860,could you help me check hte cancellation penalties?,check_cancellation_fee,CANCEL,BILMPZ,1881
20511,I need to retrieve the key of my profile,recover_password,ACCOUNT,BL,10930
15771,"I would like to downloasd bill #00108, can you help me?",get_invoice,INVOICE,BCILPZ,7940
9160,i want assistance to chat with someone,contact_human_agent,CONTACT,BLQ,4519
16422,how can I demand a compensation?,get_refund,REFUND,BIL,8355
23134,I'm trying to set another delivery address up,set_up_shipping_address,SHIPPING,BLQ,12773
24709,need to switch to the fucking {{Account Type}} account help me,switch_account,ACCOUNT,BCQW,13471
9539,"you are not helpful at all, help me contacting somebody",contact_human_agent,CONTACT,BCEL,4725
2099,can you help me updating my shipping address?,change_shipping_address,SHIPPING,BIL,818
1278,wanna switch some articles of order {{Order Number}} help me,change_order,ORDER,BCLMQ,405
6263,I want to check in which situations czn I ask for a refund,check_refund_policy,REFUND,BLZ,3118
1888,i need help changing a product of purchase {{Order Number}},change_order,ORDER,BLQ,681
5869,I'd like to check the allowed payment options how do i do it,check_payment_methods,PAYMENT,BCILPQ,2935
19479,want assistance shopping some of your product,place_order,ORDER,BLMQ,9976
1682,help adding several products to purchase {{Order Number}},change_order,ORDER,BLM,587
20524,i have to resdet my user pin code,recover_password,ACCOUNT,BLQZ,10943
23566,i want assistance seting my new delivery address up,set_up_shipping_address,SHIPPING,BLQZ,12975
11539,I am trying to find information about {{Account Type}} account removals,delete_account,ACCOUNT,BELM,5525
6301,can you show me in what cases can I ask to be refunded?,check_refund_policy,REFUND,BI,3037
25163,"I need to track purchase {{Order Number}}, can I get some help ?",track_order,ORDER,BCILZ,13610
2603,"I want to update the address, I need assistance",change_shipping_address,SHIPPING,BCL,1183
758,i want assisgance cancelling order {{Order Number}},cancel_order,ORDER,BQZ,174
16826,I don't know what I have to do to demand my money back,get_refund,REFUND,BL,8584
17919,wanna report issues with online pahment,payment_issue,PAYMENT,BLMQZ,8972
3944,can uhelp me to check my invoice #00108,check_invoice,INVOICE,BIQ,1934
18053,help solving a goddamn error with online payments,payment_issue,PAYMENT,BLMW,9088
5215,want help listing the accepted payment methods,check_payment_methods,PAYMENT,BLQ,2633
20521,assistance restoring my user account access key,recover_password,ACCOUNT,BL,10940
1527,I want assistance changing a product of order {{Order Number}},change_order,ORDER,BL,518
18714,what do I need to do to report payment problems?,payment_issue,PAYMENT,BILM,9487
6925,I want help to lodge a consumer claim,complaint,FEEDBACK,BL,3331
19967,"I forgot my user profile PIN, could I recover it?",recover_password,ACCOUNT,BCILP,10475
7543,help me to lodge a customer claim,complaint,FEEDBACK,BL,3706
19486,help buying some products,place_order,ORDER,BLM,10113
1818,could i swap some goddamn products of order {{Order Number}},change_order,ORDER,BILMPQW,651
19918,I do not know how I can recover my profile access key,recover_password,ACCOUNT,BEL,10427
5552,"I need to see your available payment methods, how to do it?",check_payment_methods,PAYMENT,BCIL,2800
13939,updating info on gold account,edit_account,ACCOUNT,BKLQ,6979
14604,update details on gold account,edit_account,ACCOUNT,BKLM,7440
11710,I do not know how I can cancel the pro acconut,delete_account,ACCOUNT,BELZ,5894
17935,I don't know what to do to notify of a payment error,payment_issue,PAYMENT,BL,8988
13652,"I have to see when will my purchase arrive, help me",delivery_period,DELIVERY,BCL,6841
24187,I can't change to the damn platinum account,switch_account,ACCOUNT,BLNW,13287
13765,i want help checking how soon can i expect my delivery,delivery_period,DELIVERY,BLQ,6444
16752,could uhelp me asking for a damn restitution of money,get_refund,REFUND,BILPQW,8536
18592,I do not know what I have to do to report payment issues,payment_issue,PAYMENT,BEM,9418
4742,checking invoices from August,check_invoice,INVOICE,BKM,2382
20839,I am trying to find information about my password recovery,recover_password,ACCOUNT,BEL,11166
17159,i want information about receiving ur corporate newsletter,newsletter_subscription,SUBSCRIPTION,BLQ,8734
18914,i don know what to do to buy some of ur product,place_order,ORDER,BLMQZ,9604
13933,editing data on {{Account Category}} acocunt,edit_account,ACCOUNT,BLZ,6974
3920,"I have to see my invoice from {{Person Name}}, help me",check_invoice,INVOICE,BCL,1911
15027,where do i download my bil #85632,get_invoice,INVOICE,BILQZ,7691
18432,could you help me informing of an issue with payments?,payment_issue,PAYMENT,BILMPZ,9329
17321,tell me more about subscribing to your corporate newsletter,newsletter_subscription,SUBSCRIPTION,BL,8746
26862,I don't know how I could track the compensation,track_refund,REFUND,BLP,14131
12507,I need help seeing what shipment methods are there,delivery_options,DELIVERY,BLM,6286
13117,I need help checking when my parcel is going to arrive,delivery_period,DELIVERY,BL,6556
8111,i have got to talk with customer service i need assistance,contact_customer_service,CONTACT,BCLQ,4001
16451,can uhelp me requesting reimbursements of my money,get_refund,REFUND,BILMQ,8243
11542,removing {{Account Type}} acconut,delete_account,ACCOUNT,BKLZ,5822
16580,how do I demand a compensation of my money?,get_refund,REFUND,BIL,8020
14431,modify details on gold account,edit_account,ACCOUNT,BKLM,7343
19368,I want assistance to earn several products,place_order,ORDER,BLM,10019
7483,i dont know what i need to do to make a claim,complaint,FEEDBACK,BLQ,3676
22883,I want help to sdt up the new shipping address,set_up_shipping_address,SHIPPING,BLZ,12592
14178,changing info on pro account,edit_account,ACCOUNT,BKLQ,7179
21746,"I cannot sign up, could I inform of a registration issue?",registration_problems,ACCOUNT,BCEILNP,11765
2920,I have errors correcting the address,change_shipping_address,SHIPPING,BLM,1370
17188,"I need to sign up to the newsletter, how can I do it?",newsletter_subscription,SUBSCRIPTION,BCIL,8745
12982,i want help to check when wqill my package arrive,delivery_period,DELIVERY,BLQZ,6489
18250,solving payment errors,payment_issue,PAYMENT,BKLM,9225
23199,could I set up a delivery address?,set_up_shipping_address,SHIPPING,BILP,12810
21150,how to inform of problems with signup?,registration_problems,ACCOUNT,BILM,11401
1808,modify order00004587345,change_order,ORDER,BLZ,647
5170,check ur paymnt modalities,check_payment_methods,PAYMENT,BLQZ,2617
6760,is it possible to see in what cases can i ask for a refund,check_refund_policy,REFUND,BILQ,3280
19341,need to acquire several of ur article,place_order,ORDER,BLMQ,9639
1780,how could I add several products to order {{Order Number}}?,change_order,ORDER,BILMP,635
11684,"I have to close my standard account, how do I do it?",delete_account,ACCOUNT,BCIL,5884
18935,how do I order some of your article?,place_order,ORDER,BILM,9625
1151,how canI change order {{Order Number}}?,change_order,ORDER,BIZ,321
22225,want assistance to leave a review for your prducts,review,FEEDBACK,BLQZ,12135
23004,"I want to enter a new shipping address, can you help me?",set_up_shipping_address,SHIPPING,BCIL,12693
23587,i need assistance to set my new delovery address up,set_up_shipping_address,SHIPPING,BLQZ,12985
26194,I don't know how to track my restitution,track_refund,REFUND,BL,13939
19547,I don't know how to acquire several of your article,place_order,ORDER,BLM,10160
23738,i dont know how i can submit a delivery address,set_up_shipping_address,SHIPPING,BLQ,13054
9319,assistance contacting someone,contact_human_agent,CONTACT,BL,4403
5591,can uhelp mne list the payment options,check_payment_methods,PAYMENT,BILQZ,2815
514,I want assistance cancelling purchase {{Order Number}},cancel_order,ORDER,BL,23
22206,I have got to leave some feedback about your company,review,FEEDBACK,BL,12123
26533,assistance seeing if there is anything new on the rebate,track_refund,REFUND,BL,13886
10235,i want assistance creating a {{Account Type}} account for my fiance,create_account,ACCOUNT,BLQ,5153
18285,could you help me reporting errors with online payment?,payment_issue,PAYMENT,BILMP,9244
23062,"my new shipping address is invalid, how could I do it?",set_up_shipping_address,SHIPPING,BCILP,12731
8243,I don't know what I need to do to speak to customer support,contact_customer_service,CONTACT,BL,4069
2355,i have a problem with an adress update,change_shipping_address,SHIPPING,BLQZ,1017
15548,wanna get my bil from {{Person Name}} how could i do it,get_invoice,INVOICE,BCILPQZ,7872
13714,where could I see when will my purchase arrive?,delivery_period,DELIVERY,BILP,6860
19866,"I need to buy some of your product, how could I do it?",place_order,ORDER,BCILMP,10389
4477,can you help me looking for my invoice #12588?,check_invoice,INVOICE,BIL,2256
1201,"I have got to modify purchase {{Order Number}}, how do I do it?",change_order,ORDER,BCIL,355
6963,I'm calling to make a claim against ur company,complaint,FEEDBACK,BLQZ,3366
10231,register,create_account,ACCOUNT,BK,5151
3906,are there any withdrawal charges?,check_cancellation_fee,CANCEL,BILM,1902
12301,want assistance checking what shipment methods i have,delivery_options,DELIVERY,BLMQ,6219
637,i do not know how i can canmcel order {{Order Number}},cancel_order,ORDER,BEQZ,68
7359,i need assistance making a consumer claim aginst ur business,complaint,FEEDBACK,BLQZ,3617
17552,tell me more about unsubscribing frmo ur company newsletter,newsletter_subscription,SUBSCRIPTION,BLQZ,8865
21508,I do not know what to do to report errors with registrations,registration_problems,ACCOUNT,BELM,11625
23867,support setting a shipping dadress up,set_up_shipping_address,SHIPPING,BLZ,13116
21182,"I cannot open a profile, can I report bloody signup errors?",registration_problems,ACCOUNT,BCEILMNW,11425
10936,what do i need to do to cancel a bloody platinum account,delete_account,ACCOUNT,BILQW,5481
22184,I am trying to leave an opinion about your company,review,FEEDBACK,BL,12105
22399,is there an address to leave a comment for your company?,review,FEEDBACK,BIL,12267
2085,tghere is a problem trying to change the delivery address,change_shipping_address,SHIPPING,BLZ,806
2188,i dont know what to do to change the address,change_shipping_address,SHIPPING,BLQ,896
21573,"I cannot create a user, notify of a sign-up error",registration_problems,ACCOUNT,BCELN,11665
13904,help to edit the information on my user profile,edit_account,ACCOUNT,BL,6947
12693,where to see what shipping methods you offer?,delivery_options,DELIVERY,BILM,5991
23523,I am trying to submit a new shipping address,set_up_shipping_address,SHIPPING,BL,12945
18025,I need help solving errors with online paymnt,payment_issue,PAYMENT,BLMZ,9066
24701,I need to changeto the platinum account,switch_account,ACCOUNT,BLZ,13466
15285,i do not know what i need to do to download my bill #12588,get_invoice,INVOICE,BELQ,7631
21733,would it be possible to report issues with sign-up,registration_problems,ACCOUNT,BILMPQ,11757
21237,is it possible to report an error with a signup,registration_problems,ACCOUNT,BILQ,11466
8387,need to seee at what time i can contact customer support,contact_customer_service,CONTACT,BLQZ,4124
5816,assistance listing the payment methods,check_payment_methods,PAYMENT,BL,2642
2339,I try to change the delivery address,change_shipping_address,SHIPPING,BL,751
26583,i expect a restitution of {{Currency Symbol}}{{Refund Amount}} has it been prcoessed,track_refund,REFUND,BCILQZ,14062
16454,how to ask for a restitution of my money,get_refund,REFUND,BILQ,8070
19704,where can I acquire some items?,place_order,ORDER,BILM,10182
16725,I need assistance to get reimbursements,get_refund,REFUND,BLM,8054
22338,I am calling to leave my feedback for your products,review,FEEDBACK,BL,12219
20077,help me to restore the access key of my user profile,recover_password,ACCOUNT,BL,10572
8707,I want to see at what time I ca contact customer assistance,contact_customer_service,CONTACT,BLZ,4208
200,camceling order {{Order Number}},cancel_order,ORDER,BKZ,71
21186,need assistance to report registration issues,registration_problems,ACCOUNT,BMQ,11427
3255,where to check te termination charges,check_cancellation_fee,CANCEL,BILMQZ,1603
15034,getting invoices from June,get_invoice,INVOICE,BKM,7695
7400,how could I make a consumer claim against your company?,complaint,FEEDBACK,BILP,3455
13717,I am calling to see how soon can I expect the shipment,delivery_period,DELIVERY,BL,6862
15981,get refund of money,get_refund,REFUND,BK,8061
24290,what do i need to do to use the premium profile,switch_account,ACCOUNT,BILQ,13334
14395,modify info on {{Account Category}} account,edit_account,ACCOUNT,BKLQ,6944
9618,uare not helpful help me talk wity a bloody assistant,contact_human_agent,CONTACT,BCELQWZ,4773
12050,what do I need to do to check the shipment options?,delivery_options,DELIVERY,BIL,6098
9584,i have to speak to a eprson,contact_human_agent,CONTACT,BLQZ,4756
11028,canceling {{Account Category}} account,delete_account,ACCOUNT,BKL,5550
8851,i have to check at what time i can rach customer support,contact_customer_service,CONTACT,BLQZ,4301
19212,i dont know what to do to acquire a product,place_order,ORDER,BLQ,9882
9731,assistance chatting with a live agent,contact_human_agent,CONTACT,BLZ,4837
10710,"I do not have a pro account yet, help me register",create_account,ACCOUNT,BCELN,5371
22749,I do not know what to do to leave an opinion,review,FEEDBACK,BEL,12221
2541,I am trying to edit the delivery adress,change_shipping_address,SHIPPING,BLZ,1148
13016,help me to check when my item is gonna arrive,delivery_period,DELIVERY,BQ,6516
10856,i do not know hows i could open a standard account,create_account,ACCOUNT,BELPQZ,5439
25838,how can i see purchase {{Order Number}} sttatus,track_order,ORDER,BILQZ,13773
9220,"I can't understand aword you say, can I talk to somebody?",contact_human_agent,CONTACT,BCILZ,4559
14064,edit data on freemium account,edit_account,ACCOUNT,BKL,7088
18843,i need help solving an error with online payments,payment_issue,PAYMENT,BLMQ,9559
7806,I want help to make a reclamation,complaint,FEEDBACK,BL,3817
9903,i want help talking to an operator,contact_human_agent,CONTACT,BLQ,4380
20089,"I can't remember my bloody user key, how to reset it?",recover_password,ACCOUNT,BCILW,10584
19137,where to purchase several products?,place_order,ORDER,BILM,9816
18565,i do not know how i can notify of errors with payment,payment_issue,PAYMENT,BELMQ,8963
11769,problem with {{Account Category}} acconut removals,delete_account,ACCOUNT,BLMZ,5923
22212,can you help me leave a review about your company?,review,FEEDBACK,BIL,12126
2497,can you tell me more about a delivery address change?,change_shipping_address,SHIPPING,BIL,1122
3935,can uhelp me taking a quick look at my invoice #37777,check_invoice,INVOICE,BIQ,1926
11259,i no longer use my bloody pro account how cani delete it,delete_account,ACCOUNT,BCEILQWZ,5679
7169,"I am not happy with your work, help lodging a customer claim",complaint,FEEDBACK,BCEL,3506
6750,I can't seed your refund policy,check_refund_policy,REFUND,BLZ,3276
14077,editing user data,edit_account,ACCOUNT,BL,7097
16823,can you help me receive goddamn compensations of money?,get_refund,REFUND,BILMW,8581
22360,is there an address to leave a comment for a service?,review,FEEDBACK,BIL,12237
2132,problems changing delivery address,change_shipping_address,SHIPPING,BKLM,846
1631,"I have to correct order {{Order Number}}, can I get some help?",change_order,ORDER,BCIL,559
18774,I don't know how to inform of issues with online payment,payment_issue,PAYMENT,BLM,9117
19133,i need help purchasing some of ur item,place_order,ORDER,BLMQ,9812
2692,i have errors changing mydelivery address,change_shipping_address,SHIPPING,BLMQZ,1238
14994,can you send me the bill from {{Person Name}}?,get_invoice,INVOICE,BIL,7672
6917,I'm not happy with ur service need help to file a complaint,complaint,FEEDBACK,BCEQ,3323
21085,can you help me to report a problem with a registration?,registration_problems,ACCOUNT,BIL,11354
10976,how can i get information about my gold account removal,delete_account,ACCOUNT,BILQ,5511
20169,I waant help resetting my user profile pwd,recover_password,ACCOUNT,BLQZ,10656
18617,would it be possible to inform of damn errors with payments?,payment_issue,PAYMENT,BILMPW,9430
22610,"I would like to write a review, help me",review,FEEDBACK,BCLP,12412
25571,I am trying to locate order {{Order Number}},track_order,ORDER,BL,13710
2135,I have a trouble trying to update the delivery address,change_shipping_address,SHIPPING,BL,849
13753,I call to see when my package is going to arrive,delivery_period,DELIVERY,BL,6875
15015,"I would like to get my invoice from {{Person Name}}, how to do it?",get_invoice,INVOICE,BCILP,7687
3606,where can i see the ealry exit charge,check_cancellation_fee,CANCEL,BILQZ,1771
12248,where can I see what shipment options you offer?,delivery_options,DELIVERY,BILM,6194
23103,is it possible to enter the secondary shipping address?,set_up_shipping_address,SHIPPING,BIL,12758
18529,I need help solving a troouble with online payments,payment_issue,PAYMENT,BLMZ,9383
13890,assistance checking ohw soon can I expect the item,delivery_period,DELIVERY,BZ,6937
18562,could you help me solve an error with online payment?,payment_issue,PAYMENT,BILP,9402
22525,I am calling to write a review about a service,review,FEEDBACK,BL,12357
21456,whre do I inform of problems with sign-up?,registration_problems,ACCOUNT,BILMZ,11601
4186,is it possible to locate my bill from {{Person Name}},check_invoice,INVOICE,BILQ,2102
14668,change info on {{Account Type}} account,edit_account,ACCOUNT,BKLQ,7482
9519,"I can't understand you, can you help me contact a person?",contact_human_agent,CONTACT,BCIL,4712
1211,want assistance switching an item of purchase {{Order Number}},change_order,ORDER,BLQ,362
9866,i dont know how i can speak to someone,contact_human_agent,CONTACT,BLQ,4907
3726,"I want to see the withdrawal fees, how can I do it?",check_cancellation_fee,CANCEL,BCILM,1822
23609,y i cant set my secondary deilvery address valid up,set_up_shipping_address,SHIPPING,BLQZ,12996
8207,i have got to call bloody customer assistance could uhelp me,contact_customer_service,CONTACT,BCILPQW,4049
19609,I need help acquiring several of your article,place_order,ORDER,BLM,10199
2190,there are problems trying to correct ym shipping address,change_shipping_address,SHIPPING,BLMZ,898
22692,can you help me write a review for a service?,review,FEEDBACK,BIL,12468
21169,how could I notify of errors with a sign-up?,registration_problems,ACCOUNT,BILMP,11417
5768,wanna see ur accepted payment options can ya help me,check_payment_methods,PAYMENT,BCILQ,2893
22142,can uhelp me leaving feedback about ur company,review,FEEDBACK,BILQ,12071
7255,where do I lodge a complaint against your company?,complaint,FEEDBACK,BIL,3559
8879,do you have a free phone number to contact customer service?,contact_customer_service,CONTACT,BIL,4316
14475,editing information on freemium account,edit_account,ACCOUNT,BKL,7365
18637,can you help me to inform of a trouble with payment?,payment_issue,PAYMENT,BIL,9444
1803,help adding an article to purchase {{Order Number}},change_order,ORDER,BL,549
26497,I would like to see the status of the rebate,track_refund,REFUND,BLP,13899
10375,can you help me open a freemium account?,create_account,ACCOUNT,BIL,5014
12798,how can I see what goddamn delivery methods you offer?,delivery_options,DELIVERY,BILMW,6378
9253,"you aren't helpful, how can I chat wiuth someone?",contact_human_agent,CONTACT,BCILZ,4580
17401,"I want to receive your newsletter, I need help",newsletter_subscription,SUBSCRIPTION,BCL,8820
5182,I want help checking your payment options,check_payment_methods,PAYMENT,BL,2537
19957,i lost my profile pass want help to restore it,recover_password,ACCOUNT,BCLQ,10465
13727,I want to see how long it takes for my order to arrive,delivery_period,DELIVERY,BL,6580
11355,problems with pro account terminations,delete_account,ACCOUNT,BLM,5736
3071,needc help checking the withdrawal fees,check_cancellation_fee,CANCEL,BLMQZ,1481
15567,will umail me the invoicce from {{Person Name}},get_invoice,INVOICE,BILPQZ,7879
5555,I try to check the payment methods,check_payment_methods,PAYMENT,BL,2802
24180,I need help changing to the platinum account,switch_account,ACCOUNT,BL,13132
19262,where do I earn something?,place_order,ORDER,BIL,9927
16343,I need help to requestreimbursements,get_refund,REFUND,BLMZ,8307
5740,I do not know what I have to do to list the payment options,check_payment_methods,PAYMENT,BEL,2880
17765,I can't subscribe to the newsletter,newsletter_subscription,SUBSCRIPTION,BL,8916
11176,i dont use m freemium account I'm trying to cancel it,delete_account,ACCOUNT,BCLQZ,5642
21264,I am having an online registration error,registration_problems,ACCOUNT,BEL,11483
7958,help me contacting customer assistance,contact_customer_service,CONTACT,BL,3902
2792,I want help to modify the address,change_shipping_address,SHIPPING,BL,1298
2948,"the damn address changed, I would like to edit it",change_shipping_address,SHIPPING,BCLPW,1384
21777,"I want to notify of sign-up issues , could you help me?",registration_problems,ACCOUNT,BCILMPZ,11788
3486,"I have to check the early exit fee, I need assistance",check_cancellation_fee,CANCEL,BCL,1723
24431,could i sawitch to the pro account,switch_account,ACCOUNT,BIPQZ,13383
20325,i have to reset the pin code of my profile,recover_password,ACCOUNT,BLQ,10789
11969,help me seeing what shipment methods are available,delivery_options,DELIVERY,BLM,6049
20141,ineed help to restore the access key of my account,recover_password,ACCOUNT,BLQZ,10630
10922,"I need to remove a {{Account Type}} account, how can I do it?",delete_account,ACCOUNT,BCIL,5470
21076,i need help notifying of registration errors,registration_problems,ACCOUNT,BLMQ,11349
1017,need help with switching an item of purchase {{Order Number}},change_order,ORDER,BLQ,220
13806,I need assistance checking how soon can I expect the package,delivery_period,DELIVERY,BL,6601
26266,"I expect a fucking ocmpensation of {{Currency Symbol}}{{Refund Amount}}, was it processed",track_refund,REFUND,BCLWZ,13965
22789,"I need to leave some feedback, can I get some help?",review,FEEDBACK,BCIL,12529
17013,I don't know how to subscribe to the newsletter,newsletter_subscription,SUBSCRIPTION,BL,8680
20738,i have got to retrieve my account pin how could i do it,recover_password,ACCOUNT,BCILPQ,11103
12545,where do I see the options for delivery?,delivery_options,DELIVERY,BIL,6299
20293,I don't know how I can restore my user access key,recover_password,ACCOUNT,BL,10762
18318,i need assistance reporting payment problems,payment_issue,PAYMENT,BLMQZ,9260
13263,wanna see how soon can i expect my delivery how to do it,delivery_period,DELIVERY,BCILQ,6662
2087,I have problems editing the shipping address,change_shipping_address,SHIPPING,BLM,808
24259,using {{Account Type}} accouny,switch_account,ACCOUNT,BKZ,13317
3185,i cannot find anything about the withdrawal fees,check_cancellation_fee,CANCEL,BELMQ,1555
16089,I don't know how I can ask for a reimbursement,get_refund,REFUND,BL,8148
3428,I need help checking th cancellation fees,check_cancellation_fee,CANCEL,BMZ,1695
4605,can i look for bill #37777,check_invoice,INVOICE,BILQ,2319
23883,switching to gold account,switch_account,ACCOUNT,BK,13127
14544,modifying ingormation on {{Account Type}} account,edit_account,ACCOUNT,BKLZ,7410
16048,need help tyo obtain fucking compensations,get_refund,REFUND,BLMQWZ,8117
9461,I'm trying to speak with a human agent,contact_human_agent,CONTACT,BLQ,4689
17389,"I want to unsubscribe from your newsletter, can you help me?",newsletter_subscription,SUBSCRIPTION,BCIL,8815
19325,assistance to shop some products,place_order,ORDER,BLM,9981
20734,i have gog to restore the pin code of my account i need help,recover_password,ACCOUNT,BCLQZ,11100
10040,create nbew {{Account Type}} account,create_account,ACCOUNT,BKLZ,5031
23861,can huelp me setting the secondary delivery address up,set_up_shipping_address,SHIPPING,BILQZ,13112
20595,how could I find information about lost PIN?,recover_password,ACCOUNT,BILP,10998
11060,want assistance to cancel my {{Account Category}} account,delete_account,ACCOUNT,BLQ,5573
10649,create pro account for wife,create_account,ACCOUNT,BKL,5343
5704,i want help listing ur accepted apyment options,check_payment_methods,PAYMENT,BLQZ,2864
20583,I can't reset the PIN code of my profile,recover_password,ACCOUNT,BLN,10988
14184,edit data on pro account,edit_account,ACCOUNT,BKL,7183
14715,can ya help me to modify the info on my account,edit_account,ACCOUNT,BILQ,7511
4337,can you help me find trhe bills from {{Person Name}}?,check_invoice,INVOICE,BILMZ,2188
21705,"I cannot open an account, how to report a sign-up issue?",registration_problems,ACCOUNT,BCEILN,11739
4630,checking invoice,check_invoice,INVOICE,BK,2333
19026,"I have to purchase several of your product, I need help",place_order,ORDER,BCLM,9712
23920,"I have got to use the bloody {{Account Category}} profile, I need help",switch_account,ACCOUNT,BCLW,13129
21375,I want to notify of goddamn registration errors,registration_problems,ACCOUNT,BLMW,11552
16600,what do I need to do to ask for a compensation of money?,get_refund,REFUND,BIL,8452
20929,i do not know how i can report a sign-up error,registration_problems,ACCOUNT,BELQ,11236
5956,help to see in what cases can I ask for my money back,check_refund_policy,REFUND,BL,2988
8819,i dont know what to do to call customer support,contact_customer_service,CONTACT,BLQ,4292
20315,I want help to recover my damn user profile key,recover_password,ACCOUNT,BLW,10782
20682,where can I get information about my forgotten password?,recover_password,ACCOUNT,BIL,11059
23255,I have troubles setting another delivery address up,set_up_shipping_address,SHIPPING,BLM,12838
19118,I don't know what I need to do to shop some of your article,place_order,ORDER,BLM,9799
1026,I have problems with deleting an item from order {{Order Number}},change_order,ORDER,BLM,228
3124,i do not know how i can see the terminationpenalty,check_cancellation_fee,CANCEL,BELQZ,1516
7090,want help to file a customer claim,complaint,FEEDBACK,BLQ,3457
10549,where can I open a {{Account Type}} account for my daughter?,create_account,ACCOUNT,BIL,5298
19332,need help to order several of ur artcle,place_order,ORDER,BLMQZ,9988
13523,I am trying to see when my package is going to arrive,delivery_period,DELIVERY,BL,6784
16876,can ya help me to demand an refund,get_refund,REFUND,BILQZ,8608
25530,check purchase {{Order Number}} statsu,track_order,ORDER,BKLZ,13701
5776,"I would like to list the accepted payment options, help me",check_payment_methods,PAYMENT,BCLP,2900
7309,"I would like to make a consumer complaint, will you help me?",complaint,FEEDBACK,BCILP,3593
14806,I need assistance editing the information on my user,edit_account,ACCOUNT,B,7555
15868,I need to get my goddamn invoice from {{Person Name}},get_invoice,INVOICE,BLW,7971
4676,i dont know what i have to do to check my bill #00108,check_invoice,INVOICE,BLQ,2352
20420,I need assistance to retrieve my user profile pass,recover_password,ACCOUNT,BLQ,10866
9615,I don't know what to do to contact an assistant,contact_human_agent,CONTACT,BL,4771
4663,I don't know what I need to do to look forthe invoice #12588,check_invoice,INVOICE,BLZ,2346
10842,assistance with creating a gold account,create_account,ACCOUNT,BL,5408
12396,i dont know how to check what methods for delivery are there,delivery_options,DELIVERY,BLMQ,6256
16784,I do not know how I could get a fucking rebate of my money,get_refund,REFUND,BELPW,8554
5109,where can I list your accepted payment optiions?,check_payment_methods,PAYMENT,BILZ,2586
5119,I want assistance to see what payment options are accepted,check_payment_methods,PAYMENT,BL,2591
2401,I have a trouble updating my shipping address,change_shipping_address,SHIPPING,BL,1049
18317,I do not know how to notify of a payment problem,payment_issue,PAYMENT,BEL,9217
7707,want assistance to make a consumer claim against ur business,complaint,FEEDBACK,BLQ,3640
20014,will you give m information about the PIN retrieval?,recover_password,ACCOUNT,BILPZ,10518
24434,I want assistnace to use the {{Account Category}} account,switch_account,ACCOUNT,BZ,13384
3041,assistance to check the early exit fees,check_cancellation_fee,CANCEL,BLM,1461
7247,where do i make a complaint,complaint,FEEDBACK,BILQ,3554
19629,help to purchase a few of your item,place_order,ORDER,BLM,10214
11120,I do not know how I can close a standard account,delete_account,ACCOUNT,BEL,5612
3055,I do not know how I can see the early exit fee,check_cancellation_fee,CANCEL,BEL,1469
19096,I need assistance purchasing several products,place_order,ORDER,BLM,9778
25087,can ushow me the status of purchase {{Order Number}},track_order,ORDER,BILQ,13588
19375,is it possible to buy several of your item?,place_order,ORDER,BIM,10026
19905,I need helo to recover the password of my user,recover_password,ACCOUNT,BLZ,10415
21710,where to report an error with a signup?,registration_problems,ACCOUNT,BIL,11743
16140,i need assistance getting compensations of my money,get_refund,REFUND,BLMQ,8187
2866,I want help modifying the fucking delivery address,change_shipping_address,SHIPPING,BLW,1340
7680,"I have got to file a customer reclamation, how do I do it?",complaint,FEEDBACK,BCIL,3755
15239,need help to download my invoice #37777,get_invoice,INVOICE,BLQ,7762
22892,want help to enterthe secondary delivery address,set_up_shipping_address,SHIPPING,BLQZ,12600
13735,i do not know how i can see how soon can i expect my delivry,delivery_period,DELIVERY,BELQZ,6871
22955,invalid shipping address,set_up_shipping_address,SHIPPING,BK,12652
12081,I am calling to see what delivery methods you offer,delivery_options,DELIVERY,BLM,6112
14028,want help editing my bloody personal data,edit_account,ACCOUNT,BLQW,7056
6564,show me under which circumstances can i ask to be reimbursed,check_refund_policy,REFUND,BLQ,3061
1030,i need help removing several items from order {{Order Number}},change_order,ORDER,BMQ,232
1171,help me to add a goddamn item to purchase {{Order Number}},change_order,ORDER,BLW,333
24841,can you help me using the freemium account?,switch_account,ACCOUNT,BI,13511
5228,i want assitsance to check ur allowed payment modalities,check_payment_methods,PAYMENT,BLQZ,2647
13919,want help to correct the details included on my account,edit_account,ACCOUNT,BLMQ,6961
2102,supports trying to edit the address,change_shipping_address,SHIPPING,BLM,821
6140,i have to check ur refund policy can i get some help,check_refund_policy,REFUND,BCIQ,3081
18193,i cannot make a transfer help to report damn payment issues,payment_issue,PAYMENT,BCEMQW,9187
5852,need assistance listing ur acceptedpayment modalities,check_payment_methods,PAYMENT,BLQZ,2929
22276,"I have got to leave my feedback, I need assistance",review,FEEDBACK,BCL,12176
8956,is it possible to talk with somebody?,contact_human_agent,CONTACT,BIL,4365
15326,i do not know what i have to do to get my bill #37777,get_invoice,INVOICE,BELQ,7799
14518,need to change the info included on my user,edit_account,ACCOUNT,BLQ,7394
20603,i need help to reset the pwd of m account,recover_password,ACCOUNT,BLQZ,11005
2357,where to correct the shipping address,change_shipping_address,SHIPPING,BILQ,753
20972,i have an error with my sign-up,registration_problems,ACCOUNT,BLQ,11273
2602,the shipping address changed could ya help me changing it,change_shipping_address,SHIPPING,BCIPQ,1182
20882,I don't know what to do to recover my profile PIN code,recover_password,ACCOUNT,BL,11191
20714,assistance erstoring the PIN of my user profile,recover_password,ACCOUNT,BLZ,11087
6279,want help checking ur reimbursement poliicy,check_refund_policy,REFUND,BLQZ,3125
11870,is it possible to remove my {{Account Category}} account ?,delete_account,ACCOUNT,BILZ,5973
1139,can I delete several products from order {{Order Number}}?,change_order,ORDER,BILM,315
25547,I'm trying to check the eta of purchase {{Order Number}},track_order,ORDER,BLQ,13566
11494,hwlp me remove the {{Account Category}} account,delete_account,ACCOUNT,BLZ,5808
16803,i need help to ask for a refund of my money,get_refund,REFUND,BLQ,8566
17110,i need help to unsubscribe to the company newsleter,newsletter_subscription,SUBSCRIPTION,BLQZ,8713
6604,are the service charges refundable?,check_refund_policy,REFUND,BI,3139
1021,i have to switch some bloody products of order {{Order Number}},change_order,ORDER,BLMQW,224
12681,want assistance seeing the delivery options,delivery_options,DELIVERY,BLQ,6342
13304,wanna see how long it usually takex for my parcel to arrive,delivery_period,DELIVERY,BLQZ,6685
19285,can you help me shop a few of your article?,place_order,ORDER,BILM,9945
17897,I do not know how I can notify of a payment issue,payment_issue,PAYMENT,BEL,8950
17157,were to cancel my subscription to the newsletter,newsletter_subscription,SUBSCRIPTION,BILQZ,8732
23769,is it possible to set another goddamn delivery address up?,set_up_shipping_address,SHIPPING,BILW,13072
20572,I do not know what I need to do to retrieve my user pass,recover_password,ACCOUNT,BELQ,10945
23124,I am trying to set the secondary delivery address up,set_up_shipping_address,SHIPPING,BLZ,12767
24110,wanna switch to the platinum accoun,switch_account,ACCOUNT,BQZ,13260
16597,I don't know how I can obtain a refund,get_refund,REFUND,BL,8451
17158,I do not know wha to do to unsubscribe from the newsletter,newsletter_subscription,SUBSCRIPTION,BELZ,8733
26751,I need help seeing if there are any news on the compensation,track_refund,REFUND,BLM,14104
2323,"I entered a wrong address, help me editing it",change_shipping_address,SHIPPING,BCL,783
2810,there are troubles editing my address,change_shipping_address,SHIPPING,BLM,1181
25101,can you help me to check order {{Order Number}} status?,track_order,ORDER,BI,13595
7363,want help lodging a customer claim against your organization,complaint,FEEDBACK,BLQ,3619
20973,I want assistance to notify of a sign-up error,registration_problems,ACCOUNT,BL,11197
22487,do you have a way to leave a review?,review,FEEDBACK,BIL,12328
16994,tell me about signingup to ur corporate newsletter,newsletter_subscription,SUBSCRIPTION,BLQZ,8669
9818,i cannot understand ui want assistance to chat with an agent,contact_human_agent,CONTACT,BCELQ,4883
8000,can you help me getting in touch with customer service?,contact_customer_service,CONTACT,BIL,3933
14311,i want assistance to correct the data included on my profile,edit_account,ACCOUNT,BLQ,7262
8653,i dont know what to do to talk with customer support,contact_customer_service,CONTACT,BLQZ,4179
18737,I need help reporting a problem with payment,payment_issue,PAYMENT,BL,9501
25690,where is order {{Order Number}}?,track_order,ORDER,BI,13745
19011,what do I have to do to buy some items?,place_order,ORDER,BIM,9699
3721,can uhelp me seeing the cancellation charge,check_cancellation_fee,CANCEL,BILQ,1819
18770,help solving a payment problem,payment_issue,PAYMENT,BL,9521
24808,how to use the platinum profile?,switch_account,ACCOUNT,BIL,13133
15637,"I need to get the bill #00108, how do I do it?",get_invoice,INVOICE,BCIL,7899
7765,can ya help me lodging a consumer claim against ur business,complaint,FEEDBACK,BILQ,3797
12603,how can I check what shipment options I have?,delivery_options,DELIVERY,BILM,6314
12548,need to check what shipment options i can choose help me,delivery_options,DELIVERY,BCLMQ,6074
13782,i need assistance checking when my parcel is gonna arrive,delivery_period,DELIVERY,BLQ,6890
20180,"I cannot remember my account PIN, I haved to reset it",recover_password,ACCOUNT,BCELZ,10667
24960,i try to chrck the current status of order {{Order Number}},track_order,ORDER,BLQZ,13548
7248,what do I need to do to lodge a customer complaint?,complaint,FEEDBACK,BIL,3555
16692,how to get a reimbursement?,get_refund,REFUND,BIL,8502
23178,"I need to set a secondary delivery address up, help me",set_up_shipping_address,SHIPPING,BCL,12800
26667,I'd like to see if there is anything new on the refund,track_refund,REFUND,BLPQ,14084
3160,is it possible to see the cancellation charges?,check_cancellation_fee,CANCEL,BILM,1541
6358,help checkig in what situations can i ask for a refund,check_refund_policy,REFUND,BLQZ,3161
1088,is it possible to update order {{Order Number}}?,change_order,ORDER,BIL,278
18488,i need help sollving a trouble with payments,payment_issue,PAYMENT,BLMQZ,9362
3061,where do I check the early exit charges?,check_cancellation_fee,CANCEL,BILM,1474
15130,get bill fromMr. Smith,get_invoice,INVOICE,BKLZ,7732
711,order cancelation,cancel_order,ORDER,BK,164
23206,I have troubles submitting the shipping address,set_up_shipping_address,SHIPPING,BLM,12812
1312,I cannot remove some products from purchase {{Order Number}},change_order,ORDER,BELMN,426
21532,i cant create an account were can i report a sign-up problem,registration_problems,ACCOUNT,BCILNQZ,11642
13026,assistance to check how long it takes for my item to arrive,delivery_period,DELIVERY,BL,6435
8788,is it possible to get in touch with customer assistance?,contact_customer_service,CONTACT,BIL,4282
14326,modify pro accunt,edit_account,ACCOUNT,BKLZ,7274
13324,i want help to see when my package is gonna arrive,delivery_period,DELIVERY,BLQ,6436
6047,I cannot check your reimbursement policy,check_refund_policy,REFUND,BEL,3042
23623,I can't enter the shipping address,set_up_shipping_address,SHIPPING,BL,13004
23386,I want help entering a secondary shipping address,set_up_shipping_address,SHIPPING,BL,12892
16249,how can i ask for refunds of money,get_refund,REFUND,BILMQ,8259
12316,"I need to see what shipment options are available, help me",delivery_options,DELIVERY,BCLM,6226
20435,I am trying to reset my user account access key,recover_password,ACCOUNT,BL,10879
25482,check order status,track_order,ORDER,BK,13617
6295,assitsance seeing in which cases can i request a refund,check_refund_policy,REFUND,BLQZ,3136
5041,where can i check what payment methoda ya accept,check_payment_methods,PAYMENT,BIQZ,2550
22250,help me sending some fucking feedback about your products,review,FEEDBACK,BLW,12154
14754,change data on standard account,edit_account,ACCOUNT,BKL,7528
2759,I want support modifying my address,change_shipping_address,SHIPPING,BL,1028
14156,changing informatiln on {{Account Category}} account,edit_account,ACCOUNT,BKLZ,7163
10447,open a {{Account Type}} acount for my dad,create_account,ACCOUNT,BLZ,5002
13114,where can I see when my roder is going to arrive?,delivery_period,DELIVERY,BILZ,6586
22458,is there a way to submit a comment for your services?,review,FEEDBACK,BIL,12309
4334,need assistance to find the fucking invoices from {{Person Name}},check_invoice,INVOICE,BMQW,2186
19963,i do not know how to recover my account pass,recover_password,ACCOUNT,BELQ,10471
17915,i did not get a payment confirmation could i report errors,payment_issue,PAYMENT,BCEILMPQ,8968
1931,i need help to change an item of purchase {{Order Number}},change_order,ORDER,BLQ,253
10054,i have got to create a {{Account Type}} account for my dad,create_account,ACCOUNT,BLQ,5040
14291,modify inof on platinum account,edit_account,ACCOUNT,BKLQZ,7250
8583,tell me at what time i can reach customer support,contact_customer_service,CONTACT,BLQ,3969
8004,can I see at what time I can contact customer assistance?,contact_customer_service,CONTACT,BIL,3936
21766,could you help me notify of an error with signup?,registration_problems,ACCOUNT,BILP,11782
13233,I don't know how I can see how soon can I expect my item,delivery_period,DELIVERY,BL,6599
10652,open pro account for wife,create_account,ACCOUNT,BKL,5345
21954,is it possible to send some feedback abouta product?,review,FEEDBACK,BILZ,11914
645,"I can't afford this item, I try to cancel order {{Order Number}}",cancel_order,ORDER,BCLN,151
13999,correcting info on pro account,edit_account,ACCOUNT,BKLQ,7033
7029,where can ilodge a customer reclamation against ur company,complaint,FEEDBACK,BILQZ,3411
18078,i have an question about the payment,payment_issue,PAYMENT,BLQZ,9105
21967,do you have a section to leave an review for a service?,review,FEEDBACK,BILZ,11926
4490,want assistance taking aquick look at my bill from {{Person Name}},check_invoice,INVOICE,BLQZ,2261
11225,I do not know how to cancel the fucking standard account,delete_account,ACCOUNT,BELW,5666
22378,leave review for your services,review,FEEDBACK,BK,12251
16788,I don't know what I have to do to demand a compensation,get_refund,REFUND,BL,8556
11214,could you help me cancelling the standard account?,delete_account,ACCOUNT,BILP,5659
13203,can i check how soon can i expect my delivery,delivery_period,DELIVERY,BILQ,6633
19741,adsistance earning several of your product,place_order,ORDER,BLMZ,10302
16371,I want assistance receiving a compensation,get_refund,REFUND,BL,8323
10052,where to create a freemium account?,create_account,ACCOUNT,BIL,5032
25969,"I have got to see the current status of my refund, help me",track_refund,REFUND,BCL,13844
22807,want assistance writing a review about a service,review,FEEDBACK,BLQ,12545
23130,I am trying to set up the new shipping address,set_up_shipping_address,SHIPPING,BL,12772
7380,"I want to file a claim, how could I do it?",complaint,FEEDBACK,BCILP,3626
8791,hel me speak to customer service,contact_customer_service,CONTACT,BLZ,4284
3447,I need help seeing hte early exit charge,check_cancellation_fee,CANCEL,BLZ,1708
6011,i want help to see in what cases can irequest refunds,check_refund_policy,REFUND,BLQZ,3019
2052,support changing the address,change_shipping_address,SHIPPING,BL,775
24439,where could i switch to the bloody standard account,switch_account,ACCOUNT,BIPQW,13385
9223,can you help me talking with someone?,contact_human_agent,CONTACT,BIL,4562
19758,help acquiring some items,place_order,ORDER,BLM,10312
8632,hpw to call customer service?,contact_customer_service,CONTACT,BILZ,4221
11832,"I don't want the fucking user profile, howw to close it?",delete_account,ACCOUNT,BCILWZ,5957
12215,help me to see what shipment methods you offer,delivery_options,DELIVERY,BLM,6179
9389,"you aren't helpful at all, help me speaking to a person",contact_human_agent,CONTACT,BCL,4649
18501,I am trying to inform of a trouble with online payment,payment_issue,PAYMENT,BL,9369
3097,how do i check the early exit charge,check_cancellation_fee,CANCEL,BILQ,1498
16939,can you help me receiving the company newsletter?,newsletter_subscription,SUBSCRIPTION,BIL,8644
8070,assistance checking what hours I can call customer suoport,contact_customer_service,CONTACT,BLZ,3976
22099,submitting product review,review,FEEDBACK,BK,12038
9272,how to talk with an agent?,contact_human_agent,CONTACT,BIL,4590
22609,i want assistance to write an opinion about a service,review,FEEDBACK,BLQ,12411
9337,need help talking to a live agent,contact_human_agent,CONTACT,BLQ,4395
1981,I have got to swap a damn product of order {{Order Number}},change_order,ORDER,BLW,715
18796,i dont know how i can inform of payment issues,payment_issue,PAYMENT,BLMQ,9534
5218,how could i see what payment options ya accept,check_payment_methods,PAYMENT,BILPQ,2641
7767,where do I lodge a reclamation against your organization?,complaint,FEEDBACK,BIL,3568
16576,i need help to receive fucking compensations,get_refund,REFUND,BLMQW,8440
14506,would it be possible to edit the information on my account?,edit_account,ACCOUNT,BIP,7385
19269,I want help buying several articles,place_order,ORDER,BLM,9932
22831,i have got to write a review about ur company how do i do it,review,FEEDBACK,BCILQ,12400
2274,I have errors trying to edit the address,change_shipping_address,SHIPPING,BLM,963
13298,assistance checking when my purchase is going to arrive,delivery_period,DELIVERY,BL,6521
22275,i dont know how i can submit my feedback for ur products,review,FEEDBACK,BLQ,12146
14466,update details on platinum account,edit_account,ACCOUNT,BKLM,7003
9352,i have to speak with someone i need hrlp,contact_human_agent,CONTACT,BCLQZ,4631
19481,I need help shopping several of your item,place_order,ORDER,BLM,9747
7518,is it possible to make an complaint against ur company,complaint,FEEDBACK,BILQZ,3694
12304,I want assistance to check what shipping options are there,delivery_options,DELIVERY,BLM,6190
22870,I need to leave some fedeback about a product,review,FEEDBACK,BLZ,12585
18465,I want help informingof troubles with online payments,payment_issue,PAYMENT,BLMZ,9348
6923,help lodging a customer complaint,complaint,FEEDBACK,BL,3329
26214,"I want to see my reimbursement current status, help me",track_refund,REFUND,BCL,13945
24378,I need assistance to use the premium account,switch_account,ACCOUNT,B,13366
19553,I don't know how I can acquire some items,place_order,ORDER,BLM,10166
763,cancel purchase00123842,cancel_order,ORDER,BKLZ,175
11446,find informationabout the termination of a freemium account,delete_account,ACCOUNT,BLZ,5781
19066,how to shop some articles?,place_order,ORDER,BILM,9748
10132,i need assistace opening a standard account for my daughter,create_account,ACCOUNT,BLQZ,5089
1391,I am trying to add an article to order {{Order Number}},change_order,ORDER,BL,466
9252,I don't know what I need to do to contact a live agent,contact_human_agent,CONTACT,BL,4579
588,I need help cancelnig purchase {{Order Number}},cancel_order,ORDER,BLZ,146
15419,assistance getting my bill #37777,get_invoice,INVOICE,BL,7749
5687,I don't know how to check your available payment options,check_payment_methods,PAYMENT,BL,2856
17582,information about unsubscribing from ur corporate newsletter,newsletter_subscription,SUBSCRIPTION,BLQ,8874
10819,create {{Account Category}} accountfor wife,create_account,ACCOUNT,BKLZ,5418
2575,is it possible to correct the delivery address?,change_shipping_address,SHIPPING,BIL,875
13771,can you show me how long it takes for the article to arrive?,delivery_period,DELIVERY,BIL,6569
14109,mldifying {{Account Type}} account,edit_account,ACCOUNT,BKLZ,7124
22456,i do not know how i can leave my feedback for a service,review,FEEDBACK,BELQ,12308
22477,"I need to leave a review about a product, how to do it?",review,FEEDBACK,BCIL,12321
15238,I don't know how I can get the invoice #85632,get_invoice,INVOICE,B,7772
11358,have a question about my {{Account Category}} account cancellation,delete_account,ACCOUNT,BLQ,5692
6784,i have got to see ur refund policy,check_refund_policy,REFUND,BLQ,3294
3967,how to locate my bill #12588?,check_invoice,INVOICE,BIL,1951
19512,I need assistance to purchase some of your item,place_order,ORDER,BLM,10132
16111,i have got to demand a reimbursement,get_refund,REFUND,BLQ,8165
15434,what do I have to do to get the bill #12588?,get_invoice,INVOICE,BIL,7834
4056,see invoicefrom {{Person Name}},check_invoice,INVOICE,BKLZ,2018
9158,how do I talk to a human agent?,contact_human_agent,CONTACT,BIL,4517
6935,lodging consumer claim against your company,complaint,FEEDBACK,BL,3341
2017,i submitted an wrong address i need help to edit it,change_shipping_address,SHIPPING,BCLQZ,741
11585,I havea question about the termination of my {{Account Type}} account,delete_account,ACCOUNT,BLZ,5841
2199,their is an error trying to update the shipping address,change_shipping_address,SHIPPING,BLZ,905
24237,help using the gold profile,switch_account,ACCOUNT,BL,13309
20342,I want assistance to retrieve my access key,recover_password,ACCOUNT,BL,10802
20699,I don't know what to do to restore my PIN code,recover_password,ACCOUNT,BL,11075
3825,can i sde the termination fee,check_cancellation_fee,CANCEL,BILQZ,1869
9776,i dont know what to do to chat with a human agent,contact_human_agent,CONTACT,BLQ,4856
17709,need help singing up to the company newsletter,newsletter_subscription,SUBSCRIPTION,BLQZ,8902
21885,uhave a method to leave an opinion about ur services,review,FEEDBACK,BILQ,11849
8544,"I want to speak with customedr assistance, help me",contact_customer_service,CONTACT,BCLZ,4186
22064,"I need to send feedback, how can I do it?",review,FEEDBACK,BCIL,12009
3445,I am trying to check the fucking early exit charge,check_cancellation_fee,CANCEL,BLW,1707
16238,assistance t obtain a refund,get_refund,REFUND,BLZ,8252
11218,canceling platinum account,delete_account,ACCOUNT,BKL,5662
12090,can you help me check what delivery methods are there?,delivery_options,DELIVERY,BILM,6115
14525,help to change soe of the details on my profile,edit_account,ACCOUNT,BLMZ,7399
20389,need assistance to retrieve the pwd of my user,recover_password,ACCOUNT,BLQ,10842
1056,i cant switch several aritcles of purchase {{Order Number}},change_order,ORDER,BLMNQZ,256
6373,how could I check your money back policy?,check_refund_policy,REFUND,BIP,3166
4207,"I have to look for my bill #85632, could I get some help?",check_invoice,INVOICE,BCILP,2117
8663,can ya show me at what time customer service available is,contact_customer_service,CONTACT,BIQ,4230
4366,help to check invoice #37777,check_invoice,INVOICE,B,2027
20995,where could I inform of issues with a signup?,registration_problems,ACCOUNT,BILMP,11292
13822,how to see when will my purchase arrive?,delivery_period,DELIVERY,BIL,6518
19014,is it possible to purchase several bloody items?,place_order,ORDER,BILMW,9701
3129,i need help seeing the canclelation charge,check_cancellation_fee,CANCEL,BLQZ,1521
23555,what do I have to do to submit the goddamn shipping address?,set_up_shipping_address,SHIPPING,BILW,12965
24703,"I want to use the pro profile, can I get some help?",switch_account,ACCOUNT,BCIL,13467
12386,"I have to see what shipping options I have, I need help",delivery_options,DELIVERY,BCLM,6007
2020,help trying to modify the damn address,change_shipping_address,SHIPPING,BLW,744
3874,where can I see the early termination charge?,check_cancellation_fee,CANCEL,BIL,1681
19391,"I want to order several articles, could you help me?",place_order,ORDER,BCILMP,10040
6843,help seeing in what cases can I request to be refudned,check_refund_policy,REFUND,BLZ,3309
8940,"I can't understand a word you say, speak with a human agent",contact_human_agent,CONTACT,BCL,4349
11766,"I have got to close the platinum account, help me",delete_account,ACCOUNT,BCL,5685
2490,"I entered a wrong shipping address, how do I correct it?",change_shipping_address,SHIPPING,BCIL,1108
4301,I don't know what I ahve to do to see my bill from {{Person Name}},check_invoice,INVOICE,BLZ,2169
22117,I want assistance writing a comment for your company,review,FEEDBACK,BL,12053
11448,"I don't use my gold account, I want assistance removing it",delete_account,ACCOUNT,BCL,5783
19107,how od i order some articles,place_order,ORDER,BILMQZ,9789
11859,is it possible to remove the standardaccount?,delete_account,ACCOUNT,BILZ,5968
13615,I need help seeing how son can I expect my order,delivery_period,DELIVERY,BLZ,6826
2361,I chose a wrong delivery addreds,change_shipping_address,SHIPPING,BLZ,1022
19768,help to acquire a few of your item,place_order,ORDER,BLM,9940
18623,I'm trying to notify of problems with payments,payment_issue,PAYMENT,BLMQ,9354
9033,i do not know what to do to talk to a live agent,contact_human_agent,CONTACT,BELQ,4425
15259,I want assistance downloading the invoice #00108,get_invoice,INVOICE,BLZ,7624
24085,i dont know what i have to do to switch to the gold account,switch_account,ACCOUNT,BQ,13248
15540,i do not know what to do to get the nivoice #12588,get_invoice,INVOICE,BEQZ,7869
23536,my secondary delivery address is not valid,set_up_shipping_address,SHIPPING,BEL,12952
19739,earn several of your prodcuct,place_order,ORDER,BLMZ,10300
18619,need help informing of errors with online payment,payment_issue,PAYMENT,BLMQ,9432
19773,"I want to earn some of your item, will you help me?",place_order,ORDER,BCILMP,10321
11432,is it possible to remove the {{Account Type}} account,delete_account,ACCOUNT,BILQ,5777
21431,i want help regarding my sign-up,registration_problems,ACCOUNT,BLQ,11588
25905,I do not know how to track the restitution,track_refund,REFUND,BEL,13801
5478,need to see the payment potions how to do it,check_payment_methods,PAYMENT,BCILQZ,2762
19772,I don't know what I have to do to do a pucrhase,place_order,ORDER,BLZ,10320
3382,"I want to see the cancellation penalty, help me",check_cancellation_fee,CANCEL,BCL,1668
20257,I do not know how to reset my goddamn user account PIN code,recover_password,ACCOUNT,BELW,10732
7913,"my experience with you was too bad, help making a complaint",complaint,FEEDBACK,BCL,3864
20408,I do not know how to retrieve my user account pwd,recover_password,ACCOUNT,BELQ,10855
8726,want help seeing at what time I can reach customer servie,contact_customer_service,CONTACT,BLQZ,4255
13253,can you show me how long it takes for my delivery to arrive?,delivery_period,DELIVERY,BIL,6658
11735,i do not nkow how to delete the {{Account Category}} account,delete_account,ACCOUNT,BELQZ,5909
16750,i dont know what to do to obtain my money back,get_refund,REFUND,BLQ,8534
7451,i call to lodge a customer reclamation,complaint,FEEDBACK,BLQ,3664
22577,coulduhelp me leave feedback for a product,review,FEEDBACK,BILPQZ,12390
13200,I'm calling ot check when my parcel is gonna arrive,delivery_period,DELIVERY,BLQZ,6631
1646,wanna add a product to order {{Order Number}},change_order,ORDER,BLQ,568
4599,checking invoice from last purchase,check_invoice,INVOICE,BK,1984
12996,I need assistance to see when my article is going to arrive,delivery_period,DELIVERY,BLZ,6500
7852,I don't know what to do to file a recpamation,complaint,FEEDBACK,BLZ,3837
13597,help to see how soon can i expect the goddamn roder,delivery_period,DELIVERY,BLQWZ,6817
25885,I do not know how I can track my rebate,track_refund,REFUND,BEL,13787
8994,"you are not helpful at all, can you direct to me a person?",contact_human_agent,CONTACT,BCEIL,4397
6504,awnna see in what cases can i request reimbursements,check_refund_policy,REFUND,BLQZ,3206
1042,i have got to add something to oprder {{Order Number}},change_order,ORDER,BQZ,244
3206,I need help to check the early termination penalty,check_cancellation_fee,CANCEL,BL,1400
8342,i have to contact customer assistance how to do it,contact_customer_service,CONTACT,BCILQ,4108
14233,modifu details on pro account,edit_account,ACCOUNT,BKLMZ,7216
19482,I don't know what I need to do to buy some of your article,place_order,ORDER,BLM,9649
23459,issues setting a secondary shipping address up,set_up_shipping_address,SHIPPING,BLM,12720
20123,help me reset my profile key,recover_password,ACCOUNT,BL,10612
19457,how to purchase some articles?,place_order,ORDER,BILM,9670
4089,"I want to locate my invoices from {{Person Name}}, how to do it?",check_invoice,INVOICE,BCILM,2041
3144,need help checking trhe early exit charge,check_cancellation_fee,CANCEL,BLQZ,1530
13832,could you help me to see how soon can I expect the article?,delivery_period,DELIVERY,BILP,6511
12329,I need help seeing what methods for delivery I have,delivery_options,DELIVERY,BLM,6231
19009,how can I earn a few fo your article?,place_order,ORDER,BILMZ,9697
8041,how can i talk wiht customer service,contact_customer_service,CONTACT,BILQZ,3959
13510,I am trying to see when will my purchase arrive,delivery_period,DELIVERY,BL,6778
1893,"I made a mistake, I need to correct order {{Order Number}}",change_order,ORDER,BCL,684
21919,can uhelp me submitting my feedback for a producvt,review,FEEDBACK,BILQZ,11882
20333,want assistance to retrieve the PIN of my account,recover_password,ACCOUNT,BLQ,10795
13808,could I check how soon can I expect the damn product?,delivery_period,DELIVERY,BILPW,6899
19703,"I have got to acquire several articles, can I get some help?",place_order,ORDER,BCILM,10277
10724,opening gold account,create_account,ACCOUNT,BKL,5381
4488,i do not know how i acn look for the bills from {{Person Name}},check_invoice,INVOICE,BELMQZ,2259
15722,I need help getting my goddamn invoice from {{Person Name}},get_invoice,INVOICE,BLW,7922
7717,I do not know what I have to do to make a customer lcaim,complaint,FEEDBACK,BELZ,3784
20336,need assistance to restore my user account PIN code,recover_password,ACCOUNT,BLQ,10797
3820,I want assistance to check the withdcrawal charge,check_cancellation_fee,CANCEL,BLZ,1866
2181,how can i find information about chhanging my address,change_shipping_address,SHIPPING,BILQZ,889
1,i have a question about cancelling oorder {{Order Number}},cancel_order,ORDER,BQZ,1
9162,"you are not helpful, I need help chatting with an assistant",contact_human_agent,CONTACT,BCEL,4520
20029,"I lost the access key of my account, help me reset it",recover_password,ACCOUNT,BCL,10530
25472,help to seee the eta of purchase {{Order Number}},track_order,ORDER,BLQZ,13689
9530,is it possible to talk to a person?,contact_human_agent,CONTACT,BIL,4719
11380,I want assistance deleting a gold account,delete_account,ACCOUNT,BL,5754
24044,assistance to change to the goddamn {{Account Type}} account,switch_account,ACCOUNT,BLW,13228
12212,what do I need to do to check the fucking shipment methods?,delivery_options,DELIVERY,BILW,6178
19928,"someone has stolen my user PIN code , how can I reset it?",recover_password,ACCOUNT,BCILVZ,10437
4914,is it possible to find bill #00108?,check_invoice,INVOICE,BIL,2459
17965,I don't know what to do to inform of errors with payment,payment_issue,PAYMENT,BLM,9013
17650,were to sign up to the newsletter?,newsletter_subscription,SUBSCRIPTION,BILZ,8890
12004,deliveries to {{Delivery Country}},delivery_options,DELIVERY,BS,6071
13917,editdata on standard account,edit_account,ACCOUNT,BKLZ,6959
18409,help me to notify of a trouble with payments,payment_issue,PAYMENT,BLM,9313
24820,want assistance to switch to the premium account,switch_account,ACCOUNT,BQ,13503
7469,"the experience with you was awful, file a customer complaint",complaint,FEEDBACK,BCL,3526
16594,i want assistance to receive my money back,get_refund,REFUND,BLQ,8449
23832,there is an issue entering my delivery address,set_up_shipping_address,SHIPPING,BL,13099
19471,where to earn several of your product?,place_order,ORDER,BILM,10103
1695,i need help to switch several products of order {{Order Number}},change_order,ORDER,BLMQ,524
22921,i want aswistance to set up the new delivery address,set_up_shipping_address,SHIPPING,BLQZ,12625
10338,i have a question about opening a premium account,create_account,ACCOUNT,BLQ,5211
24322,can ya help me using the premium profile,switch_account,ACCOUNT,BILQ,13346
9682,i dont know what i have to do to contact a person,contact_human_agent,CONTACT,BLQ,4812
22854,need assistance writing a comment about your company,review,FEEDBACK,BLQ,12575
17086,I have to receive your newsleter,newsletter_subscription,SUBSCRIPTION,BLZ,8704
22855,I try to submit some feedback for your company,review,FEEDBACK,B,12395
20036,I am looking for information about my password reset,recover_password,ACCOUNT,BEL,10536
7781,i dont know what i need to do to make a customer claim,complaint,FEEDBACK,BLQ,3805
4434,"I have got to take a quick look at bill #12588, I need help",check_invoice,INVOICE,BCL,2236
16827,what do I have to do to demand reimbursements of my money?,get_refund,REFUND,BILM,8131
23698,I don't know how to set up another delivery address,set_up_shipping_address,SHIPPING,BL,13037
218,is it possible to cancel purchase {{Order Number}}?,cancel_order,ORDER,BIL,49
2334,information about a delivery address change,change_shipping_address,SHIPPING,BL,1003
10855,how can I create a gold account for my fiance?,create_account,ACCOUNT,BIL,5438
20095,can I restore my password?,recover_password,ACCOUNT,BIL,10589
14495,can you help me to edit my account?,edit_account,ACCOUNT,BI,7377
13085,I am calling to check how long the shipment takes,delivery_period,DELIVERY,BL,6566
17708,I want to know about signing up to your company newsletter,newsletter_subscription,SUBSCRIPTION,BL,8901
19431,I try to acquire an article,place_order,ORDER,BL,10071
21814,issues with registration,registration_problems,ACCOUNT,BKM,11324
22702,is there an address to submit an opinion for a service?,review,FEEDBACK,BIL,12474
10462,how do I create a bloody {{Account Category}} account for my father?,create_account,ACCOUNT,BILW,5264
20557,help me retrieving my account PIN code,recover_password,ACCOUNT,BL,10786
10193,I want to know more about opening a standard account,create_account,ACCOUNT,BL,5127
9329,I can't talk with a human agent,contact_human_agent,CONTACT,BLZ,4624
5114,I don't know how to see the accepted payment options,check_payment_methods,PAYMENT,BL,2589
7612,I want assistance making a complaint against your business,complaint,FEEDBACK,BL,3731
3232,I don't know how I can see the cancellation fee,check_cancellation_fee,CANCEL,BL,1545
5517,"I have to se what payment methods you accept, I need help",check_payment_methods,PAYMENT,BCLZ,2783
19459,need to buy some of ur item,place_order,ORDER,BMQ,10092
7292,can ya hrlp me make a claim against ur organization,complaint,FEEDBACK,BILQZ,3582
20238,help me to retrieve the pwd of my account,recover_password,ACCOUNT,BLQ,10716
20668,I am trying to recover the pass of my profile,recover_password,ACCOUNT,BLQ,11045
20533,help restoring the password of my user account,recover_password,ACCOUNT,BL,10948
6862,what do i need ti do to check ur refund policy,check_refund_policy,REFUND,BIQZ,3313
4475,i do not knwo how i can check bill #37777,check_invoice,INVOICE,BELQZ,2255
11790,I need help to remove my {{Account Category}} account,delete_account,ACCOUNT,BL,5462
14103,changing data on {{Account Type}} account,edit_account,ACCOUNT,BL,7120
10733,where can i get information about opening pro accounts,create_account,ACCOUNT,BILMQ,5386
1826,I need assistance to swap a product of purchase {{Order Number}},change_order,ORDER,BL,654
26845,show current status of restitution,track_refund,REFUND,BKL,13807
13217,need assistance checking how soon can I expect the shipment,delivery_period,DELIVERY,BLQ,6639
21247,I need help to report signup issues,registration_problems,ACCOUNT,BLM,11392
12559,"I have got to see what shipping methods are there, help me",delivery_options,DELIVERY,BCLM,6251
19157,can ya help me purchase several items,place_order,ORDER,BILMQ,9834
2551,I have issues trying to edit my delivery address,change_shipping_address,SHIPPING,BLM,1155
20308,I cannot recover my account PIN code,recover_password,ACCOUNT,BELN,10775
19927,I try to retrieve mt account PIN,recover_password,ACCOUNT,BLZ,10436
16685,I need hepp requesting compensations,get_refund,REFUND,BLMZ,8497
9001,I cannot speak to a goddamn live agent,contact_human_agent,CONTACT,BELW,4404
19645,I do not know how to earn a product,place_order,ORDER,BEL,10229
7045,need help to make a customer claim against ur company,complaint,FEEDBACK,BLQ,3425
20840,"I cannot remember the key of my profile, help me recover it",recover_password,ACCOUNT,BCEL,11167
20105,I want help resetting the PIN code of my user profile,recover_password,ACCOUNT,BL,10598
20980,can you help me informing of a registration error?,registration_problems,ACCOUNT,BIL,11279
13508,i try to check how long the shipment atkes,delivery_period,DELIVERY,BLQZ,6777
5839,can you help me seeing your available payment options?,check_payment_methods,PAYMENT,BIL,2924
924,"I ordered some items, need help cancelling the last purchase",cancel_order,ORDER,BCLMQ,193
9191,"you are not helpful at all, help me speak to a human agent",contact_human_agent,CONTACT,BCEL,4539
10937,I need information about the cancellation of a {{Account Type}} account,delete_account,ACCOUNT,BL,5482
26408,"I want to track the reimbursement, can you help me?",track_refund,REFUND,BCIL,14013
17325,"I need to subscribe to the company newsletter, how to do it?",newsletter_subscription,SUBSCRIPTION,BCIL,8791
1554,remove some items fropm order {{Order Number}},change_order,ORDER,BMZ,533
9939,new bloody {{Account Type}} account for father,create_account,ACCOUNT,BKLW,4951
17899,where can I report problems with payments?,payment_issue,PAYMENT,BILM,8952
17631,would it be possible to sign up to the newsletter?,newsletter_subscription,SUBSCRIPTION,BILP,8807
19490,"I want to earn a product, how can I do iut?",place_order,ORDER,BCILZ,10117
3758,I need ehlp seeing the termination fees,check_cancellation_fee,CANCEL,BLMZ,1839
21781,i cannot sign up i need to report sign-up problems,registration_problems,ACCOUNT,BCELMNQ,11791
24910,nee to locate purchase {{Order Number}} help me,track_order,ORDER,BCLQZ,13533
14921,send me bill #00108,get_invoice,INVOICE,BL,7632
16883,help to demand a goddamn compensation,get_refund,REFUND,BLW,8611
24282,changing to gold account,switch_account,ACCOUNT,BKL,13219
20402,how can I restore my user PIN code?,recover_password,ACCOUNT,BIL,10851
17774,tell me about the subscription to your corporate newsletter,newsletter_subscription,SUBSCRIPTION,BL,8834
5820,where do i ilst the accepted payment modalities,check_payment_methods,PAYMENT,BILQZ,2917
22051,where do I leave a review for your services?,review,FEEDBACK,BI,11996
1738,help swapping some products of order {{Order Number}},change_order,ORDER,BLM,616
3131,"I need to see the termination penalty, how can I do it?",check_cancellation_fee,CANCEL,BCIL,1522
2438,I want support trying to correct my delivery address,change_shipping_address,SHIPPING,BL,1076
19593,how to shop several of you article?,place_order,ORDER,BILMZ,10190
12746,can I check the damn delivery methods?,delivery_options,DELIVERY,BILW,6361
15473,"I have lost invoice #37777, could you mail it to me?",get_invoice,INVOICE,BCILP,7850
8320,uhave a free number to speak to customer service,contact_customer_service,CONTACT,BILQ,4101
3837,where could I see the early exit penalties?,check_cancellation_fee,CANCEL,BILMP,1875
1655,ohw can i add some items to order {{Order Number}},change_order,ORDER,BIMQZ,573
9392,can you help me talk with aperson?,contact_human_agent,CONTACT,BILZ,4650
38,I would like to cancel purchase {{Order Number}},cancel_order,ORDER,BLP,20
20156,I have got to retrieve my PIN code,recover_password,ACCOUNT,BL,10644
5030,assistance checking your allowed payment modalities,check_payment_methods,PAYMENT,BL,2514
5818,help to see ur available paymnet options,check_payment_methods,PAYMENT,BLQZ,2915
2228,i have anissue modifying my address,change_shipping_address,SHIPPING,BLQZ,928
21933,i need assistance writing a review for ur products,review,FEEDBACK,BLQ,11895
13356,wanna check whne my package is gonna arrive i need help,delivery_period,DELIVERY,BCLQZ,6713
14497,change information on Freemiumaccount,edit_account,ACCOUNT,BKLZ,7379
10349,another premium account for father,create_account,ACCOUNT,BKL,5217
4285,seeing bil #00108,check_invoice,INVOICE,BKLZ,2159
18804,can you help me notify of problems with online payments?,payment_issue,PAYMENT,BILM,8974
22131,"I have to leave an opinion for a product, can you help me?",review,FEEDBACK,BCIL,12064
2919,there is a trouble trying to edit the address,change_shipping_address,SHIPPING,BL,1369
14554,changing information on platinum account,edit_account,ACCOUNT,BKL,7416
18672,how can I report troubles with online payments?,payment_issue,PAYMENT,BILM,9470
19342,what do i nede to do to shop an item,place_order,ORDER,BILQZ,9995
11279,i do not knoww what i need to do to close the {{Account Type}} account,delete_account,ACCOUNT,BELQZ,5693
21154,I don't know how I could report issues with a sign-up,registration_problems,ACCOUNT,BLMP,11405
19882,i try ot order a few of ur item,place_order,ORDER,BLMQZ,10397
11384,"I do not use my {{Account Type}} account, I want assistance cancelling it",delete_account,ACCOUNT,BCEL,5756
4543,see invoices fromMs. Hawkings,check_invoice,INVOICE,BKLMZ,2288
17398,i cant subscribe to thecorporate newsletter,newsletter_subscription,SUBSCRIPTION,BLQZ,8819
23375,I want assistance to enter a damn different delivery address,set_up_shipping_address,SHIPPING,BLW,12784
14082,correcting data on gold account,edit_account,ACCOUNT,BL,7101
5909,I don't know how to list your allowed payment options,check_payment_methods,PAYMENT,BL,2951
16488,"I paid {{Currency Symbol}}{{Refund Amount}} for these items, where can I receive a refund?",get_refund,REFUND,BCILM,8394
14283,how can I modify some of the details on my user account?,edit_account,ACCOUNT,BILM,7247
20406,need to restore the pass of my user account,recover_password,ACCOUNT,BLQ,10854
15114,hhow to get the invoices from {{Person Name}}?,get_invoice,INVOICE,BIMZ,7727
5598,where to check what payment options are accepted?,check_payment_methods,PAYMENT,BIL,2819
14926,how do i get my bills rfom {{Person Name}},get_invoice,INVOICE,BILMQZ,7637
21957,need assistance to write a review about ur copany,review,FEEDBACK,BLQZ,11917
21494,I want support with my sign-up,registration_problems,ACCOUNT,BL,11194
4343,can you help me seeing the invoices from {{Person Name}}?,check_invoice,INVOICE,BILM,1912
21926,I need help to leave a goddamn opinion about a product,review,FEEDBACK,BLW,11889
20016,help me to restore the key of my user,recover_password,ACCOUNT,BL,10509
7423,I don't know how to lodge a customer complaint,complaint,FEEDBACK,BL,3648
1089,i catn add something to purchase {{Order Number}},change_order,ORDER,BLNQZ,279
9281,can you direct to me a human agent?,contact_human_agent,CONTACT,BIL,4594
2847,find information about editing the delivery address,change_shipping_address,SHIPPING,BL,1330
17490,I am trying to cancel my subscription to your newsletter,newsletter_subscription,SUBSCRIPTION,BL,8848
2462,I need information about correcting the shipping address,change_shipping_address,SHIPPING,BL,843
1676,need help with switching some articles of an order,change_order,ORDER,BLMQ,582
11359,I don't know what to do to close a pro accoount,delete_account,ACCOUNT,BLZ,5739
13294,I am trying to find shipping periods,delivery_period,DELIVERY,BEL,6682
23616,I want help to set my shipping address up,set_up_shipping_address,SHIPPING,BL,12641
22421,assistance writing an opinion for your company,review,FEEDBACK,BLZ,12283
2981,"I can't find the cancellation penalties, can you help me?",check_cancellation_fee,CANCEL,BCILM,1410
14669,i want assistance changing the info on my user account,edit_account,ACCOUNT,BLQ,7483
9203,"I don't understand you, can you help me talk with an agent?",contact_human_agent,CONTACT,BCIL,4545
7087,need to file a consumer reclamation help me,complaint,FEEDBACK,BCLQZ,3454
4051,I don't know what to do to find the invoice #37777,check_invoice,INVOICE,B,2015
1433,can you help me changing purchase {{Order Number}}?,change_order,ORDER,BIL,481
5683,I do not know how I can check your allowed payment options,check_payment_methods,PAYMENT,BEL,2854
22507,where do I submit feedback about a service?,review,FEEDBACK,BIL,12342
17805,could ya help me to cancel my newsletter suscription,newsletter_subscription,SUBSCRIPTION,BILPQZ,8926
11853,where can I find information about my pro account removal?,delete_account,ACCOUNT,BIL,5963
3167,I am tring to see the early exit penalty,check_cancellation_fee,CANCEL,BLZ,1547
21804,need to notify of an error with sign-up,registration_problems,ACCOUNT,BLQ,11803
20186,i dont know how i could reset the pin of my profile,recover_password,ACCOUNT,BLPQ,10673
14553,change info on gold account,edit_account,ACCOUNT,BKLQ,7415
20400,I have got to restore my user access key,recover_password,ACCOUNT,BL,10849
17331,I need to receive thecorporate newsletter,newsletter_subscription,SUBSCRIPTION,BLZ,8794
8751,I'm trying to get in touch with bloody customer service,contact_customer_service,CONTACT,BLQW,4268
21418,help me inform of issues with a sign-up,registration_problems,ACCOUNT,BLM,11578
10555,is it possible to crewate a gold account,create_account,ACCOUNT,BILQZ,5302
8295,need help to check whathours i can call customer assistance,contact_customer_service,CONTACT,BLQZ,4092
21459,can I notify of a problem with registrations?,registration_problems,ACCOUNT,BIL,11488
2643,wanna correct the acdress can uhelp me,change_shipping_address,SHIPPING,BCILQZ,1210
15842,"I have got to download bill #85632, help me",get_invoice,INVOICE,BCL,7960
26804,checking status of refund,track_refund,REFUND,BK,13910
22039,help me sending my feedback for ur products,review,FEEDBACK,BLQ,11985
15831,I don't know how to dfownload my invoice #85632,get_invoice,INVOICE,BLZ,7958
22241,help writing an opinion for your services,review,FEEDBACK,BL,12148
21468,I do not know what to do to inform of errors with signup,registration_problems,ACCOUNT,BELM,11605
21227,need assistance to inofrm of issues with a sign-up,registration_problems,ACCOUNT,BLMQZ,11458
18658,I want help to report a bloody error with onlien payments,payment_issue,PAYMENT,BLMWZ,9460
4814,how can I take a quick look at my invoice #37777?,check_invoice,INVOICE,BI,2410
14039,updating gold account,edit_account,ACCOUNT,BKL,7066
3706,"I cannot find the termination penalties, I need assistance",check_cancellation_fee,CANCEL,BCELM,1809
5148,where to check your payment modalities?,check_payment_methods,PAYMENT,BIL,2562
18743,report a trouble wuth payments,payment_issue,PAYMENT,BLMZ,9505
22693,I need assistance leaving an opinion about your services,review,FEEDBACK,BL,12469
14379,editting details on gold account,edit_account,ACCOUNT,BKLMZ,7310
12762,"I need to see what delivery methods you offer, help me",delivery_options,DELIVERY,BCLM,6367
3479,I do not know how to see the termination fees,check_cancellation_fee,CANCEL,BELM,1719
5830,I need help checking your available pamyent modalities,check_payment_methods,PAYMENT,BLZ,2921
2766,I need assistance trying to modify my delivery address,change_shipping_address,SHIPPING,BL,1280
20233,I want to restore the key of my account,recover_password,ACCOUNT,BL,10712
5911,want assistance lising your accepted payment methods,check_payment_methods,PAYMENT,BLQZ,2953
25910,I'm waiting for a reimbursement ofv {{Currency Symbol}}{{Refund Amount}} was it processed,track_refund,REFUND,BCLQZ,13806
3047,I am trying to see the early exit penalties,check_cancellation_fee,CANCEL,BLM,1463
20842,i do not know how to recover the pin of my user profile,recover_password,ACCOUNT,BELQ,10403
4920,could you help me check what payment options are available?,check_payment_methods,PAYMENT,BILP,2463
13957,edit info on freemium accunt,edit_account,ACCOUNT,BKLQZ,6995
14191,updating premium account,edit_account,ACCOUNT,BKL,7189
11805,"I do not use the damn gold account, I am trying to close it",delete_account,ACCOUNT,BCELW,5942
14411,change information on standardaccount,edit_account,ACCOUNT,BKLZ,7330
20589,can i retrieve my prfile pin code,recover_password,ACCOUNT,BILQZ,10993
8317,I try to check what hours I can contact customer service,contact_customer_service,CONTACT,B,3887
20914,I am having sign-up errors,registration_problems,ACCOUNT,BELM,11221
5457,can you help me seeing the accetped payment methods?,check_payment_methods,PAYMENT,BILZ,2751
19352,i have got to buy a product can i get some help,place_order,ORDER,BCILQ,10004
25897,I need assistance seeing the restitution status,track_refund,REFUND,BL,13796
20351,i dont know how to recover the key of my user,recover_password,ACCOUNT,BLQ,10810
7389,can I file a complaint against your businhess?,complaint,FEEDBACK,BIZ,3631
19465,I don't know how I could acquire some of your product,place_order,ORDER,BLMP,10098
19232,help purchasing some bloody articles,place_order,ORDER,BLMW,9899
18823,I don't know how I can inform of problems with payments,payment_issue,PAYMENT,BLM,9346
10949,i don use my pro account help me close it,delete_account,ACCOUNT,BCLQZ,5494
4689,how can i locate invoice #12588,check_invoice,INVOICE,BILQ,2355
12508,"I am looking for the delivery methods, how can I find them?",delivery_options,DELIVERY,BCEIL,6287
20403,where do i recover the pin of my profile,recover_password,ACCOUNT,BILQ,10852
2320,I have an issue trying to modify my address,change_shipping_address,SHIPPING,BL,993
3902,is it posdible to check the early termination penalty?,check_cancellation_fee,CANCEL,BILZ,1900
23819,what do i need to do to submit the new shipping address,set_up_shipping_address,SHIPPING,BILQ,13092
18458,i neee help solving problems with payments,payment_issue,PAYMENT,BLMQZ,9345
11200,problem with premium account deletions,delete_account,ACCOUNT,BLM,5653
2018,support coprrecting the address,change_shipping_address,SHIPPING,BLZ,742
9463,I need help contacting a human agent,contact_human_agent,CONTACT,BL,4406
23912,using freemium accouny,switch_account,ACCOUNT,BKZ,13148
12509,I have got to check what delivery methods are there,delivery_options,DELIVERY,BLM,6288
2825,I'd like to correct the bloody dadress can i get some help,change_shipping_address,SHIPPING,BCILPQWZ,1318
25310,i dont know how to check ther status of purchase {{Order Number}},track_order,ORDER,BLQZ,13536
18361,i want assistance to notify of errors with payment,payment_issue,PAYMENT,BLMQ,9162
18853,I have to inform of a bloody payment issue,payment_issue,PAYMENT,BLW,9561
9297,can I speak with an agent?,contact_human_agent,CONTACT,BIL,4605
757,need assistance to cancel orer {{Order Number}},cancel_order,ORDER,BQZ,173
9930,opneing new {{Account Type}} account for daughter,create_account,ACCOUNT,BKLZ,4942
14208,i need assistance changing the data on my user profile,edit_account,ACCOUNT,BLQ,7199
20413,"I lost the PIN of my user, I want help to retrieve it",recover_password,ACCOUNT,BCL,10859
19787,need help ordering some products,place_order,ORDER,BLMQ,10329
8288,how do i check at what time i can call customer service,contact_customer_service,CONTACT,BILQZ,3930
14101,want help to change the user details,edit_account,ACCOUNT,BLMQ,7118
14491,modify data on platinum account,edit_account,ACCOUNT,BKL,7374
13332,want assistance to see how soon can i expectr my shipment,delivery_period,DELIVERY,BLQZ,6702
24609,i need assistance to change to the premium account,switch_account,ACCOUNT,BLQ,13442
19514,i do not know what i need to do to order some fo ur article,place_order,ORDER,BELMQZ,10134
24051,"I have got to change to the pro account, I need assistance",switch_account,ACCOUNT,BCL,13235
8324,"I have to talk to customer service, I need assistance",contact_customer_service,CONTACT,BCL,4102
3762,"I need to see the cancellation penalties, will you help me?",check_cancellation_fee,CANCEL,BCILMP,1840
20759,what do i need to do to reover my account pin,recover_password,ACCOUNT,BILQZ,11120
18651,"I cannot pay, help reporting goddamn problems with payments",payment_issue,PAYMENT,BCELMW,9455
8290,I need assistance to talk with damn customer service,contact_customer_service,CONTACT,BLW,4090
12837,I don't know how I can check what shipping options you offer,delivery_options,DELIVERY,BLM,6392
23545,their is a problem submitting a secondary delivery address,set_up_shipping_address,SHIPPING,BLZ,12958
22612,"I would like to send my goddamn feedback, help me",review,FEEDBACK,BCLPW,12413
4272,i dont know what i need to do to find ibll #12588,check_invoice,INVOICE,BLQZ,2149
23687,help me set up my goddamn shipping address,set_up_shipping_address,SHIPPING,BLW,12601
26141,I don't know what to do to track the refund,track_refund,REFUND,B,13922
9949,I habe problems with creating a {{Account Type}} account,create_account,ACCOUNT,BMZ,4958
11680,remove {{Account Category}} accoint,delete_account,ACCOUNT,BKLZ,5883
1364,i need assistance editing purchase {{Order Number}},change_order,ORDER,BLQ,311
18937,i do not know what i need to do to hsop several articles,place_order,ORDER,BELMQZ,9627
14019,can uhelp me to modify the data on my user,edit_account,ACCOUNT,BILQ,7048
2223,how can I change my shipping address?,change_shipping_address,SHIPPING,BI,923
20536,restore the password of my user profile,recover_password,ACCOUNT,BL,10753
16557,i have paid {{Currency Symbol}}{{Refund Amount}} for these items want help to get a rebate,get_refund,REFUND,BCELMQV,8429
18908,"I have to order some of your item, can I get some help?",place_order,ORDER,BCILM,9598
9357,need help speaking with a operator,contact_human_agent,CONTACT,BLQZ,4635
7392,want assistance to file a reclamation against your business,complaint,FEEDBACK,BLQ,3405
26201,where do I check if there are any news on the reimbursement?,track_refund,REFUND,BILM,13932
22778,is there an e-mail toleave feedback for your company?,review,FEEDBACK,BILZ,12520
26073,what do I need to do to see the compensation current status?,track_refund,REFUND,BIL,13896
11492,whta do I have to do to close my {{Account Category}} account?,delete_account,ACCOUNT,BILZ,5807
2835,help to modify my fucking shipping address,change_shipping_address,SHIPPING,BLW,1322
12010,can I order from {{Delivery City}}?,delivery_options,DELIVERY,BIS,6076
19676,I want to buy an article,place_order,ORDER,BL,10254
7718,how do i file a consumer claim against ur business,complaint,FEEDBACK,BILQ,3481
16935,can i cancel the bloody usbscription to ur newsletter,newsletter_subscription,SUBSCRIPTION,BILQWZ,8642
16234,how can i ask for a ocmpensation of my money,get_refund,REFUND,BILQZ,8248
13379,I don't know what to do to see when will my item arrive,delivery_period,DELIVERY,BL,6594
22150,were can i submit some feedback for a product,review,FEEDBACK,BILQZ,12077
21609,what do I have to do to inform of a registration problem?,registration_problems,ACCOUNT,BIL,11686
6989,can you help me to make a reclamation against your business?,complaint,FEEDBACK,BIL,3385
19144,i have got to acquire somethingi need assistance,place_order,ORDER,BCLQZ,9822
1156,itry to swap several damn products of order {{Order Number}},change_order,ORDER,BLMQWZ,325
24467,help using the standard cacount,switch_account,ACCOUNT,BZ,13396
4087,checking invoices from 10 purchases ago,check_invoice,INVOICE,BKM,2040
25707,wanna see the statusof order {{Order Number}} i need help,track_order,ORDER,BCLQZ,13747
25740,"I have got to locate purchase {{Order Number}}, I need help",track_order,ORDER,BCL,13756
7785,where do I lodge a consumer claim?,complaint,FEEDBACK,BIL,3809
13220,i need assstance to check how soon can i expect the order,delivery_period,DELIVERY,BLQZ,6642
24323,can you help me changing to the platinum account?,switch_account,ACCOUNT,BIL,13347
1664,"I have to correct purchase {{Order Number}}, I need assistance",change_order,ORDER,BCL,578
24779,can uhelp me use the standard profile,switch_account,ACCOUNT,BILQ,13492
14810,modifying ingormation on standard account,edit_account,ACCOUNT,BKLZ,7557
21997,I want assistance to write a review,review,FEEDBACK,BL,11953
17633,I want to unsubscribe from thd company newsletter,newsletter_subscription,SUBSCRIPTION,BLZ,8884
21911,do you have a way to leave a comment for a product?,review,FEEDBACK,BIL,11875
2813,I cannot change the shipping address,change_shipping_address,SHIPPING,BE,1309
24442,I don't know what to do to change to the standard account,switch_account,ACCOUNT,BL,13368
19621,"I need to order something, will you help me?",place_order,ORDER,BCILP,10209
23775,I have troubles setting up a new shipping address,set_up_shipping_address,SHIPPING,BLM,12802
9981,open freemium cacount for wife,create_account,ACCOUNT,BKLZ,4986
23236,can ya help mew submitting my new shipping address,set_up_shipping_address,SHIPPING,BILQZ,12825
2683,problem modifying delivery address,change_shipping_address,SHIPPING,BKL,1234
22087,is there anaddress to send feedback for a service,review,FEEDBACK,BILQZ,12028
15481,I am calling to download my invoices from {{Person Name}},get_invoice,INVOICE,BLM,7852
10790,I need information about opening pro accounts,create_account,ACCOUNT,BLM,5406
24216,what do I have to do to change to the freemium account?,switch_account,ACCOUNT,BIL,13302
1205,remove an itemfrom purchase {{Order Number}},change_order,ORDER,BLZ,359
20667,I try to reset the fucking key of my profile,recover_password,ACCOUNT,BLW,11044
24635,assistance using the freemium profile,switch_account,ACCOUNT,BL,13449
5111,help to list your allowed payment options,check_payment_methods,PAYMENT,BL,2587
23026,help me set my goddamn delivery address up,set_up_shipping_address,SHIPPING,BLW,12707
13927,update data on {{Account Type}} account,edit_account,ACCOUNT,BKL,6968
13801,how can i get information about the delivery period,delivery_period,DELIVERY,BIQ,6816
14630,modify data on premium account,edit_account,ACCOUNT,BKL,7458
2385,i cant modify my delivery address,change_shipping_address,SHIPPING,BLQ,726
3067,I am trying to see the cancellation fee,check_cancellation_fee,CANCEL,BL,1478
3577,assistance to see the goddamn termination penalty,check_cancellation_fee,CANCEL,BLW,1759
8586,do uhave a toll-free number to talk to customer assistance,contact_customer_service,CONTACT,BILQ,4202
17223,help cancelling my corporate newslettersubscription,newsletter_subscription,SUBSCRIPTION,BLZ,8756
22512,i dont know how to leave feedback about ur company,review,FEEDBACK,BLQ,12346
2646,where to edit my shipping address?,change_shipping_address,SHIPPING,BIL,1211
20338,i dont kow how to retrieve my profile key,recover_password,ACCOUNT,BLQZ,10799
21976,i try to leave feedback about a srrvice,review,FEEDBACK,BLQZ,11933
18425,"I can't pay, how do I inform of payment errors?",payment_issue,PAYMENT,BCILM,9326
7080,I'm trying ot lodge a consumer complaint against ur company,complaint,FEEDBACK,BLQZ,3449
332,I can't afford order {{Order Number}},cancel_order,ORDER,BLN,102
10394,"I ain't registered, how to open a {{Account Category}} account?",create_account,ACCOUNT,BCIL,5237
8856,"I need to speak with fucking customer assistance, help me",contact_customer_service,CONTACT,BCLW,4303
22496,I do not know how I can send some feedback for a service,review,FEEDBACK,BEL,12333
6582,I'm trying to see in what cases can i ask for my money back,check_refund_policy,REFUND,BLQ,3233
18807,"I cannot pay, where canI report problems with payment?",payment_issue,PAYMENT,BCEILMZ,9542
9306,I don't know how to speak with a fucking assistant,contact_human_agent,CONTACT,BLW,4610
16764,would it be possible to get a refund?,get_refund,REFUND,BIP,8543
18039,"I cannot make a payment, I need to inform of issues",payment_issue,PAYMENT,BCELM,9077
20906,I need help notifying of issues with a sign-up,registration_problems,ACCOUNT,BLM,11213
8121,is it possible to talk with customer assistance?,contact_customer_service,CONTACT,BIL,4006
4065,checkbill #37777,check_invoice,INVOICE,BLZ,2026
21987,i dont know how to submit feedback about ur services,review,FEEDBACK,BLQ,11944
18725,is it possible to inform of an issue with online payments?,payment_issue,PAYMENT,BILM,9492
14125,editting details on platinum account,edit_account,ACCOUNT,BKLMZ,7137
4704,I want to look for the invoice #12588,check_invoice,INVOICE,BL,2360
12826,I am trying to see what options for delivery are there,delivery_options,DELIVERY,BLM,6386
4360,i need assistance giving a quick look at the invoice #00108,check_invoice,INVOICE,BLQ,1980
24536,how can I switch to the freemium account?,switch_account,ACCOUNT,BI,13421
18044,"my card was declined, inform of an error with payments",payment_issue,PAYMENT,BCLM,9081
9168,i dont know how to speak to an agent,contact_human_agent,CONTACT,BLQ,4524
1138,need help removing several products from order {{Order Number}},change_order,ORDER,BLMQ,314
22139,I want help to leave some goddamn feedback for a service,review,FEEDBACK,BLW,12069
21081,help me notifying of a sign-up problem,registration_problems,ACCOUNT,BL,11351
25067,help locating purchase {{Order Number}},track_order,ORDER,BL,13578
14795,i have got to update the info included on my user profile,edit_account,ACCOUNT,BLQ,7549
5197,can you help me list the available payment methods?,check_payment_methods,PAYMENT,BIL,2520
20894,support with my online registration,registration_problems,ACCOUNT,BL,11202
10096,need assistance to open a {{Account Category}} account for my dad,create_account,ACCOUNT,BLQZ,4970
22156,where can i submit fedback for ur products,review,FEEDBACK,BILQZ,12082
19271,how to purchase several items?,place_order,ORDER,BILM,9934
19305,i dont know how i can purchase a product,place_order,ORDER,BLQ,9961
20039,I try to retrieve the PIN code of my account,recover_password,ACCOUNT,BL,10538
14772,modify gold accunt,edit_account,ACCOUNT,BKLZ,7538
25933,checking status of rebate,track_refund,REFUND,BKL,13823
2117,I do not know how I can edit the delivery address,change_shipping_address,SHIPPING,BEL,834
20975,I want help to inform of an issuewith signup,registration_problems,ACCOUNT,BLZ,11274
11250,i need information about the cancellation of a gold acocunt,delete_account,ACCOUNT,BLQZ,5675
21616,want help to report issues with signup,registration_problems,ACCOUNT,BLMQ,11689
16805,I do not know how I could request compensations of money,get_refund,REFUND,BELMP,8568
2224,where to change the address,change_shipping_address,SHIPPING,BILQ,924
10961,I do not know what I have to do to delete a gold account,delete_account,ACCOUNT,BEL,5501
23450,"the new delivery address is invalid, what should I do?",set_up_shipping_address,SHIPPING,BCIL,12925
5165,i need assistance checkign ur allowed payment methods,check_payment_methods,PAYMENT,BQZ,2614
9066,how to chat with an operator?,contact_human_agent,CONTACT,BIL,4449
12375,help me check the shipment options,delivery_options,DELIVERY,BL,6249
7170,how do I lodge a damn consumer reclamation?,complaint,FEEDBACK,BILW,3507
23539,what do I need to do to submit a delivery address?,set_up_shipping_address,SHIPPING,BILZ,12954
6189,where can i check ur reimbursement policy,check_refund_policy,REFUND,BILQ,3099
3104,I wanmt assistance checking the cancellation penalty,check_cancellation_fee,CANCEL,BLZ,1503
14470,i have to edit the info included on my user can uhelp me,edit_account,ACCOUNT,BCILQ,7364
5961,assistance to check in what situations acn I request refunds,check_refund_policy,REFUND,BLZ,2993
14859,correct details on platinum account,edit_account,ACCOUNT,BKLM,7180
11034,clsoe {{Account Category}} account,delete_account,ACCOUNT,BKLZ,5554
23734,i want help to submit thhe new delivery address,set_up_shipping_address,SHIPPING,BLQZ,13053
10332,creating user,create_account,ACCOUNT,BK,5207
12839,I want help checking what methods for delivery are there,delivery_options,DELIVERY,BLM,6394
22129,is there a section to send feedback about a service?,review,FEEDBACK,BIL,12062
23437,"I want to set up the delivery address, how could I do it?",set_up_shipping_address,SHIPPING,BCILP,12920
25080,what do i have to od to check order {{Order Number}} status,track_order,ORDER,BIQZ,13586
14334,updaing info on platinum account,edit_account,ACCOUNT,BKLQZ,7278
13138,i have to see how long the delivery takesi need help,delivery_period,DELIVERY,BCLQZ,6598
18492,where can I notify of troubles with payment?,payment_issue,PAYMENT,BILM,9283
3947,I do not know what to do to look for the bill #00108,check_invoice,INVOICE,BEL,1937
20865,want assistance to retrieve my profile pin,recover_password,ACCOUNT,BLQ,10430
25906,I'm waiting for a ocmpensation of {{Refund Amount}} dollars,track_refund,REFUND,BLQZ,13802
20189,i need assistance to reset the pin code of my account,recover_password,ACCOUNT,BLQ,10676
22747,"I have got to write a comment about a product, help me",review,FEEDBACK,BCL,12502
7849,where do I make a customer reclamation against your company?,complaint,FEEDBACK,BIL,3835
19404,i have to shop several of ur article how to do it,place_order,ORDER,BCILMQ,10047
3900,"I need to see the cancellation fees , how to do it?",check_cancellation_fee,CANCEL,BCILMZ,1898
538,"I ordered some products, how to cancel purchase {{Order Number}}?",cancel_order,ORDER,BCILM,139
22650,I need to leave a comment for your company,review,FEEDBACK,BL,12438
3139,"I would like to see the termination penalties, help me",check_cancellation_fee,CANCEL,BCLMP,1527
10206,opening new pro account,create_account,ACCOUNT,BKL,5132
18128,wantr help to solve issues with payment,payment_issue,PAYMENT,BMQZ,9140
24986,i cannot see tge eta of the purchase {{Order Number}},track_order,ORDER,BELNQZ,13556
14171,I'd like to update the details on my account i need help,edit_account,ACCOUNT,BCLMPQ,7172
3462,i need assistance seeing the early exit charge,check_cancellation_fee,CANCEL,BLQ,1715
5681,ehlp checking your allowed payment options,check_payment_methods,PAYMENT,BLZ,2853
14808,"I want to update the damn user data, how could I do it?",edit_account,ACCOUNT,BCILPW,7556
22396,"I want to send feedback about your company, how to do it?",review,FEEDBACK,BCIL,12264
13140,how can I see how long the shipping takes?,delivery_period,DELIVERY,BIL,6440
18416,i cant make transfers notify of a trouble with payment,payment_issue,PAYMENT,BCLMQ,9318
24343,help me use the freemium profile,switch_account,ACCOUNT,BL,13265
18620,i get an error when i try to make a transfer report it,payment_issue,PAYMENT,BCLQ,9433
25773,what do i have to do to chheck purchase {{Order Number}} status,track_order,ORDER,BILQZ,13764
21744,i have a damn registration issue,registration_problems,ACCOUNT,BQW,11763
15796,I am calling to download the bill #12588,get_invoice,INVOICE,BL,7947
4727,how do i see thne goddamn invoices from {{Person Name}},check_invoice,INVOICE,BILMQWZ,2374
15659,I do not know wht I have to do to get my invoice #85632,get_invoice,INVOICE,BEZ,7905
22567,is there a section to send feedback about ur products,review,FEEDBACK,BILQ,12262
11921,could you give me information about the shipment methods?,delivery_options,DELIVERY,BILP,6006
21312,i canno notify of errors with a sign-up,registration_problems,ACCOUNT,BELMNQZ,11511
22441,wanna leave feedback,review,FEEDBACK,BLQ,12296
16163,i want assistance to obtain rebates,get_refund,REFUND,BLMQ,8205
9885,I don't know what I need to do to talk to somebody,contact_human_agent,CONTACT,BL,4914
20739,i cant retrieve the pin of my account,recover_password,ACCOUNT,BLNQ,11014
11763,idont use my {{Account Category}} account need assistance to close it,delete_account,ACCOUNT,BCLQZ,5919
14858,editing details on gold account,edit_account,ACCOUNT,BKLM,7584
9507,I need help to speak to a bloody human agent,contact_human_agent,CONTACT,BLW,4708
21490,"I cannot open a profile, I have to report a signup error",registration_problems,ACCOUNT,BCELN,11616
20099,I don't know how I can reset my accont pwd,recover_password,ACCOUNT,BLQZ,10593
11062,cancelin premium account,delete_account,ACCOUNT,BKLZ,5575
25251,what do i need to do to see order {{Order Number}} status,track_order,ORDER,BILQ,13635
20241,"someone stole my PIN code, assistance restoring it",recover_password,ACCOUNT,BCL,10718
13769,i do not know how to see when my product is gonna arrive,delivery_period,DELIVERY,BELQ,6881
2952,i need assistance to correct the shipping address,change_shipping_address,SHIPPING,BLQ,1387
9185,"you are not helpful, can you help me to speak to someone?",contact_human_agent,CONTACT,BCEIL,4534
21128,where can I inform of a damn sign-up issue?,registration_problems,ACCOUNT,BILW,11385
5207,list payment emthods,check_payment_methods,PAYMENT,BKLZ,2636
22040,do you have a way to submit some feedback for your services?,review,FEEDBACK,BIL,11986
17332,where can I unsubscribe to your companynewsletter?,newsletter_subscription,SUBSCRIPTION,BILZ,8795
2539,i have a prolem trying to update my address,change_shipping_address,SHIPPING,BLQZ,1146
9830,I cannot speak to a person,contact_human_agent,CONTACT,BEL,4398
12526,i try to check the shipment options,delivery_options,DELIVERY,BLQ,6296
9276,is it possible to chat with an operator?,contact_human_agent,CONTACT,BIL,4591
21454,"I cannot sign up, can I inform of a damn signup error?",registration_problems,ACCOUNT,BCEILNW,11600
5139,how to list your bloody accepted payment methods?,check_payment_methods,PAYMENT,BILW,2602
23974,wanna use the standard profile help me,switch_account,ACCOUNT,BCLQ,13188
21811,where do I report an issue iwth sign-up?,registration_problems,ACCOUNT,BILZ,11808
10340,I want assistance to open a premium account,create_account,ACCOUNT,BL,5213
21306,I can't notify of issues with a sign-up,registration_problems,ACCOUNT,BLMN,11507
3456,I do not know what to do to check the early exit fee,check_cancellation_fee,CANCEL,BEL,1712
16389,wanna reeive restitutions of my money,get_refund,REFUND,BLMQZ,8334
19799,i do not know how i can buy an article,place_order,ORDER,BELQ,10339
8875,uhave a free number to talk with customer assistance,contact_customer_service,CONTACT,BILQ,4312
23144,trouble setting up my secondarydelivery address,set_up_shipping_address,SHIPPING,BLZ,12777
11992,do ya deoiver to {{Delivery City}},delivery_options,DELIVERY,BIQSZ,6065
7876,help me file a claim agazinst ur company,complaint,FEEDBACK,BLQZ,3844
18647,i do not know how to inform of a trouble withpayments,payment_issue,PAYMENT,BELMQZ,9452
13689,I want help seeing how soon can I expect my shipment,delivery_period,DELIVERY,BL,6605
20074,I need assistance to reset my user profile key,recover_password,ACCOUNT,BL,10569
3856,see early exit fee,check_cancellation_fee,CANCEL,BKL,1683
23553,my secondary delivery address isnt valid help me,set_up_shipping_address,SHIPPING,BCLQ,12963
9951,"I want to open a {{Account Type}} account for my son, how can I do it?",create_account,ACCOUNT,BCIL,4960
2330,how do I edit my address?,change_shipping_address,SHIPPING,BIL,999
22657,I want to leave a review for a product,review,FEEDBACK,BL,12442
1328,is it possible to swap some items of purchase {{Order Number}},change_order,ORDER,BILMQ,434
21592,where to inform of an error with a registration?,registration_problems,ACCOUNT,BIL,11675
13929,can you help me update the data included on my profile?,edit_account,ACCOUNT,BIL,6970
13481,"I need to see how soon can I expect my item, how to do it?",delivery_period,DELIVERY,BCIL,6422
11756,how can i remove a platinum acclunt,delete_account,ACCOUNT,BILQZ,5915
7197,making consumer complaint against ur business,complaint,FEEDBACK,BLQ,3524
18187,how could I inform of payment errors?,payment_issue,PAYMENT,BILMP,9183
9532,how do I speak to an assistant?,contact_human_agent,CONTACT,BIL,4721
16833,i dont know what i need to do to obtain a refund of my money,get_refund,REFUND,BLQ,8588
1313,i have made a mistake help me modify purchase {{Order Number}},change_order,ORDER,BCLQZ,427
18070,"I can't make a payment, how do I notify of fucking errors?",payment_issue,PAYMENT,BCILMWZ,9101
23474,help me submitting the new delivery address,set_up_shipping_address,SHIPPING,BL,12613
7490,I am trying to make a customer complaint,complaint,FEEDBACK,BL,3681
3490,show cancellation penalties,check_cancellation_fee,CANCEL,BKLM,1726
21178,what do i need to do to inform of an error with a isgnup,registration_problems,ACCOUNT,BILQZ,11423
575,i can no longer arford purchase {{Order Number}},cancel_order,ORDER,BLNQZ,143
17172,where to sign up to the newsleter,newsletter_subscription,SUBSCRIPTION,BILQZ,8737
16382,can you help me to ask for damn restitutions of money?,get_refund,REFUND,BILMW,8331
5605,I do not know how I can list the accepted payment modalitiws,check_payment_methods,PAYMENT,BELZ,2822
11070,I am trying toclose the standard account,delete_account,ACCOUNT,BLZ,5580
9847,how acn I chat with somebody?,contact_human_agent,CONTACT,BILZ,4897
23317,troubles submitting my secondary delivery addres,set_up_shipping_address,SHIPPING,BLMZ,12866
3983,i need help to look for the bill #12588,check_invoice,INVOICE,BLQ,1964
4536,i dont know what ihave to do to find my bill #37777,check_invoice,INVOICE,BLQZ,2283
23646,I don't know what to do to submit the new delivery address,set_up_shipping_address,SHIPPING,BL,13017
8984,is it possible to contact a human agent?,contact_human_agent,CONTACT,BIL,4387
7349,I want to make a customer reclamation against your business,complaint,FEEDBACK,BL,3611
11622,how can I delete the standard account?,delete_account,ACCOUNT,BIL,5855
22367,"I have to write an opinion, can I get some help?",review,FEEDBACK,BCIL,12244
19597,can you help me to earn several products?,place_order,ORDER,BILM,10193
3088,is it possible to see the withdrawal charges?,check_cancellation_fee,CANCEL,BILM,1492
8736,i have gog to speak to customer support,contact_customer_service,CONTACT,BLQZ,4260
12245,where do I see what shipping options I have?,delivery_options,DELIVERY,BILM,6191
14655,want assistance editing my personal data,edit_account,ACCOUNT,BLQ,7472
24782,how to change to the {{Account Type}} account?,switch_account,ACCOUNT,BIL,13124
20193,"I cannot remember my PIN, help me recovering it",recover_password,ACCOUNT,BCEL,10679
17106,can yahelp me signing up to the corporate newsletter,newsletter_subscription,SUBSCRIPTION,BILQZ,8710
1993,i have to change an item of order {{Order Number}} will uhelp me,change_order,ORDER,BCIPQ,717
11667,can you give me information about a pro account termination?,delete_account,ACCOUNT,BIL,5876
9686,I'd like to talk to an operatro,contact_human_agent,CONTACT,BLPQZ,4815
10067,I'm not registered i want assistance creating a {{Account Type}} account,create_account,ACCOUNT,BCELQ,5048
19358,can ya help me to purchase a few of ur article,place_order,ORDER,BILMQ,10010
20582,"I have got to recover my account key, help me",recover_password,ACCOUNT,BCL,10987
24149,switch to gold account,switch_account,ACCOUNT,BK,13275
21008,i cant sign up i need to inform of signup erroprs,registration_problems,ACCOUNT,BCLMNQZ,11299
19937,where could I reset the pass of my user account?,recover_password,ACCOUNT,BILPQ,10446
1440,need help to deete a fucking item from order {{Order Number}},change_order,ORDER,BLQWZ,484
16966,help to casncel my subscription to your company newsletter,newsletter_subscription,SUBSCRIPTION,BLZ,8658
3158,i cant find anything about the cancellation fees,check_cancellation_fee,CANCEL,BMQ,1539
19043,can you help me place an order?,place_order,ORDER,BIL,9727
23728,I do not know how to set a secondary shippung address up,set_up_shipping_address,SHIPPING,BELZ,13050
11708,"I have got to cancel the bloody {{Account Category}} account, help me",delete_account,ACCOUNT,BCLW,5893
17251,I need help receiving the fucking corporate newsletter,newsletter_subscription,SUBSCRIPTION,BLW,8770
21517,i dont know how i can report an issue with signup,registration_problems,ACCOUNT,BLQ,11419
14307,modify data on pro account,edit_account,ACCOUNT,BKL,7259
12479,I am trying to check what shipping options you offer,delivery_options,DELIVERY,BLM,6280
19032,i need help ordering several articles,place_order,ORDER,BLMQ,9717
13984,i have got to update the info included on my account,edit_account,ACCOUNT,BLQ,7021
20357,I can't retrieve my user account key,recover_password,ACCOUNT,BLN,10815
20895,assistance reporting problems with signup,registration_problems,ACCOUNT,BLM,11203
16332,need assistance to receive compensations of my money,get_refund,REFUND,BLMQ,8300
22602,wanna send some feedback for ur company i need help,review,FEEDBACK,BCLQ,12407
17917,assistance to inform of a damn payment issue,payment_issue,PAYMENT,BLW,8970
20429,I want help restoring my user account PIN,recover_password,ACCOUNT,BL,10874
22871,I need assistance to leave a review about your products,review,FEEDBACK,BL,11850
21687,need assistance to report a problem with signup,registration_problems,ACCOUNT,BLQ,11199
18666,is it possible to inform of an error with online payments?,payment_issue,PAYMENT,BILM,9466
4125,i want assistance to locatr my bill #00108,check_invoice,INVOICE,BLQZ,2060
6286,wanna see ur money back plicy,check_refund_policy,REFUND,BLQZ,3130
1413,"I have to swap some items of purchase {{Order Number}}, help me",change_order,ORDER,BCLM,474
26507,i want help seeing my reimbursement status,track_refund,REFUND,BLQ,14045
2290,I want help changing my address,change_shipping_address,SHIPPING,BL,973
3778,I don't know how to check the early exit charge,check_cancellation_fee,CANCEL,BL,1852
20227,I want to retrieve the pw of my user account,recover_password,ACCOUNT,BLQZ,10707
22063,can you help me leaving a comment about a service?,review,FEEDBACK,BIL,12008
24681,wannma change to the {{Account Type}} account i need help,switch_account,ACCOUNT,BCLQZ,13460
7159,I would like to file a reclamation against your business,complaint,FEEDBACK,BLP,3501
15946,how can I obtain goddamn rebates of my money?,get_refund,REFUND,BILMW,8027
11101,I would like information about the deletion of my {{Account Type}} acount,delete_account,ACCOUNT,BLPZ,5600
20778,can you help me retrieving my account PIN code?,recover_password,ACCOUNT,BIL,11130
19313,want assistance purchasing some of ur product,place_order,ORDER,BLMQ,9969
2912,I need support changing the delivery address,change_shipping_address,SHIPPING,BL,1367
20767,I want to recover my account password,recover_password,ACCOUNT,BL,11073
16240,"I paid {{Currency Symbol}}{{Refund Amount}} for these products, how to receive a refund?",get_refund,REFUND,BCILM,8254
26665,can you help me check the status of my compensation?,track_refund,REFUND,BIL,14083
2528,I want assistance to change the address,change_shipping_address,SHIPPING,BL,1138
12955,can you help me seeing how soon can I expect my order?,delivery_period,DELIVERY,BIL,6468
8419,can you help me call fucking customer sujpport?,contact_customer_service,CONTACT,BILWZ,4135
1684,i need help changing some articles of order {{Order Number}},change_order,ORDER,BLMQ,349
9485,help to contacvt a live agent,contact_human_agent,CONTACT,BLZ,4697
10998,what do I need to do to cancel my {{Account Type}} account?,delete_account,ACCOUNT,BIL,5530
6031,in which situations can I ask for a goddamn reimbursement?,check_refund_policy,REFUND,BILW,3031
10528,need assistance opening a pro account for my daughter,create_account,ACCOUNT,BLQ,5262
24478,"I need to use the platinum profile, can you help me?",switch_account,ACCOUNT,BCIL,13400
14275,correct information on Proaccount,edit_account,ACCOUNT,BKLZ,7240
8733,customer support number,contact_customer_service,CONTACT,BL,4258
3984,I want help to take a quick lok at my invoice #85632,check_invoice,INVOICE,BZ,1965
26492,I need to check my goddamn restitution status,track_refund,REFUND,BLW,14041
15807,how to get my goddamn invoices from {{Person Name}}?,get_invoice,INVOICE,BILMW,7953
24193,wantassistance to change to the {{Account Type}} account,switch_account,ACCOUNT,BLQZ,13289
5411,help to see your accepted paymentt methods,check_payment_methods,PAYMENT,BLZ,2733
7316,lodging consumer complaint against ur business,complaint,FEEDBACK,BLQ,3594
25954,I'm waiting for a reimbursement of {{Refund Amount}} dollars,track_refund,REFUND,BLQ,13829
20171,have a problem with a forgotten password,recover_password,ACCOUNT,BQ,10658
18781,how do i notify of a problem with online payments,payment_issue,PAYMENT,BILMQ,9391
18910,I need assistance to acquire an article,place_order,ORDER,BL,9600
13555,show me when my article is going to arrie,delivery_period,DELIVERY,BLZ,6792
2227,I'm looking for infdormation about editing the address,change_shipping_address,SHIPPING,BELQZ,927
19001,assistance purchasing some items,place_order,ORDER,BLM,9689
11498,have a problem with platinum account deletions,delete_account,ACCOUNT,BLMQ,5788
22008,want help writing an comment for your services,review,FEEDBACK,BLQZ,11962
12672,I want help checking what methods for delivery are available,delivery_options,DELIVERY,BLM,5993
13567,I am trying to check when my article is going to arrive,delivery_period,DELIVERY,BL,6799
8136,do you have a free number to speak with customer assistance?,contact_customer_service,CONTACT,BIL,4013
16899,I have got to subscrie to the company newsletter,newsletter_subscription,SUBSCRIPTION,BLZ,8618
10764,I am looking for information about opening a {{Account Type}} account,create_account,ACCOUNT,BEL,5398
25190,ETA of oorder {{Order Number}},track_order,ORDER,BKLQZ,13615
13363,is it possible to check when my item is gonna arrive,delivery_period,DELIVERY,BIQ,6717
20034,I want information about my lost password,recover_password,ACCOUNT,BL,10534
8797,how can I contact customer service?,contact_customer_service,CONTACT,BI,4285
2771,want assistance to update the address,change_shipping_address,SHIPPING,BLQ,1284
12046,can i order from {{Delivery Country}},delivery_options,DELIVERY,BIQS,6012
25660,wqhere to see purchase {{Order Number}} current status,track_order,ORDER,BILQZ,13739
25275,I want help to see the fucking ETA of the order {{Order Number}},track_order,ORDER,BLW,13609
21224,i want assistance with my onlinhe registration,registration_problems,ACCOUNT,BLQZ,11455
16443,i have paid {{Currency Symbol}}{{Refund Amount}} for a product where to get my money back,get_refund,REFUND,BCEIMQV,8367
20951,where could I report a registration error?,registration_problems,ACCOUNT,BILP,11254
22053,is there an e-mail to send my feedbakc for ur products,review,FEEDBACK,BILQZ,11998
11108,I don't know how I could delete the standard account,delete_account,ACCOUNT,BLP,5606
24248,could you help me to change to the gold account?,switch_account,ACCOUNT,BILP,13294
12403,I need assistance to check what shipment options are there,delivery_options,DELIVERY,BLM,6258
13797,where could I see how soon can I expect my shipment?,delivery_period,DELIVERY,BILP,6896
8777,can uhelp me to call customre assistance,contact_customer_service,CONTACT,BILQZ,4279
4545,would it be possible to locate the invoice from {{Person Name}},check_invoice,INVOICE,BILPQ,2289
15393,i have to get my nivoice #85632 could ya help me,get_invoice,INVOICE,BCIPQZ,7819
3444,will you show me the termination charge?,check_cancellation_fee,CANCEL,BILP,1706
13343,help me checking how soon can I expewct the damn shipment,delivery_period,DELIVERY,BLWZ,6707
16244,when am i receiving my refund of money,get_refund,REFUND,BILQZ,8257
19420,I need help to earn several producst,place_order,ORDER,BLMZ,10060
21535,what do I have to do to report errors with a registration?,registration_problems,ACCOUNT,BILM,11645
23542,y i cannot set a srcondary shipping address valid up,set_up_shipping_address,SHIPPING,BELQZ,12956
13344,need help seeing when my order is gonna arrive,delivery_period,DELIVERY,BLQ,6708
4134,help locating my invoice #00108,check_invoice,INVOICE,BL,2067
7818,help me lodging a customer complaint against your business,complaint,FEEDBACK,BL,3705
11373,I don't know what I need to do to cancel the premium account,delete_account,ACCOUNT,BL,5749
13556,"I need to see when will my item arrive, how to do it?",delivery_period,DELIVERY,BCIL,6793
16307,i want assistance requesting a compnesation of my money,get_refund,REFUND,BLQZ,8287
9858,I do not know what I need to do to talk with a person,contact_human_agent,CONTACT,BEL,4905
3379,i have got to check the early exit fee can uhelp me,check_cancellation_fee,CANCEL,BCILQ,1665
21780,can uhelp me notifying of a registration issue,registration_problems,ACCOUNT,BILQ,11255
17474,help me sign up to ur newsleter,newsletter_subscription,SUBSCRIPTION,BLQZ,8844
7663,i want help filing a customer claim against ur company,complaint,FEEDBACK,BLQ,3666
16608,i want assistance asking for a reimbursement of my money,get_refund,REFUND,BLQ,8285
12183,I need assistance checking the methods for shipment,delivery_options,DELIVERY,BL,6163
18537,I have got to notify of issues wit payments,payment_issue,PAYMENT,BLMZ,9387
13159,want help checking ohw soon can I expect my package,delivery_period,DELIVERY,BLQZ,6613
18163,where can i inform of a paymen error,payment_issue,PAYMENT,BILQZ,9168
18574,i have to report issues with onlpine payment,payment_issue,PAYMENT,BLMQZ,9407
2387,I do not know how I can correct my shgipping address,change_shipping_address,SHIPPING,BELZ,1040
18809,what do i need to do to inform of problems wiht payment,payment_issue,PAYMENT,BILMQZ,9544
9567,can I speak with a person?,contact_human_agent,CONTACT,BIL,4742
10069,i do not kow how i can create a {{Account Type}} account,create_account,ACCOUNT,BELQZ,5050
15918,reimburse {{Currency Symbol}}{{Refund Amount}},get_refund,REFUND,BKLM,7999
3087,"I need to see the early exit penalties, can I get some help?",check_cancellation_fee,CANCEL,BCILM,1491
5775,what are your allowed payment modalities?,check_payment_methods,PAYMENT,BIL,2899
12171,"I want to see the options for shipment, help me",delivery_options,DELIVERY,BCL,6156
24416,need hepl switching to the {{Account Category}} account,switch_account,ACCOUNT,BQZ,13378
4430,i dont know what i have to do to look for my invoicr #37777,check_invoice,INVOICE,BLQZ,2234
25963,"I would like to track my rebate, can you help me?",track_refund,REFUND,BCILP,13842
20380,give me infrmation about my access key retrieval,recover_password,ACCOUNT,BLZ,10833
23368,why I cannot enter my delivery address valid,set_up_shipping_address,SHIPPING,BEL,12881
3616,what do I need to do to check the withdrawal fees?,check_cancellation_fee,CANCEL,BILM,1776
11770,I need information about my premium account cancellation,delete_account,ACCOUNT,BL,5924
10641,I cannot create a platinum account for my daughter,create_account,ACCOUNT,BELN,5081
10913,"I want to delete a {{Account Type}} account, help me",delete_account,ACCOUNT,BCL,5461
7998,will you tell me what hours I can call customer assistance?,contact_customer_service,CONTACT,BILP,3931
16926,help unsubscribing from ur damnnewsletter,newsletter_subscription,SUBSCRIPTION,BLQWZ,8638
6984,"my experience with you was awful, file a reclamation",complaint,FEEDBACK,BCL,3381
2007,I would like to modify my address,change_shipping_address,SHIPPING,BLP,731
7449,complaint,complaint,FEEDBACK,B,3663
9479,i dont know what to do to chat with an agent,contact_human_agent,CONTACT,BLQ,4529
16091,can you help me asking for rebates of my money?,get_refund,REFUND,BILM,8149
16404,need to obtain restitutions of money,get_refund,REFUND,BLMQ,8276
16320,how can I ask for a compensation of money?,get_refund,REFUND,BIL,8294
18657,can uhelp me to notify of errors with payment,payment_issue,PAYMENT,BILMQ,9459
9020,I don't know what to do to chat with somebody,contact_human_agent,CONTACT,BL,4416
19428,I have to buy a product,place_order,ORDER,BL,10068
24373,can I use the premium profile?,switch_account,ACCOUNT,BIL,13238
21835,"I would like to report errors with sign-up, can you help me?",registration_problems,ACCOUNT,BCILMP,11819
14949,help me get the goddamn bill from {{Person Name}},get_invoice,INVOICE,BLW,7654
14094,editing data on {{Account Type}} account,edit_account,ACCOUNT,BL,7111
5810,i want help to see what payment methods uaccept,check_payment_methods,PAYMENT,BLQ,2538
7643,can you help me to lodge a customer reclamation?,complaint,FEEDBACK,BIL,3609
20581,i need assistance restoring my pin,recover_password,ACCOUNT,BLQ,10451
19770,need assistance acquiring an item,place_order,ORDER,BLQ,10318
8763,need to speak to customersupport can ya help me,contact_customer_service,CONTACT,BCILQZ,4273
22423,how can I leave some feedback about your products?,review,FEEDBACK,BIL,12112
7971,I need assistance talkig to fucking customer support,contact_customer_service,CONTACT,BLWZ,3910
20522,I don't know how to retrieve the pass of ym account,recover_password,ACCOUNT,BLQZ,10941
1936,i have to change purchase {{Order Number}} i need assistanmce,change_order,ORDER,BCLQZ,697
11182,cancel platinum acount,delete_account,ACCOUNT,BKLZ,5647
22604,want assistance to leave an opinion about a service,review,FEEDBACK,BLQ,12408
10103,I want help to open a {{Account Type}} account,create_account,ACCOUNT,BL,4991
17891,"I have got to cancel my newsletter subscription, help me",newsletter_subscription,SUBSCRIPTION,BCL,8945
15945,rebate {{Refund Amount}} dollars,get_refund,REFUND,BKLM,8026
16364,assistance to ask for compensations,get_refund,REFUND,BLM,8317
1253,help with adding several damn articles to order {{Order Number}},change_order,ORDER,BLMW,389
16983,i cannot unsubscribe from urnewsletter,newsletter_subscription,SUBSCRIPTION,BELQZ,8664
3891,will ushow me the early terminarion charges,check_cancellation_fee,CANCEL,BILMPQZ,1895
21359,i want assistance to inform of issues with registrations,registration_problems,ACCOUNT,BLMQ,11540
12678,I need assistance to see what delivery methods are there,delivery_options,DELIVERY,BLM,6340
26584,I cannot see the current status of the refund,track_refund,REFUND,BELN,14063
11343,"I don't make use of my {{Account Type}} account, help to delete it",delete_account,ACCOUNT,BCL,5728
18003,i need assistancenotifying of a goddamn issue with payment,payment_issue,PAYMENT,BLQWZ,9048
8250,see what hours I can get in touch with customer assistance,contact_customer_service,CONTACT,BL,4072
4006,see my blls from {{Person Name}},check_invoice,INVOICE,BLMZ,1982
3056,I try to see the termination fee,check_cancellation_fee,CANCEL,BL,1470
24993,track order,track_order,ORDER,BK,13558
7210,"I am unhappy with your service, help to make a claim",complaint,FEEDBACK,BCL,3533
7875,want help to make a customer claim,complaint,FEEDBACK,BLQ,3692
19300,i do not know how to buy several of ur item,place_order,ORDER,BEMQ,9957
8925,need assistance to speak to a live agent,contact_human_agent,CONTACT,BLQ,4334
16776,"I have paid {{Currency Symbol}}{{Refund Amount}} for this item, how to get my money back?",get_refund,REFUND,BCEILMV,8550
23948,acn i switch to the pro account,switch_account,ACCOUNT,BIQZ,13174
5999,I am trying to check your bloody reimbursement policy,check_refund_policy,REFUND,BLW,3012
19624,"I have to shop a product, help me",place_order,ORDER,BCL,10212
22270,assistance to submit my feedback for urproducts,review,FEEDBACK,BLQZ,12172
1827,can I delete several articles from purchase {{Order Number}}?,change_order,ORDER,BILM,655
22482,can i write a review about ur products,review,FEEDBACK,BILQ,12325
20920,I want help informing of a signup problem,registration_problems,ACCOUNT,BL,11227
11418,I do not know how I can cancel the standard acconut,delete_account,ACCOUNT,BELZ,5770
24441,help using the platinum profile,switch_account,ACCOUNT,BL,13208
12863,problems with the methods for shipment,delivery_options,DELIVERY,BLM,6214
19992,question about the pwd recovery,recover_password,ACCOUNT,BLQ,10498
22933,enter my goddamn new delivery address,set_up_shipping_address,SHIPPING,BLW,12635
26457,I need assistance seeing my reimbursement current status,track_refund,REFUND,BL,14029
26547,assistance checking the current status of my restitution,track_refund,REFUND,BL,13933
23101,"I want to set up a secondary delivery address, how to do it?",set_up_shipping_address,SHIPPING,BCIL,12757
21269,i ahve to report problems with signup,registration_problems,ACCOUNT,BLMQZ,11486
8385,help me calling customer assistance,contact_customer_service,CONTACT,BL,3981
15948,what do I have to do to get rebates of money?,get_refund,REFUND,BILM,8029
2875,i want assistace trying to correct the shipping address,change_shipping_address,SHIPPING,BLQZ,1346
9644,i want assistance chatting with a person,contact_human_agent,CONTACT,BLQ,4662
8400,help calling customer support,contact_customer_service,CONTACT,BL,4129
1383,I'd like to add a prdouct to purchase {{Order Number}} will uhelp me,change_order,ORDER,BCILPQZ,461
16055,reimbusre {{Currency Symbol}}{{Refund Amount}},get_refund,REFUND,BKLMZ,8123
4652,where to look for my bloody invoicce from {{Person Name}}?,check_invoice,INVOICE,BILWZ,2340
9777,i cant speak with a damn live agnet,contact_human_agent,CONTACT,BLQWZ,4857
16820,is it possible to receive reimbursements?,get_refund,REFUND,BILM,8578
3578,can you help me checking the cancellation charge?,check_cancellation_fee,CANCEL,BIL,1760
19498,is it possible to acquire some items,place_order,ORDER,BILMQ,10121
26386,how can I see the current status of my refund?,track_refund,REFUND,BIL,13963
18354,how do I report issues with online paymnets?,payment_issue,PAYMENT,BILMZ,9285
16117,i dont know what to do to obtain rebates of money,get_refund,REFUND,BLMQ,8170
6528,wanna check how long reimbursenents take how to do it,check_refund_policy,REFUND,BCILQZ,3212
24070,changkng to {{Account Category}} account,switch_account,ACCOUNT,BKLZ,13240
4567,can I give a quick look at bill #37777?,check_invoice,INVOICE,BIL,2299
14128,need to update my user information how can i do it,edit_account,ACCOUNT,BCILQ,7140
14743,"I have got to edit my user, how could I do it?",edit_account,ACCOUNT,BCIP,7523
23833,sumbitting new shipping address,set_up_shipping_address,SHIPPING,BKLZ,13100
2697,help to edit the delivery aderess,change_shipping_address,SHIPPING,BLZ,1242
1368,i have to change something of oirder {{Order Number}} i need help,change_order,ORDER,BCQZ,454
24733,use platinum acdcount,switch_account,ACCOUNT,BKZ,13481
4235,want assistance to check the goddamn bill from {{Person Name}},check_invoice,INVOICE,BLQWZ,2133
20653,what do i have to do to reset my user account key,recover_password,ACCOUNT,BILQ,11037
18614,i dont know how to report issues with online payments,payment_issue,PAYMENT,BLMQ,9429
2818,I have errors trying to modify my delivery address,change_shipping_address,SHIPPING,BLM,1311
18748,i dont know how i can notify of issues with online payments,payment_issue,PAYMENT,BLMQ,9508
8034,can i see what hours customer support availabl is,contact_customer_service,CONTACT,BILQZ,3954
7477,can uhelp me file a claim,complaint,FEEDBACK,BILQ,3673
3345,I need assistnce seeing the termination penalty,check_cancellation_fee,CANCEL,BLZ,1648
822,I cannot pay for purchase {{Order Number}},cancel_order,ORDER,BELN,179
26854,i try to see if there are any updates on my refund,track_refund,REFUND,BLMQ,14128
15753,how do I get invoice #37777?,get_invoice,INVOICE,BI,7934
25116,when will purchase {{Order Number}} arrive,track_order,ORDER,BL,13596
19558,need help to order several of your article,place_order,ORDER,BLMQ,9776
20547,help me retrieve my account password,recover_password,ACCOUNT,BL,10960
13478,is it possible to check how soon can I expect the item?,delivery_period,DELIVERY,BI,6765
7639,where do I make a consumer complaint against your business?,complaint,FEEDBACK,BIL,3521
21899,I want help to leave an opinion,review,FEEDBACK,BL,11863
23626,support entering a different delivery address,set_up_shipping_address,SHIPPING,BL,13006
22299,I am trying to submit my bloody feedback for your services,review,FEEDBACK,BLW,12191
7290,I need help making a complaint,complaint,FEEDBACK,BL,3581
17629,I want to know about cancelling my newsletter subscription,newsletter_subscription,SUBSCRIPTION,BL,8633
7728,"I have got to make a customer reclamation, how to do it?",complaint,FEEDBACK,BCIL,3785
8451,wanna speak to customer support how can i do it,contact_customer_service,CONTACT,BCILQZ,4148
22204,ya have a method to send my feedback for ur products,review,FEEDBACK,BILQ,12122
19315,want help acquiring a few of your article,place_order,ORDER,BLMQ,9971
6823,in what cases can I request a refund?,check_refund_policy,REFUND,BIL,3301
5699,assistance listing the payment options,check_payment_methods,PAYMENT,BL,2862
13247,I want to know about the shipping periods,delivery_period,DELIVERY,BLM,6655
14110,how to update my account,edit_account,ACCOUNT,BILQ,7125
19109,i do not know what to do to acquire several of ur item,place_order,ORDER,BELMQ,9791
26329,where do I see the status of the compensation ?,track_refund,REFUND,BILZ,13985
22857,can uhelp me submit some feedback,review,FEEDBACK,BIQ,12576
16714,I don't know how to get refunds,get_refund,REFUND,BM,8515
2465,i have a trouble trying to update my address,change_shipping_address,SHIPPING,BLQ,1096
14942,need assistance getting the invoice #12588,get_invoice,INVOICE,BQ,7649
20424,I want to recover the pass of my user account,recover_password,ACCOUNT,BLQ,10870
16255,"I paid {{Currency Symbol}}{{Refund Amount}} for an item, how could I get a bloody refund?",get_refund,REFUND,BCILMPW,8262
14970,send me mybill from {{Person Name}},get_invoice,INVOICE,BLZ,7655
2075,their is an issue trying to update my address,change_shipping_address,SHIPPING,BLZ,797
7182,can you help me lodging a consumer complaint?,complaint,FEEDBACK,BIL,3513
20843,I don't know how to restore the PIN of my profile,recover_password,ACCOUNT,BL,11169
20490,what do i need to do to restore my user profile access key,recover_password,ACCOUNT,BILQZ,10915
19460,I want help to purchase some items,place_order,ORDER,BLM,10093
8262,show me what hours i can call customer assistance,contact_customer_service,CONTACT,BLQ,4080
19134,"I need to earn some articles, how can I do it?",place_order,ORDER,BCILM,9813
10302,new {{Account Category}} acount for wife,create_account,ACCOUNT,BKLZ,5116
16259,i have to demand a rebate,get_refund,REFUND,BLQ,8265
21223,i dont know how to report an error with sign-up,registration_problems,ACCOUNT,BLQ,11454
16449,I want ehlp demanding a reimbursement of money,get_refund,REFUND,BLZ,8370
14568,correctinmg details on {{Account Type}} account,edit_account,ACCOUNT,BKLMZ,7422
22725,I have got to elave feedback about your products,review,FEEDBACK,BLZ,12489
10531,create new pro account for daughter,create_account,ACCOUNT,BKL,4934
2962,need assistance modifying the delivery addres,change_shipping_address,SHIPPING,BLQZ,934
26514,where do I see if there are any news on the rebate?,track_refund,REFUND,BILM,13931
22007,is there a section to send an opinion for a service,review,FEEDBACK,BILQ,11961
4839,"I lost invoice #00108, will you find it for me?",check_invoice,INVOICE,BCILP,2425
3980,i do not know wht i have to do to check the bill #37777,check_invoice,INVOICE,BELQZ,1962
11476,I do not know how I can cancel a platinum account,delete_account,ACCOUNT,BEL,5799
6592,help me see in wht cases can I request reimbursements,check_refund_policy,REFUND,BLZ,3237
19095,can uhelp me to order some of ur item,place_order,ORDER,BILMQ,9777
3101,I don't know how I could check the early exit fees,check_cancellation_fee,CANCEL,BLMP,1500
16385,i dont know what to do to obtain a reimbursement of money,get_refund,REFUND,BLQ,8333
21916,could you help me leaving my feedback?,review,FEEDBACK,BILP,11879
7820,I don't know what I need to do to file a consumer complaint,complaint,FEEDBACK,BL,3744
12966,I am looking for the bloody shipping period,delivery_period,DELIVERY,BELMW,6477
20534,i cant reset the passwodr of my profile,recover_password,ACCOUNT,BLNQZ,10949
18136,what do i need to do to report prbolems with payment,payment_issue,PAYMENT,BILMQZ,9145
11668,question about the deletion of my freemium account,delete_account,ACCOUNT,BL,5877
6840,I try to see in what cases can I ask for my damn money back,check_refund_policy,REFUND,BLW,3307
9115,I don't know what I have to do to talk to an assistant,contact_human_agent,CONTACT,BL,4484
15919,when am I going to get a reimbursement?,get_refund,REFUND,BIL,8000
12867,I need help checking what shipment options you offer,delivery_options,DELIVERY,BLM,6406
23790,want help setting my deilvery address up,set_up_shipping_address,SHIPPING,BLQZ,13081
11994,I need information about the methods for shipment,delivery_options,DELIVERY,BL,6066
19149,i try to buy an article,place_order,ORDER,BLQ,9826
19658,can you help me to earn some of your product?,place_order,ORDER,BILM,10239
19894,I'm trying to retrieve the pas of my user profile,recover_password,ACCOUNT,BLQZ,10404
22179,"I have to leave feedback for a product, can you help me?",review,FEEDBACK,BCIL,12100
23787,is it possible to set up a damn different delivery address?,set_up_shipping_address,SHIPPING,BILW,13079
2548,where to correct my shipping address?,change_shipping_address,SHIPPING,BIL,1154
5727,can I check the bloody payment methods?,check_payment_methods,PAYMENT,BILW,2875
21086,is it possible to report an error with registrations,registration_problems,ACCOUNT,BILQ,11355
22022,"I have to leave a comment for a product, I need assistance",review,FEEDBACK,BCL,11972
16412,I am trying ot get rebates,get_refund,REFUND,BLMZ,8348
2377,i have got to correct the address,change_shipping_address,SHIPPING,BLQ,1034
3039,see cancellation charge,check_cancellation_fee,CANCEL,BKL,1459
4949,can i pay witj visa,check_payment_methods,PAYMENT,BIQZ,2490
4368,what do i need to do to see the invoice #37777,check_invoice,INVOICE,BILQ,2206
1532,can you help me to remove a product from order {{Order Number}}?,change_order,ORDER,BIL,520
11558,I want informatoin about the cancellation of my {{Account Type}} account,delete_account,ACCOUNT,BLZ,5829
2417,will you give me information about correcting the address?,change_shipping_address,SHIPPING,BILP,1062
12587,can you show me what shipping options I have?,delivery_options,DELIVERY,BILM,6312
25971,i expect a refund of {{Refund Amount}} dollars has it been processed,track_refund,REFUND,BCILQ,13845
16021,I try to obtain refunds,get_refund,REFUND,BLM,8095
16515,I don't know how I can get a compensation of my money,get_refund,REFUND,BL,8408
1202,problems with swapping a product of purchase {{Order Number}},change_order,ORDER,BLM,356
24720,"I have to use the premium profile, how to do it?",switch_account,ACCOUNT,BCIL,13476
14573,updating informtaion on {{Account Type}} account,edit_account,ACCOUNT,BKLZ,7425
14464,chnge data on gold account,edit_account,ACCOUNT,BKLZ,7362
1674,I have missed some goddamn articles in purchase {{Order Number}},change_order,ORDER,BLMW,581
13731,is it possible to check how long the shipment takes?,delivery_period,DELIVERY,BIL,6869
11982,cn I place an order from {{Delivery City}}?,delivery_options,DELIVERY,BISZ,6017
8743,"I want to contact customer support, can I get some help?",contact_customer_service,CONTACT,BCIL,4264
20381,I am trying to retrieve the PIN of my user profile,recover_password,ACCOUNT,BL,10834
20056,how to reset my user account key?,recover_password,ACCOUNT,BIL,10553
20352,i want help retrieving the pin code of my user profile,recover_password,ACCOUNT,BLQ,10811
23971,how can I use the freemium account?,switch_account,ACCOUNT,BIZ,13186
3372,what do I have to do to see the cancellation charges?,check_cancellation_fee,CANCEL,BILM,1430
8187,I want to call damn customer assistance,contact_customer_service,CONTACT,BLW,4039
12381,"I have to see the shipment methods, can you help me?",delivery_options,DELIVERY,BCIL,6252
5266,I'm trying to check the payment modalities,check_payment_methods,PAYMENT,BLQ,2664
21338,I don't know what to do to notify fo sign-up problems,registration_problems,ACCOUNT,BLMZ,11528
19848,wanna earn an article i need asisstance,place_order,ORDER,BCLQZ,10376
7650,can uhelp me file a customer reeclamation,complaint,FEEDBACK,BILQZ,3750
8991,"I cannot understand you, I have to contact a person",contact_human_agent,CONTACT,BCEL,4394
5380,I do not know how I can see your payment modalities,check_payment_methods,PAYMENT,BEL,2715
16470,assistance to get a rebate,get_refund,REFUND,BL,8382
10221,new standard account for wife,create_account,ACCOUNT,BKL,5143
23362,help to set my secondarydelivery address up,set_up_shipping_address,SHIPPING,BLZ,12884
17390,I need help cancelling my bloody newsletter subscription,newsletter_subscription,SUBSCRIPTION,BLW,8816
10743,"I ain't registered, I need to open a {{Account Type}} account with you",create_account,ACCOUNT,BCL,5161
19165,"I need to acquire some products, can I get some help?",place_order,ORDER,BCILM,9841
15931,can uhelp me getting reimbursements of my money,get_refund,REFUND,BILMQ,8012
20810,is it possible to retrieve the pass of my user profile?,recover_password,ACCOUNT,BILQ,11147
20158,where do I recover the access key of my user account?,recover_password,ACCOUNT,BIL,10646
6945,I don't know what to do to lodge a complaint,complaint,FEEDBACK,BL,3350
21749,is it possible to report issues with signup?,registration_problems,ACCOUNT,BILM,11768
16258,i have paid {{Currency Symbol}}{{Refund Amount}} for these itmes i want my compensation,get_refund,REFUND,BCELMQVZ,8264
12356,where to see the methods for shipment,delivery_options,DELIVERY,BILQ,6241
18486,want assistance notifying of an error with payments,payment_issue,PAYMENT,BLMQ,9360
2245,help me change the address,change_shipping_address,SHIPPING,BL,940
21444,notifying o issues with signup,registration_problems,ACCOUNT,BKLMZ,11596
22843,could you help me leaving an opinion about a product?,review,FEEDBACK,BILP,12568
6470,assistance to see how log reimbursements take,check_refund_policy,REFUND,BLZ,3192
20804,I do not know how to retrieve my bloody account PIN code,recover_password,ACCOUNT,BELW,11145
9713,can ya direct to me a live agent,contact_human_agent,CONTACT,BILQ,4830
9494,help talking with someone,contact_human_agent,CONTACT,BL,4570
2738,can you tell me more about a delivery address correction?,change_shipping_address,SHIPPING,BIL,1269
21737,i need assistance to inform of signup issues,registration_problems,ACCOUNT,BLMQ,11759
11321,I needassistance to close the gold account,delete_account,ACCOUNT,BLZ,5717
5243,I'd like to list the fucking payment methods how do i do it,check_payment_methods,PAYMENT,BCILPQW,2654
8471,help me check at what time i can call customer esrvice,contact_customer_service,CONTACT,BLQZ,4156
4282,would it be possible to find the bill #00108?,check_invoice,INVOICE,BILP,2157
7299,I want to file a reclamation,complaint,FEEDBACK,BL,3586
22735,"I want to write a review about your products, how to do it?",review,FEEDBACK,BCIL,12497
22553,where doI send feedback about your company?,review,FEEDBACK,BILZ,12375
10869,need to create an standard account,create_account,ACCOUNT,BQZ,5034
2488,i nedd supports editing my address,change_shipping_address,SHIPPING,BLMQZ,1115
17255,tell me about receiving ur corporate newsletter,newsletter_subscription,SUBSCRIPTION,BLQ,8772
11587,problem with the termination of my pro account,delete_account,ACCOUNT,BL,5842
4256,I try to locate my invoice #00108,check_invoice,INVOICE,BL,1953
2935,I can't modify the delivery address,change_shipping_address,SHIPPING,BL,1301
16365,where to receive rebates of money,get_refund,REFUND,BILMQ,8110
14742,could you help me modify the bloody data on my profile?,edit_account,ACCOUNT,BILPW,7522
14139,correcting data on freemium account,edit_account,ACCOUNT,BL,7149
18963,I want assistance buying some of your product,place_order,ORDER,BLM,9652
19663,I want help acquiring a product,place_order,ORDER,BL,10244
5513,I need assistance to list the available payment options,check_payment_methods,PAYMENT,BL,2781
5130,assistance to check what payment methods you accept,check_payment_methods,PAYMENT,B,2598
11903,I have a question about the deletion of my standard account,delete_account,ACCOUNT,BL,5988
1909,wanna change a product of order {{Order Number}},change_order,ORDER,BLQ,631
19031,I wan assistance purchasing several of your article,place_order,ORDER,BLMZ,9716
5787,I need assistance checking the payment methods,check_payment_methods,PAYMENT,BLZ,2904
8602,i dont know what to do to talk with customer assistance,contact_customer_service,CONTACT,BLQ,4210
10232,I'm tryingto create a {{Account Category}} account,create_account,ACCOUNT,BLQZ,5152
23128,is it possbile to set the secondary shipping address up,set_up_shipping_address,SHIPPING,BILQZ,12770
22917,could you help me enter another shipping address?,set_up_shipping_address,SHIPPING,BILPZ,12622
1618,assistance to add a damn article to order {{Order Number}},change_order,ORDER,BLW,556
22227,do you have an address to send some feedback?,review,FEEDBACK,BIL,12137
16868,"I have paid {{Currency Symbol}}{{Refund Amount}} for an order, I want a compensation",get_refund,REFUND,BCELMV,8604
5441,can you showme the accepted payment modalities?,check_payment_methods,PAYMENT,BILZ,2744
5141,is it possible to check your paymet modalities?,check_payment_methods,PAYMENT,BILZ,2603
19529,I do not know how to order some products,place_order,ORDER,BELM,10145
24571,need help touse the {{Account Type}} account,switch_account,ACCOUNT,BQZ,13431
4185,will you show me my damn bills from {{Person Name}}?,check_invoice,INVOICE,BILMPW,2101
4138,how can I look foe my invoice from {{Person Name}}?,check_invoice,INVOICE,BILZ,2071
18899,is it possible to order a few of your product?,place_order,ORDER,BILM,9590
23276,issues setting my new delivery address up,set_up_shipping_address,SHIPPING,BLM,12606
11463,delete gold acvount,delete_account,ACCOUNT,BKLZ,5793
8533,I do not know what I need to do to talk to customer service,contact_customer_service,CONTACT,BEL,4019
21147,notifying of problems creating user account,registration_problems,ACCOUNT,BKLM,11399
26718,"I would like to see my compensation status, how do I do it?",track_refund,REFUND,BCILP,14097
15385,I don't know what to do to downlod bill #12588,get_invoice,INVOICE,BLZ,7816
21089,i do not know how to inform of problems with a signup,registration_problems,ACCOUNT,BELMQ,11206
1891,could i modify oredr {{Order Number}},change_order,ORDER,BILPQZ,682
3349,withrdawal penalty,check_cancellation_fee,CANCEL,BLZ,1651
2836,can ya tell me about a delivery address update,change_shipping_address,SHIPPING,BILQ,1078
24363,"I have got to use the gold profile, can you help me?",switch_account,ACCOUNT,BCIL,13362
8240,how can I call customer service?,contact_customer_service,CONTACT,BIL,3875
10502,"I want a {{Account Type}} account, help me create it",create_account,ACCOUNT,BCL,5278
6072,show me in which situations can I ask to be refunded,check_refund_policy,REFUND,BL,2987
10351,I need hepl with opening a premium account,create_account,ACCOUNT,BLZ,5218
18795,I have to report troubles with payment,payment_issue,PAYMENT,BLM,9533
17078,can uhelp me cancellimg the subscription to the newsletter,newsletter_subscription,SUBSCRIPTION,BILQZ,8702
11794,want assistance ot close my standard account,delete_account,ACCOUNT,BLQZ,5936
25403,i cannot track purchase {{Order Number}},track_order,ORDER,BELNQ,13675
853,i dont want oredr {{Order Number}},cancel_order,ORDER,BNQZ,181
17768,can i check thew status of my newsletter subscription,newsletter_subscription,SUBSCRIPTION,BILQZ,8917
15704,i lost the bill from {{Person Name}} will ya mail it to m,get_invoice,INVOICE,BCILPQZ,7920
4575,want help chceking invoice #85632,check_invoice,INVOICE,BQZ,2304
11572,I need informatoin about {{Account Category}} account terminations,delete_account,ACCOUNT,BLMZ,5835
2750,I do not know how I can update the address,change_shipping_address,SHIPPING,BEL,1273
20350,"I want to reset the bloody key of my user, will you help me?",recover_password,ACCOUNT,BCILPW,10809
8141,can i check what hours cusyomer support available is,contact_customer_service,CONTACT,BILQZ,4016
8055,help me speaking with damn customer service,contact_customer_service,CONTACT,BLW,3967
5278,I don't know how to check the payment methods,check_payment_methods,PAYMENT,BL,2671
18256,i want help informing of troubles with online payment,payment_issue,PAYMENT,BLMQ,9230
26604,where could I check the current status of my restitution?,track_refund,REFUND,BILP,14069
3922,how can I locate the invoice #37777?,check_invoice,INVOICE,BIL,1913
14243,"I have to edit my account, could I get some help?",edit_account,ACCOUNT,BCIP,7223
4738,where can i look for the inovice #12588,check_invoice,INVOICE,BILQZ,2380
9605,help to talk with a fucking live agent,contact_human_agent,CONTACT,BLW,4766
17820,how do i unsubscriobe from ur newsletter,newsletter_subscription,SUBSCRIPTION,BILQZ,8928
12130,could you help me check what shipment options I have?,delivery_options,DELIVERY,BILMP,6134
21429,"I cannot register, inform of a signup issue",registration_problems,ACCOUNT,BCELN,11587
9805,speak to an assistnat,contact_human_agent,CONTACT,BLZ,4873
8021,what is your customer assistance number?,contact_customer_service,CONTACT,BIL,3945
2540,I am looking for information about a delivery address change,change_shipping_address,SHIPPING,BEL,1147
6579,see in whnich situations can I request my money back,check_refund_policy,REFUND,BLZ,3230
13666,how can i check when will my product arrive,delivery_period,DELIVERY,BILQ,6590
9974,where to create a pro account?,create_account,ACCOUNT,BIL,4980
5476,tell me what payment options are available,check_payment_methods,PAYMENT,BL,2760
3091,how could I see the cancellation fee?,check_cancellation_fee,CANCEL,BILP,1493
20935,i cant open a user profile where do i report sign-u errors,registration_problems,ACCOUNT,BCILMNQZ,11241
21404,error opening user profile,registration_problems,ACCOUNT,BKL,11571
22925,there are errors entering my delivery address,set_up_shipping_address,SHIPPING,BLM,12629
14452,"I want to change the information on my account, I need help",edit_account,ACCOUNT,BCL,7355
12958,could I check how long it takes for my order to arrive?,delivery_period,DELIVERY,BILP,6471
23540,"I have got to enter a new shipping address, how do I do it ?",set_up_shipping_address,SHIPPING,BCILZ,12627
15967,I want help to get refunds,get_refund,REFUND,BM,8048
16890,can you help me receiving refunds?,get_refund,REFUND,BILM,8612
25201,I need help locatin purchase {{Order Number}},track_order,ORDER,BLZ,13620
10664,I want assistance to create a pro account,create_account,ACCOUNT,BL,5349
16278,what do I need to do to get refunds of money?,get_refund,REFUND,BIM,8277
6771,I want help seeing in which cases can I ask to be refunded,check_refund_policy,REFUND,BL,3289
9653,can udirect ot me somebody,contact_human_agent,CONTACT,BILQZ,4792
10336,I want assistance to open a different damn pro account,create_account,ACCOUNT,BLW,5210
15818,what do i have to do to downlpoad my bill #12588,get_invoice,INVOICE,BILQZ,7956
16497,how could I obtain rebates?,get_refund,REFUND,BILMP,8400
2883,"I entered a wrong address by mistake, could I update it?",change_shipping_address,SHIPPING,BCILP,1351
22670,comment for your services,review,FEEDBACK,BKL,12450
15435,get bill fromAnna Freeman,get_invoice,INVOICE,BKLZ,7835
25795,I try to check purcbase {{Order Number}} status,track_order,ORDER,BLZ,13768
24257,switching to another user,switch_account,ACCOUNT,BK,13316
16372,where to obtain a refund of my money?,get_refund,REFUND,BIL,8324
9071,what do I ned to do to talk to someone?,contact_human_agent,CONTACT,BILZ,4453
17,"I bought the same item twice, cancel order {{Order Number}}",cancel_order,ORDER,BCL,11
7877,I have got to make a customer reclamation,complaint,FEEDBACK,BL,3845
15012,I do not know how I can get bill #37777,get_invoice,INVOICE,BEL,7685
5544,help me checking the available payment options,check_payment_methods,PAYMENT,BL,2795
18827,help me solve a trouble with online payments,payment_issue,PAYMENT,BLM,9549
4402,I do not know how I can look for the invoice #37777,check_invoice,INVOICE,BEL,2124
3166,need help seeing the termination chaeges,check_cancellation_fee,CANCEL,BLMQZ,1546
26395,want help seeing the refund status,track_refund,REFUND,BLQ,14009
22605,need help to send some feedback about a product,review,FEEDBACK,BLQ,12409
14700,edit info on premium account,edit_account,ACCOUNT,BKLQ,7503
15470,help me todownload my invoice #00108,get_invoice,INVOICE,BLZ,7848
2752,i have issues modifying the address,change_shipping_address,SHIPPING,BLMQ,1274
21944,"I have to leave some feedback about a product, help me",review,FEEDBACK,BCL,11906
5525,need to see the allowed payment options can uhelp me,check_payment_methods,PAYMENT,BCILQ,2787
21049,I cannot inform of an error with sign-up,registration_problems,ACCOUNT,BELN,11329
17770,"I want to sign up to your newsletter, how do I do it?",newsletter_subscription,SUBSCRIPTION,BCIL,8918
4610,wanna look for my bill #85632 could i get some help,check_invoice,INVOICE,BCILPQ,2322
5527,need help to check the available payment modaliites,check_payment_methods,PAYMENT,BLQZ,2788
4641,checking invoices from 9 months ago,check_invoice,INVOICE,BKM,2337
9674,could I talk to someone?,contact_human_agent,CONTACT,BILP,4806
21197,need to notify of an issue with registrations,registration_problems,ACCOUNT,BLQ,11286
21356,I am experiencing registration issues,registration_problems,ACCOUNT,BELM,11375
18663,I'm trying to notify of a trouble with online payments,payment_issue,PAYMENT,BLMQ,9465
13279,I have to ese how soon can I expect the article,delivery_period,DELIVERY,BLZ,6672
5655,I do not know how I can list the payment modalities,check_payment_methods,PAYMENT,BEL,2511
20499,have problems with the lost PIN code,recover_password,ACCOUNT,BLMQ,10922
5872,show me your fucking accepted payment options,check_payment_methods,PAYMENT,BLW,2937
11678,"I no longer use my standard account, could I close it?",delete_account,ACCOUNT,BCEILP,5882
24092,I don't know what to do to switch to the premium account,switch_account,ACCOUNT,B,13251
17448,need assistance unsubscrbiing from the corporate newsletter,newsletter_subscription,SUBSCRIPTION,BLQZ,8838
15451,how do I download the invoive from 6 last weeks?,get_invoice,INVOICE,BILMZ,7839
2635,"I have entered a wrong shipping address, I want to modify it",change_shipping_address,SHIPPING,BCL,1205
11461,i dont know what i need to do to remove the platinum account,delete_account,ACCOUNT,BLQ,5791
21918,i want assistancesubmitting my feedback for a product,review,FEEDBACK,BLQZ,11881
17573,I can't receive the company newsletter,newsletter_subscription,SUBSCRIPTION,BL,8872
10169,i need assistance to open a pro account for my dad,create_account,ACCOUNT,BLQ,5113
20304,how too recover the key of my user account,recover_password,ACCOUNT,BILQZ,10771
16715,I do not know how to request a compensation,get_refund,REFUND,BEL,8364
12707,I'm calling to see the shipment methods,delivery_options,DELIVERY,BLQ,6350
22979,i have got to enter my new deluvery address can ya help me,set_up_shipping_address,SHIPPING,BCILQZ,12672
7070,what do I need to do to lodge a claim against your company?,complaint,FEEDBACK,BIL,3414
19416,I don't know what todo to purchase something,place_order,ORDER,BLZ,10057
5424,is it possible to see the payment modalities?,check_payment_methods,PAYMENT,BIL,2736
6471,assistance to see how long reimbursements usually take,check_refund_policy,REFUND,BL,3003
10019,I don't know how to open a platinum account for my dad,create_account,ACCOUNT,BL,5017
5674,"I have to check what payment methods are accepted, help me",check_payment_methods,PAYMENT,BCL,2849
19782,I need help buying several of your article,place_order,ORDER,BLM,10326
13925,I'm trying to correct the info included on my profile,edit_account,ACCOUNT,BLQ,6966
14253,correcting infornation on freemium account,edit_account,ACCOUNT,BKLZ,7227
18985,can you help me shop several of your product?,place_order,ORDER,BILM,9674
14187,correcting info on standard account,edit_account,ACCOUNT,BKLQ,7186
9136,i dont know how i can contact somebody,contact_human_agent,CONTACT,BLQ,4502
7367,can you help me make a customer claim?,complaint,FEEDBACK,BIL,3621
13113,want hel seeing how long the shipping takes,delivery_period,DELIVERY,BLQZ,6585
17118,I would like to sign up to the corporate newsletter,newsletter_subscription,SUBSCRIPTION,BLP,8717
21405,i cannot create a profile where to notify of signup issues,registration_problems,ACCOUNT,BCEILMNQ,11572
5808,"I want to see the payment methods, help me",check_payment_methods,PAYMENT,BCLZ,2911
3999,how can I give a quick look at my bills from {{Person Name}}?,check_invoice,INVOICE,BILM,1976
8424,where to see at what time customer support available is?,contact_customer_service,CONTACT,BIL,3928
22481,I need assistance to send some feedback for your company,review,FEEDBACK,BL,12324
18035,"the payment failed, help notifying of problems with payments",payment_issue,PAYMENT,BCLM,9074
9323,"I do not understand you, helop me contact a human agent",contact_human_agent,CONTACT,BCELZ,4620
7444,help me making a reclamation against ur organizatuon,complaint,FEEDBACK,BLQZ,3660
16253,i do not know what i have to do to obtain a rebate,get_refund,REFUND,BELQ,8261
10951,have a problem with the termination of a {{Account Category}} account,delete_account,ACCOUNT,BLQ,5496
21465,how do i report sign-up problems,registration_problems,ACCOUNT,BILMQ,11245
13583,show me how long it normally takes for my item to arrive,delivery_period,DELIVERY,BL,6808
6577,I am trying to see in what cases can I ask for refunds,check_refund_policy,REFUND,BL,3229
24827,i dont khow what i need to do to change to the {{Account Type}} account,switch_account,ACCOUNT,BLQZ,13506
8606,were do I see at what time I can reach customer service?,contact_customer_service,CONTACT,BILZ,4213
6445,I have to see in which cases can I ask to be reimbursed,check_refund_policy,REFUND,BL,2959
3842,checking early exit fee,check_cancellation_fee,CANCEL,BL,1677
18237,want assistance solving problems with payment,payment_issue,PAYMENT,BLMQ,9220
9072,is it possible to speak to someone?,contact_human_agent,CONTACT,BIL,4454
10289,another {{Account Type}} account,create_account,ACCOUNT,BKL,5185
14486,I don't know what I need to do to edit my user information,edit_account,ACCOUNT,BL,7371
2594,i need help chanigng the shipping address,change_shipping_address,SHIPPING,BQZ,1178
20066,I want to retrieve my fucking user profile access key,recover_password,ACCOUNT,BLW,10562
4647,i need assistaance finding invoice #85632,check_invoice,INVOICE,BQZ,2339
13774,I want help checking when my shipment is going to arrive,delivery_period,DELIVERY,BL,6885
9443,I can't chat with a human agent,contact_human_agent,CONTACT,BL,4679
16601,could you help me receiving a rebate of money?,get_refund,REFUND,BILP,8453
23234,is it possible to set a new shipping address up?,set_up_shipping_address,SHIPPING,BI,12823
14906,i lost bill #12588 could ya mail it to me,get_invoice,INVOICE,BCILPQ,7619
4723,I'm trying to find the invoice #00108,check_invoice,INVOICE,BQ,2372
22339,I'm trying to send my feedback for ur company,review,FEEDBACK,BLQ,12220
5844,want assistance to see the payment modalities,check_payment_methods,PAYMENT,BLQ,2631
6537,can I check in which cases can I request my damn money back?,check_refund_policy,REFUND,BILW,3216
23601,why I cannot enter a new shipping address valid,set_up_shipping_address,SHIPPING,BEL,12990
14828,change details on freemium account,edit_account,ACCOUNT,BKLM,7566
14352,editing details on freemium account,edit_account,ACCOUNT,BKLM,7289
25803,want help to check the fucking TEA of the order {{Order Number}},track_order,ORDER,BLQWZ,13769
7321,I would like to make a customer claim against your business,complaint,FEEDBACK,BLP,3597
19105,"I need to earn some of your article, can you help me?",place_order,ORDER,BCILM,9787
18773,want help to report a trouble with payment,payment_issue,PAYMENT,BLQ,9523
4572,"I have to locate my bill #00108, help me",check_invoice,INVOICE,BCLZ,2302
20353,where do i restore the password ofmy account,recover_password,ACCOUNT,BILQZ,10812
14186,i do not know what to do to modify the user data,edit_account,ACCOUNT,BELQ,7185
23858,there is a trouble entering a secondary shipping addres,set_up_shipping_address,SHIPPING,BLZ,13111
18138,I do not know how to report errors with payments,payment_issue,PAYMENT,BELM,9147
9310,helpme speaking with somebody,contact_human_agent,CONTACT,BLZ,4613
19913,can you help me to recover my PIN code?,recover_password,ACCOUNT,BIL,10409
5888,I'm trying to check ur accepted payment otions,check_payment_methods,PAYMENT,BLQZ,2942
20201,want assistance to retrieve the PIN code of my user account,recover_password,ACCOUNT,BLQ,10687
19803,how do i earn a few of ur product,place_order,ORDER,BILMQ,10342
18984,I don't know how I can earn a few of your article,place_order,ORDER,BLM,9673
2303,where can i edit the shipping address,change_shipping_address,SHIPPING,BILQ,981
1464,can you help me edit purchase {{Order Number}}?,change_order,ORDER,BIL,398
16139,where can I get bloody rebates of money?,get_refund,REFUND,BILMW,8186
25214,need to check the etga of order {{Order Number}} help me,track_order,ORDER,BCQZ,13624
20213,I want assistance to restore my user access key,recover_password,ACCOUNT,BL,10699
888,I need assistance canceling ordr {{Order Number}},cancel_order,ORDER,BZ,185
14539,update personal data,edit_account,ACCOUNT,BKL,7407
24550,wanna use the {{Account Type}} account i need help,switch_account,ACCOUNT,BCQ,13426
18201,help me to notify of an reror with payments,payment_issue,PAYMENT,BLMZ,9193
9572,"I don't understand you, help talking to a goddamn person",contact_human_agent,CONTACT,BCLW,4747
16768,where do I demand compensations?,get_refund,REFUND,BILM,8546
21864,where to inform of a sign-up problem?,registration_problems,ACCOUNT,BIL,11835
13923,"I need to modify my damn user profile, how can I do it?",edit_account,ACCOUNT,BCILW,6965
18092,how can I inform of a payment issue?,payment_issue,PAYMENT,BILZ,9115
327,i dont khow how to cancel order {{Order Number}},cancel_order,ORDER,BQZ,101
16664,how do i receibe a compensation of money,get_refund,REFUND,BILQZ,8489
17298,information about the subscription to the newsletter,newsletter_subscription,SUBSCRIPTION,BL,8620
9907,I want help to talk to a person,contact_human_agent,CONTACT,BL,4922
2293,there are issues trying to edit the shipping address,change_shipping_address,SHIPPING,BLM,975
8331,will you tell me what hours I can contact customer support?,contact_customer_service,CONTACT,BILP,4105
2019,there is an error trying to change my address,change_shipping_address,SHIPPING,BL,743
17796,where could I sign up to your fucking company newslettrer?,newsletter_subscription,SUBSCRIPTION,BILPWZ,8923
16188,i have paid {{Currency Symbol}}{{Refund Amount}} for these order help me receiving a refund,get_refund,REFUND,BCELMQVZ,8221
4756,help me find my fucking invoices from {{Person Name}},check_invoice,INVOICE,BLMW,2390
24198,I would like to change to the {{Account Type}} account,switch_account,ACCOUNT,BLP,13291
14769,correct details onPro account,edit_account,ACCOUNT,BKLMZ,7536
24649,I want help changing to the goddamn platinum account,switch_account,ACCOUNT,BLW,13453
20442,what do i need to do to restore my account pin,recover_password,ACCOUNT,BILQ,10883
10099,open another pro account,create_account,ACCOUNT,BKL,5069
4252,"I have to see my bill, help me",check_invoice,INVOICE,BCL,2139
21857,i cannot inform of an issue with signup,registration_problems,ACCOUNT,BELNQ,11707
18517,i dont know how to inform of a payment problem,payment_issue,PAYMENT,BLQ,9379
13903,edit premium accont,edit_account,ACCOUNT,BKLZ,6946
6817,see under which circumstances can I request my money back,check_refund_policy,REFUND,BL,3256
19131,I don't know what I need to do to acquire something,place_order,ORDER,BL,9810
25184,can i see tye eta of purchase {{Order Number}},track_order,ORDER,BILQZ,13614
4180,"I have lost bill #12588, can you show it to me?",check_invoice,INVOICE,BCILV,2097
8330,what do I have to do to talk with bloody customer support?,contact_customer_service,CONTACT,BILW,4104
18113,what do i have to do to report errors with payments,payment_issue,PAYMENT,BILMQ,9130
14777,wanna edit the data included on my user profile can uhelp me,edit_account,ACCOUNT,BCILQ,7542
15462,i lost the bill from {{Person Name}} send it to me,get_invoice,INVOICE,BCLQ,7845
16822,can uhelp me ot request a damn compensation of money,get_refund,REFUND,BILQWZ,8580
4176,"I need to see the invoices from {{Person Name}}, can you help me?",check_invoice,INVOICE,BCILM,2094
22815,is there an address to submit an opinion about ur products,review,FEEDBACK,BILQ,12550
2969,what is the fee for canceling the contract?,check_cancellation_fee,CANCEL,BIL,1398
12492,I'm calling to check the shipping options,delivery_options,DELIVERY,BLQ,6282
9139,ya are not helpful could i speak with a fucking human agent,contact_human_agent,CONTACT,BCEILPQW,4505
21428,can you help me to report an issue with signup?,registration_problems,ACCOUNT,BIL,11586
10581,"I ain't registered yet, how can I open a standard account?",create_account,ACCOUNT,BCIL,5313
6319,I'd like to check in which situations can i ask for a refund,check_refund_policy,REFUND,BLPQ,3147
10510,"I am not registered, I want assistance opening a {{Account Type}} accont",create_account,ACCOUNT,BCELZ,5280
10671,open another premium account for mum,create_account,ACCOUNT,BKL,5353
19554,I need assistance acquiring a product,place_order,ORDER,BL,9838
18696,I want assistance to notify of goddamn issues with payments,payment_issue,PAYMENT,BLMW,9481
17521,I cannot sign up to your corporate newsledtter,newsletter_subscription,SUBSCRIPTION,BELZ,8856
8332,do uhavea toll-free number to speak to customer assistance,contact_customer_service,CONTACT,BILQZ,4106
17113,can utell me about the corporate newsletter subscription,newsletter_subscription,SUBSCRIPTION,BILQ,8714
18858,I need assistance to notify of an error with online payments,payment_issue,PAYMENT,BLM,9131
18926,i do not know what i have to do to make a purchase,place_order,ORDER,BEQ,9616
11366,problem with gold account terminations,delete_account,ACCOUNT,BLM,5744
19381,is it possible top order several items?,place_order,ORDER,BILMZ,10031
5752,wanna check theavailable payment options,check_payment_methods,PAYMENT,BLQZ,2888
15971,help me requesting a bloody compensation,get_refund,REFUND,BLW,8052
21302,"I need to notify of errors with signup, will you help me?",registration_problems,ACCOUNT,BCILMP,11506
4619,is it possible to giev a quick look at the bill #37777?,check_invoice,INVOICE,BILZ,2328
1509,can I swap some items of purchase {{Order Number}}?,change_order,ORDER,BILM,287
13041,can ya help me to check when my product is gonna arrive,delivery_period,DELIVERY,BILQ,6532
7751,assistance to lodge a fucking consumer claim,complaint,FEEDBACK,BLW,3789
22954,I have troubles entering another delivery address,set_up_shipping_address,SHIPPING,BLM,12651
8812,what do I have to do to talk with cusromer support?,contact_customer_service,CONTACT,BILZ,4290
6068,wanna see how long refunds take could ya help me,check_refund_policy,REFUND,BCILPQ,3051
9232,I do not kinow how to contact a person,contact_human_agent,CONTACT,BELZ,4567
26193,could I know if there are any updates on my rebate?,track_refund,REFUND,BILMP,13889
15762,I am trying to download invoice #00108,get_invoice,INVOICE,BLZ,7661
19103,I do not know what to do to earn some products,place_order,ORDER,BELM,9785
22757,i want help leaving a comment about a service,review,FEEDBACK,BLQ,12111
20439,i have lost my access key can i recover it,recover_password,ACCOUNT,BCILQV,10421
12640,"I have to see what shipping options I have, can you help me?",delivery_options,DELIVERY,BCILM,6327
10465,I want to know more about opening a {{Account Type}} account,create_account,ACCOUNT,BL,4977
1637,"I missed an item in purchase {{Order Number}}, I need help adding it",change_order,ORDER,BCL,564
18735,"I can't pay, could you help me report payment errors?",payment_issue,PAYMENT,BCILMP,9500
16064,get refund,get_refund,REFUND,BK,8130
22151,need to write a comment about ur serfices how could i do it,review,FEEDBACK,BCILPQZ,12078
15624,i dont know what i habe to do to get my bill #85632,get_invoice,INVOICE,BLQZ,7895
22585,I have to write a fucking comment for a service,review,FEEDBACK,BLW,12393
23054,there are errors setting a different delivery address up,set_up_shipping_address,SHIPPING,BLM,12725
2839,support editing the delivery address,change_shipping_address,SHIPPING,BL,1324
24530,"I have got to change to the freemium account, help me",switch_account,ACCOUNT,BCL,13417
15089,mail me bill #00108,get_invoice,INVOICE,BL,7718
15424,wanna get the bil from {{Person Name}} will uhelp me,get_invoice,INVOICE,BCILPQZ,7829
2315,"I have chosen a wrong shipping address , how do I update it?",change_shipping_address,SHIPPING,BCILZ,989
9729,I do not know what todo to chat with a live agent,contact_human_agent,CONTACT,BELZ,4835
19101,"I would like to do a purchase, can you help me?",place_order,ORDER,BCILP,9783
26702,I cannot see if there are any news on my restitution,track_refund,REFUND,BELMN,14091
2709,i do nmot know what to do to change my delivery address,change_shipping_address,SHIPPING,BELQZ,1250
22371,i try to leave efedback for ur company,review,FEEDBACK,BLQZ,12247
9791,can I talk with a bloody agent?,contact_human_agent,CONTACT,BILW,4864
10170,open a platinum acount for my dad,create_account,ACCOUNT,BLZ,5114
14264,change data on freemium account,edit_account,ACCOUNT,BKL,7232
5103,"I need to see the allowed payment options, help me",check_payment_methods,PAYMENT,BCL,2582
4363,I don't know what I have to do to look for invoice #00108,check_invoice,INVOICE,BL,2203
20801,where to recover the PIN of my user account?,recover_password,ACCOUNT,BIL,10662
12638,"I have to see the shipping options, I need help",delivery_options,DELIVERY,BCL,6325
4614,"I need to look for my invoice #00108, help me",check_invoice,INVOICE,BCL,2326
14505,correct information on gold account,edit_account,ACCOUNT,BKL,7384
8464,I want help speaking with customer assistance,contact_customer_service,CONTACT,BL,4066
19817,i want help acquiring an article,place_order,ORDER,BLQ,10351
14062,need to change some of my user details how to do it,edit_account,ACCOUNT,BCILMQ,7086
5295,wanna list the payment modalities can ya help me,check_payment_methods,PAYMENT,BCILQ,2683
14201,"I have got to edit my account, will you help me?",edit_account,ACCOUNT,BCIP,7194
20824,I can't restore my user profile PIN,recover_password,ACCOUNT,BLN,11157
22597,"I need to leave feedback about your company, how do I do it?",review,FEEDBACK,BCIL,12403
3283,i dont know what to do to see the termination penalty,check_cancellation_fee,CANCEL,BLQ,1618
24767,is it possible to change to the {{Account Type}} account?,switch_account,ACCOUNT,BIL,13488
24504,I am trying to change user,switch_account,ACCOUNT,BL,13410
22910,"I have to submit my new delivery address, will you help me?",set_up_shipping_address,SHIPPING,BCILP,12615
5050,I am trying to list your acceoted payment options,check_payment_methods,PAYMENT,BLZ,2557
14863,correct data on gold account,edit_account,ACCOUNT,BKL,7587
23645,"I have to set up my shipping address, I need assistance",set_up_shipping_address,SHIPPING,BCL,13016
11253,remove premium account,delete_account,ACCOUNT,BKL,5677
9852,want assistance to contact an person,contact_human_agent,CONTACT,BLQZ,4901
9187,speak with operator,contact_human_agent,CONTACT,BKL,4435
3764,I do not know what to do to ese the cancellation penalties,check_cancellation_fee,CANCEL,BELMZ,1842
20888,ik do not know how i can notify of a sign-up problem,registration_problems,ACCOUNT,BELQZ,11196
23176,I cannot submit another shipping address,set_up_shipping_address,SHIPPING,BEL,12799
8275,I want help to talk to customer support,contact_customer_service,CONTACT,BL,3915
23904,help using the freemium profile,switch_account,ACCOUNT,BL,13143
22678,review for your services,review,FEEDBACK,BK,12456
6007,I am trying to check your money back guarantee,check_refund_policy,REFUND,BL,3017
17835,I have got to subscribe to the fucking newsletter,newsletter_subscription,SUBSCRIPTION,BLW,8933
12905,I call to check how sono can I expect my order,delivery_period,DELIVERY,BLZ,6421
21740,help me nltifying of issues with a sign-up,registration_problems,ACCOUNT,BLMZ,11760
15813,I'm trying to get my invoice from {{Person Name}},get_invoice,INVOICE,BLQ,7942
8359,can you help me speaking with customer service?,contact_customer_service,CONTACT,BIL,4112
20772,i dont know how i can reset the pass of my account,recover_password,ACCOUNT,BLQ,11127
18101,where do i inform of a trouble with online payment,payment_issue,PAYMENT,BILQ,9121
23396,I'm trying to set up another shipping address,set_up_shipping_address,SHIPPING,BQ,12898
19699,help shopping several of your product,place_order,ORDER,BLM,10274
14445,modify information on pro acfount,edit_account,ACCOUNT,BKLZ,7065
14618,edit info on premium accunt,edit_account,ACCOUNT,BKLQZ,7451
10486,"I haven't signed up, I need assistance opening a pro account",create_account,ACCOUNT,BCL,5274
6314,need to check ur money back ugarantee,check_refund_policy,REFUND,BLQZ,3144
3413,Ineed assistance to see the withdrawal charges,check_cancellation_fee,CANCEL,BLMZ,1686
19585,how can I buy some products?,place_order,ORDER,BILM,10185
10780,tell me more about opening gold accounts,create_account,ACCOUNT,BLM,5405
12789,"I would like to check the fucking delivery methods, help me",delivery_options,DELIVERY,BCLPW,6377
17992,"the payment failed, could I notify of an error with payment?",payment_issue,PAYMENT,BCILP,9038
14319,need to change the details on my user profile help me,edit_account,ACCOUNT,BCLMQ,7269
22826,is there a way to send an opinion for your products?,review,FEEDBACK,BIL,12559
4408,check invoices from eleven months ago,check_invoice,INVOICE,BKM,2225
10294,"I haven't registered, can I open a standard account?",create_account,ACCOUNT,BCIL,5188
2765,information about editing my shipping address,change_shipping_address,SHIPPING,BL,909
8018,want help seeing what hours ik can call customer service,contact_customer_service,CONTACT,BLQZ,3943
20091,how could I reset the PIN of my account?,recover_password,ACCOUNT,BILP,10586
13150,how do I see how soon can I expect the bloody delivery?,delivery_period,DELIVERY,BILW,6607
6681,can ya show me in what cases can i ask for a reimbursement,check_refund_policy,REFUND,BILQ,3258
21560,I don't know how to inform of a signup problem,registration_problems,ACCOUNT,BL,11658
17944,I don't know what to do t report issues with online payment,payment_issue,PAYMENT,BLMZ,8994
9499,i do not understand ya is it possible to speak to osmebody,contact_human_agent,CONTACT,BCEILQZ,4704
1610,"I have to update order {{Order Number}}, I need assistance",change_order,ORDER,BCL,553
24130,want assistance using the standard account,switch_account,ACCOUNT,BQ,13268
2519,there are issues updating my address,change_shipping_address,SHIPPING,BLM,1133
10972,I need information about my freemium acclunt removal,delete_account,ACCOUNT,BLZ,5508
7427,"I need to make a damn consumer complaint, how could I do it?",complaint,FEEDBACK,BCILPW,3651
9564,I need help to speak with a live agent,contact_human_agent,CONTACT,BL,4516
18992,i want assistance acquiring a few of ur article,place_order,ORDER,BLMQ,9681
15113,ened assistance downloading the bill from {{Person Name}},get_invoice,INVOICE,BLQZ,7726
16620,I do not know how to get refunds of my money,get_refund,REFUND,BEM,7985
26306,assistance to see the status of my compensation,track_refund,REFUND,BL,13972
11872,I need assistance closing my platinum account,delete_account,ACCOUNT,BLZ,5458
21017,I have issues trying to register,registration_problems,ACCOUNT,BMZ,11305
21550,i need assistance to report sign-up problems,registration_problems,ACCOUNT,BLMQ,11653
24834,how do i change to the gold acconut,switch_account,ACCOUNT,BILQZ,13507
7777,wanna lodge a complaint,complaint,FEEDBACK,BLQ,3802
7826,assistance lodging a customer claim,complaint,FEEDBACK,BL,3826
902,ihave bought some damn product cancel order {{Order Number}},cancel_order,ORDER,BCEQVWZ,189
13075,i dont know how i can see when will my article arrive,delivery_period,DELIVERY,BLQ,6559
8709,how can I talk to customer assistance?,contact_customer_service,CONTACT,BIL,4251
26011,i cant see if there is anything wrong with my reimbursement,track_refund,REFUND,BLNQ,13866
16157,how do I ddmand refunds of my money?,get_refund,REFUND,BILMZ,8201
8920,i canttalk to a human agent,contact_human_agent,CONTACT,BLQZ,4329
16726,where do i ask for a refund,get_refund,REFUND,BILQ,8523
13663,want assistance to see how soon can i expect the shipment,delivery_period,DELIVERY,BLQ,6654
24691,help me change to the standard account,switch_account,ACCOUNT,BL,13171
20900,what do i need to do to reportt registration errors,registration_problems,ACCOUNT,BILMQZ,11208
26251,where can I check the current status of my rebate?,track_refund,REFUND,BIL,13960
17933,where can I inform of problems with payment?,payment_issue,PAYMENT,BILM,8986
2106,error editing shipping address,change_shipping_address,SHIPPING,BKL,824
95,I want help cancellkng purchase {{Order Number}},cancel_order,ORDER,BLZ,39
7027,assistance to make a caim against ur business,complaint,FEEDBACK,BLQZ,3410
11352,what do I need to do to delete a goddamn gold account?,delete_account,ACCOUNT,BILW,5734
15977,where can I request refunds of my money?,get_refund,REFUND,BILM,8057
18112,"I cannot pay, help me informing of damn issues with payments",payment_issue,PAYMENT,BCELMW,9129
19229,can you help me to order several articles?,place_order,ORDER,BILM,9737
13724,want help seeing how long it takes for my order to arrive,delivery_period,DELIVERY,BLQ,6865
489,i cannot pay for puchase {{Order Number}} how could i cancel it,cancel_order,ORDER,BCEILNPQZ,130
19068,I don't know how I can make a purchase,place_order,ORDER,B,9750
9664,I do not know how to talk with a live agent,contact_human_agent,CONTACT,BEL,4798
14893,changing info on standard account,edit_account,ACCOUNT,BKLQ,7607
16457,i do not know how to receive a compensatin,get_refund,REFUND,BELQZ,8374
15103,i dont know how to gt the invoices from {{Person Name}},get_invoice,INVOICE,BMQZ,7723
22030,I don't know how I could leave a comment about your company,review,FEEDBACK,BLP,11978
1737,I have to delete an item from order {{Order Number}},change_order,ORDER,BL,615
1984,help me remove something from order {{Order Number}},change_order,ORDER,B,235
9936,I want help creating a new damn standard account,create_account,ACCOUNT,BLW,4948
17346,information about the corporate newsletter subscription,newsletter_subscription,SUBSCRIPTION,BL,8800
10579,create {{Account Type}} cacount,create_account,ACCOUNT,BKZ,5312
9598,help to chat with a damn operator,contact_human_agent,CONTACT,BLW,4761
5814,"I have got to see the available payment methods, I need help",check_payment_methods,PAYMENT,BCL,2913
12749,i have to see the shipment options can i get some help,delivery_options,DELIVERY,BCILQ,6362
23289,"I would like to enter a new delivery address, help me",set_up_shipping_address,SHIPPING,BCLP,12647
25255,want asistance checking the eta of the order {{Order Number}},track_order,ORDER,BQZ,13638
14646,I need assistance modifying my bloody user account,edit_account,ACCOUNT,BLW,7468
26232,i expect a compensation of1200 dollars has it been processed,track_refund,REFUND,BCILQZ,13954
18214,"I can't pay, how could I notify of a payment problem?",payment_issue,PAYMENT,BCILP,9200
21856,where can i inform of an issue with an signup,registration_problems,ACCOUNT,BILQZ,11830
26146,help me checking the goddamn reimbursement current status,track_refund,REFUND,BLW,13924
2456,help with a delivery address correction,change_shipping_address,SHIPPING,BLZ,1089
3553,"I can't find the withdrawal penalty, I need help",check_cancellation_fee,CANCEL,BCL,1751
20363,assistance recovering the access key of my user profile,recover_password,ACCOUNT,BL,10480
2504,"I have got to modify my delivery address, how can I do it?",change_shipping_address,SHIPPING,BCIL,1125
9080,"you aren't helpful at all, direct to me a damn assistant",contact_human_agent,CONTACT,BCLW,4459
14459,i need help to correct the info on my user,edit_account,ACCOUNT,BLQ,7360
19080,help ordering soem of your product,place_order,ORDER,BLMZ,9762
24446,"I want to use the {{Account Category}} profile, help me",switch_account,ACCOUNT,BCLZ,13387
21102,I have got to inform of signup issues,registration_problems,ACCOUNT,BLM,11366
2397,I have errors chanjging the shipping address,change_shipping_address,SHIPPING,BLMZ,1047
511,problems with cnceling purchase {{Order Number}},cancel_order,ORDER,BLMZ,136
12730,I am trying to check what shipping methods are there,delivery_options,DELIVERY,BLM,6353
21802,where to inform of errorswith registrations?,registration_problems,ACCOUNT,BILMZ,11589
15469,where to get my bill #00108?,get_invoice,INVOICE,BIL,7847
20251,"I forgot the PIN of my profile, can I retrieve it?",recover_password,ACCOUNT,BCIL,10726
20883,I need assistance resetting my account password,recover_password,ACCOUNT,BL,11192
14220,modify details on platinum account,edit_account,ACCOUNT,BKLM,7044
2943,give me information about a shipping address update,change_shipping_address,SHIPPING,BL,1382
1710,how colud I delete something from order {{Order Number}}?,change_order,ORDER,BILPZ,601
19236,where do I order something?,place_order,ORDER,BIL,9903
18777,I need to inform of damn issues with online payment,payment_issue,PAYMENT,BLMW,9524
25633,wanna check the eta of order {{Order Number}} how to do it,track_order,ORDER,BCIQ,13728
8970,"I do not understand you, help me speaking with an agent",contact_human_agent,CONTACT,BCEL,4376
19504,I want help buying a few of your article,place_order,ORDER,BLM,10126
23690,what do I have to do to set up another delivery address?,set_up_shipping_address,SHIPPING,BIL,13031
20942,need to infomr of an error with registrations,registration_problems,ACCOUNT,BLQZ,11246
22862,i need assistance to submit feedback about a service,review,FEEDBACK,BLQ,12272
14329,correct information on {{Account Category}} account,edit_account,ACCOUNT,BKL,7024
7491,is it possible to lodge a bloody customer claim?,complaint,FEEDBACK,BILW,3682
13679,"I have got to see when will my item arrive, can you help me?",delivery_period,DELIVERY,BCIL,6851
23223,I have an issue setting the secondary delivery address up,set_up_shipping_address,SHIPPING,BL,12819
2166,I am trying to change my delivery address,change_shipping_address,SHIPPING,BL,874
7259,I want help to file a reclamation against your company,complaint,FEEDBACK,BL,3441
2475,i have a trouble updating my addrses,change_shipping_address,SHIPPING,BLQZ,1103
10663,"I need a different bloody {{Account Type}} account, can you create it?",create_account,ACCOUNT,BCILW,5348
22000,I don't know how I can submit some feedback,review,FEEDBACK,B,11955
18699,i have got to notify of an sisue with online payment,payment_issue,PAYMENT,BLQZ,9483
20747,I need help to retrieve my pass,recover_password,ACCOUNT,BLQ,11110
11940,is it possible to place an order from {{Delivery Country}}?,delivery_options,DELIVERY,BIS,6011
10358,what do i have to do to createa premium account,create_account,ACCOUNT,BILQZ,5221
24316,can you help me to use the gold profile?,switch_account,ACCOUNT,BIL,13178
4746,i dont know how i can locate bill #00108,check_invoice,INVOICE,BLQ,2383
21576,I don't know how I can inform of problems with sign-up,registration_problems,ACCOUNT,BLM,11667
12314,how can I see what options for delivery I can choose?,delivery_options,DELIVERY,BILM,6224
19623,I'd like to shop some goddamn products can i get some hel,place_order,ORDER,BCILMPQWZ,10211
22549,uhave an adress to submit feedback about ur products,review,FEEDBACK,BILQZ,12371
11390,I don't know what I have to do to close a platinum account,delete_account,ACCOUNT,BL,5758
6941,I don't know what I have to do to file a customer claim,complaint,FEEDBACK,BL,3347
24328,using platinum account,switch_account,ACCOUNT,BK,13331
17218,can ya tell me more about the newsletter subscription,newsletter_subscription,SUBSCRIPTION,BILQ,8754
19783,I have to acquire some items,place_order,ORDER,BLM,9723
4720,I do not know how to take a qauick look at my invoice #00108,check_invoice,INVOICE,BEZ,2369
26688,"I need to see my rebate current status, will you help me?",track_refund,REFUND,BCILP,14088
21381,assistance to inform of an error with a registration,registration_problems,ACCOUNT,BL,11556
18588,help with payments,payment_issue,PAYMENT,BKM,9416
4192,check bill #85632,check_invoice,INVOICE,BL,2108
21215,were to inform of a registration error,registration_problems,ACCOUNT,BILQZ,11447
4782,look for bill #85632,check_invoice,INVOICE,BL,2118
4136,wanna find the bill #37777 can uhelp me,check_invoice,INVOICE,BCILQ,2069
22818,do you have an address to send a review?,review,FEEDBACK,BIL,12552
22094,i call to write an opinion about an product,review,FEEDBACK,BLQZ,12034
25084,I'd like to see order {{Order Number}} current status will uhelp me,track_order,ORDER,BCILPQZ,13587
26031,I'm waiting for a fucking compensatio of {{Refund Amount}} dollars,track_refund,REFUND,BLQWZ,13863
20384,help retrieving my account key,recover_password,ACCOUNT,BL,10837
3845,help me check the terminatio charges,check_cancellation_fee,CANCEL,BLMZ,1876
13962,correcting info on standard aqccount,edit_account,ACCOUNT,BKLQZ,7000
22957,I want to submit the edlivery address,set_up_shipping_address,SHIPPING,BLZ,12654
6560,i have got to see ur refund policy can uhelp me,check_refund_policy,REFUND,BCILQ,3227
1712,modify order00123842,change_order,ORDER,BLZ,603
1229,I want assistance to add a product to order {{Order Number}},change_order,ORDER,BL,374
11037,information about the removal of my {{Account Category}} account,delete_account,ACCOUNT,BL,5556
4263,i dont know what to do to look for the invoice #85632,check_invoice,INVOICE,BLQ,2145
3150,I am trying to see the early exit fees,check_cancellation_fee,CANCEL,BLM,1475
20326,i need help to reset the pass of my account,recover_password,ACCOUNT,BLQ,10790
22762,i want help leaving a comment about ur company,review,FEEDBACK,BLQ,11868
5666,i have t check the available payment options will uhelp me,check_payment_methods,PAYMENT,BCILPQZ,2846
21151,where to notify of errors with sign-up?,registration_problems,ACCOUNT,BILM,11402
3123,"I need to check the termination charge, can you help me?",check_cancellation_fee,CANCEL,BCIL,1515
20174,"I can't remember the PIN of my account, how do I reset it?",recover_password,ACCOUNT,BCIL,10661
25827,what do I need to do to see the ETA of purchase {{Order Number}}?,track_order,ORDER,BIL,13772
1175,help me to change several products of purchase {{Order Number}},change_order,ORDER,BLM,336
7670,where do I file a customer complaint againwt your company?,complaint,FEEDBACK,BILZ,3759
23303,I have problems entering a different shipping address,set_up_shipping_address,SHIPPING,BLM,12860
11799,"I never use the {{Account Type}} account, I need help canceling it",delete_account,ACCOUNT,BCEL,5938
19426,could you help me to buy some products?,place_order,ORDER,BILMP,10066
19860,I want assistance acquiring several of your product,place_order,ORDER,BLM,9651
4867,checking invoice from 4 purchases ago,check_invoice,INVOICE,BKM,2439
21118,i want assistance to notify of a goddamn signup problem,registration_problems,ACCOUNT,BLQW,11378
13371,show me how soon can I expect my shipment,delivery_period,DELIVERY,BL,6722
3200,can uhelp me seeing the termination fee,check_cancellation_fee,CANCEL,BILQ,1566
22167,assistance to write an opinionabout your company,review,FEEDBACK,BLZ,12091
10125,I want to know more about creating a standard account,create_account,ACCOUNT,B,5085
15253,i dont know what i haveto do to get the invoice #12588,get_invoice,INVOICE,BQZ,7777
21721,I want to report problems with a damn sign-up,registration_problems,ACCOUNT,BLMW,11751
20138,wany help to reset the access key of my account,recover_password,ACCOUNT,BLQZ,10627
13201,I'm trying to find the deliveey periods,delivery_period,DELIVERY,BEMQZ,6632
18668,"I can't make a transfer, help to inform of a payment error",payment_issue,PAYMENT,BCL,9467
8514,I do not know what to do to speak with customer service,contact_customer_service,CONTACT,BEL,3879
3429,helpme seeing the early exit fee,check_cancellation_fee,CANCEL,BLZ,1696
13129,I want to see how soon can I expect the goddamn package,delivery_period,DELIVERY,BLW,6595
13905,correcting data on {{Account Type}} accoujnt,edit_account,ACCOUNT,BLZ,6948
13440,is it possible to check how soon can i expect my article,delivery_period,DELIVERY,BILQ,6749
5073,will you show me the accepted payment options?,check_payment_methods,PAYMENT,BILP,2569
9237,"you are not helpful, help talking to an operator",contact_human_agent,CONTACT,BCEL,4571
10676,"I haven't signed up, I try to create a freemium account",create_account,ACCOUNT,BCL,5356
1555,I'm trying tochange order {{Order Number}},change_order,ORDER,BQZ,534
11553,I ned information about the termination of a gold account,delete_account,ACCOUNT,BLZ,5826
468,"I doln't want order {{Order Number}}, can you cancel it?",cancel_order,ORDER,BCINZ,124
13437,need assistance to check when my product is gonna arrive,delivery_period,DELIVERY,BLQ,6747
23463,there is an error setting the new delivery address up,set_up_shipping_address,SHIPPING,BL,12921
9225,I would like to talk to a operator,contact_human_agent,CONTACT,BLPZ,4563
18640,could you help me solve troubles with payments?,payment_issue,PAYMENT,BILMP,9447
20608,where can I findinformation about my PIN code reset?,recover_password,ACCOUNT,BILZ,11007
15074,download ibll #37777,get_invoice,INVOICE,BKLZ,7713
24816,I cannot switch to the standard account,switch_account,ACCOUNT,BEN,13473
26082,I do not know what to do to track my reimbursement,track_refund,REFUND,BEL,13901
16410,"I need to demand refunds, could you help me?",get_refund,REFUND,BCILMP,8347
22674,I'm trying to write a review for ur company,review,FEEDBACK,BLQ,12453
23313,errors entering the secondary delivery address,set_up_shipping_address,SHIPPING,BLM,12863
22960,y i cant submit a different delivery address valid,set_up_shipping_address,SHIPPING,BLQ,12657
19503,I do not know what I need to do to buy a few of your item,place_order,ORDER,BEM,10125
3731,I don't know how I can check the cancellatio charges,check_cancellation_fee,CANCEL,BLMZ,1826
7167,i do not know what to do to make a claim against ur company,complaint,FEEDBACK,BELQ,3505
4780,help me give a quick look at my bill #12588,check_invoice,INVOICE,BL,2397
15408,i have to get the bill #85632 will huelp me,get_invoice,INVOICE,BCILPQZ,7825
13899,correcting data on {{Account Type}} account,edit_account,ACCOUNT,BL,6942
4609,I don't know what to do to check bill #37777,check_invoice,INVOICE,BL,2005
2520,where can I modify my delivery address?,change_shipping_address,SHIPPING,BIL,847
12162,do ya ship toMexico,delivery_options,DELIVERY,BILQSZ,6151
3348,I have got to see the cancellation charge,check_cancellation_fee,CANCEL,BL,1650
20033,i have problems with my pwd recovery,recover_password,ACCOUNT,BLMQ,10533
18177,I do not know what to do to notify of problems with payment,payment_issue,PAYMENT,BELM,9178
13997,I need assistance correcting the user info,edit_account,ACCOUNT,BLQ,7032
12933,help me see when my order is going to arrive,delivery_period,DELIVERY,BL,6447
36,I can no longer afford purchase {{Order Number}},cancel_order,ORDER,BLN,6
19434,i do not kno how to buy some of ur item,place_order,ORDER,BEMQZ,10073
17451,i need help recfeiving ur company newsletter,newsletter_subscription,SUBSCRIPTION,BLQZ,8839
19731,I need assistance to shop several of your product,place_order,ORDER,BLM,10294
22573,i do ont know how to send fucking feedback for a service,review,FEEDBACK,BELQWZ,12386
15885,"I cannot find the bills from {{Person Name}}, mail them to me",get_invoice,INVOICE,BCELM,7974
21661,i do not know what to do to notify of a registration error,registration_problems,ACCOUNT,BELQZ,11717
10418,i do not have a {{Account Type}} cacount yet I'd like to create one,create_account,ACCOUNT,BCELNPQZ,5246
14404,"I want to edit my fucking user, will you help me?",edit_account,ACCOUNT,BCIPW,7325
17993,I need help notifying of a trouble with online payments,payment_issue,PAYMENT,BLM,9039
18413,I want ehlp to solve troubles with online payment,payment_issue,PAYMENT,BLMZ,9316
1813,i want help removing a product from order {{Order Number}},change_order,ORDER,BLQ,621
10591,hwere do i open a {{Account Type}} account,create_account,ACCOUNT,BILQZ,5316
11578,removing freemium account,delete_account,ACCOUNT,BKL,5838
21018,I need assistance informing of signup problems,registration_problems,ACCOUNT,BLM,11306
23825,"I need to enter the shipping address, could I get some help?",set_up_shipping_address,SHIPPING,BCILP,13095
25716,"I want to see order {{Order Number}} status, how do I do it ?",track_order,ORDER,BCILZ,13751
5204,assistance to see what paymentmethods ya accept,check_payment_methods,PAYMENT,BLQZ,2634
5010,i need help checking ur accepted payment methods,check_payment_methods,PAYMENT,BLQ,2534
11252,would it be possible to close a {{Account Category}} cacount,delete_account,ACCOUNT,BILPQZ,5676
11800,"I never use my {{Account Type}} account, I don't know how I can close it",delete_account,ACCOUNT,BCL,5939
24580,i need assistance to change to the pro account,switch_account,ACCOUNT,BLQ,13436
676,I'm rtying to cancel order {{Order Number}},cancel_order,ORDER,BQZ,156
20878,i cannot rettrieve my damn user pass,recover_password,ACCOUNT,BELNQWZ,11189
16548,want assistance obtaining reimbursements,get_refund,REFUND,BLMQ,8172
13741,can you show me when my item is going to arrive?,delivery_period,DELIVERY,BI,6503
13009,wanna know more about delivery period find some information,delivery_period,DELIVERY,BCQ,6510
7948,I do not know how to call customer service,contact_customer_service,CONTACT,BEL,3894
18480,wanna inform of issues with payment,payment_issue,PAYMENT,BLMQ,9357
3236,want help to see the cancellation fees,check_cancellation_fee,CANCEL,BLMQ,1587
4197,check invoices,check_invoice,INVOICE,BKM,2113
385,"I cannot afford order {{Order Number}}, I need help canceling it",cancel_order,ORDER,BCELN,112
14451,editing gold account,edit_account,ACCOUNT,BKL,7354
15723,can uhelp me to get the invoice #12588,get_invoice,INVOICE,BIQ,7923
5891,need sasistance seeing what payment options are accepted,check_payment_methods,PAYMENT,BLQZ,2945
4299,I can't locate my bill from {{Person Name}},check_invoice,INVOICE,BLN,2167
11987,"I need to check what shipping options you offer, help me",delivery_options,DELIVERY,BCLM,6061
14946,I don't know what I have to do to get the bill #85632,get_invoice,INVOICE,BL,7652
18889,want help to notify of a fucking error with payments,payment_issue,PAYMENT,BLMQWZ,9583
16825,i do not know how to demand refunds,get_refund,REFUND,BELMQ,8583
6538,I want helpto see your refund policy,check_refund_policy,REFUND,BLZ,3217
7114,"I am unsatisfied with your services, how to file a claim?",complaint,FEEDBACK,BCIL,3470
20483,could I retrieve my user account password?,recover_password,ACCOUNT,BILP,10911
1130,I want help to modify purchase {{Order Number}},change_order,ORDER,BL,260
22182,can ya help me to leave some feedback for ur company,review,FEEDBACK,BILQ,12103
20800,i want help resetting my user pass,recover_password,ACCOUNT,BLQ,11144
4591,how to find invoice #37777,check_invoice,INVOICE,BIQ,2311
10703,open platinum cacount for wife,create_account,ACCOUNT,BKLZ,5368
11731,probem with the termination of a platinum account,delete_account,ACCOUNT,BLZ,5906
10252,i have a problem with openng a platinum account,create_account,ACCOUNT,BLQZ,5166
2820,where can i find information about a delivery address change,change_shipping_address,SHIPPING,BILQ,1313
16192,help me obtain a reimbursement,get_refund,REFUND,BL,8059
6547,help me see in what case can i request the bloody refunds,check_refund_policy,REFUND,BLQWZ,3222
16407,I don't know how I can receive reimbursements of money,get_refund,REFUND,BLM,8345
5623,where do I check the accepted payment methods?,check_payment_methods,PAYMENT,BIL,2472
16707,when am I getting a rebate?,get_refund,REFUND,BIL,8512
13313,can uhelp me check when my order is gonna arrive,delivery_period,DELIVERY,BILQ,6691
9292,can you help me contacting a person?,contact_human_agent,CONTACT,BIL,4601
149,can you help me cancelling purchase {{Order Number}}?,cancel_order,ORDER,BIL,52
22368,"I need to leave a comment for your services, how to do it?",review,FEEDBACK,BCIL,12245
4145,i need help to check bill #12588,check_invoice,INVOICE,BLQ,2074
9382,"you are not helpful at all, help me to chat with somebody",contact_human_agent,CONTACT,BCEL,4646
17505,how do i sign up to thhe corporate newsletter,newsletter_subscription,SUBSCRIPTION,BILQZ,8852
6828,wanna see ur refund polcy,check_refund_policy,REFUND,BLQZ,3303
21867,I have got to inform of a problem with a signup,registration_problems,ACCOUNT,BL,11837
17152,is it possible to subscribe to your newsletter?,newsletter_subscription,SUBSCRIPTION,BIL,8730
17140,i want information about my fucking newsletter subscriptino,newsletter_subscription,SUBSCRIPTION,BLQWZ,8724
11554,how can I get information about platinum account deletions?,delete_account,ACCOUNT,BILM,5827
12014,I do not know how I can see what shipment methods you offer,delivery_options,DELIVERY,BELM,6077
18797,where to report errors with online payment?,payment_issue,PAYMENT,BILM,9535
17642,help to unsubscribe to your newslettert,newsletter_subscription,SUBSCRIPTION,BLZ,8887
10104,I'm looking for information about creating standard accounts,create_account,ACCOUNT,BEMQ,5072
5736,help me to list the payment options,check_payment_methods,PAYMENT,BL,2878
13320,"I am looking for the shipping periods, will you help me?",delivery_period,DELIVERY,BCEILMP,6694
14936,can I get my bill #12588?,get_invoice,INVOICE,BIL,7645
4078,i dont know how to give a quick look at bill #37777,check_invoice,INVOICE,BLQ,2034
16426,I do not know how to obtain rebates of money,get_refund,REFUND,BELM,8042
4817,"I would like to locate my bill #12588, can you help me?",check_invoice,INVOICE,BCILP,2413
17248,I do not know how I could unsubscribe to your newsletter,newsletter_subscription,SUBSCRIPTION,BELP,8768
19406,how could i purchase some fucking articles,place_order,ORDER,BILMPQW,10049
6420,can I check in which cases can I ask for my money back?,check_refund_policy,REFUND,BIL,3143
20571,I'm trying to recover my account key,recover_password,ACCOUNT,BLQ,10979
3901,i do not know how i can ese the termination charges,check_cancellation_fee,CANCEL,BELMQZ,1899
10515,i need help with opening my platinum account,create_account,ACCOUNT,BLQ,5282
14786,updating standard account,edit_account,ACCOUNT,BKL,7366
410,"I can't pay for this item, cancel order {{Order Number}}",cancel_order,ORDER,BCLN,32
14599,need to change the info on my user account,edit_account,ACCOUNT,BLQ,7119
20108,where do i retrieve my user acount key,recover_password,ACCOUNT,BILQZ,10601
11783,I do not know how I can cancel the standard account,delete_account,ACCOUNT,BEL,5651
21357,is it possible to inform of sign-up problems?,registration_problems,ACCOUNT,BILM,11538
2902,there is an error trying to edit the shipping address,change_shipping_address,SHIPPING,BL,1363
11109,closing premium account,delete_account,ACCOUNT,BKL,5607
25202,i have got to locate purchase {{Order Number}} help me,track_order,ORDER,BCLQ,13621
18344,I want help notifying of an issue with payments,payment_issue,PAYMENT,BLM,9277
19403,can you help me to shop a goddamn item?,place_order,ORDER,BILW,10046
23245,"I have to set my delivery address up, I need assistance",set_up_shipping_address,SHIPPING,BCL,12832
11743,i need assistance cancelling my platinum account,delete_account,ACCOUNT,BLQ,5912
22143,what do i need to do to leave some feedback,review,FEEDBACK,BILQ,12072
275,"I cannot afford my last item, how can I cancel the order?",cancel_order,ORDER,BCEILN,86
570,where culd i cancel order {{Order Number}},cancel_order,ORDER,BIPQZ,142
11413,i dont know what i have to do to close my gold account,delete_account,ACCOUNT,BLQ,5768
2392,"I have submitted a wrong address, I want to modify it",change_shipping_address,SHIPPING,BCL,1044
4958,could I list your available payment options?,check_payment_methods,PAYMENT,BILP,2499
26040,"I need to know if there are any news on my rebate, help me",track_refund,REFUND,BCLM,13878
19572,where could I shop several of your item?,place_order,ORDER,BILMP,10179
3143,I don't know what to do to check the termination fee,check_cancellation_fee,CANCEL,BL,1529
24664,I do not know how I can change to the platinum account,switch_account,ACCOUNT,BEL,13456
7510,"I need to file a customer claim, how do I do it?",complaint,FEEDBACK,BCIL,3691
14209,correct information on Freemiumaccount,edit_account,ACCOUNT,BKLZ,7200
2457,where do I update my delivery address ?,change_shipping_address,SHIPPING,BILZ,1090
14888,want assistance to edit the damn details on my user,edit_account,ACCOUNT,BLMQW,7603
14687,changing information on pro account,edit_account,ACCOUNT,BKL,7498
12131,what do I need to do to see the methods for shipment?,delivery_options,DELIVERY,BIL,6135
3777,"I have got to see the cancellation penalties, help me",check_cancellation_fee,CANCEL,BCLM,1851
26858,"I want to see my refund current status, help me",track_refund,REFUND,BCL,14130
11154,I would like information about a {{Account Type}} account removal,delete_account,ACCOUNT,BLP,5629
18157,can ya help me inform of a trouble with payment,payment_issue,PAYMENT,BILQ,9164
21858,"I cannot create a user, help to report sign-up errors",registration_problems,ACCOUNT,BCELMN,11831
2360,support editing my address,change_shipping_address,SHIPPING,BL,1021
18642,"I want to notify of errors with payment, how to do it?",payment_issue,PAYMENT,BCILM,9449
3768,i need assistance seeing the cancellaion penalty,check_cancellation_fee,CANCEL,BLQZ,1844
4507,i dont know what i have to do to look for the bill #00108,check_invoice,INVOICE,BLQ,2270
21060,where could I inform of errors with a registration?,registration_problems,ACCOUNT,BILMP,11336
25358,wanna see hte eta of order {{Order Number}} help me,track_order,ORDER,BCLQZ,13667
24361,help changing to the premium account,switch_account,ACCOUNT,BL,13333
17615,I want help unsubscribing from the newsletter,newsletter_subscription,SUBSCRIPTION,BL,8624
20676,I don't know what to do to restore my profile access key,recover_password,ACCOUNT,BL,11053
19855,need help oirdering several items,place_order,ORDER,BLMQZ,10382
15123,"I need to download the invoice #00108, how can I do it?",get_invoice,INVOICE,BCIL,7731
4379,i dont know how i can find my damn invoices from {{Person Name}},check_invoice,INVOICE,BLMQW,2211
3713,"I have to check the withdrawal charge, how can I do it?",check_cancellation_fee,CANCEL,BCIL,1815
9161,I have to speak with a person,contact_human_agent,CONTACT,BL,4411
13156,give me information about the shippong periods,delivery_period,DELIVERY,BLMZ,6610
8645,help seeing at what time I can reach customer service,contact_customer_service,CONTACT,BL,3876
10176,new platinum account,create_account,ACCOUNT,BKL,5120
1034,I need to add some articles to purchase {{Order Number}},change_order,ORDER,BLM,236
7836,what do i have to do to make a consumer claim,complaint,FEEDBACK,BILQ,3829
16299,where can I receive a restitution of money?,get_refund,REFUND,BIL,8071
16461,"I paid {{Currency Symbol}}{{Refund Amount}} for a purchase, how to receive a compensation?",get_refund,REFUND,BCILM,8378
25216,"I have to see order {{Order Number}} current status, help me",track_order,ORDER,BCL,13625
7187,where do I file a customer claim against your business?,complaint,FEEDBACK,BIL,3516
22281,i have got to leave my feedback can i get some help,review,FEEDBACK,BCILQ,12179
9108,contacting live agent,contact_human_agent,CONTACT,BL,4480
23757,i do not know whgat to do to set my shipping address up,set_up_shipping_address,SHIPPING,BELQZ,13066
15377,I do not know what I have to do to get my bill #00108,get_invoice,INVOICE,BEL,7642
11896,delete freemium acvount,delete_account,ACCOUNT,BKLZ,5982
4692,assistance seeing my invoice #12588,check_invoice,INVOICE,BL,2357
19097,I want assistance purcahsing a few of your item,place_order,ORDER,BLMZ,9779
19044,how to buy some iterms?,place_order,ORDER,BIMZ,9728
19152,I need assistance buying an article,place_order,ORDER,BL,9829
15121,assistance downloading my invoices from {{Person Name}},get_invoice,INVOICE,BLM,7639
10208,need to create a freemium account for my fiance,create_account,ACCOUNT,BLQ,5134
26723,i dont know how i could track the rebate,track_refund,REFUND,BLPQ,14100
2838,"my address has changed, how could I change it?",change_shipping_address,SHIPPING,BCILP,1323
3751,"I have got to see the cancellation charge, how to do it?",check_cancellation_fee,CANCEL,BCIL,1833
688,"I bought something, help me cancel purchasae {{Order Number}}",cancel_order,ORDER,BCZ,159
2862,want help correcitng my shipping address,change_shipping_address,SHIPPING,BLQZ,1338
1490,"I want to modify order {{Order Number}}, how to do it?",change_order,ORDER,BCIL,503
9091,can ya help me speaking to a person,contact_human_agent,CONTACT,BILQ,4469
23864,I can't submit a new shipping address,set_up_shipping_address,SHIPPING,BL,13114
5646,"I need to see your payment options, how do I do it?",check_payment_methods,PAYMENT,BCIL,2839
13519,I need assistance tocheck how soon can I expect my purchase,delivery_period,DELIVERY,BLZ,6782
11658,i dont know how i can remove the damn standard account,delete_account,ACCOUNT,BLQWZ,5873
24886,"I have to check purchase {{Order Number}} status, I need help",track_order,ORDER,BCL,13524
6724,seeing your money back policy,check_refund_policy,REFUND,BL,2991
2443,i chose a wrong address by mistake colud ya modify it,change_shipping_address,SHIPPING,BCILPQZ,1080
8734,what time can I get in touch with customer assistance?,contact_customer_service,CONTACT,BIL,4259
18822,I want to inform of pamyent issues,payment_issue,PAYMENT,BLMZ,9548
1333,how can i get information about updating order {{Order Number}},change_order,ORDER,BILQ,438
14013,how to modify the damn information on my user?,edit_account,ACCOUNT,BILW,7043
3491,"I need to check the termination charge, how to do it?",check_cancellation_fee,CANCEL,BCIL,1727
8765,how do i see at what time customer support availabl is,contact_customer_service,CONTACT,BILQZ,4275
20281,problem with my forgotten pin,recover_password,ACCOUNT,BLQZ,10751
4938,I try to see what payment options are accrpted,check_payment_methods,PAYMENT,BLZ,2481
23087,wanmna enter the delivery address,set_up_shipping_address,SHIPPING,BLQZ,12747
9045,i do not understand ucan uhelp me speaking to a live agent,contact_human_agent,CONTACT,BCEILQ,4433
1636,how do I delete some bloody products from purchase {{Order Number}}?,change_order,ORDER,BILMW,563
21759,where cn I notify of an error with registrations?,registration_problems,ACCOUNT,BILZ,11776
15191,mail me the bills from {{Person Name}},get_invoice,INVOICE,BLM,7753
14370,update standard account,edit_account,ACCOUNT,BKL,7303
1320,want help to swap a product of purchase {{Order Number}},change_order,ORDER,BLQ,429
21146,can you help me report problems with a sign-up?,registration_problems,ACCOUNT,BILMZ,11398
11980,"I want to see the delivery methods, help me",delivery_options,DELIVERY,BCL,6056
19474,assistance buying several of ur item,place_order,ORDER,BMQ,10106
12100,how do I check the methods for delivery?,delivery_options,DELIVERY,BIL,6121
24097,I don't know what I have to do to wsitch to the {{Account Type}} account,switch_account,ACCOUNT,BZ,13252
2040,help changimg my address,change_shipping_address,SHIPPING,BLZ,764
