row_id,instruction,intent,category,flags,dup_group
23310,wanna enter my shipping address,set_up_shipping_address,SHIPPING,BLQ,12862
13946,modify {{Account Type}} account,edit_account,ACCOUNT,BKL,6985
7508,i try to lodge a reclamation against ur business,complaint,FEEDBACK,BLQ,3359
3044,what is the early exit penalty,check_cancellation_fee,CANCEL,BILQ,1433
14078,change information on platinum account,edit_account,ACCOUNT,BKL,7098
17266,how can I cancel my subscription to your neswletter?,newsletter_subscription,SUBSCRIPTION,BILZ,8775
21827,how to inform of an issue wsith a sign-up?,registration_problems,ACCOUNT,BILZ,11813
8993,I want help to contact an assistant,contact_human_agent,CONTACT,BL,4396
18755,troubles with payments,payment_issue,PAYMENT,BKLM,9511
7406,lodging reclamation against ur business,complaint,FEEDBACK,BLQ,3641
2647,have problems with a shipping address update,change_shipping_address,SHIPPING,BLMQ,1212
16864,can you help me to receive a refund?,get_refund,REFUND,BIL,8602
5433,where can i check the allowed payment modalities,check_payment_methods,PAYMENT,BILQ,2470
6138,I try to see in what cases can I request a refund,check_refund_policy,REFUND,BL,2956
3503,i do not know what to do to check the termination penalty,check_cancellation_fee,CANCEL,BELQ,1730
645,"I can't afford this item, I try to cancel order {{Order Number}}",cancel_order,ORDER,BCLN,151
21933,i need assistance writing a review for ur products,review,FEEDBACK,BLQ,11895
4920,could you help me check what payment options are available?,check_payment_methods,PAYMENT,BILP,2463
7000,I'm dissatisfied with ur work help me making a complaint,complaint,FEEDBACK,BCLQ,3394
22599,I don't know how I could submit feedback for your company,review,FEEDBACK,BLP,12405
19736,buy artilce,place_order,ORDER,BKLZ,10298
5595,could i check ur accepted payment modalities,check_payment_methods,PAYMENT,BILPQZ,2479
8806,i dont know how i can speak to customer support,contact_customer_service,CONTACT,BLQ,3990
3766,I want help to see the early exit fees,check_cancellation_fee,CANCEL,BLM,1538
16934,assistance cancelling the subscription to ur newsletter,newsletter_subscription,SUBSCRIPTION,BLQ,8633
5732,help me to see the accepted payment modalities,check_payment_methods,PAYMENT,BL,2479
1969,ineed help adding an item to order {{Order Number}},change_order,ORDER,BQZ,710
14696,update information on platinum account,edit_account,ACCOUNT,BKL,7500
8073,how to see at what time I can contact customer service?,contact_customer_service,CONTACT,BIL,3896
18636,is it possible to report errors with payments?,payment_issue,PAYMENT,BILM,9443
4714,checking invoice #85632,check_invoice,INVOICE,BK,2366
8044,can I see at what time I can contact customer support?,contact_customer_service,CONTACT,BIL,3960
21255,help to report issues with an sign-up,registration_problems,ACCOUNT,BLMZ,11476
20805,need assistance recovering the PIN code of my account,recover_password,ACCOUNT,BLQ,10634
12186,how to see the methods for delivery,delivery_options,DELIVERY,BILQ,6164
24731,I need help to switcdh to the freemium account,switch_account,ACCOUNT,BZ,13480
6289,I need help checking in what cases can I ask for a refund,check_refund_policy,REFUND,B,3132
8413,"I need to call customer assistance, how could I do it?",contact_customer_service,CONTACT,BCILP,4133
8359,can you help me speaking with customer service?,contact_customer_service,CONTACT,BIL,4112
11246,question about my {{Account Type}} account cancellation,delete_account,ACCOUNT,BL,5652
14144,I don't know how I could edit my bloody account,edit_account,ACCOUNT,BPW,7152
6917,I'm not happy with ur service need help to file a complaint,complaint,FEEDBACK,BCEQ,3323
22428,can ya help me send feedback for ur products,review,FEEDBACK,BILQ,12288
8446,i have got to talk to customer support,contact_customer_service,CONTACT,BLQ,4146
21841,need assistance notifying of a signup issue,registration_problems,ACCOUNT,BLQ,11822
11788,i dont know how i can delete a premium account,delete_account,ACCOUNT,BLQ,5934
21618,is it possible to report signup errors?,registration_problems,ACCOUNT,BILM,11690
19584,is it possible to earn an article?,place_order,ORDER,BIL,10184
20954,could you help me notify of problems with a sign-up?,registration_problems,ACCOUNT,BILMP,11257
24213,what do i have to do to use the {{Account Type}} profile,switch_account,ACCOUNT,BILQ,13175
12046,can i order from {{Delivery Country}},delivery_options,DELIVERY,BIQS,6012
1231,can I swap some items o order {{Order Number}}?,change_order,ORDER,BILMZ,376
18242,where do I notify of a payment problem?,payment_issue,PAYMENT,BIL,9223
3070,see the early exit penalties,check_cancellation_fee,CANCEL,BLM,1427
18288,can you help me to solve issues with online payment?,payment_issue,PAYMENT,BILM,9245
24826,need assistance to change to the gold account,switch_account,ACCOUNT,BLQ,13350
18871,help to inform of troubles with online payments,payment_issue,PAYMENT,BLM,9001
5377,how do I see the allowed payment methods?,check_payment_methods,PAYMENT,BIL,2506
1250,can uhelp me switching somedthing of order {{Order Number}},change_order,ORDER,BILQZ,387
18482,I want assistance informing of issues with payment,payment_issue,PAYMENT,BLMZ,9325
15400,i need help getting my invoices from {{Person Name}},get_invoice,INVOICE,BLMQ,7616
19555,I have got to acquire several of your article,place_order,ORDER,BLM,9639
6667,help to check in which situations can I ask for refunds,check_refund_policy,REFUND,BL,2976
7538,I need help to file a reclamation against your company,complaint,FEEDBACK,BL,3441
1507,can I add some items to purchase {{Order Number}}?,change_order,ORDER,BILM,507
18830,help to notify of a payment issue,payment_issue,PAYMENT,BL,8959
11084,i do not nkow how to delete the premium account,delete_account,ACCOUNT,BELQZ,5588
4325,see the invoice #00108,check_invoice,INVOICE,BL,2181
16775,assistance to request a reimbursement of my money,get_refund,REFUND,BL,8003
17228,tell me about cancelping the company newsletter subscription,newsletter_subscription,SUBSCRIPTION,BZ,8716
17434,give me information about signing up to your newsletter,newsletter_subscription,SUBSCRIPTION,BL,8831
16596,how to request an reimbursement of money,get_refund,REFUND,BILQZ,8013
26152,show me the current status of the reimbursement,track_refund,REFUND,BL,13785
25043,I have to check purchase {{Order Number}} current status,track_order,ORDER,BL,13520
10802,i want assistance to create a premium account,create_account,ACCOUNT,BQ,5154
12280,I need help to check what shipment methods are available,delivery_options,DELIVERY,BLM,6052
21613,I don't know what to do to notify of registration issues,registration_problems,ACCOUNT,BLM,11228
469,i bought something i wanna cancel order {{Order Number}},cancel_order,ORDER,BCQ,125
18331,where could I notify of a payment issue?,payment_issue,PAYMENT,BILP,9270
16349,"I paid {{Currency Symbol}}{{Refund Amount}} for a product, where can I get a fucking rebate?",get_refund,REFUND,BCILMW,7993
9176,I want help to speak to somebody,contact_human_agent,CONTACT,BL,4339
3773,I do not know how to see the early exit penalty,check_cancellation_fee,CANCEL,BEL,1584
24682,"I need to use the bloody {{Account Type}} profile, can you help me?",switch_account,ACCOUNT,BCILW,13303
1380,how do i delet some items from order {{Order Number}},change_order,ORDER,BILMQZ,259
16516,"I paid {{Currency Symbol}}{{Refund Amount}} for this product, how doI get a rebate?",get_refund,REFUND,BCILMZ,7993
25331,can ya show me the eta of order {{Order Number}},track_order,ORDER,BIQ,13537
2086,"the shipping address changed, is it possible to update it?",change_shipping_address,SHIPPING,BCIL,807
15258,I do not know what I have to do to download bill #12588,get_invoice,INVOICE,BEL,7631
17513,help to cancel my subscription to ur corporate newsletter,newsletter_subscription,SUBSCRIPTION,BLQ,8629
15046,"I have got to download invoice #12588, how can I do it?",get_invoice,INVOICE,BCIL,7702
21590,want assistance reportingan issue with a sign-up,registration_problems,ACCOUNT,BLQZ,11674
11940,is it possible to place an order from {{Delivery Country}}?,delivery_options,DELIVERY,BIS,6011
5033,need to see what payment methods are available can uhelp me,check_payment_methods,PAYMENT,BCILQ,2523
2576,there is an issue trying to update the shipping address,change_shipping_address,SHIPPING,BL,901
23647,could I set a shipping address up?,set_up_shipping_address,SHIPPING,BILP,13018
19606,wanna buy several articles,place_order,ORDER,BLMQ,9661
83,cancelling order,cancel_order,ORDER,BK,37
26339,i need help to see my compensation status,track_refund,REFUND,BLQ,13855
16619,where to get a restitution of my money?,get_refund,REFUND,BIL,8404
14279,edit details on standard account,edit_account,ACCOUNT,BKLM,7244
15286,i do not know how to get myinvoice #00108,get_invoice,INVOICE,BEQZ,7783
2319,I have problems changing my address,change_shipping_address,SHIPPING,BLMZ,992
19259,I try to purchase some articles,place_order,ORDER,BLM,9702
7242,"my experience with your work was bad, make a complaint",complaint,FEEDBACK,BCL,3550
10972,I need information about my freemium acclunt removal,delete_account,ACCOUNT,BLZ,5508
1706,"I missed an item in purchase {{Order Number}}, can you add it?",change_order,ORDER,BCIL,373
16582,I donot know what to do to demand a refund,get_refund,REFUND,BELZ,8443
9549,need assistance contacting an operator,contact_human_agent,CONTACT,BLQ,4732
3661,I do not know how to check the cancellation charge,check_cancellation_fee,CANCEL,BEL,1571
8379,could I talk to customer support?,contact_customer_service,CONTACT,BILP,4121
6342,i do not know how i can check ur money back guarantee,check_refund_policy,REFUND,BELQ,2975
26027,I am waiting for a damn rebate of {{Refund Amount}} dollars,track_refund,REFUND,BLW,13793
4320,could I see the billfrom {{Person Name}}?,check_invoice,INVOICE,BILPZ,2179
3543,i need assistance checking the early termintaion fees,check_cancellation_fee,CANCEL,BLMQZ,1746
4426,need help to take a quick look at my invoice from {{Person Name}},check_invoice,INVOICE,BLQ,2110
12434,want help seeing what options for delivery i can choose,delivery_options,DELIVERY,BLMQ,6078
21411,issues creating user,registration_problems,ACCOUNT,BKM,11575
7064,help me to file a complaint against your organization,complaint,FEEDBACK,BL,3340
22860,how do i submit some goddamn feedback for a product,review,FEEDBACK,BILQW,12578
3412,can you help me see the withdrawal penalties?,check_cancellation_fee,CANCEL,BILM,1685
13649,where to check how soon can I expect the shipment?,delivery_period,DELIVERY,BIL,6727
6006,I need to see in which cases can I request the damn refunds,check_refund_policy,REFUND,BLW,2997
11085,i dont know what i have to do to delete a gold account,delete_account,ACCOUNT,BLQ,5501
20036,I am looking for information about my password reset,recover_password,ACCOUNT,BEL,10536
1605,"I have to edit order {{Order Number}}, how do I do it?",change_order,ORDER,BCIL,419
21318,I have to inform of a signup issue,registration_problems,ACCOUNT,BL,11515
13397,"I want information about shipping periods, how can I get it?",delivery_period,DELIVERY,BCIL,6729
15732,I do not know how I can get my bill from {{Person Name}},get_invoice,INVOICE,BEL,7614
17586,how do I receive the newsletter?,newsletter_subscription,SUBSCRIPTION,BIL,8617
6593,I do not know how I can see your money back guarantee,check_refund_policy,REFUND,BELZ,2975
5773,help me see the allowed payment options,check_payment_methods,PAYMENT,BL,2542
22189,ya have an address to send some feedback about ur services,review,FEEDBACK,BILQ,12108
10461,how to open a standard account for my dad?,create_account,ACCOUNT,BIL,5263
25788,assistance to check the current status of order {{Order Number}},track_order,ORDER,BL,13523
2566,supports editing the delivery address,change_shipping_address,SHIPPING,BLM,1163
15468,I'd like to donload the invoice #00108,get_invoice,INVOICE,BLPQZ,7846
2728,"the shipping address has changed, how can I correct it?",change_shipping_address,SHIPPING,BCIL,755
18064,I need help reporting a trouble with online payment,payment_issue,PAYMENT,BL,8999
7079,can ya help me lodge a claim against ur organization,complaint,FEEDBACK,BILQ,3338
18558,hw to report troubles with payment?,payment_issue,PAYMENT,BILMZ,9399
23,need help with canceling purchase {{Order Number}},cancel_order,ORDER,BLQ,3
9761,I do not know what I have to do to speak to a live agent,contact_human_agent,CONTACT,BEL,4455
6899,want assistance seeing ur money back guarantee,check_refund_policy,REFUND,BLQ,2975
13944,need to update the info included on my profile how to do it,edit_account,ACCOUNT,BCILQ,6983
19672,wanna acquire an item how to do it,place_order,ORDER,BCILQ,10251
6001,help seeing under what circumstances can I request refunds,check_refund_policy,REFUND,BL,3014
20381,I am trying to retrieve the PIN of my user profile,recover_password,ACCOUNT,BL,10834
7230,I want assistance to make a customer reclamation,complaint,FEEDBACK,BL,3358
4276,I do not knowwhat to do to give a quick look at bill #12588,check_invoice,INVOICE,BELZ,2152
15139,I don't know what I have to do to download my invoice #12588,get_invoice,INVOICE,BL,7621
24803,i dont khow what i need to do to change to the gold account,switch_account,ACCOUNT,BLQZ,13496
20436,retrieve the key of my user account,recover_password,ACCOUNT,BL,10454
23897,change to {{Account Type}} acount,switch_account,ACCOUNT,BKLZ,13138
11719,how can I get infomation about my pro account cancellation?,delete_account,ACCOUNT,BILZ,5899
7963,i need help seeing what hours customer support available is,contact_customer_service,CONTACT,BLQ,3890
2454,where can I update the shipping address?,change_shipping_address,SHIPPING,BIL,899
22768,do you have a way to leave a comment about your company?,review,FEEDBACK,BIL,12514
11451,I don't know what to do to remove the platinum account,delete_account,ACCOUNT,BL,5784
17899,where can I report problems with payments?,payment_issue,PAYMENT,BILM,8952
3121,could I check the withdrawal penalty?,check_cancellation_fee,CANCEL,BILP,1412
16095,I do not know how to reauest reimbursements,get_refund,REFUND,BELMZ,8153
9264,I need assistance to speak to a live agent,contact_human_agent,CONTACT,BL,4334
25942,"I need to track my compensation, help me",track_refund,REFUND,BCL,13832
7355,how to lodge a consumer complaint against your business?,complaint,FEEDBACK,BIL,3532
5838,can I see your allowed payment methods?,check_payment_methods,PAYMENT,BIL,2506
25480,how do i see the eta of order {{Order Number}},track_order,ORDER,BILQ,13519
22255,"I would like to send my feedback for a product, help me",review,FEEDBACK,BCLP,12159
6071,want assistance to see how long refunds usually take,check_refund_policy,REFUND,BLQ,3044
26252,help to see the status of my rebate,track_refund,REFUND,BL,13826
323,I'm trying to cancel purchase {{Order Number}},cancel_order,ORDER,BLQ,7
25822,can uhelp melocate order {{Order Number}},track_order,ORDER,BILQZ,13591
23582,need to set my new shipping addrses up,set_up_shipping_address,SHIPPING,BLQZ,12981
14668,change info on {{Account Type}} account,edit_account,ACCOUNT,BKLQ,7482
1400,I want assistance to change purchase {{Order Number}},change_order,ORDER,BL,312
25831,help me checking the current status of purchase {{Order Number}},track_order,ORDER,BL,13520
11173,where can i find information about a {{Account Type}} account deletion,delete_account,ACCOUNT,BILQ,5549
25087,can ushow me the status of purchase {{Order Number}},track_order,ORDER,BILQ,13588
15877,how to get my bill from {{Person Name}} ?,get_invoice,INVOICE,BILZ,7614
16168,"I paid {{Currency Symbol}}{{Refund Amount}} for this order, help me to get a rebate",get_refund,REFUND,BCLM,8091
19104,how do I buy some articles?,place_order,ORDER,BILM,9786
12937,where can I see when will my article arrive?,delivery_period,DELIVERY,BIL,6451
16622,"I paid {{Currency Symbol}}{{Refund Amount}} for an item, help me getting a goddamn rebate",get_refund,REFUND,BCLMW,8465
1972,i missed a fucking product in purchase {{Order Number}},change_order,ORDER,BLQW,713
26284,how to see if there is anything wrong with the restitution?,track_refund,REFUND,BIL,13971
22000,I don't know how I can submit some feedback,review,FEEDBACK,B,11955
6613,I want help seeing in what cases can I ask to be refunded,check_refund_policy,REFUND,BL,3074
4610,wanna look for my bill #85632 could i get some help,check_invoice,INVOICE,BCILPQ,2322
18967,how do I acquire several articles?,place_order,ORDER,BILM,9656
26576,how can i see if there are any news on my rebate,track_refund,REFUND,BILMQ,13850
11791,I have a problem wiyh my standard account termination,delete_account,ACCOUNT,BLZ,5935
12623,want assistance seeing what methods for delivery I have,delivery_options,DELIVERY,BLMQ,6321
20320,want assistance to retrieve the pin code of my user profile,recover_password,ACCOUNT,BLQ,10430
24127,how to use the {{Account Category}} account?,switch_account,ACCOUNT,BI,13131
23169,help to set up an delivery address,set_up_shipping_address,SHIPPING,BLZ,12594
11261,I don't know how I can close my platinum account,delete_account,ACCOUNT,BL,5681
11114,i want help removing my standard account,delete_account,ACCOUNT,BLQ,5609
1709,i try to remove some items from order {{Order Number}},change_order,ORDER,BMQ,600
9930,opneing new {{Account Type}} account for daughter,create_account,ACCOUNT,BKLZ,4942
10626,open a {{Account Category}} account,create_account,ACCOUNT,BL,4970
25091,"I want to see the ETA of my order, could you help me?",track_order,ORDER,BCILP,13590
15221,I don't know what I have to do to download bill #12588,get_invoice,INVOICE,BL,7631
2789,give me information about modifying the address,change_shipping_address,SHIPPING,BL,1297
9944,I need help creating a premium account for my daughter,create_account,ACCOUNT,BL,4954
7473,could you help me lodge a customer reclamation?,complaint,FEEDBACK,BILP,3609
16123,how to obtain a rebate of money?,get_refund,REFUND,BIL,8175
7946,talk to customer assistance,contact_customer_service,CONTACT,BL,3892
19755,I need assistance to earn na item,place_order,ORDER,BLZ,9655
8284,help me see at what time customer support available is,contact_customer_service,CONTACT,BL,3908
25556,how to check the status of order {{Order Number}}?,track_order,ORDER,BIZ,13523
26069,help to see if there is anything new on the damn refund,track_refund,REFUND,BLW,13893
17395,where do i subscribe to ur corporate newsletter,newsletter_subscription,SUBSCRIPTION,BILQ,8630
14715,can ya help me to modify the info on my account,edit_account,ACCOUNT,BILQ,7511
23499,need assistance to enter the shipping address,set_up_shipping_address,SHIPPING,BLQ,12764
23426,I would like to submit a secondary delivery address,set_up_shipping_address,SHIPPING,BLP,12913
6022,in what situations can i ask for a refund,check_refund_policy,REFUND,BILQ,2990
19630,I have got to make an order,place_order,ORDER,B,10215
17363,would it be possible to sign up to the company newsletter?,newsletter_subscription,SUBSCRIPTION,BILP,8807
4272,i dont know what i need to do to find ibll #12588,check_invoice,INVOICE,BLQZ,2149
12587,can you show me what shipping options I have?,delivery_options,DELIVERY,BILM,6312
23824,"I would like to enter another shipping address, help me",set_up_shipping_address,SHIPPING,BCLP,13094
5651,where do i see ur accepted payment options,check_payment_methods,PAYMENT,BILQ,2497
13598,I am calling to check when my purchase is going to arrive,delivery_period,DELIVERY,BL,6818
1090,add item to order,change_order,ORDER,BK,280
8469,"I would like to call customer service, how to do it?",contact_customer_service,CONTACT,BCILP,4154
11615,where can I get information about {{Account Type}} account deletions?,delete_account,ACCOUNT,BILM,5549
23011,"I need to set a damn shipping address up, will you help me?",set_up_shipping_address,SHIPPING,BCILPW,12699
2998,I need help to see the early exit penalties,check_cancellation_fee,CANCEL,BLM,1427
18223,i dont know how to inform of paymentissues,payment_issue,PAYMENT,BLMQZ,9208
12957,i want assistance to check how soon can i expect my item,delivery_period,DELIVERY,BLQ,6470
10958,would you give me information about my {{Account Type}} account removal?,delete_account,ACCOUNT,BILP,5500
3442,i cant find the bloody early exit fee could yahelp me,check_cancellation_fee,CANCEL,BCILPQWZ,1705
20943,"I am experiencing issues trying to sign up, what can I do ?",registration_problems,ACCOUNT,BCEILMZ,11247
7477,can uhelp me file a claim,complaint,FEEDBACK,BILQ,3673
4701,i do not know how i can check my bill #37777,check_invoice,INVOICE,BELQ,2359
3330,termination fees,check_cancellation_fee,CANCEL,BLM,1485
2720,i need support trying to modify the address,change_shipping_address,SHIPPING,BLQ,1107
21721,I want to report problems with a damn sign-up,registration_problems,ACCOUNT,BLMW,11751
19188,assistance to shop some of ur article,place_order,ORDER,BLMQ,9861
25309,i need help checking the status or purchase {{Order Number}},track_order,ORDER,BLQZ,13522
17764,tell me more about subscribing to ur newsletter,newsletter_subscription,SUBSCRIPTION,BLQ,8915
21750,I cannot inform of signup errors,registration_problems,ACCOUNT,BELMN,11769
4641,checking invoices from 9 months ago,check_invoice,INVOICE,BKM,2337
22791,ya have a section to send a comment for ur services,review,FEEDBACK,BILQ,12531
21576,I don't know how I can inform of problems with sign-up,registration_problems,ACCOUNT,BLM,11667
12524,how to see what shipment options are available?,delivery_options,DELIVERY,BILM,6067
7889,can uhelp me to make a complaint againsy ur business,complaint,FEEDBACK,BILQZ,3389
12034,what do I need to do to see what shipment methods I have?,delivery_options,DELIVERY,BILM,6091
22477,"I need to leave a review about a product, how to do it?",review,FEEDBACK,BCIL,12321
21674,help to report a problem with a registration,registration_problems,ACCOUNT,BL,11220
26240,I am waiting for a reimbursement of {{Currency Symbol}}{{Refund Amount}},track_refund,REFUND,BL,13784
7715,lodging customer claim against ur company,complaint,FEEDBACK,BLQ,3782
9690,I don't know how I can speak with a person,contact_human_agent,CONTACT,BL,4817
16345,i want assistance to obtain reimbursements of money,get_refund,REFUND,BLMQ,8308
3272,can you help me seeing the cancellation charges?,check_cancellation_fee,CANCEL,BILM,1526
11138,I need information about the removal of a premium account,delete_account,ACCOUNT,BL,5622
19143,I want assistance to purchase a few of your item,place_order,ORDER,BLM,9821
17597,assistance to sign up to the company newsletter,newsletter_subscription,SUBSCRIPTION,BL,8656
22912,support submitting a new delivery address,set_up_shipping_address,SHIPPING,BL,12617
17953,help notifying of an error with payment,payment_issue,PAYMENT,BL,9002
14580,update freemium account,edit_account,ACCOUNT,BKL,7428
21463,I want to inform of a sign-up error,registration_problems,ACCOUNT,BL,11590
3871,where to check the termination fee,check_cancellation_fee,CANCEL,BILQ,1885
10361,open platinum account,create_account,ACCOUNT,BKL,5141
23173,submitting differemt shipping address,set_up_shipping_address,SHIPPING,BKLZ,12797
13829,help me to see how long it takes for the article to arrive,delivery_period,DELIVERY,BL,6491
22989,y is not my delivery address valid,set_up_shipping_address,SHIPPING,BELQ,12679
7725,want assistance to lodge a complaint against your business,complaint,FEEDBACK,BLQ,3389
2551,I have issues trying to edit my delivery address,change_shipping_address,SHIPPING,BLM,1155
18550,need help notifying of an error with payment,payment_issue,PAYMENT,BLQ,9002
24809,I want assistance to chjange to the gold account,switch_account,ACCOUNT,BLZ,13500
2585,need to change my shipping address,change_shipping_address,SHIPPING,BQ,878
23741,need to set the damn delivery address up how can i do it,set_up_shipping_address,SHIPPING,BCILQWZ,13056
23974,wanna use the standard profile help me,switch_account,ACCOUNT,BCLQ,13188
21021,I do not know what to do to notify of a signup error,registration_problems,ACCOUNT,BEL,11308
9625,i want assistance to speak to an agentt,contact_human_agent,CONTACT,BLQZ,4777
19451,how can I acquire a product?,place_order,ORDER,BIL,10086
11895,problems with my standard account removal,delete_account,ACCOUNT,BLM,5691
11183,I need information about the termination of my {{Account Type}} account,delete_account,ACCOUNT,BL,5492
5949,see in what situations can I request my money back,check_refund_policy,REFUND,BL,2982
2527,help deiting the address,change_shipping_address,SHIPPING,BLZ,1137
21515,I do not know how to inofrm of registration problems,registration_problems,ACCOUNT,BELMZ,11631
7682,I want help making a ucstomer claim against your company,complaint,FEEDBACK,BLZ,3765
8868,call customer support,contact_customer_service,CONTACT,BL,4097
17326,I have got to sign up to the corporate newsletter,newsletter_subscription,SUBSCRIPTION,BL,8621
2078,I cannot modify the delivery address,change_shipping_address,SHIPPING,BEL,800
3031,how to see the early exit charge?,check_cancellation_fee,CANCEL,BIL,1453
14374,correcting data on premium account,edit_account,ACCOUNT,BL,7305
2622,I have an issue editing the shipping address,change_shipping_address,SHIPPING,BL,1195
23217,where could I submit the shipping address?,set_up_shipping_address,SHIPPING,BILP,12816
11130,I don't know what to do to remove the standard account,delete_account,ACCOUNT,BL,5459
20083,prolblems with my pwd retrieval,recover_password,ACCOUNT,BLMQZ,10578
26509,where do I know if there is anything wrong with my rebate?,track_refund,REFUND,BIL,13974
7377,can ya help me to lodge a consumer claim,complaint,FEEDBACK,BILQ,3331
1253,help with adding several damn articles to order {{Order Number}},change_order,ORDER,BLMW,389
18063,I ened help reporting problems with payment,payment_issue,PAYMENT,BLMZ,9097
20166,can uhelp me to retrieve the pass of my account,recover_password,ACCOUNT,BILQ,10653
18038,wqnna notify of an error with payments,payment_issue,PAYMENT,BLMQZ,9076
8832,help me to see at what time I can reach customer assistance,contact_customer_service,CONTACT,BL,3912
18656,assistance to solve a fucking payment error,payment_issue,PAYMENT,BLW,9458
6639,could you show me in which cases can I ask for a refund?,check_refund_policy,REFUND,BILP,3247
19495,help me earning a few of your product,place_order,ORDER,BLM,10032
13752,wanna see how soon can i expect my parcel how can i do it,delivery_period,DELIVERY,BCILQ,6874
2816,i want supports trying to update the shipping address,change_shipping_address,SHIPPING,BLMQ,793
20386,I hav a question about a password recovery,recover_password,ACCOUNT,BZ,10839
11863,assistance closing a standard account,delete_account,ACCOUNT,BL,5702
2686,need help to modify the shipping address,change_shipping_address,SHIPPING,BLQ,776
8852,can uhelp me to talk to customer assistance,contact_customer_service,CONTACT,BILQ,4302
11565,deleting user,delete_account,ACCOUNT,BK,5832
6596,assistance seeing in which cases can I ask for a refund,check_refund_policy,REFUND,BL,3238
24762,i have to use the premium account how todo it,switch_account,ACCOUNT,BCIQZ,13486
2662,how do I update the shipping address?,change_shipping_address,SHIPPING,BIL,899
17149,i cant subscribe to the damn company newsletter,newsletter_subscription,SUBSCRIPTION,BLQW,8729
1647,I need to switch some items of purchase {{Order Number}},change_order,ORDER,BLM,296
3704,can ushow me hte cancellation fees,check_cancellation_fee,CANCEL,BIMQZ,1808
2386,"I have entered a wrong goddamn address, how could I edit it?",change_shipping_address,SHIPPING,BCILPW,1039
22706,where do I submit feedback for your products?,review,FEEDBACK,BIL,12477
21572,i have got to notify of problems with an signup,registration_problems,ACCOUNT,BLMQZ,11448
6454,can ya show me in which cases can i request a refund,check_refund_policy,REFUND,BILQ,3112
15568,getting invoice from three purchases ago,get_invoice,INVOICE,BKM,7880
19369,assistanceto buy several items,place_order,ORDER,BMZ,10020
19120,help em buy several of ur article,place_order,ORDER,BLMQZ,9752
15110,I need help downloading my invoice #12588,get_invoice,INVOICE,BL,7725
17889,i do not know what to do to receive the corporate newsletter,newsletter_subscription,SUBSCRIPTION,BELQ,8652
11838,I want assistance to remove the standard account,delete_account,ACCOUNT,BL,5570
17851,"I have got to sign up to the corporate newsletter, help me",newsletter_subscription,SUBSCRIPTION,BCL,8621
159,need help with cancelliing order {{Order Number}},cancel_order,ORDER,BQZ,55
18805,help reporting troubles with online payments,payment_issue,PAYMENT,BLM,8999
14176,need to modify the user info help me,edit_account,ACCOUNT,BCLQ,7177
15130,get bill fromMr. Smith,get_invoice,INVOICE,BKLZ,7732
23619,i want assistance setting the secondary delivery address up,set_up_shipping_address,SHIPPING,BLQZ,12610
14548,wanna modify my user account how do i do it,edit_account,ACCOUNT,BCILQ,7413
9255,i dont know wht i have to do to contact a person,contact_human_agent,CONTACT,BLQZ,4582
7600,need help to make a complaint against your organization,complaint,FEEDBACK,BLQ,3340
4833,how to see bill #85632?,check_invoice,INVOICE,BIL,2241
20760,how do I retrieve the password of my user?,recover_password,ACCOUNT,BIL,11121
20483,could I retrieve my user account password?,recover_password,ACCOUNT,BILP,10911
2971,i need help to see the early termination penalty,check_cancellation_fee,CANCEL,BLQ,1400
20618,I don't know how I can retrieve my account PIN,recover_password,ACCOUNT,BL,11015
6428,i have to see in which cases can i askfor my money back,check_refund_policy,REFUND,BLQZ,3040
14469,modify details on {{Account Type}} account,edit_account,ACCOUNT,BKLM,7019
20284,helpme resetting the pass of my profile,recover_password,ACCOUNT,BLQZ,10754
13165,I have to see how long it takes for the product to arrive,delivery_period,DELIVERY,BL,6501
1563,how can I erdit purchase {{Order Number}}?,change_order,ORDER,BILZ,537
11467,problem with {{Account Type}} account deletions,delete_account,ACCOUNT,BLM,5471
19529,I do not know how to order some products,place_order,ORDER,BELM,10145
23149,help me entering my secondary delivery address,set_up_shipping_address,SHIPPING,BL,12666
20704,where to retreive my key,recover_password,ACCOUNT,BILQZ,11077
20038,I have to recover the key of my user account,recover_password,ACCOUNT,BL,10407
15725,"I want to download the bill #12588, can I get some help?",get_invoice,INVOICE,BCIL,7924
22010,help to leave an opinion for your products,review,FEEDBACK,BL,11888
6322,see in which cases can i ask for a reimbursement,check_refund_policy,REFUND,BLQ,3022
9498,how do I talk to somebody?,contact_human_agent,CONTACT,BIL,4375
16202,i dont know how to ask for a refund of my money,get_refund,REFUND,BLQ,8230
7270,"I want to file a damn reclamation, how can I do it?",complaint,FEEDBACK,BCILW,3566
17935,I don't know what to do to notify of a payment error,payment_issue,PAYMENT,BL,8988
8486,i want help to talk with customer assistance,contact_customer_service,CONTACT,BLQ,3892
8022,I do not know how I can speam with customer support,contact_customer_service,CONTACT,BELZ,3946
7785,where do I lodge a consumer claim?,complaint,FEEDBACK,BIL,3809
16695,how long until I receive areimbursement of money?,get_refund,REFUND,BILZ,8504
5712,where do i see the accepted payment modalities,check_payment_methods,PAYMENT,BILQ,2479
15031,nede to get the bill from {{Person Name}} how to do it,get_invoice,INVOICE,BCILQZ,7693
16248,i need assistance requesting reimbursements of my money,get_refund,REFUND,BLMQ,8243
12237,"I need to check the options for shipping, how do I do it?",delivery_options,DELIVERY,BCIL,6136
20848,how do i reset the pin code of my account,recover_password,ACCOUNT,BILQ,10467
4711,i do not know how to give a quick look at invoice #85632,check_invoice,INVOICE,BELQ,1979
14467,i have to change the personal details,edit_account,ACCOUNT,BLMQ,7327
11453,problem with a pro account removal,delete_account,ACCOUNT,BL,5786
23335,i want help submitting a different delivery address,set_up_shipping_address,SHIPPING,BLQ,12628
4372,i need assistance looking for the bills from {{Person Name}},check_invoice,INVOICE,BLMQ,2209
4515,can you help me take a quick look at the invoice #00108?,check_invoice,INVOICE,BI,2275
26080,need help to see my rebate current status,track_refund,REFUND,BLQ,13819
13809,where could i see when my order is gonna arrive,delivery_period,DELIVERY,BILPQ,6604
21159,i need help notifying of registration issues,registration_problems,ACCOUNT,BLMQ,11410
5679,I try to list the payment options,check_payment_methods,PAYMENT,BL,2852
23177,what do i have to do to set a secondary delivery address up,set_up_shipping_address,SHIPPING,BILQ,12668
11249,I need assistance to remove my {{Account Type}} account,delete_account,ACCOUNT,BL,5674
13032,I need help to check when my purchase is going to arive,delivery_period,DELIVERY,BLZ,6526
2120,there is a trouble modifying the shipping address,change_shipping_address,SHIPPING,BL,836
19353,how can I purchase several fucking items ?,place_order,ORDER,BILMWZ,10005
20405,I need to recover my user account access key,recover_password,ACCOUNT,BL,10439
11716,I need assistance to cancel my freemium account,delete_account,ACCOUNT,BL,5661
14482,can uhelp me change the data on my profile,edit_account,ACCOUNT,BILQ,7370
23161,I have an issue entering a new shipping address,set_up_shipping_address,SHIPPING,BL,12653
24305,can i switch to the {{Account Type}} account,switch_account,ACCOUNT,BIQ,13125
17403,help me to cancel the subscription to the company newsletter,newsletter_subscription,SUBSCRIPTION,BL,8616
14277,modifying information on freemium account,edit_account,ACCOUNT,BKL,7242
2013,I need help trying to change my shipping address,change_shipping_address,SHIPPING,B,737
5547,i dont know how i can see the available payment options,check_payment_methods,PAYMENT,BLQ,2796
21350,i habe issues registering how do i do it,registration_problems,ACCOUNT,BCIMQZ,11534
13352,i need assistance to check how long the shgipment takes,delivery_period,DELIVERY,BLQZ,6711
7611,consumer reclamation against your organization,complaint,FEEDBACK,BL,3461
24404,how could i change to the {{Account Type}} account,switch_account,ACCOUNT,BILPQ,13124
6170,help me see in what situations can i request to be refunded,check_refund_policy,REFUND,BLQ,3093
22009,where do i leave a review about a service,review,FEEDBACK,BILQ,11963
20986,can I notify of problems with a sign-up?,registration_problems,ACCOUNT,BILM,11285
17886,i want help subscribing to the newsltter,newsletter_subscription,SUBSCRIPTION,BLQZ,8944
7491,is it possible to lodge a bloody customer claim?,complaint,FEEDBACK,BILW,3682
5991,help me see in what situations can i request a reimbursement,check_refund_policy,REFUND,BLQ,2966
4203,find bill #85632,check_invoice,INVOICE,BL,1995
17613,need help unsubscribing from ur newsletter,newsletter_subscription,SUBSCRIPTION,BLQ,8624
15979,where do i obtain a reimbursement,get_refund,REFUND,BILQZ,8059
4210,i have to take a quick look at the bills from {{Person Name}},check_invoice,INVOICE,BLMQ,2046
6778,"I need to see in what cases can I request a refund, help me",check_refund_policy,REFUND,BCL,3167
8049,help me calling customer service,contact_customer_service,CONTACT,BL,3963
23500,I do not know how to submit a different delivery address,set_up_shipping_address,SHIPPING,BEL,12696
22146,I need help leaving my feedback for your products,review,FEEDBACK,BL,11988
15897,send me invoice from {{Person Name}},get_invoice,INVOICE,BKL,7904
20024,I want help to recover my user profile access key,recover_password,ACCOUNT,BL,10525
26669,I want to know if there are any updates on my compensation,track_refund,REFUND,BLM,13885
23818,could I set up the shipping address?,set_up_shipping_address,SHIPPING,BILP,13091
6367,I am trying to check in what cases can I request a refund,check_refund_policy,REFUND,BL,2972
19206,"I have got to earn several of your item, will you help me?",place_order,ORDER,BCILMP,9876
6552,is it possible to seeur money back policy,check_refund_policy,REFUND,BILQZ,3225
22237,do you have a method to submit a comment for your company?,review,FEEDBACK,BIL,12144
18493,need to report troubles with online payment,payment_issue,PAYMENT,BLMQ,9085
13798,can you show me how soon can I expect my purchase?,delivery_period,DELIVERY,BIL,6689
17185,assistance receiving the company newsletter,newsletter_subscription,SUBSCRIPTION,BL,8663
6951,can you help me lodging a complaint against your company?,complaint,FEEDBACK,BIL,3356
19733,i need assistance ordering some articles,place_order,ORDER,BLMQ,9595
14756,modifying data on standard account,edit_account,ACCOUNT,BL,7529
11540,I want assistance to delete a bloody gold account,delete_account,ACCOUNT,BLW,5821
1852,I cannot change order {{Order Number}},change_order,ORDER,BEN,378
16002,help to ask for a restitution of money,get_refund,REFUND,BL,8070
21966,I have to leave feedback about yoour products,review,FEEDBACK,BLZ,11925
13067,I am trying to find the shipping perod,delivery_period,DELIVERY,BELMZ,6552
16933,i want assistance to cancel the newsletter subscription,newsletter_subscription,SUBSCRIPTION,BLQ,8616
15234,i have to download my bills from 7 last weeks i need help,get_invoice,INVOICE,BCLMQ,7771
13712,I have to see how long it takes for my shipment to arrive,delivery_period,DELIVERY,BL,6420
14922,howe can I download the invoice #12588?,get_invoice,INVOICE,BILZ,7633
13698,I want help seeing how soon can I expect the parcel,delivery_period,DELIVERY,BL,6418
2886,need to modify my delivery address,change_shipping_address,SHIPPING,BLQ,726
2361,I chose a wrong delivery addreds,change_shipping_address,SHIPPING,BLZ,1022
22916,Ihave an issue entering my shipping address,set_up_shipping_address,SHIPPING,BLZ,12621
25528,check purchase {{Order Number}} status,track_order,ORDER,BL,13522
23890,I want help to use the {{Account Category}} account,switch_account,ACCOUNT,B,13131
20855,help me to retrieve my profile access key,recover_password,ACCOUNT,BL,10971
23464,there is a problem entering a new delivery address,set_up_shipping_address,SHIPPING,BL,12811
21063,I can't report errors with signup,registration_problems,ACCOUNT,BLMN,11338
18325,can ya help mw to solve errors with payment,payment_issue,PAYMENT,BILMQZ,9264
26079,"I want to track my restitution, how do I do it?",track_refund,REFUND,BCIL,13900
6859,see how long refunds take,check_refund_policy,REFUND,BL,3004
10966,cancel standard acount,delete_account,ACCOUNT,BKLZ,5504
22670,comment for your services,review,FEEDBACK,BKL,12450
8661,"I have to contact customer support, help me",contact_customer_service,CONTACT,BCL,4229
82,I want assistance to cancel purchase {{Order Number}},cancel_order,ORDER,BL,3
11253,remove premium account,delete_account,ACCOUNT,BKL,5677
940,i need assistance cancelling order {{Order Number}},cancel_order,ORDER,BQ,17
21049,I cannot inform of an error with sign-up,registration_problems,ACCOUNT,BELN,11329
25343,showing me order {{Order Number}} current status,track_order,ORDER,BKL,13541
7041,help to file a consumer claim,complaint,FEEDBACK,BL,3421
13974,update {{Account Type}} account,edit_account,ACCOUNT,BKL,7011
1235,i cannot change order {{Order Number}},change_order,ORDER,BENQ,378
5173,help me to check ur allowed payment options,check_payment_methods,PAYMENT,BLQ,2542
21687,need assistance to report a problem with signup,registration_problems,ACCOUNT,BLQ,11199
10742,I cannot create a {{Account Type}} account,create_account,ACCOUNT,BELN,5308
12972,I call to see how soon can I expect my parcel,delivery_period,DELIVERY,BL,6418
16013,need help to ask for restitutions of my money,get_refund,REFUND,BLMQ,8070
25713,check purcase {{Order Number}} current status,track_order,ORDER,BLZ,13750
18001,"I need to report a payment error, how can I do it?",payment_issue,PAYMENT,BCIL,9046
12749,i have to see the shipment options can i get some help,delivery_options,DELIVERY,BCILQ,6362
25607,want help to see purchase {{Order Number}} status,track_order,ORDER,BLQ,13522
4191,check invoice #12588,check_invoice,INVOICE,BK,2107
2555,i have issuws modifying my shipping address,change_shipping_address,SHIPPING,BLMQZ,937
19318,can uhelp me purcahsing an article,place_order,ORDER,BILQZ,9974
15366,how do i get my invoice #85632,get_invoice,INVOICE,BIQ,7773
84,i want help cancelling purchase {{Order Number}},cancel_order,ORDER,BLQ,23
12102,I want help checking what methods for delivery I can choose,delivery_options,DELIVERY,BLM,6009
3250,what do I need to do to see the early termination penalty?,check_cancellation_fee,CANCEL,BIL,1599
17365,i have to cancel the company newsletter subscription help me,newsletter_subscription,SUBSCRIPTION,BCQ,8616
6824,how to see your goddamn reimbursement policy?,check_refund_policy,REFUND,BILW,3041
19054,I need to shop some products,place_order,ORDER,BLM,9688
3549,help me checking the cancellation charge,check_cancellation_fee,CANCEL,BL,1571
24173,wanna change to the freemium account help me,switch_account,ACCOUNT,BCLQZ,13283
13831,help me to check when will my article arrive,delivery_period,DELIVERY,BL,6430
3559,help me to check the termination charges,check_cancellation_fee,CANCEL,BLM,1443
18673,assistance to report troubles with payments,payment_issue,PAYMENT,BLM,9041
22765,is there a method to send feedback for a product?,review,FEEDBACK,BIL,12513
7740,help me lodge a complaint against ur business,complaint,FEEDBACK,BLQ,3389
12795,i do not know how to check what shipment options uoffer,delivery_options,DELIVERY,BELMQ,6004
2991,help to see the withdrawal fee,check_cancellation_fee,CANCEL,BL,1420
6273,i need help checking ur refund policy,check_refund_policy,REFUND,BQ,3123
8499,see what hours customer support available is,contact_customer_service,CONTACT,BL,3890
9953,create new gold account,create_account,ACCOUNT,BKL,4962
21440,"I can't register, inform of signup problems",registration_problems,ACCOUNT,BCLMN,11594
8485,i do not know how to call customer assistance,contact_customer_service,CONTACT,BELQ,3911
6953,I want assistance to make an customer reclamation,complaint,FEEDBACK,BLZ,3358
3344,can you help me seeing the withdrawal penalty?,check_cancellation_fee,CANCEL,BIL,1412
22433,is there an e-mail to send a review for your products?,review,FEEDBACK,BIL,12291
3951,how do I give a quick look at my invoice #00108?,check_invoice,INVOICE,BIL,1940
19344,help me to buy some products,place_order,ORDER,BLM,9996
11107,I need information about the deletion of my {{Account Type}} account,delete_account,ACCOUNT,BL,5549
24462,how can I use the {{Account Category}} account?,switch_account,ACCOUNT,BI,13131
11131,question about the termination of my standard accout,delete_account,ACCOUNT,BLZ,5618
19824,I don't know what I need to do to order several itmes,place_order,ORDER,BLMZ,10357
139,I can no longer afford order {{Order Number}},cancel_order,ORDER,BLN,6
6944,make customer claim against your organization,complaint,FEEDBACK,BKL,3338
5160,list the allowed payment options,check_payment_methods,PAYMENT,BL,2587
2009,I have an issue trying to correct my delivery address,change_shipping_address,SHIPPING,BL,733
9060,I don't know what I need to do to contact an operator,contact_human_agent,CONTACT,BL,4412
17861,how can I subscribe to the newsletter?,newsletter_subscription,SUBSCRIPTION,BIL,8661
22931,problems submitting the shipping address,set_up_shipping_address,SHIPPING,BLM,12633
20100,can ya help me recovering my userprofile pass,recover_password,ACCOUNT,BILQZ,10594
21890,I do not know how I could send my feedback about a product,review,FEEDBACK,BELP,11854
2088,help updating my shipping address,change_shipping_address,SHIPPING,BL,754
541,i can no longer pay for order {{Order Number}},cancel_order,ORDER,BLNQ,40
26176,I need assistance to check the status of my restitution,track_refund,REFUND,BL,13934
19652,I don't know how to shop some of your item,place_order,ORDER,BLM,10234
18849,i need assistance to solve a problem with payments,payment_issue,PAYMENT,BLMQZ,9053
26166,I do not know how to check the status of the compensation,track_refund,REFUND,BEL,13918
25424,wanna locate purchase {{Order Number}} how could i do it,track_order,ORDER,BCILPQ,13679
18843,i need help solving an error with online payments,payment_issue,PAYMENT,BLMQ,9559
25388,help me check the eta of the order {{Order Number}},track_order,ORDER,BQ,13519
1984,help me remove something from order {{Order Number}},change_order,ORDER,B,235
16635,where to get a restitution of my money,get_refund,REFUND,BILQ,8473
24121,switching to standard account,switch_account,ACCOUNT,BK,13266
3574,"I want to see the early exit charge, how can I do it?",check_cancellation_fee,CANCEL,BCIL,1486
13344,need help seeing when my order is gonna arrive,delivery_period,DELIVERY,BLQ,6708
18789,"the payment did not go through, report an error",payment_issue,PAYMENT,BCEL,9529
19223,I don't know what I have to do to purchase something,place_order,ORDER,BL,9892
8864,"I need to talk with customer support, could I get some help?",contact_customer_service,CONTACT,BCILP,4307
15398,can you help me to download my invoice #37777?,get_invoice,INVOICE,BIL,7635
20638,how to reset my account pwd,recover_password,ACCOUNT,BILQ,11027
18483,help me solve payment problems,payment_issue,PAYMENT,BLM,9358
15874,I want assistance to download myinvoice #85632,get_invoice,INVOICE,BLZ,7972
9797,uare not ehlpful i need assistance to speak to a person,contact_human_agent,CONTACT,BCELQZ,4868
21236,i cant open a user account help me report sign-up errors,registration_problems,ACCOUNT,BCLMNQ,11465
17062,I don't know what I have to do to sign up to the newsletter,newsletter_subscription,SUBSCRIPTION,BL,8696
19776,i do not know how i can earn several of ur product,place_order,ORDER,BELMQ,10322
15431,I want assistance getting the bill from {{Person Name}},get_invoice,INVOICE,BL,7664
20020,I need information about an access key retrieval,recover_password,ACCOUNT,BL,10522
12781,I have to see what shipping options you offer,delivery_options,DELIVERY,BLM,6141
19999,I am trying to retrieve the access key of my profile,recover_password,ACCOUNT,BL,10504
26013,I'm waiting for an refund of {{Currency Symbol}}{{Refund Amount}},track_refund,REFUND,BQZ,13784
9059,what do i have to do to talk with an operator,contact_human_agent,CONTACT,BILQ,4366
15893,i do not know how to download my bill from {{Person Name}},get_invoice,INVOICE,BELQ,7618
9437,I need to speak to a person,contact_human_agent,CONTACT,BL,4411
6393,I try to see in what situations can I ask for reimbursements,check_refund_policy,REFUND,BL,3072
15229,I do not know how I could download the invoice #85632,get_invoice,INVOICE,BELP,7613
11866,i want help canceling the {{Account Category}} account,delete_account,ACCOUNT,BLQ,5550
9,i need help canceling purchase {{Order Number}},cancel_order,ORDER,BLQ,3
9114,how do I contact an operator?,contact_human_agent,CONTACT,BIL,4458
14529,correcting info on {{Account Category}} account,edit_account,ACCOUNT,BKLQ,7191
23735,how to enter my shipping address,set_up_shipping_address,SHIPPING,BILQ,13034
24732,help me use the gold profile,switch_account,ACCOUNT,BL,13162
1278,wanna switch some articles of order {{Order Number}} help me,change_order,ORDER,BCLMQ,405
19558,need help to order several of your article,place_order,ORDER,BLMQ,9776
15932,where do i request a reimbursement of money,get_refund,REFUND,BILQ,8013
10,i dont know what to do to cancel order {{Order Number}},cancel_order,ORDER,BQ,5
20975,I want help to inform of an issuewith signup,registration_problems,ACCOUNT,BLZ,11274
20073,problem with forgotten keys,recover_password,ACCOUNT,BLM,10568
16842,how do I request a compensation of money?,get_refund,REFUND,BIL,8593
22630,want assistance to write an opinion about ur productd,review,FEEDBACK,BLQZ,12424
18303,where can i notify of errors with online payments,payment_issue,PAYMENT,BILMQ,9108
23860,what do i have to do to enter the shipping address,set_up_shipping_address,SHIPPING,BILQ,13034
12266,help to see what shipping options you offer,delivery_options,DELIVERY,BLM,6141
2254,problems with a delivery address update,change_shipping_address,SHIPPING,BLM,948
9442,could you help me chatting with a live agent?,contact_human_agent,CONTACT,BILP,4678
26771,how can I check if there is anything new on the restitution?,track_refund,REFUND,BIL,13907
7944,help me see what hours customer support available is,contact_customer_service,CONTACT,BLZ,3890
5141,is it possible to check your paymet modalities?,check_payment_methods,PAYMENT,BILZ,2603
4432,help to check my invoice #12588,check_invoice,INVOICE,B,2107
23167,how to enter another shipping address?,set_up_shipping_address,SHIPPING,BIL,12794
2384,there is an error modifying the delivery address,change_shipping_address,SHIPPING,BL,829
24091,I do not know what I have to do to change to the pro account,switch_account,ACCOUNT,BEL,13250
6557,I am trying to see your reimbursement policy,check_refund_policy,REFUND,BL,3226
4680,see my invoices from {{Person Name}},check_invoice,INVOICE,BLM,1943
14486,I don't know what I need to do to edit my user information,edit_account,ACCOUNT,BL,7371
25882,I have to see the current status of my reimbursement,track_refund,REFUND,BL,13785
3208,assistance to check the cancellation fees,check_cancellation_fee,CANCEL,BM,1569
5351,want help to check ur payment methods,check_payment_methods,PAYMENT,BLQ,2488
25110,can i check purchase {{Order Number}} status,track_order,ORDER,BILQ,13522
21270,help me reporting an issue with a registration,registration_problems,ACCOUNT,B,11303
10828,I don't know how I can create a standard account for my dad,create_account,ACCOUNT,BL,5423
7514,I don't kmow how I can make a claim,complaint,FEEDBACK,BLZ,3693
398,I do not know how I could cancel purchase {{Order Number}},cancel_order,ORDER,BELP,3
25237,I need help seeing purchase {{Order Number}} current status,track_order,ORDER,BL,13520
26091,could I know if there are any news on my reimbursement?,track_refund,REFUND,BILMP,13906
143,assistance with canceling oreder {{Order Number}},cancel_order,ORDER,BZ,51
13436,can you help me check how oson can I expect the parcel?,delivery_period,DELIVERY,BILZ,6485
13895,need help to see how sono can I expect my item,delivery_period,DELIVERY,BLQZ,6939
22691,is there an address to submit my feedback for your services?,review,FEEDBACK,BIL,12467
8114,I nmeed assistance calling customer support,contact_customer_service,CONTACT,BLZ,4002
21950,could I leave a bloody comment about a service?,review,FEEDBACK,BILPW,11911
9657,how do I talk to an assistant?,contact_human_agent,CONTACT,BIL,4755
5563,I am trying to see the payment options,check_payment_methods,PAYMENT,BL,2804
9891,I don't know what I have to do to chat with an operator,contact_human_agent,CONTACT,BL,4385
14009,editing details on standard account,edit_account,ACCOUNT,BKLM,7041
7351,I have got to make a complaint against your company,complaint,FEEDBACK,BL,3502
16650,i have paid {{Currency Symbol}}{{Refund Amount}} for an item help me obtain a refund,get_refund,REFUND,BCELMQV,8135
2892,I want assistance to modify the shipping addresxs,change_shipping_address,SHIPPING,BLZ,1359
10997,problem with the deletion of a {{Account Category}} account,delete_account,ACCOUNT,BL,5529
19959,I need to reset the PIN code of my account,recover_password,ACCOUNT,BL,10467
22140,need assistance to leave my feedback about a service,review,FEEDBACK,BLQ,11915
15837,download bill #00108,get_invoice,INVOICE,BKL,7688
17525,want help to sign up to your corpirate newsletter,newsletter_subscription,SUBSCRIPTION,BLQZ,8858
16277,where to obtain a restitution of money,get_refund,REFUND,BILQ,8276
1323,I want help deleting something from purchase {{Order Number}},change_order,ORDER,BL,299
2995,I don'tt know what I need to do to see the early exit fees,check_cancellation_fee,CANCEL,BLMZ,1424
23065,I am trying to set my secondary shipping address up,set_up_shipping_address,SHIPPING,BLZ,12734
25615,I need help tracking purchase {{Order Number}},track_order,ORDER,BL,13725
2539,i have a prolem trying to update my address,change_shipping_address,SHIPPING,BLQZ,1146
11989,can i place an order from {{Delivery Country}},delivery_options,DELIVERY,BIQS,6062
15336,what do I need to do to get my bill #37777?,get_invoice,INVOICE,BIL,7803
205,cancelling order {{Order Number}},cancel_order,ORDER,BK,17
23610,I have troubles submittng the shipping address,set_up_shipping_address,SHIPPING,BLMZ,12997
8201,help to get in touch with customer service,contact_customer_service,CONTACT,BL,3977
26,need assistance cancelling order {{Order Number}},cancel_order,ORDER,BQ,17
26463,want help knowing if there are any updates on my refund,track_refund,REFUND,BLMQ,14031
24830,help using the gold account,switch_account,ACCOUNT,B,13284
11871,problem with standard account removals,delete_account,ACCOUNT,BLM,5974
17209,I need help cancelling my subscription to your newsletter,newsletter_subscription,SUBSCRIPTION,BL,8633
17503,is it possible to unsubscribe from the company newsletter,newsletter_subscription,SUBSCRIPTION,BILQ,8826
26550,"I expect a bloody rebate of {{Currency Symbol}}{{Refund Amount}}, was it processed already",track_refund,REFUND,BCLW,14053
25468,icant see the eta of purchase {{Order Number}},track_order,ORDER,BLNQZ,13688
21846,where to inform of registration errors?,registration_problems,ACCOUNT,BILM,11825
6197,II need to see your reimbursement policy,check_refund_policy,REFUND,BLZ,3001
21121,I am experiencing an problem registering,registration_problems,ACCOUNT,BELZ,11381
5403,tell available payment modalities,check_payment_methods,PAYMENT,BKL,2489
22997,i cnnot set the shipping address up,set_up_shipping_address,SHIPPING,BELQZ,12686
3456,I do not know what to do to check the early exit fee,check_cancellation_fee,CANCEL,BEL,1712
9329,I can't talk with a human agent,contact_human_agent,CONTACT,BLZ,4624
2689,i have problems changing my shipping addresw,change_shipping_address,SHIPPING,BLMQZ,1236
17606,can you help me unsubscribing from your company newsletter?,newsletter_subscription,SUBSCRIPTION,BIL,8624
16063,i do not know how to obtain a compensation,get_refund,REFUND,BELQ,8129
23989,can you help me using the pro profile?,switch_account,ACCOUNT,BIL,13196
11127,find information about the cancellation of my {{Account Type}} account,delete_account,ACCOUNT,BL,5482
18751,issue with payment,payment_issue,PAYMENT,BK,9446
8173,need to see at what time customer assistance avaialble is,contact_customer_service,CONTACT,BLQZ,4032
5103,"I need to see the allowed payment options, help me",check_payment_methods,PAYMENT,BCL,2582
3762,"I need to see the cancellation penalties, will you help me?",check_cancellation_fee,CANCEL,BCILMP,1840
17113,can utell me about the corporate newsletter subscription,newsletter_subscription,SUBSCRIPTION,BILQ,8714
20911,I needs to notify of signup issues,registration_problems,ACCOUNT,BLMZ,11218
11335,where can I getinformation about a freemium account removal?,delete_account,ACCOUNT,BILZ,5723
1451,I have to delete several items from purchase {{Order Number}},change_order,ORDER,BLM,489
22504,"I want to write a comment about a product, how can I do it?",review,FEEDBACK,BCIL,12339
15328,get ibll #00108,get_invoice,INVOICE,BKLZ,7800
23904,help using the freemium profile,switch_account,ACCOUNT,BL,13143
10231,register,create_account,ACCOUNT,BK,5151
6344,in which cases can I request refunds?,check_refund_policy,REFUND,BIL,3158
3298,help checking the early termination penalty,check_cancellation_fee,CANCEL,BL,1400
25515,I cannot see purchase {{Order Number}} goddamn current status,track_order,ORDER,BELNW,13698
21412,what do I need to do to notify of an issue with a signup?,registration_problems,ACCOUNT,BIL,11525
19481,I need help shopping several of your item,place_order,ORDER,BLM,9747
11275,I don't know what I have to do to close a standard account,delete_account,ACCOUNT,BL,5690
24873,could I use the {{Account Category}} profile?,switch_account,ACCOUNT,BILP,13207
19176,where can i shop something,place_order,ORDER,BILQ,9851
22886,there is a problem submitting my secondary shipping address,set_up_shipping_address,SHIPPING,BL,12595
19604,"I need to purchase a product, how can I do it?",place_order,ORDER,BCIL,10196
11450,i have a question about the termination of a standard acount,delete_account,ACCOUNT,BLQZ,5618
15288,how to get bill #85632,get_invoice,INVOICE,BILQ,7681
10629,find information about opening a {{Account Type}} account,create_account,ACCOUNT,BL,4965
19780,assistance to earn some of ur prouct,place_order,ORDER,BLMQZ,10325
9132,what do I need to do to chat with an assistant?,contact_human_agent,CONTACT,BILZ,4499
3078,I want assistance checking the early termination penalty,check_cancellation_fee,CANCEL,BL,1400
9283,I cannot talk to a person,contact_human_agent,CONTACT,BEL,4596
15276,I don't know how to download the invoice from {{Person Name}},get_invoice,INVOICE,BL,7643
20999,i want assistance to inform of problems with sign-up,registration_problems,ACCOUNT,BLMQ,11294
1155,problem with swapping something of order {{Order Number}},change_order,ORDER,BL,324
16828,i have got to obtain a rebate of my money,get_refund,REFUND,BLQ,8585
18851,help notifying of problems with payment,payment_issue,PAYMENT,BLM,9304
1513,I need help to swap some itemsof order {{Order Number}},change_order,ORDER,BLMZ,510
6764,need help seeing in what cases can i ask ofr reimbursements,check_refund_policy,REFUND,BLQZ,3283
1531,I do not know how I can swap an item of order {{Order Number}},change_order,ORDER,BEL,309
20781,"someone stole my user PIN code, I want help to retrieve it",recover_password,ACCOUNT,BCL,11132
22696,is there an e-mail to submit feedback for your company?,review,FEEDBACK,BIL,12162
4107,can i take a quick look at bill #12588,check_invoice,INVOICE,BILQ,2051
18651,"I cannot pay, help reporting goddamn problems with payments",payment_issue,PAYMENT,BCELMW,9455
1611,wanna swap some fucking products of purchase {{Order Number}},change_order,ORDER,BLMQW,554
19152,I need assistance buying an article,place_order,ORDER,BL,9829
20328,can ya help me retrieving my user pin code,recover_password,ACCOUNT,BILQ,10792
21025,assistance signing up,registration_problems,ACCOUNT,BKL,11311
14387,updating informtaion on {{Account Category}} account,edit_account,ACCOUNT,BKLZ,7316
7156,I am trying to make a fucking consumer complaint,complaint,FEEDBACK,BLW,3498
14391,correcting information on {{Account Type}} account,edit_account,ACCOUNT,BKL,6976
23056,i cant enter the secondary delivery address,set_up_shipping_address,SHIPPING,BLQ,12726
21109,how colud I notify of registration problems?,registration_problems,ACCOUNT,BILMPZ,11371
14939,download bills from {{Person Name}},get_invoice,INVOICE,BKLM,7618
9117,want help to contact an agent,contact_human_agent,CONTACT,BQ,4463
6866,need help seeing in which cases can I request a refund,check_refund_policy,REFUND,BLQZ,2997
4703,i do not know what i have to do to see bill #85632,check_invoice,INVOICE,BELQ,2039
217,want assistance canceling order {{Order Number}},cancel_order,ORDER,BQ,12
11739,I do not know what I need to do to cancel my {{Account Type}} account,delete_account,ACCOUNT,BEL,5473
15801,getting invoice from last month,get_invoice,INVOICE,BK,7684
16632,i have got to get restitutions of my money,get_refund,REFUND,BLMQ,8471
22337,"I need to leave my feedback, can you help me?",review,FEEDBACK,BCIL,12218
15690,i have got to download my invoice #12588 how do i do it,get_invoice,INVOICE,BCILQ,7621
7051,can uhelp me making a reclamation against ur business,complaint,FEEDBACK,BILQ,3430
2615,I have an error correcting the goddamn delivery address,change_shipping_address,SHIPPING,BLW,1190
25222,can you help me check the ETA of the purchase {{Order Number}}?,track_order,ORDER,BIL,13518
6094,help me seeing your damn refund policy,check_refund_policy,REFUND,BLW,3027
1440,need help to deete a fucking item from order {{Order Number}},change_order,ORDER,BLQWZ,484
12055,do uship to {{Delivery City}},delivery_options,DELIVERY,BILQS,6028
17381,i want assistznce signing up to ur company newsletter,newsletter_subscription,SUBSCRIPTION,BLQZ,8812
18524,help me reporting problems with online payment,payment_issue,PAYMENT,BLM,9281
13747,"I want to see how long the shipment takes, can you help me?",delivery_period,DELIVERY,BCIL,6873
2750,I do not know how I can update the address,change_shipping_address,SHIPPING,BEL,1273
15544,"I have got to get the bill from {{Person Name}}, will you help me?",get_invoice,INVOICE,BCILP,7870
2288,I do not know what I have to do to correct my address,change_shipping_address,SHIPPING,BEL,971
18607,help me solving troubles with payments,payment_issue,PAYMENT,BLM,9305
22125,i dont knowwhat to do to submit some feedback for a product,review,FEEDBACK,BLQZ,12058
5756,can you help me to list your accepted payment modalities?,check_payment_methods,PAYMENT,BIL,2479
20893,"I cannot create a user, help to inform of a signup problem",registration_problems,ACCOUNT,BCELN,11201
10533,new standard acount,create_account,ACCOUNT,BKLZ,5290
16591,"I have paid {{Currency Symbol}}{{Refund Amount}} for these articles, I need to get a rebate",get_refund,REFUND,BCELMV,8224
26412,need help to check if there are any news on the restitution,track_refund,REFUND,BLMQ,13820
17360,i have to subscribe to the corporate newsletter,newsletter_subscription,SUBSCRIPTION,BLQ,8630
4078,i dont know how to give a quick look at bill #37777,check_invoice,INVOICE,BLQ,2034
15493,i dont know what to do to download the bills from {{Person Name}},get_invoice,INVOICE,BLMQ,7618
9516,help to contact an agent,contact_human_agent,CONTACT,B,4463
14747,changing data on gold account,edit_account,ACCOUNT,BL,7524
8238,help seeing at what time i can contact customer assistance,contact_customer_service,CONTACT,BLQ,4067
24902,where do I check the current status of order {{Order Number}}?,track_order,ORDER,BIL,13523
2711,I have problems trying to update my address,change_shipping_address,SHIPPING,BLM,1252
24427,switch to pro account,switch_account,ACCOUNT,BK,13343
13000,need to check how soon can i expect my product,delivery_period,DELIVERY,BLQ,6460
6711,could i see in what cases can i request refundcs,check_refund_policy,REFUND,BILPQZ,3265
20877,is it possible to retrieve my user account password?,recover_password,ACCOUNT,BIL,11188
22885,I want help to set up my delivery address,set_up_shipping_address,SHIPPING,BL,12594
24090,help me use the {{Account Type}} profile,switch_account,ACCOUNT,BL,13175
7648,what do I have to do to lodge a reclamation?,complaint,FEEDBACK,BIL,3749
21317,I can't inform of an issue with signup,registration_problems,ACCOUNT,BLN,11514
14631,edit {{Account Category}} accont,edit_account,ACCOUNT,BKLZ,7459
22154,wanna send my bloody feedback for ur products can ya help me,review,FEEDBACK,BCILQW,12081
8783,how to check at what time i can contact customer support,contact_customer_service,CONTACT,BILQ,3960
3003,show me the cancellation penalty,check_cancellation_fee,CANCEL,BL,1409
6463,can I see under which circumstances can I ask for refunds?,check_refund_policy,REFUND,BIL,2978
18838,I have got to notify of troubles with payments,payment_issue,PAYMENT,BLM,9556
18095,i do not know how i can inform of issues with online payment,payment_issue,PAYMENT,BELMQ,9117
19125,I do not know what I have to do to buy an article,place_order,ORDER,BEL,9804
19753,need assistance to earn several of u article,place_order,ORDER,BLMQZ,10311
24147,I cannot switch to the {{Account Type}} account,switch_account,ACCOUNT,BEN,13125
3038,wanna check the termination penalties,check_cancellation_fee,CANCEL,BLMQ,1458
17103,I need to subscribe to your newsletter,newsletter_subscription,SUBSCRIPTION,BL,8619
18198,"I cannot pay, assistance reporting a trouble with payments",payment_issue,PAYMENT,BCELM,9190
2503,there is an issue trying to change the shipping address,change_shipping_address,SHIPPING,BL,855
6894,helpme check your refund policy,check_refund_policy,REFUND,BZ,3317
20094,is it possible to reset my user account key?,recover_password,ACCOUNT,BIL,10411
12141,help me seeing what shipping options you offer,delivery_options,DELIVERY,BLM,6141
1324,I want help to add a product to order {{Order Number}},change_order,ORDER,BL,431
2544,i try to change my shipping address,change_shipping_address,SHIPPING,BQ,878
23189,issue entering another shipping address,set_up_shipping_address,SHIPPING,BL,12805
23885,"I have got to use the {{Account Category}} profile, I need help",switch_account,ACCOUNT,BCL,13129
8750,I have got to contact customer assistance,contact_customer_service,CONTACT,BL,4108
222,I want help cancelling purchase {{Order Number}},cancel_order,ORDER,BL,23
1027,I have a question about correcting order {{Order Number}},change_order,ORDER,BL,229
10949,i don use my pro account help me close it,delete_account,ACCOUNT,BCLQZ,5494
13536,i have to check how long the shipment takes,delivery_period,DELIVERY,BLQ,6623
9979,open a pro account for my dad,create_account,ACCOUNT,BL,4984
22642,"I need to send feedback for a product, help me",review,FEEDBACK,BCL,12432
8504,is it possible to talk to customer support?,contact_customer_service,CONTACT,BIL,4021
2228,i have anissue modifying my address,change_shipping_address,SHIPPING,BLQZ,928
10698,creating standard account,create_account,ACCOUNT,BK,5130
2666,I have an issue trying to change the delivery address,change_shipping_address,SHIPPING,BL,1223
7912,what do I have to do to file a goddamn customer claim?,complaint,FEEDBACK,BILW,3863
6242,wanna check under which circumstances can i ask for a refund,check_refund_policy,REFUND,BLQ,2978
4732,I have got to check the invoices from {{Person Name}},check_invoice,INVOICE,BM,1943
17075,i have got to cancel my newsletter subscription,newsletter_subscription,SUBSCRIPTION,BLQ,8616
19877,I need assistance to shop some articles,place_order,ORDER,BLM,10118
24676,what do i need to do to switch to the pro account,switch_account,ACCOUNT,BIQ,13145
20146,i want information about my access key recovery,recover_password,ACCOUNT,BLQ,10635
1077,how do I add some items to order {{Order Number}}?,change_order,ORDER,BIM,272
4244,i have got to check the invoces from {{Person Name}},check_invoice,INVOICE,BMQZ,2136
9821,can you help me to talk with a damn live agent?,contact_human_agent,CONTACT,BILW,4885
6130,can i cxheck in which cases can i ask for refunds,check_refund_policy,REFUND,BILQZ,2986
22438,can you help me tyo send my feedback for a service?,review,FEEDBACK,BILZ,12295
26179,I am trying to see the current status of the rebate,track_refund,REFUND,BL,13925
12334,wanna see what delivery options are there i need help,delivery_options,DELIVERY,BCLMQ,6234
5655,I do not know how I can list the payment modalities,check_payment_methods,PAYMENT,BEL,2511
15906,when wil i get a rebate,get_refund,REFUND,BILQZ,7987
21919,can uhelp me submitting my feedback for a producvt,review,FEEDBACK,BILQZ,11882
2251,I need assistance trying to change my address,change_shipping_address,SHIPPING,BL,945
18853,I have to inform of a bloody payment issue,payment_issue,PAYMENT,BLW,9561
16584,how long till i receive a rebate,get_refund,REFUND,BILQ,8393
23569,"I want to submit my new shipping address, how do I do it?",set_up_shipping_address,SHIPPING,BCIL,12834
12628,where can I see what shipping methods are available?,delivery_options,DELIVERY,BILM,6322
23013,there is an error submitting the shipping address,set_up_shipping_address,SHIPPING,BL,12700
5152,I need to check the payment methods,check_payment_methods,PAYMENT,BL,2488
21093,help me notify of errors with registrations,registration_problems,ACCOUNT,BLM,11277
13862,I am trying to see when will my item arrive,delivery_period,DELIVERY,BL,6921
21201,"I can't open an account, help me report bloody signup issues",registration_problems,ACCOUNT,BCLMNW,11437
5708,assistance to check your payment modalities,check_payment_methods,PAYMENT,BL,2631
15752,whzt do i have to do to get my invoice #00108,get_invoice,INVOICE,BIQZ,7933
25493,how do i check order {{Order Number}} current status,track_order,ORDER,BILQ,13523
7906,i need help making a consumer reclamation,complaint,FEEDBACK,BLQ,3860
11075,problems with {{Account Category}} account deletions,delete_account,ACCOUNT,BLM,5529
23894,use {{Account Category}} account,switch_account,ACCOUNT,BK,13131
20866,need help recovering the pwd of my user,recover_password,ACCOUNT,BLQ,11180
4182,"I need to locate my bill from {{Person Name}}, will you help me?",check_invoice,INVOICE,BCILP,2099
15607,I don't know what I have to do to download bill #85632,get_invoice,INVOICE,BL,7612
22814,i have got to send some feedback for a product,review,FEEDBACK,BLQ,12020
22679,is there a way to submit some feedback for ur services,review,FEEDBACK,BILQ,12457
1396,add article to order {{Order Number}},change_order,ORDER,BKL,418
19701,I'm trying to order several articles,place_order,ORDER,BLMQ,10275
18905,I need assistance ordering some articles,place_order,ORDER,BLM,9595
696,"I have bought some items, cancel order {{Order Number}}",cancel_order,ORDER,BCELMV,54
15341,I do not know how to download the bill #12588,get_invoice,INVOICE,BEL,7631
14151,update inforemation on {{Account Category}} account,edit_account,ACCOUNT,BKLZ,7158
646,i dont know how i can cancel purchase {{Order Number}},cancel_order,ORDER,BLQ,3
1328,is it possible to swap some items of purchase {{Order Number}},change_order,ORDER,BILMQ,434
13916,changing information on {{Account Category}} account,edit_account,ACCOUNT,BKL,6958
6537,can I check in which cases can I request my damn money back?,check_refund_policy,REFUND,BILW,3216
23391,support submitting the delivery address,set_up_shipping_address,SHIPPING,BL,12617
11820,i dont know what i have to do to remove my standard account,delete_account,ACCOUNT,BLQ,5459
14254,mldifying gold account,edit_account,ACCOUNT,BKLZ,7228
23633,there is an issue submitting my secondary delivery address,set_up_shipping_address,SHIPPING,BL,12937
19247,I am trying to order several of your item,place_order,ORDER,BLM,9914
10401,need assistance to create a premium account,create_account,ACCOUNT,BQ,5154
26472,i expecdt a refund of {{Refund Amount}} dollars,track_refund,REFUND,BQZ,13778
26754,check my reimbursement status,track_refund,REFUND,BL,13995
22903,help me entering a different delivery address,set_up_shipping_address,SHIPPING,BL,12609
14869,need to modify the details on my user profile how to do it,edit_account,ACCOUNT,BCILMQ,7592
12983,i need assistance seeing how soon can i expect the delivery,delivery_period,DELIVERY,BLQ,6490
25660,wqhere to see purchase {{Order Number}} current status,track_order,ORDER,BILQZ,13739
19777,is it possible to shop a few of your item?,place_order,ORDER,BILM,10323
21050,how do I notify of issues with registrations ?,registration_problems,ACCOUNT,BILMZ,11330
15542,can i get invoice #12588,get_invoice,INVOICE,BIQ,7638
25495,I donot know how to check order {{Order Number}} status,track_order,ORDER,BEZ,13694
13630,I have to check when my package is going to arrive,delivery_period,DELIVERY,BL,6509
2175,can you tell me about a shipping address update?,change_shipping_address,SHIPPING,BIL,883
13674,where doi check how soon can i expect my order,delivery_period,DELIVERY,BILQZ,6849
1208,could I add a product to order {{Order Number}}?,change_order,ORDER,BILP,361
10904,can you help me opening a pro account?,create_account,ACCOUNT,BIL,5457
3145,"I haave to check the termination charge, I need help",check_cancellation_fee,CANCEL,BCLZ,1531
6123,I want help to see in what cases can I ask to be refunded,check_refund_policy,REFUND,BL,3074
16514,reimbursing {{Refund Amount}} ddollars,get_refund,REFUND,BKLMZ,8122
8481,contactcustomer service,contact_customer_service,CONTACT,BZ,4160
25883,I need assistance checking the status of my rebate,track_refund,REFUND,BL,13786
6245,I need assistance to see your refund policy,check_refund_policy,REFUND,BL,3115
6826,can I check in which situations can I request refunds?,check_refund_policy,REFUND,BIL,2992
25917,I need help checking if there are any updates on my refund,track_refund,REFUND,BM,13813
10383,I want a pro account,create_account,ACCOUNT,BLZ,5231
5741,i need help checking ur allowed paymeny modalities,check_payment_methods,PAYMENT,BLQZ,2881
25990,see my compensation status,track_refund,REFUND,BL,13855
8902,help me check at what time I can reach customer service,contact_customer_service,CONTACT,BL,3876
14271,modifying information on gold account,edit_account,ACCOUNT,BKL,7236
23230,I try to submit the new delivery address,set_up_shipping_address,SHIPPING,BL,12711
13312,I want assistance seeing when will my item arrive,delivery_period,DELIVERY,BL,6690
10950,what do I have to do to close a premium account?,delete_account,ACCOUNT,BIL,5495
8855,want help to talk to customer service,contact_customer_service,CONTACT,BLQ,4031
6851,want help to see in what situations can i ask to be refunded,check_refund_policy,REFUND,BLQ,2987
20162,"I have forgotten my PIN, could I reset it?",recover_password,ACCOUNT,BCILPV,10649
10841,i need assistance to create a standard account,create_account,ACCOUNT,BLQ,5034
17589,how can I get information about my newsletter subscription?,newsletter_subscription,SUBSCRIPTION,BIL,8620
16038,I do not know how I can receive a bloody reimbursement,get_refund,REFUND,BELW,8108
17806,I cannot cancel the subscription to the corporate newsletter,newsletter_subscription,SUBSCRIPTION,BEL,8629
4870,help me check my invoices from {{Person Name}},check_invoice,INVOICE,BLM,1943
24691,help me change to the standard account,switch_account,ACCOUNT,BL,13171
7249,filing consumer claim against your business,complaint,FEEDBACK,BL,3481
2051,i have put the old address by mistkae help me modifying it,change_shipping_address,SHIPPING,BCLQZ,774
24756,i need assistance using the platinum account,switch_account,ACCOUNT,BQ,13420
24424,i dont know how to change to the freemium account,switch_account,ACCOUNT,BLQ,13218
5810,i want help to see what payment methods uaccept,check_payment_methods,PAYMENT,BLQ,2538
5685,I need to see the available payment modalities,check_payment_methods,PAYMENT,BL,2489
15773,can ya help me to get the bill from {{Person Name}},get_invoice,INVOICE,BILQZ,7614
23185,where do I set up another shipping address?,set_up_shipping_address,SHIPPING,BI,12659
24591,i want assistance changing tp the standard account,switch_account,ACCOUNT,BLQZ,13236
9899,i do not kniw what i need to do to speak with a human agent,contact_human_agent,CONTACT,BELQZ,4576
23808,I cannot submit my shipping address,set_up_shipping_address,SHIPPING,BEL,12775
10282,help me create a new fucking {{Account Type}} account,create_account,ACCOUNT,BLW,5181
19696,"I want to shop some items, how to do it?",place_order,ORDER,BCILM,10271
8749,can uhelp me check at what time i can reach customer service,contact_customer_service,CONTACT,BILQ,3876
5620,how to see your accepted payment methods?,check_payment_methods,PAYMENT,BIL,2472
11385,I want assistance deleting my premium account,delete_account,ACCOUNT,BL,5757
25029,purchase {{Order Number}} ststus,track_order,ORDER,BKLZ,13572
289,can ya help me to cancel order {{Order Number}},cancel_order,ORDER,BIQ,5
19192,I have got to earn some of your article,place_order,ORDER,BLM,9865
8215,i need help speaking to customer service,contact_customer_service,CONTACT,BLQ,4054
13358,where can I see how long it takes for the order to arrive?,delivery_period,DELIVERY,BIL,6714
13933,editing data on {{Account Category}} acocunt,edit_account,ACCOUNT,BLZ,6974
14400,need to modify my personal data can uhelp me,edit_account,ACCOUNT,BCILQ,7322
23874,what do I need to do to set my shipping address up?,set_up_shipping_address,SHIPPING,BIL,13121
18423,i want help solving a trouble with online payments,payment_issue,PAYMENT,BLMQ,9080
9481,need assistance to speak to somebody,contact_human_agent,CONTACT,BLQ,4339
7756,where do I lodge a custmoer reclamation?,complaint,FEEDBACK,BILZ,3791
23400,is it possible to set a different shipping address up?,set_up_shipping_address,SHIPPING,BI,12900
6327,see in what situations can I ask to be refunded,check_refund_policy,REFUND,BL,2987
12327,can you help me to check what shipment options are there?,delivery_options,DELIVERY,BILM,6230
22121,I want assistance to submit my feedback for a product,review,FEEDBACK,BL,12056
10770,new standard account,create_account,ACCOUNT,BKL,5400
25906,I'm waiting for a ocmpensation of {{Refund Amount}} dollars,track_refund,REFUND,BLQZ,13802
7656,"I am not happy with your work, I have to file a reclamation",complaint,FEEDBACK,BCEL,3753
21088,how do I inform of a issue with a sign-up?,registration_problems,ACCOUNT,BILZ,11315
744,"I bought some bloody articles, cancel order {{Order Number}}",cancel_order,ORDER,BCLMW,38
20506,could I retrieve the password of my user account?,recover_password,ACCOUNT,BILP,10793
13823,can I check when my package is going to arrive?,delivery_period,DELIVERY,BIL,6539
19739,earn several of your prodcuct,place_order,ORDER,BLMZ,10300
25074,I want help to see the ETA of the purchase {{Order Number}},track_order,ORDER,BL,13518
4773,I want assistance looking for my invoice #12588,check_invoice,INVOICE,BL,2395
2087,I have problems editing the shipping address,change_shipping_address,SHIPPING,BLM,808
1015,I want help to remove some products from order {{Order Number}},change_order,ORDER,BLM,218
20382,assistance to retrieve the key of my account,recover_password,ACCOUNT,BL,10835
19543,where can I make a purchase?,place_order,ORDER,BI,9612
22321,help me writing a comment for a service,review,FEEDBACK,BL,12207
10592,another pro account,create_account,ACCOUNT,BKL,5317
23686,assistance to enter my shipping address,set_up_shipping_address,SHIPPING,BL,12764
17850,can i subscribe to ur corporate newsletter,newsletter_subscription,SUBSCRIPTION,BILQ,8630
15956,I want help receiving refunds of my money,get_refund,REFUND,BLM,8037
11845,i need assistance to cancel my {{Account Type}} account,delete_account,ACCOUNT,BLQ,5551
23942,"I have got to use the {{Account Type}} profile, how could I do it?",switch_account,ACCOUNT,BCILP,13170
24037,need assistance to use the platinum profile,switch_account,ACCOUNT,BLQ,13213
19901,is it possible to reset my user account access key?,recover_password,ACCOUNT,BIL,10411
6049,help to check in what situations can I request a refund,check_refund_policy,REFUND,BL,2992
19685,"I have to shop a few of your product, how could I do it?",place_order,ORDER,BCILMP,10262
19760,want assistance to acquire an article,place_order,ORDER,BLQZ,9600
8812,what do I have to do to talk with cusromer support?,contact_customer_service,CONTACT,BILZ,4290
10163,i dont have a {{Account Category}} account eyt i need to sign up,create_account,ACCOUNT,BCLNQZ,5107
25146,help me see the eta of the purchase {{Order Number}},track_order,ORDER,BLQZ,13518
21184,hw can I notify of errors with a signup?,registration_problems,ACCOUNT,BILMZ,11426
22582,"I have to write an opinion about a product , help me",review,FEEDBACK,BCLZ,12263
15985,I don't know how I can ask for a rebate of money,get_refund,REFUND,BL,8065
2838,"my address has changed, how could I change it?",change_shipping_address,SHIPPING,BCILP,1323
5519,where can I list your available payment modalities?,check_payment_methods,PAYMENT,BIL,2489
10190,create {{Account Type}} account,create_account,ACCOUNT,BK,4947
16262,can you help me request an restitution of my money?,get_refund,REFUND,BILZ,7990
20342,I want assistance to retrieve my access key,recover_password,ACCOUNT,BL,10802
21113,I am experiencing a registration issue,registration_problems,ACCOUNT,BEL,11375
24186,how to use the {{Account Type}} profile?,switch_account,ACCOUNT,BIL,13221
23845,I can't set my damn secondary shipping address up,set_up_shipping_address,SHIPPING,BLW,13105
5252,where can i list ur accepted payment methods,check_payment_methods,PAYMENT,BILQ,2477
20863,I do not know how to reset my user profile PIN code,recover_password,ACCOUNT,BEL,11178
10848,i do not know how to create a {{Account Type}} account for my dad,create_account,ACCOUNT,BELQ,4947
25291,"I have to check purchase {{Order Number}} status, I need assistance",track_order,ORDER,BCL,13524
1625,help to moidfy purchase {{Order Number}},change_order,ORDER,BLZ,557
6898,wanna check how long refunds usually take help me,check_refund_policy,REFUND,BCQ,3044
7646,I don't know how I could make a claim,complaint,FEEDBACK,BLP,3528
16899,I have got to subscrie to the company newsletter,newsletter_subscription,SUBSCRIPTION,BLZ,8618
3378,how much will ya charge me if i cancel the contract,check_cancellation_fee,CANCEL,BILQ,1664
17969,I have to inform of damn problems with payment,payment_issue,PAYMENT,BLMW,9016
19078,I don't know what to do to purchase several products,place_order,ORDER,BLM,9760
26791,assistance to see the restitution status,track_refund,REFUND,BL,14116
18710,notify of payment issue,payment_issue,PAYMENT,BKL,8959
16426,I do not know how to obtain rebates of money,get_refund,REFUND,BELM,8042
17793,i do not know how i can sign up to ur company newsletter,newsletter_subscription,SUBSCRIPTION,BELQZ,8796
18016,I have got to report issues with online payment,payment_issue,PAYMENT,BLM,9059
6651,need to check in what cases can i ask for a reimbursement,check_refund_policy,REFUND,BLQ,3022
8523,can I talk to customer service?,contact_customer_service,CONTACT,BIL,4046
19970,have a queston about a pin code recovery,recover_password,ACCOUNT,BLQZ,10478
4786,i dont know wha i have to do to locate my bill #00108,check_invoice,INVOICE,BLQZ,2400
15355,I need help getting my bill from {{Person Name}},get_invoice,INVOICE,BL,7664
8345,"I need to talk with customer support, how todo it?",contact_customer_service,CONTACT,BCILZ,4110
4124,i hsve to locate invoice #00108 help me,check_invoice,INVOICE,BCLQZ,2059
1679,help me to remove a product from purchase {{Order Number}},change_order,ORDER,BL,207
24536,how can I switch to the freemium account?,switch_account,ACCOUNT,BI,13421
2637,I don't know how I could modify my shipping address,change_shipping_address,SHIPPING,BLP,1207
25856,I need help seeing the ETA of the purchase {{Order Number}},track_order,ORDER,BL,13518
25144,I try to see purchase 00004587345current status,track_order,ORDER,BLZ,13604
18395,want help informing of payment problems,payment_issue,PAYMENT,BLMQ,9094
15193,I do not know what I have to do to download the bill #37777,get_invoice,INVOICE,BEL,7668
19800,want help msking a fucking order,place_order,ORDER,BQWZ,10340
10413,"I have not signed up yet, help creating a gold account",create_account,ACCOUNT,BCEL,5244
24846,change to premium account,switch_account,ACCOUNT,BKL,13164
7766,customer complaint against your business,complaint,FEEDBACK,BL,3389
18860,i cant make a payment where do i inform of a problem,payment_issue,PAYMENT,BCILQ,9564
1480,how could I switch several articles of purchase {{Order Number}}?,change_order,ORDER,BILMP,498
2144,I want to modify the delivery address,change_shipping_address,SHIPPING,BL,726
22371,i try to leave efedback for ur company,review,FEEDBACK,BLQZ,12247
2895,supports changing my address,change_shipping_address,SHIPPING,BLM,872
17532,I need assistance to unsubscribeto the company newsletter,newsletter_subscription,SUBSCRIPTION,BLZ,8861
3376,I don't know how to see the cancellation penalties,check_cancellation_fee,CANCEL,BLM,1663
21020,I need help to report problems with a registration,registration_problems,ACCOUNT,BLM,11220
6952,lodge consumer reclamation,complaint,FEEDBACK,BKL,3357
24718,how to use the {{Account Category}} profile,switch_account,ACCOUNT,BILQ,13207
18699,i have got to notify of an sisue with online payment,payment_issue,PAYMENT,BLQZ,9483
21833,how to inform of an sign-up error,registration_problems,ACCOUNT,BILQZ,11590
3007,is it possible to see the early exit fees?,check_cancellation_fee,CANCEL,BILM,1435
19894,I'm trying to retrieve the pas of my user profile,recover_password,ACCOUNT,BLQZ,10404
7439,I try to lodge a customer complaint,complaint,FEEDBACK,BL,3396
8628,help me to see at what time I can contact customer support,contact_customer_service,CONTACT,BL,3960
5077,how can I see your accepted payment options?,check_payment_methods,PAYMENT,BIL,2544
14085,edit information onfree account,edit_account,ACCOUNT,BKLZ,7104
23275,there is an error setting up a secondary shipping address,set_up_shipping_address,SHIPPING,BL,12852
22042,need assistance leaving some feedback about your products,review,FEEDBACK,BLQ,11988
19200,help me to order several articles,place_order,ORDER,BLM,9872
9948,I have a question about opening {{Account Category}} accounts,create_account,ACCOUNT,BLM,4957
14586,editdata on premium account,edit_account,ACCOUNT,BKLZ,7432
21743,I need assistance informing of errors with signup,registration_problems,ACCOUNT,BLM,11762
15929,I don't know what I need to do to request rebates,get_refund,REFUND,BLM,8010
6739,could I see your reimbursement policy?,check_refund_policy,REFUND,BILP,2962
19096,I need assistance purchasing several products,place_order,ORDER,BLM,9778
18432,could you help me informing of an issue with payments?,payment_issue,PAYMENT,BILMPZ,9329
25451,I want help to see the ETA of purchase {{Order Number}},track_order,ORDER,BL,13518
1902,can i remove something from order {{Order Number}},change_order,ORDER,BIQ,235
7215,i have got to make an consumer claim against ur business,complaint,FEEDBACK,BLQZ,3481
1726,i have to add some items to purchase {{Order Number}} help me,change_order,ORDER,BCLMQ,507
17211,how to cancel my subscription to your company newsletter?,newsletter_subscription,SUBSCRIPTION,BIL,8616
19929,I need to retrieve the pass of my user account,recover_password,ACCOUNT,BLQ,10438
18439,"the payment failed, how to report an error with payment?",payment_issue,PAYMENT,BCIL,9333
10474,I want information about opening {{Account Category}} accounts,create_account,ACCOUNT,BLM,4944
17803,i do not know how to unsubscribe to ur corporate newsletter,newsletter_subscription,SUBSCRIPTION,BELQ,8630
11478,i want information about the termination of my pro account,delete_account,ACCOUNT,BLQ,5716
12426,help to see what shipping methods you offer,delivery_options,DELIVERY,BLM,6072
20957,help reporting fucking signup problems,registration_problems,ACCOUNT,BLMW,11259
14093,updating details on pro account,edit_account,ACCOUNT,BKLM,7110
2496,there is an issue trying to correct the address,change_shipping_address,SHIPPING,BL,1121
10289,another {{Account Type}} account,create_account,ACCOUNT,BKL,5185
14805,correcting infornation on gold account,edit_account,ACCOUNT,BKLZ,7437
3035,I do not know how I can see the cancellation fees,check_cancellation_fee,CANCEL,BELM,1456
9842,could you help me talking to an assistant?,contact_human_agent,CONTACT,BILP,4895
15332,wanna download invoice #85632,get_invoice,INVOICE,BLQ,7801
9065,i want assistance to contact somebody,contact_human_agent,CONTACT,BLQ,4448
3648,i want assistance checking the termination penalties,check_cancellation_fee,CANCEL,BLMQ,1789
9762,is it possible to talk with asn operator?,contact_human_agent,CONTACT,BILZ,4849
10521,question about opening a {{Account Type}} account,create_account,ACCOUNT,BL,5051
3925,can you help me check bill #12588?,check_invoice,INVOICE,BIL,1916
13415,I don't know how to check when my parcel is going to arrive,delivery_period,DELIVERY,BL,6738
7633,I'd like to make a customer reclamation against ur business,complaint,FEEDBACK,BLPQ,3740
2543,I need help to updae the address,change_shipping_address,SHIPPING,BLZ,1150
24296,can you help me to use the premium profile?,switch_account,ACCOUNT,BIL,13238
10478,help me open a {{Account Category}} account for my dad,create_account,ACCOUNT,BL,4970
16689,I need help to demand a goddamn reimbursement,get_refund,REFUND,BLW,8499
23863,I don't know how to set my secondary shipping address up,set_up_shipping_address,SHIPPING,BL,12612
6595,assistance seeing in what situations can I request a refund,check_refund_policy,REFUND,BL,2992
6476,"I have got to see how long refunds usually take, I need help",check_refund_policy,REFUND,BCL,3194
25327,help to check purchase {{Order Number}} current status,track_order,ORDER,BL,13520
14276,can i correct the data on my user account,edit_account,ACCOUNT,BILQ,7241
18322,I do not know how to report a problem with payments,payment_issue,PAYMENT,BELM,9262
2198,can you tell me more about changing my address?,change_shipping_address,SHIPPING,BIL,786
5776,"I would like to list the accepted payment options, help me",check_payment_methods,PAYMENT,BCLP,2900
25287,locating purchase {{Order Number}},track_order,ORDER,BKL,13578
16056,is it possible to obtaih rebates,get_refund,REFUND,BILMQZ,8124
3013,can you help me to check the early termination charge ?,check_cancellation_fee,CANCEL,BILZ,1431
13685,help me check how soon can I expect my delivery,delivery_period,DELIVERY,BL,6633
20738,i have got to retrieve my account pin how could i do it,recover_password,ACCOUNT,BCILPQ,11103
18333,report issues with payment,payment_issue,PAYMENT,BKM,9037
18513,where can I notify of issues with online payment?,payment_issue,PAYMENT,BILM,9054
9694,"I don't understand you, how could I chat with a damn person?",contact_human_agent,CONTACT,BCILPW,4820
23145,erorr submitting the new shipping address,set_up_shipping_address,SHIPPING,BLZ,12778
2342,I need help trying to update the shipping address,change_shipping_address,SHIPPING,BL,820
4533,check invoice from eight purchases ago,check_invoice,INVOICE,BKM,2281
11469,what do i need to do to remove the {{Account Category}} account,delete_account,ACCOUNT,BILQ,5462
20028,i have to reset my pwd can ya hepl me,recover_password,ACCOUNT,BCILQZ,10529
12579,help to see what delivery options you offer,delivery_options,DELIVERY,BLM,6113
21954,is it possible to send some feedback abouta product?,review,FEEDBACK,BILZ,11914
25631,hlw do i check the ETA of purchase {{Order Number}},track_order,ORDER,BILQZ,13729
10223,I have got to create a platinum account,create_account,ACCOUNT,BL,5060
10095,new platinum account for wife,create_account,ACCOUNT,BKL,5067
12630,I have got to see what methods for delivery are there,delivery_options,DELIVERY,BLM,6288
19383,assistance ordering some of your article,place_order,ORDER,BLM,10033
26064,can ya help me seeing if there are any news on my refund,track_refund,REFUND,BILMQ,13891
8382,how do I see at what time I can contact customer service?,contact_customer_service,CONTACT,BIL,3896
24006,is it possible to use the gold profile?,switch_account,ACCOUNT,BIL,13206
3783,where do I check the early exit charge?,check_cancellation_fee,CANCEL,BIL,1855
11403,problem with the cancellation of my {{Account Type}} account,delete_account,ACCOUNT,BL,5510
11918,is it possible to order from {{Delivery City}}?,delivery_options,DELIVERY,BIS,6003
24044,assistance to change to the goddamn {{Account Type}} account,switch_account,ACCOUNT,BLW,13228
1842,how do I delete something from order {{Order Number}}?,change_order,ORDER,BIL,487
19535,need assistance acquiring some items,place_order,ORDER,BLMQ,10150
5029,wanna list the bloody accepted payment options how to do it,check_payment_methods,PAYMENT,BCILQW,2545
5875,how do I see your available payment modalities?,check_payment_methods,PAYMENT,BIL,2489
4692,assistance seeing my invoice #12588,check_invoice,INVOICE,BL,2357
20775,I do not know how to retrieve my key,recover_password,ACCOUNT,BEL,10424
23240,I have a problem entering another delivery address,set_up_shipping_address,SHIPPING,BL,12828
7362,I have got to file a reclamation,complaint,FEEDBACK,BL,3618
2743,I want supports changing my address,change_shipping_address,SHIPPING,BLM,872
8665,where can I check what hours I can call customer service?,contact_customer_service,CONTACT,BIL,3897
22077,is there an address to send feedback for ur services,review,FEEDBACK,BILQ,12021
4333,i have to find the bill #37777,check_invoice,INVOICE,BLQ,2185
9717,uare not helpful at all help me talk to a goddamnagent,contact_human_agent,CONTACT,BCELQWZ,4832
3401,I need help seeing the cancellation fee,check_cancellation_fee,CANCEL,BL,1497
21125,i cant sign up I'd ilke to inform of a bloody signup problem,registration_problems,ACCOUNT,BCLNPQWZ,11384
1360,edit order {{Order Number}},change_order,ORDER,BL,234
22548,help writing a review for your company,review,FEEDBACK,BL,11867
22257,can ya help me to send some feedback about a service,review,FEEDBACK,BILQ,12161
11801,I do not know what I have to do to close a {{Account Type}} account,delete_account,ACCOUNT,BEL,5476
9745,I have got to talk with an operator,contact_human_agent,CONTACT,BL,4366
17336,help me unsubscribing from the corporate newsletter,newsletter_subscription,SUBSCRIPTION,BL,8705
9252,I don't know what I need to do to contact a live agent,contact_human_agent,CONTACT,BL,4579
4686,i need assistance seeing the invoice #37777,check_invoice,INVOICE,BLQ,2354
14073,I need assistance to edit the personal details,edit_account,ACCOUNT,BLM,7093
21913,I want help leaving an opinion about your services,review,FEEDBACK,BL,11877
10020,i want assistance creating a pro account,create_account,ACCOUNT,BLQ,5018
25128,wanna see purchase {{Order Number}} status i need assistance,track_order,ORDER,BCLQ,13600
19908,information aboutforgotten pass,recover_password,ACCOUNT,BLQZ,10418
24876,can I use the pro profile?,switch_account,ACCOUNT,BIL,13307
20196,"someone stole my profile PIN, how can I reset it?",recover_password,ACCOUNT,BCIL,10682
2624,could you help me updating the address?,change_shipping_address,SHIPPING,BILP,1196
4399,wanna take an quick look at my bill #12588,check_invoice,INVOICE,BLQZ,2221
19068,I don't know how I can make a purchase,place_order,ORDER,B,9750
19066,how to shop some articles?,place_order,ORDER,BILM,9748
20380,give me infrmation about my access key retrieval,recover_password,ACCOUNT,BLZ,10833
4470,I want help giving a quick look at invoice #85632,check_invoice,INVOICE,BL,2253
13907,edit standard accont,edit_account,ACCOUNT,BKLZ,6950
25162,I want to see the fucking ETA of the order {{Order Number}},track_order,ORDER,BLW,13609
4736,see the bills frmo {{Person Name}},check_invoice,INVOICE,BLMZ,2378
5156,I need help checking the allowed payment methods,check_payment_methods,PAYMENT,BL,2543
25104,i cant see the current status of order {{Order Number}},track_order,ORDER,BLNQ,13523
25196,seeing purchase {{Order Number}} current status,track_order,ORDER,BKL,13520
25347,"I want to locate purchase {{Order Number}}, help me",track_order,ORDER,BCL,13662
15176,is it possible to get my invoice from {{Person Name}},get_invoice,INVOICE,BILQ,7747
26129,help me to see the refund status,track_refund,REFUND,BL,13895
17593,cancel my corporate newsletter subscription,newsletter_subscription,SUBSCRIPTION,BL,8629
10038,where could I open a premium account for my fiance?,create_account,ACCOUNT,BILP,5029
12943,how do I see how long it takes for my bloody item to arrive?,delivery_period,DELIVERY,BILW,6457
19432,i do not know what to do to purchase several products,place_order,ORDER,BELMQ,9760
19168,where to acquire several items,place_order,ORDER,BILMQ,9844
4965,is it possible to see ur payment modalities,check_payment_methods,PAYMENT,BILQ,2504
20334,can uhelp me to restore the access key ofmy account,recover_password,ACCOUNT,BILQZ,10796
12775,could I check what shipment options you offer?,delivery_options,DELIVERY,BILMP,6174
1327,deeting something from order {{Order Number}},change_order,ORDER,BLZ,433
11447,deleting standard account,delete_account,ACCOUNT,BKL,5782
13525,is it possible to see how soon can I expect my purchase?,delivery_period,DELIVERY,BIL,6785
15010,can you help me to get the bills from {{Person Name}}?,get_invoice,INVOICE,BILM,7614
20657,restore the password of my user,recover_password,ACCOUNT,BL,10531
23538,i need help setting up my new delivery address,set_up_shipping_address,SHIPPING,BLQ,12605
13100,"I want to see when will my product arrive, I need help",delivery_period,DELIVERY,BCL,6473
5997,"I hav to see your refund policy, how can I do it?",check_refund_policy,REFUND,BCILZ,3010
11178,I do not know what I have to do to delete a {{Account Category}} account,delete_account,ACCOUNT,BEL,5478
14744,updating info on platinum account,edit_account,ACCOUNT,BKLQ,7309
23952,change to gold account,switch_account,ACCOUNT,BKL,13167
19971,want help restoring the pin code of my user account,recover_password,ACCOUNT,BLQ,10479
9943,I don't know how I can create a {{Account Type}} account for my dad,create_account,ACCOUNT,BL,4947
13948,how do I edit some of the details included on my account?,edit_account,ACCOUNT,BILM,6987
18739,"I have got to report a payment problem, will you help me?",payment_issue,PAYMENT,BCILP,9502
4207,"I have to look for my bill #85632, could I get some help?",check_invoice,INVOICE,BCILP,2117
12854,wanna see what shipment methods i can choose how do i do it,delivery_options,DELIVERY,BCILMQ,6399
12656,I do not know how to check what shipping options I have,delivery_options,DELIVERY,BELM,6240
24083,I don't know what I have to do to switch to the {{Account Type}} account,switch_account,ACCOUNT,B,13125
9008,i need assistance to talk to somebody,contact_human_agent,CONTACT,BLQ,4408
18403,help informing of an error with online payments,payment_issue,PAYMENT,BLM,9308
6774,wanna see ur refund policy caan ya help me,check_refund_policy,REFUND,BCILQZ,3291
11925,do you deliver to {{Delivery City}} ?,delivery_options,DELIVERY,BISZ,6010
23372,"I have got to set my shipping address up, how to do it?",set_up_shipping_address,SHIPPING,BCIL,12766
1128,need to delete several items from order {{Order Number}},change_order,ORDER,BLMQ,307
2735,want supports trying to edit my address,change_shipping_address,SHIPPING,BLMQ,821
1840,can i swap a product of purchase {{Order Number}},change_order,ORDER,BILQ,429
14691,I want to update the info included on my user account,edit_account,ACCOUNT,BLQ,7021
15679,getting invoice #12588,get_invoice,INVOICE,BK,7884
21401,i want assistance reporting errors with a signup,registration_problems,ACCOUNT,BLMQ,11568
8050,where to see what hours I can contact customer support?,contact_customer_service,CONTACT,BIL,3873
17168,I need assistance subscribing to the corporate newsletter,newsletter_subscription,SUBSCRIPTION,BL,8705
16757,I don't know how I can receive compensations,get_refund,REFUND,BLM,8538
1262,wanna remove some items from order {{Order Number}},change_order,ORDER,BMQ,395
21735,can you help me notifying of a problem with bloody signup ?,registration_problems,ACCOUNT,BILMWZ,11758
4379,i dont know how i can find my damn invoices from {{Person Name}},check_invoice,INVOICE,BLMQW,2211
2846,I want to know more about a delivery address change,change_shipping_address,SHIPPING,BL,1329
15104,where do I download my invoice from {{Person Name}}?,get_invoice,INVOICE,BIL,7643
19373,make order,place_order,ORDER,BK,10024
25108,want help seeing purchase {{Order Number}} status,track_order,ORDER,BLQ,13522
133,help with canceling purchase {{Order Number}},cancel_order,ORDER,BL,3
8459,help me check what hours I can contact customer service,contact_customer_service,CONTACT,B,3887
16983,i cannot unsubscribe from urnewsletter,newsletter_subscription,SUBSCRIPTION,BELQZ,8664
8603,what is your customer support phone number?,contact_customer_service,CONTACT,BIL,4211
22482,can i write a review about ur products,review,FEEDBACK,BILQ,12325
5245,I am trying to check the allowed payment methods,check_payment_methods,PAYMENT,BL,2492
12962,where do I check how soon can I expect my package?,delivery_period,DELIVERY,BIL,6474
9881,I have to contact an assistant,contact_human_agent,CONTACT,BL,4913
15698,I don't know what I have to do to get bill #00108,get_invoice,INVOICE,BL,7917
3076,what do I have to do to see the withdrawal charge?,check_cancellation_fee,CANCEL,BIL,1451
3511,i have to see the early exit chrge can i get some help,check_cancellation_fee,CANCEL,BCILQZ,1733
21456,whre do I inform of problems with sign-up?,registration_problems,ACCOUNT,BILMZ,11601
10861,I need help opening a new goddamn gold account,create_account,ACCOUNT,BLW,5442
18685,i want assistance to notify of errors with online payment,payment_issue,PAYMENT,BLMQ,9474
25472,help to seee the eta of purchase {{Order Number}},track_order,ORDER,BLQZ,13689
16070,I need assistance requesting a restitution of money,get_refund,REFUND,BL,8134
23756,i cannot set up my new shipping address,set_up_shipping_address,SHIPPING,BELQ,12827
9155,i dont know how to contact a human agent,contact_human_agent,CONTACT,BLQ,4338
19195,I do not know what to do to acquire several damn products,place_order,ORDER,BELMW,9868
21826,can ya help me notify of problems with sign-up,registration_problems,ACCOUNT,BILMQ,11496
5693,can uhelp me to list the allowed payment mehtods,check_payment_methods,PAYMENT,BILQZ,2859
12169,can i order frlm {{Delivery City}},delivery_options,DELIVERY,BIQSZ,6155
13734,can i check how long it takes for my product to arrive,delivery_period,DELIVERY,BILQ,6501
10083,where do I open a {{Account Type}} account?,create_account,ACCOUNT,BIL,4991
7229,where can I make a consumer complaint against your business?,complaint,FEEDBACK,BIL,3521
19205,i do not know what to do to earn some items,place_order,ORDER,BELMQ,9653
19288,I don't know how to order several of your product,place_order,ORDER,BLM,9947
19836,I don't know what I have to do to shop some itmes,place_order,ORDER,BLMZ,10368
22532,want assistance submitting osme feedback for a service,review,FEEDBACK,BQZ,12363
24615,wanna use th gold account how can i do it,switch_account,ACCOUNT,BCIQZ,13443
4748,where could i find my invoice #00108,check_invoice,INVOICE,BIPQ,2385
2381,my adddress changed how can i update it,change_shipping_address,SHIPPING,BCILQZ,1038
1695,i need help to switch several products of order {{Order Number}},change_order,ORDER,BLMQ,524
15970,I do not know how to demand a reimbursement,get_refund,REFUND,BEL,8051
21526,help me informing of a sign-up error,registration_problems,ACCOUNT,BL,11636
14719,I want help to modify my account,edit_account,ACCOUNT,BL,7268
19589,i have to shop several articles,place_order,ORDER,BLMQ,9593
13175,want help checking when will my product arrive,delivery_period,DELIVERY,BLQ,6590
23283,i dont know how i can enter a secondary shipping address,set_up_shipping_address,SHIPPING,BLQ,12614
17955,I want to inform of an issue with online payment,payment_issue,PAYMENT,BL,8981
12863,problems with the methods for shipment,delivery_options,DELIVERY,BLM,6214
17748,"I want to receive the company newsletter, how could I do it?",newsletter_subscription,SUBSCRIPTION,BCILP,8678
16910,I do not know how to subscribe to the newsletter,newsletter_subscription,SUBSCRIPTION,BEL,8626
23165,"I would like to enter my shipping address , how to do it?",set_up_shipping_address,SHIPPING,BCILPZ,12792
2364,"I have entered a wrong address, can I modify it?",change_shipping_address,SHIPPING,BCIL,1025
1152,"I want to switch an item of order {{Order Number}}, how can I do it?",change_order,ORDER,BCIL,322
23186,why I can't set up my delivery address avlid,set_up_shipping_address,SHIPPING,BLZ,12803
20732,find informtaion about my forgotten pin,recover_password,ACCOUNT,BLQZ,11099
2848,want assistance to change my delivery address,change_shipping_address,SHIPPING,BLQ,954
1651,can uhelp me remove several articles from order {{Order Number}},change_order,ORDER,BILMQ,571
23357,can you help me set my secondary shipping address up?,set_up_shipping_address,SHIPPING,BIL,12882
20254,I'm trying to retrieve the password of my profile,recover_password,ACCOUNT,BLQ,10729
16653,assistance to receive reimbursements,get_refund,REFUND,BLM,8298
15154,i dont know what i have to do to download the bill #12588,get_invoice,INVOICE,BLQZ,7631
9175,I don't know how I can talk to an assistant,contact_human_agent,CONTACT,BL,4530
13789,is it possible to see when will my article arrive?,delivery_period,DELIVERY,BIL,6891
20472,can you help me restoring myPIN code?,recover_password,ACCOUNT,BILZ,10905
14873,updating data on premium account,edit_account,ACCOUNT,BL,7594
13191,help to see when will my package arrive,delivery_period,DELIVERY,BL,6542
6850,I want to check in what situations can I request a refund,check_refund_policy,REFUND,BL,2992
16254,want help asking for reimbursements,get_refund,REFUND,BLMQ,8046
4981,i want help to see ur allowed payment modalities,check_payment_methods,PAYMENT,BLQ,2470
20199,i have got to reset the pwd of my user,recover_password,ACCOUNT,BLQ,10685
24018,I want help to use the platinum profile,switch_account,ACCOUNT,BL,13213
26364,i expect a rebate of {{Currency Symbol}}{{Refund Amount}} has it been processd already,track_refund,REFUND,BCILQZ,13998
7850,need help lodging a cutomer claim against your organization,complaint,FEEDBACK,BLQZ,3836
5281,tell me ur alowed payment options,check_payment_methods,PAYMENT,BLQZ,2674
5413,i need help checking what payment methods are accepted,check_payment_methods,PAYMENT,BLQ,2534
12539,can i check the shipping methods,delivery_options,DELIVERY,BILQ,6266
6262,show ur money back guarantee,check_refund_policy,REFUND,BKLQ,2975
15305,getting invoice from last purchase,get_invoice,INVOICE,BK,7791
16460,when am I receiving my compensation?,get_refund,REFUND,BIL,8377
20847,where do I restore the PIN of my user account?,recover_password,ACCOUNT,BIL,10850
2475,i have a trouble updating my addrses,change_shipping_address,SHIPPING,BLQZ,1103
15268,i need help to download my blls from {{Person Name}},get_invoice,INVOICE,BLMQZ,7780
16722,how can i get a refund,get_refund,REFUND,BIQ,8520
9858,I do not know what I need to do to talk with a person,contact_human_agent,CONTACT,BEL,4905
18339,need help notifying of an issue with payments,payment_issue,PAYMENT,BLMQ,9277
5895,help me to see the payment modalities,check_payment_methods,PAYMENT,BL,2558
14915,I don't know what I have to do to get the bill #37777,get_invoice,INVOICE,BL,7627
4398,where do I see my bill from {{Person Name}} ?,check_invoice,INVOICE,BILZ,2220
19306,how to shop some articles,place_order,ORDER,BILMQ,9962
15060,can you help me downloading the invoice #12588?,get_invoice,INVOICE,BIL,7708
24635,assistance using the freemium profile,switch_account,ACCOUNT,BL,13449
20295,help to restore my access key,recover_password,ACCOUNT,BL,10764
10597,where to create a platinum account?,create_account,ACCOUNT,BIL,5027
8183,how to see ta what time I can call customer support?,contact_customer_service,CONTACT,BILZ,3878
1066,I want help to edit order {{Order Number}},change_order,ORDER,BL,234
20687,problem with my forgotten PIN code,recover_password,ACCOUNT,BL,10751
23512,where could I submit a different delivery address?,set_up_shipping_address,SHIPPING,BILP,12696
18649,I need assistance to report a trouble with online payments,payment_issue,PAYMENT,BLM,9454
9000,I want assistance contacting someone,contact_human_agent,CONTACT,BL,4403
20399,need assistance to recover my account PIN code,recover_password,ACCOUNT,BLQ,10414
22470,hlp to submit feedback for ur products,review,FEEDBACK,BLQZ,12316
1436,how to remove an item from order {{Order Number}},change_order,ORDER,BIQ,206
2840,the deliuvery address changed,change_shipping_address,SHIPPING,BLZ,1325
7526,help me to lodge a reclamation against your company,complaint,FEEDBACK,BL,3474
13382,where can i check how soon can i expect my product,delivery_period,DELIVERY,BILQ,6681
22441,wanna leave feedback,review,FEEDBACK,BLQ,12296
22631,is there an address to send a comment for your services?,review,FEEDBACK,BIL,12425
23292,I try to enter the secondary delivery address,set_up_shipping_address,SHIPPING,BLZ,12726
10607,opening platinum account,create_account,ACCOUNT,BKL,5282
605,how do i cancel purchase {{Order Number}},cancel_order,ORDER,BILQ,3
2094,I do not know what to do to modify my shipping address,change_shipping_address,SHIPPING,BEL,814
5789,I want assistance seeing your accepted payment methods,check_payment_methods,PAYMENT,BL,2477
11113,information about the cancellation of my {{Account Category}} account,delete_account,ACCOUNT,BL,5566
25017,were could i locate purchase {{Order Number}},track_order,ORDER,BILPQZ,13569
17406,help me sign up to ur corporate newsletter,newsletter_subscription,SUBSCRIPTION,BLQ,8621
18647,i do not know how to inform of a trouble withpayments,payment_issue,PAYMENT,BELMQZ,9452
10191,I do not know what to do to create a {{Account Type}} account,create_account,ACCOUNT,BEL,4947
14999,I do not know what I need to do to download the bill #37777,get_invoice,INVOICE,BEL,7668
14312,help to correct the information included on my user,edit_account,ACCOUNT,BL,7263
2401,I have a trouble updating my shipping address,change_shipping_address,SHIPPING,BL,1049
24917,can I check the ETA of order {{Order Number}}?,track_order,ORDER,BI,13519
17394,I want assistance to receive the newsletter,newsletter_subscription,SUBSCRIPTION,BL,8818
19198,"I would like to earn a product, could I get some help?",place_order,ORDER,BCILP,9870
4589,where can I find the invoice #85632?,check_invoice,INVOICE,BI,2309
15386,I don't know what I need to do to get the invoice #12588,get_invoice,INVOICE,B,7817
21944,"I have to leave some feedback about a product, help me",review,FEEDBACK,BCL,11906
3142,"I cannot find the termination penalty, can I get some help?",check_cancellation_fee,CANCEL,BCEIL,1528
14375,mldifying premium account,edit_account,ACCOUNT,BKLZ,7306
20861,I need assistance retrieving the PIN of my user,recover_password,ACCOUNT,BL,10444
13287,I don't know how to see when my delivery is going to arrive,delivery_period,DELIVERY,BL,6676
18300,I want help to report issues with online payment,payment_issue,PAYMENT,BLM,9059
15035,how to get bill #12588,get_invoice,INVOICE,BILQ,7696
14238,chnge data on standard account,edit_account,ACCOUNT,BKLZ,7220
8983,I do not know what I need to do to speak to a person,contact_human_agent,CONTACT,BEL,4386
1981,I have got to swap a damn product of order {{Order Number}},change_order,ORDER,BLW,715
19397,i dont know what i have to do to earn an article,place_order,ORDER,BLQ,10043
25047,I have to check the ETA of the purchase {{Order Number}},track_order,ORDER,BL,13518
8116,do you have a free phone number to call customer support?,contact_customer_service,CONTACT,BILZ,4003
6246,"I need to see your money back guarantee, can you help me?",check_refund_policy,REFUND,BCIL,3091
5272,check payment options,check_payment_methods,PAYMENT,BKL,2668
25833,I want assistance checking purchase {{Order Number}} status,track_order,ORDER,BL,13522
2380,"I want to update my delivery address, help me",change_shipping_address,SHIPPING,BCL,1037
1199,"I have to update purchase {{Order Number}}, how could I do it?",change_order,ORDER,BCILP,354
18176,how to inform of a problem with online payments?,payment_issue,PAYMENT,BILM,9177
17101,need to subscribe to the company newsletter,newsletter_subscription,SUBSCRIPTION,BLQ,8619
16522,would it be possible to obtain damn compensations of money,get_refund,REFUND,BILMPQW,8412
18782,I don't know what I need to do to notify of a payment issue,payment_issue,PAYMENT,BL,9526
19010,help me to acquire some of your article,place_order,ORDER,BLM,9698
24503,I want assistance switching to the standard account,switch_account,ACCOUNT,B,13409
1229,I want assistance to add a product to order {{Order Number}},change_order,ORDER,BL,374
1582,help me switch several products of purchase {{Order Number}},change_order,ORDER,BLM,542
24333,i need assistance to switch to the {{Account Type}} account,switch_account,ACCOUNT,BQ,13125
12205,i want help to see what methods for delivery are there,delivery_options,DELIVERY,BLMQ,6175
23872,I have problems setting a new delivery address up,set_up_shipping_address,SHIPPING,BLM,12715
20095,can I restore my password?,recover_password,ACCOUNT,BIL,10589
2947,i dont know what i have to do to edit my shipping address,change_shipping_address,SHIPPING,BLQ,1383
1956,information about editing purchase {{Order Number}},change_order,ORDER,BL,705
8013,do ya have an e-mail to contact customer support,contact_customer_service,CONTACT,BILQ,3914
18376,i cannot make payments help to report an error,payment_issue,PAYMENT,BCELMQ,9294
48,assistance cancelling purchase {{Order Number}},cancel_order,ORDER,BL,23
3162,i cant find the cancellation penalty,check_cancellation_fee,CANCEL,BLQ,1543
1488,i try to edit purchase {{Order Number}},change_order,ORDER,BLQ,205
7679,help making a consumer complaint against your compant,complaint,FEEDBACK,BLZ,3634
3379,i have got to check the early exit fee can uhelp me,check_cancellation_fee,CANCEL,BCILQ,1665
6623,in what situations can I request to be refunded ?,check_refund_policy,REFUND,BILZ,3093
18610,what do I need to do to inform of isues with payments?,payment_issue,PAYMENT,BILMZ,9427
7531,making complaint against ur company,complaint,FEEDBACK,BLQ,3604
9575,I need assistance to chat with an operator,contact_human_agent,CONTACT,BL,4724
14882,updating detais on standard account,edit_account,ACCOUNT,BKLMZ,7600
25613,"I need to see purchase {{Order Number}} status, how to do it?",track_order,ORDER,BCIL,13702
8734,what time can I get in touch with customer assistance?,contact_customer_service,CONTACT,BIL,4259
23642,i watn help to set my delivery address up,set_up_shipping_address,SHIPPING,BLQZ,13014
7481,help making a consumer claim against your organization,complaint,FEEDBACK,BL,3675
23117,problems setting a new delivery address up,set_up_shipping_address,SHIPPING,BLM,12715
19161,I don't know how I can buy several of yur product,place_order,ORDER,BLMZ,9837
23701,where can I set the delivery address up?,set_up_shipping_address,SHIPPING,BIL,12977
10207,can I create a gold account?,create_account,ACCOUNT,BI,5133
16732,i paid {{Currency Symbol}}{{Refund Amount}} for this purchase i try to receive a rebate,get_refund,REFUND,BCLMQ,8072
19251,i have to purchase some items,place_order,ORDER,BLMQ,9917
3020,how to see the cancellation fees?,check_cancellation_fee,CANCEL,BILM,1444
12276,information about the options for shipping,delivery_options,DELIVERY,BL,6210
24608,I want assistance to switch to the standard account,switch_account,ACCOUNT,B,13441
1886,how can i change purchase {{Order Number}},change_order,ORDER,BILQ,312
2375,want help updating the address,change_shipping_address,SHIPPING,BLQ,965
6752,"I need to see how long reimbursements take, how to do it?",check_refund_policy,REFUND,BCIL,3020
17548,"I have got to sign up to your newsletter, I need help",newsletter_subscription,SUBSCRIPTION,BCL,8646
23526,could you help me to submit the secondary delivery address?,set_up_shipping_address,SHIPPING,BILP,12607
18128,wantr help to solve issues with payment,payment_issue,PAYMENT,BMQZ,9140
23467,I want help setting a new shipping address up,set_up_shipping_address,SHIPPING,B,12604
3292,I cannot find the termination charge,check_cancellation_fee,CANCEL,BEL,1511
12468,can you help me to check what delivery options I have?,delivery_options,DELIVERY,BIM,6075
22249,I have to leave some feedback about a service,review,FEEDBACK,BL,11915
21794,i want assistance to inform of a problem with a registration,registration_problems,ACCOUNT,BLQ,11215
17372,subscribing to newsletter,newsletter_subscription,SUBSCRIPTION,BL,8809
10180,I want help creating a pro account,create_account,ACCOUNT,B,5061
6987,can you help me make a customer claim against your company?,complaint,FEEDBACK,BIL,3383
6069,help me see under what circumstances can I request a refund,check_refund_policy,REFUND,BL,3014
12925,can I check how long the shipping takes?,delivery_period,DELIVERY,BIL,6440
25022,order {{Order Number}} current status,track_order,ORDER,BKL,13523
21529,want assistance notifying of problems with a registration,registration_problems,ACCOUNT,BLMQ,11639
1690,"I want to switch an item of order {{Order Number}}, help me",change_order,ORDER,BCL,322
6118,I have to see in which cases can I ask for a reimbursement,check_refund_policy,REFUND,BL,3022
15000,assistance downloading my invoice from {{Person Name}},get_invoice,INVOICE,BL,7639
5498,show me the payment methods,check_payment_methods,PAYMENT,BL,2669
20971,I want help informing of errors with a registration,registration_problems,ACCOUNT,BLM,11272
6601,need assistance seeing ur money back guarantee,check_refund_policy,REFUND,BLQ,2975
14975,i dont know what i need to do to download my inovice #00108,get_invoice,INVOICE,BLQZ,7667
15442,can i get the bill #12588,get_invoice,INVOICE,BILQ,7696
8846,what do i need to do to get in touch with customer service,contact_customer_service,CONTACT,BILQ,3977
16164,"I paid {{Currency Symbol}}{{Refund Amount}} for a product, is it possible to get a refund?",get_refund,REFUND,BCIM,8206
13144,can you help me check how soon can I expect the product?,delivery_period,DELIVERY,BIL,6424
9001,I cannot speak to a goddamn live agent,contact_human_agent,CONTACT,BELW,4404
12618,I want help to check what shipping methods you offer,delivery_options,DELIVERY,BLM,6072
6396,see in which situations can I request to be reimbursed,check_refund_policy,REFUND,BL,3063
22778,is there an e-mail toleave feedback for your company?,review,FEEDBACK,BILZ,12520
19058,assistance shopping an item,place_order,ORDER,BL,9741
21067,how to notify of a problem with a registration,registration_problems,ACCOUNT,BILQ,11342
17114,help me to unsubscribe to ur newsletter,newsletter_subscription,SUBSCRIPTION,BLQ,8619
23782,"I need to set up a delivery address, help me",set_up_shipping_address,SHIPPING,BCL,13076
6644,"I want to check your reimbursement policy, help me",check_refund_policy,REFUND,BCL,2996
8079,I'm trying to see at what time i can call customer support,contact_customer_service,CONTACT,BLQ,3983
12865,"I am looking for the delivery options, can you help me?",delivery_options,DELIVERY,BCEI,6404
5376,i don know what to do to see the payment modalities,check_payment_methods,PAYMENT,BLQZ,2713
9488,i have to chat with a huamn agent,contact_human_agent,CONTACT,BLQZ,4699
5494,I want to list the payment methods,check_payment_methods,PAYMENT,BL,2772
18652,i cant make a payment i wanna repotr a problem,payment_issue,PAYMENT,BCLQZ,9456
19416,I don't know what todo to purchase something,place_order,ORDER,BLZ,10057
4931,"I have to list your accepted payment methods, I need help",check_payment_methods,PAYMENT,BCL,2474
11756,how can i remove a platinum acclunt,delete_account,ACCOUNT,BILQZ,5915
20204,I do not know how to reset my profile key,recover_password,ACCOUNT,BEL,10690
24660,I want assistance to change to the freemium account,switch_account,ACCOUNT,BL,13247
11283,"I don't need the damn platinum account, I try to close it",delete_account,ACCOUNT,BCLW,5695
21143,I don't know what I have to do to inform of sign-up issues,registration_problems,ACCOUNT,BLM,11396
17987,I don't know how I could notify of payment issues,payment_issue,PAYMENT,BLMP,9033
17887,I want information about cancel my newsletter subscription,newsletter_subscription,SUBSCRIPTION,BL,8620
15935,I don't know how I can ask for restitutions of my money,get_refund,REFUND,BLM,8016
1017,need help with switching an item of purchase {{Order Number}},change_order,ORDER,BLQ,220
15077,getting bills from {{Person Name}},get_invoice,INVOICE,BKLM,7664
9702,"I don't understand you, help me to chat with an agent",contact_human_agent,CONTACT,BCL,4824
327,i dont khow how to cancel order {{Order Number}},cancel_order,ORDER,BQZ,101
2499,assistance trying to edit the shipping address,change_shipping_address,SHIPPING,BL,1123
10944,I don't know what to do to close my freemium account,delete_account,ACCOUNT,BL,5489
19145,I want help buying some of your product,place_order,ORDER,BLM,9637
1333,how can i get information about updating order {{Order Number}},change_order,ORDER,BILQ,438
18160,informing of problem with payment,payment_issue,PAYMENT,BKL,9165
7907,I don't know how to lodge a condumer reclamation,complaint,FEEDBACK,BLZ,3861
5761,I try to see the available payment options,check_payment_methods,PAYMENT,BL,2475
2382,I do not know what to do to edit the delivery address,change_shipping_address,SHIPPING,BEL,834
11812,i need infrmation about the cancellation of my {{Account Type}} account,delete_account,ACCOUNT,BLQZ,5945
10554,i want assistance to create a {{Account Type}} account,create_account,ACCOUNT,BLQ,4947
25481,I want to check the ETA of the purchase {{Order Number}},track_order,ORDER,BL,13518
4792,where can I locate the invoice #37777?,check_invoice,INVOICE,BIL,1913
22723,"I need to levae some feedback for a service, how do I do it?",review,FEEDBACK,BCILZ,12487
3692,how could I check the early termination fees?,check_cancellation_fee,CANCEL,BILMP,1803
17500,I want assistance cancelling the newsletter subscription,newsletter_subscription,SUBSCRIPTION,BL,8633
1894,can uhelp me swap an item of order {{Order Number}},change_order,ORDER,BILQ,309
11294,want assistance closing my standard account,delete_account,ACCOUNT,BLQ,5702
23617,what do i have to do to submit my shipping address,set_up_shipping_address,SHIPPING,BILQZ,12623
2731,I do not know how I can change my delivery address,change_shipping_address,SHIPPING,BEL,1265
19384,how do I acquire some of your item?,place_order,ORDER,BILM,10034
21360,i do nog know how to notify of a problem with a signup,registration_problems,ACCOUNT,BELQZ,11541
20924,help to report signup problems,registration_problems,ACCOUNT,BLM,11231
25389,help to see the ETA of purchase {{Order Number}},track_order,ORDER,BLQ,13518
8709,how can I talk to customer assistance?,contact_customer_service,CONTACT,BIL,4251
8339,help me seeing what hours I can contact customer assistance,contact_customer_service,CONTACT,BL,3887
8967,i need assistance to talk with someone,contact_human_agent,CONTACT,BLQ,4359
4883,how do I give a quick look at the invoice from {{Person Name}}?,check_invoice,INVOICE,BIL,1983
22743,what do I have to do to send feedback about a product?,review,FEEDBACK,BIL,12084
2302,I want support chanigng my delivery address,change_shipping_address,SHIPPING,BLZ,980
22852,where do I submit my feedback about your products?,review,FEEDBACK,BIL,12477
3997,how can i give a quick lookat my bill #37777,check_invoice,INVOICE,BILQZ,1975
19778,need assistance to order several of your product,place_order,ORDER,BLMQ,10324
26693,see if there are any news on the compensation,track_refund,REFUND,BLM,13887
1561,can i change some products of order {{Order Number}},change_order,ORDER,BILMQ,535
14155,correcting info on freemium account,edit_account,ACCOUNT,BKLQ,7162
24003,i ned assistance switching to the {{Account Type}} account,switch_account,ACCOUNT,BQZ,13136
3025,I need help to see the cancellation fee,check_cancellation_fee,CANCEL,BL,1448
5203,need help to see the available payment options,check_payment_methods,PAYMENT,BLQ,2475
14938,i do not know what i neerd to do to download my bill #12588,get_invoice,INVOICE,BELQZ,7646
23449,I have problems setting up a secondary delivery address,set_up_shipping_address,SHIPPING,BLM,12634
3337,is it possible to see the termination fees,check_cancellation_fee,CANCEL,BILMQ,1644
24437,how could i switch to the {{Account Type}} account,switch_account,ACCOUNT,BIPQ,13125
24265,I need assistance changing to the {{Account Type}} account,switch_account,ACCOUNT,BL,13141
11765,I do not know what I need to do to remove my gold account,delete_account,ACCOUNT,BEL,5921
16551,i do not know what to do to rerquest a compensation of money,get_refund,REFUND,BELQZ,8426
4618,I want assistance to locate bill #00108,check_invoice,INVOICE,BL,2195
13988,updating info on freemium account,edit_account,ACCOUNT,BKLQ,7025
10091,"I ain't registered, help opening a standard account with you",create_account,ACCOUNT,BCL,5063
16570,what do I have to do to receive a rebate of money?,get_refund,REFUND,BIL,8438
4553,assistance to give a quick look at my invoice #00108,check_invoice,INVOICE,BL,2114
9627,help to chat with a person,contact_human_agent,CONTACT,BL,4779
13282,can ya help me see how soon can i expect my item,delivery_period,DELIVERY,BILQ,6674
17308,can uhelp me subscribing to the copany newsletter,newsletter_subscription,SUBSCRIPTION,BILQZ,8786
8992,I want help talking with a live agent,contact_human_agent,CONTACT,BL,4395
13481,"I need to see how soon can I expect my item, how to do it?",delivery_period,DELIVERY,BCIL,6422
6255,how could I check your money back guarantee?,check_refund_policy,REFUND,BILP,3032
22750,i call to write a comment for ur products,review,FEEDBACK,BLQ,12504
5182,I want help checking your payment options,check_payment_methods,PAYMENT,BL,2537
7112,can you help me to lodge a claim against your business?,complaint,FEEDBACK,BIL,3375
6648,wanna check uf refund policy,check_refund_policy,REFUND,BQZ,2970
23373,i have a problem entering the new delivery address,set_up_shipping_address,SHIPPING,BLQ,12811
13655,assistancxe checking how soon can I expect my product,delivery_period,DELIVERY,BLZ,6621
14476,updating info on standard account,edit_account,ACCOUNT,BKLQ,7366
4499,I want help to give a quick look at the invoice #85632,check_invoice,INVOICE,BL,1979
22378,leave review for your services,review,FEEDBACK,BK,12251
11686,I have a problem with the removal of my standard account,delete_account,ACCOUNT,BL,5691
11742,find information about the cancellation of a {{Account Category}} account,delete_account,ACCOUNT,BL,5566
3168,can i see the cancellation penatlies,check_cancellation_fee,CANCEL,BILMQZ,1548
7299,I want to file a reclamation,complaint,FEEDBACK,BL,3586
25016,wana check the ETA of order {{Order Number}} will ya help me,track_order,ORDER,BCILPQZ,13568
19196,I have to purchase several of your item,place_order,ORDER,BLM,9833
4850,"I need to check my bill #12588, could you help me?",check_invoice,INVOICE,BCILP,2431
23476,I need to submit the new delivery address,set_up_shipping_address,SHIPPING,BL,12711
21786,could you help me reporting errors with a sign-up?,registration_problems,ACCOUNT,BILMP,11793
25904,i need assistance seeing my refund current status,track_refund,REFUND,BLQ,13800
7245,assistance filing a customer complaint against ur company,complaint,FEEDBACK,BLQ,3552
17638,need help cancelling the newsletter subscription,newsletter_subscription,SUBSCRIPTION,BLQ,8633
14035,I'd like to edit the data included on my user i need help,edit_account,ACCOUNT,BCLPQ,7062
16724,how long until i get my money back,get_refund,REFUND,BIQ,8522
11162,I need assistance cancelling my standard account,delete_account,ACCOUNT,BL,5634
7986,"I need to talk with customer assistance, can you help me?",contact_customer_service,CONTACT,BCIL,3921
10567,wanna open a freemium account for my fiance,create_account,ACCOUNT,BLQ,5307
25362,help to see the current status of purchase {{Order Number}},track_order,ORDER,BL,13520
4140,help to locate the bill from {{Person Name}},check_invoice,INVOICE,BL,1939
13879,i need assistance to see how soon can i expect the article,delivery_period,DELIVERY,BLQ,6463
21557,where can I inform of errors with a bloody signup?,registration_problems,ACCOUNT,BILMW,11656
14989,ido not know what i need to do to get the invoice #37777,get_invoice,INVOICE,BEQZ,7674
5511,I have to list your goddamn available payment modalities,check_payment_methods,PAYMENT,BLW,2779
18145,where can i report errors with onlinepayment,payment_issue,PAYMENT,BILMQZ,9154
20261,I need to retrieve my PIN,recover_password,ACCOUNT,BL,10735
3074,help to see the early exit penalty,check_cancellation_fee,CANCEL,BLZ,1433
9345,I have to contact an operator,contact_human_agent,CONTACT,BL,4412
7488,"I ain't happy with your work, help lodging a consumer claim",complaint,FEEDBACK,BCL,3679
54,I can't afford purchase {{Order Number}},cancel_order,ORDER,BLN,24
25214,need to check the etga of order {{Order Number}} help me,track_order,ORDER,BCQZ,13624
25796,what do I have to do to locate order {{Order Number}}?,track_order,ORDER,BIL,13612
13723,need assistance seeing when will my parcel arrive,delivery_period,DELIVERY,BLQ,6768
6089,I try to see in which cases can I request a refund,check_refund_policy,REFUND,BL,2997
17248,I do not know how I could unsubscribe to your newsletter,newsletter_subscription,SUBSCRIPTION,BELP,8768
10331,I need assistance to create a standard account,create_account,ACCOUNT,B,5034
1126,help me to delete some products from purchase {{Order Number}},change_order,ORDER,BLM,305
12384,I am trying to check what shipping methods are available,delivery_options,DELIVERY,BLM,6030
13315,I need to see how long it takes for my parcel to arrive,delivery_period,DELIVERY,BL,6438
12107,can you show me what bloody methods for delivery are there?,delivery_options,DELIVERY,BILMW,6124
15767,semd me bill #00108,get_invoice,INVOICE,BKLZ,7938
10033,i have a questio about creating platinum accounts,create_account,ACCOUNT,BMQZ,5026
11889,i want information about the deletion of my gold accounnt,delete_account,ACCOUNT,BLQZ,5979
26814,where do i see if there are any news on the rebate,track_refund,REFUND,BILMQ,13850
23930,change to pro account,switch_account,ACCOUNT,BKL,13163
9641,can you help me speak with a live agent?,contact_human_agent,CONTACT,BIL,4337
18700,i dont know how i could inform of an payment error,payment_issue,PAYMENT,BLPQZ,9099
4014,i need assistance locating invoice #12588,check_invoice,INVOICE,BLQ,1988
22559,where to leave a comment about your company?,review,FEEDBACK,BIL,12379
8838,I'd like to soeak with customer assistance could uhelp me,contact_customer_service,CONTACT,BCILPQZ,4298
16452,help me get a reiombursement of my money,get_refund,REFUND,BLZ,8371
14087,correcting information on pro account,edit_account,ACCOUNT,BKL,7105
21683,i have got to report an issue with sign-up,registration_problems,ACCOUNT,BLQ,11729
13024,"I am looking for the shipping periods, how can I find them ?",delivery_period,DELIVERY,BCEILMZ,6522
5018,want assistance listing your available payment options,check_payment_methods,PAYMENT,BLQ,2539
12119,I try to check what shipping methods I can choose,delivery_options,DELIVERY,BLM,6022
20773,assistance to retrieve my user account pass,recover_password,ACCOUNT,BLQ,11128
4009,checking invoices from last purchase,check_invoice,INVOICE,BKM,1984
9630,i dont understand ya assistance speaking to a live agent,contact_human_agent,CONTACT,BCLQZ,4780
4694,"I have got to look for my invoice #12588, I need assistance",check_invoice,INVOICE,BCL,2358
5627,I do not know how to list your allowed payment methods,check_payment_methods,PAYMENT,BEL,2596
16412,I am trying ot get rebates,get_refund,REFUND,BLMZ,8348
18294,I'm trying to notify of errors with online payments,payment_issue,PAYMENT,BLMQ,9250
19550,wanna order a few of ur article,place_order,ORDER,BLMQ,10163
14104,updating details on {{Account Type}} account,edit_account,ACCOUNT,BKLM,6981
11363,I need assistance canceling a fucking premium account,delete_account,ACCOUNT,BLW,5742
5180,want assistance listing the available payment options,check_payment_methods,PAYMENT,BLQ,2539
3005,I want assistance to see the early exit penalty,check_cancellation_fee,CANCEL,BL,1433
4537,need to locate the bill from {{Person Name}} help me,check_invoice,INVOICE,BCLQZ,1939
18429,want help to inform of errors with payments,payment_issue,PAYMENT,BLMQ,9068
22386,do ya have an e-mail to leave some feedback about ur company,review,FEEDBACK,BILQ,12256
3750,want assistance to check the withdrawal fees,check_cancellation_fee,CANCEL,BLMQ,1402
25666,how can I see the status of purchae {{Order Number}}?,track_order,ORDER,BILZ,13740
2346,what do I need to do to change the address?,change_shipping_address,SHIPPING,BIL,762
12834,i try to check what shipment methods are there,delivery_options,DELIVERY,BLMQ,6323
6947,what do I need to do to make a customer reclamation?,complaint,FEEDBACK,BIL,3352
14878,"I want to modify the user data, I need help",edit_account,ACCOUNT,BCL,7597
6538,I want helpto see your refund policy,check_refund_policy,REFUND,BLZ,3217
25297,I do not know how I can see purchase {{Order Number}} status,track_order,ORDER,BEL,13522
23957,use freemium account,switch_account,ACCOUNT,BK,13179
7410,I want to lodge a reclamation against your company,complaint,FEEDBACK,BL,3474
6887,want help seeing in what cases can I request to be refunded,check_refund_policy,REFUND,BLQ,3009
2347,I want to edit the shipping address,change_shipping_address,SHIPPING,BL,1010
12927,help me to check how soon can I expect the damn article,delivery_period,DELIVERY,BLW,6419
19991,help me to reset the pass of my user account,recover_password,ACCOUNT,BLQ,10497
22454,"I need to submit goddamn feedback, how to do it?",review,FEEDBACK,BCILW,12306
26404,I have got to check if there are any news on the restitution,track_refund,REFUND,BLM,13820
22737,help to leave my goddamn feedback for your company,review,FEEDBACK,BLW,12499
15108,assistance to get my bills from {{Person Name}},get_invoice,INVOICE,BLM,7614
11371,I'm trying to cancel the {{Account Type}} account,delete_account,ACCOUNT,BLQ,5747
20203,I can't retrieve my key,recover_password,ACCOUNT,BLN,10689
256,i need help cancelling purchase {{Order Number}},cancel_order,ORDER,BLQ,23
25572,I would like to locate purchase {{Order Number}},track_order,ORDER,BLP,13711
11973,do you deliver to {{Delivery City}}?,delivery_options,DELIVERY,BIS,6010
2264,support trying to change my delivefy address,change_shipping_address,SHIPPING,BLZ,957
317,I want assistance to cancle purchase {{Order Number}},cancel_order,ORDER,BLZ,28
18385,I need assistance to inform of a payment issue,payment_issue,PAYMENT,BL,9298
7497,could I make a customer complaint against your business?,complaint,FEEDBACK,BILP,3687
21386,how do I report signup problems?,registration_problems,ACCOUNT,BILM,11560
5134,allowed payment methods,check_payment_methods,PAYMENT,BK,2543
12970,wanna see how long it usually takes for the order to arrive,delivery_period,DELIVERY,BLQ,6480
8190,I want helpchecking what hours I can call customer service,contact_customer_service,CONTACT,BLZ,4042
9071,what do I ned to do to talk to someone?,contact_human_agent,CONTACT,BILZ,4453
16294,I do not know how to obtain a restitution of my money,get_refund,REFUND,BEL,8276
1086,i want help to add an item to purchase {{Order Number}},change_order,ORDER,BLQ,276
24526,changing to standard account,switch_account,ACCOUNT,BKL,13210
18766,could ya help me to solve an issue with payments,payment_issue,PAYMENT,BIMPQ,9519
5726,i have got to see the accepted payment options,check_payment_methods,PAYMENT,BLQ,2497
22489,i dont know what to do to submit feedback about a service,review,FEEDBACK,BLQ,12119
19250,is it possible to order several of ur product,place_order,ORDER,BILMQ,9916
8990,I don't know how I can chat with a live agent,contact_human_agent,CONTACT,BL,4393
8816,help me to see what hours I can reach customer service,contact_customer_service,CONTACT,BL,3907
25416,need help seeing purchase {{Order Number}} current status,track_order,ORDER,BLQ,13520
20025,I cannot retrieve my account key,recover_password,ACCOUNT,BELN,10526
25895,I try to know if there is anything new on my compensation,track_refund,REFUND,BL,13795
24951,how do I track purchase {{Order Number}}?,track_order,ORDER,BIL,13543
14894,i dont know what to do to modify my bloody user account,edit_account,ACCOUNT,BLQW,7608
3569,where do i see the cancellation penalties,check_cancellation_fee,CANCEL,BILMQ,1646
6282,help me to check in what situations acn I request a refund,check_refund_policy,REFUND,BLZ,3127
26532,where can I see if there is anything new on the restitution?,track_refund,REFUND,BIL,13907
25746,i do not know how to see the eta of the order {{Order Number}},track_order,ORDER,BELQ,13519
20336,need assistance to restore my user account PIN code,recover_password,ACCOUNT,BLQ,10797
3893,I do not know how I can see the early termination penalty,check_cancellation_fee,CANCEL,BEL,1400
12451,can I check the shipment options?,delivery_options,DELIVERY,BIL,6269
15766,i lost the invoicesfrom {{Person Name}} mail them to me,get_invoice,INVOICE,BCLMQZ,7937
19065,want help shopping several of your item,place_order,ORDER,BLMQ,9747
7365,help me filing a complaint against your organization,complaint,FEEDBACK,BL,3340
14932,I want to download the damn invoices from {{Person Name}},get_invoice,INVOICE,BLMW,7643
12946,"I have to check when will my item arrive, I need assistance",delivery_period,DELIVERY,BC,6437
4047,what do i have to do to find my bills from {{Person Name}},check_invoice,INVOICE,BILMQ,1933
20919,informing of problem with sign-up,registration_problems,ACCOUNT,BKL,11226
17842,how can i find information about my newsletter subscription,newsletter_subscription,SUBSCRIPTION,BILQ,8620
4137,I do not know how I could locate my bill from {{Person Name}},check_invoice,INVOICE,BELP,2070
9552,i dont know how to talk to someone,contact_human_agent,CONTACT,BLQ,4553
18559,i canr pay can ya help me report issues with online payment,payment_issue,PAYMENT,BCILMQZ,9400
12905,I call to check how sono can I expect my order,delivery_period,DELIVERY,BLZ,6421
4143,assistance taking a quick look at the bill #00108,check_invoice,INVOICE,BL,2072
4475,i do not knwo how i can check bill #37777,check_invoice,INVOICE,BELQZ,2255
17561,"I have to sign up to your newsletter, I need assistance",newsletter_subscription,SUBSCRIPTION,BCL,8867
14332,wanna edit the info on my account i need help,edit_account,ACCOUNT,BCQ,7276
12859,I want help to check the bloody shipment methods,delivery_options,DELIVERY,BLW,6400
22566,I don't know how I can write a comment for a product,review,FEEDBACK,BLZ,12382
6801,check in which situations can i request reimbursements,check_refund_policy,REFUND,BLQ,3298
17315,i dont know what to do to subscribe to the newsletter,newsletter_subscription,SUBSCRIPTION,BLQ,8784
7010,help me to lodgea complaint against ur business,complaint,FEEDBACK,BLQZ,3389
14303,modifying information on {{Account Type}} account,edit_account,ACCOUNT,BKL,6984
8700,how to get in touch with goddamn customer service,contact_customer_service,CONTACT,BILQW,4248
10226,i have problems with creating a platinum account,create_account,ACCOUNT,BLMQ,5147
14293,i have got to correct the info included on my user profile,edit_account,ACCOUNT,BLQ,7252
10125,I want to know more about creating a standard account,create_account,ACCOUNT,B,5085
19171,"I have got to earn some of your product, how can I do it?",place_order,ORDER,BCILM,9846
22517,I don't know how I can leave a review,review,FEEDBACK,B,12350
19666,I need to shop several of your article,place_order,ORDER,BLM,10247
22244,"I have to write a comment for a service , how to do it?",review,FEEDBACK,BCILZ,11897
14439,modify {{Account Category}} accunt,edit_account,ACCOUNT,BKLZ,7349
20108,where do i retrieve my user acount key,recover_password,ACCOUNT,BILQZ,10601
11592,I need information about the removal of a standard account,delete_account,ACCOUNT,BL,5752
3720,"I want to check the termination penalty, help me",check_cancellation_fee,CANCEL,BCL,1818
1259,"I have made a mistake, help me change purchase {{Order Number}}",change_order,ORDER,BCL,393
5313,can you help me see whzt payment options are allowed?,check_payment_methods,PAYMENT,BILZ,2694
21535,what do I have to do to report errors with a registration?,registration_problems,ACCOUNT,BILM,11645
8492,help me talking to customer service,contact_customer_service,CONTACT,BL,3909
19851,need to earn some of ur product,place_order,ORDER,BLMQ,10378
6086,check under what circumstances can i request a reimbursement,check_refund_policy,REFUND,BLQ,3057
20661,help me retrieve my profile pin code,recover_password,ACCOUNT,BLQ,10430
4903,I want help checking my fucking bill from {{Person Name}},check_invoice,INVOICE,BLW,2231
2335,give me information about updating my delivery address,change_shipping_address,SHIPPING,BL,1004
4601,checking invoice #00108,check_invoice,INVOICE,BK,2315
10809,how do I create a {{Account Category}} account?,create_account,ACCOUNT,BIL,4932
18747,need to report a troubled with payments,payment_issue,PAYMENT,BLMQZ,9507
21151,where to notify of errors with sign-up?,registration_problems,ACCOUNT,BILM,11402
9277,i need assistance talking to an assistant,contact_human_agent,CONTACT,BLQ,4342
6174,I need to see in what cases can I request reimbursements,check_refund_policy,REFUND,BL,2973
18345,I need to notify of issues with online payment,payment_issue,PAYMENT,BLM,9007
24269,assistance using the standard profile,switch_account,ACCOUNT,BL,13241
1445,can you help me to delete something from order {{Order Number}}?,change_order,ORDER,BIL,487
18671,what do I have to do to notify of a problem with payments?,payment_issue,PAYMENT,BILM,9031
7739,how can I file a customer claim against your organization?,complaint,FEEDBACK,BIL,3338
17709,need help singing up to the company newsletter,newsletter_subscription,SUBSCRIPTION,BLQZ,8902
7746,I don't know how I could file a reclamation,complaint,FEEDBACK,BLP,3788
25351,wat help to see the ETA of purchase {{Order Number}},track_order,ORDER,BLQZ,13663
20088,csn ya help me reset the password of my account,recover_password,ACCOUNT,BILQZ,10583
22143,what do i need to do to leave some feedback,review,FEEDBACK,BILQ,12072
8841,help me checking what hours I can call customer support,contact_customer_service,CONTACT,BL,3904
2203,give me information about editing my shipping address,change_shipping_address,SHIPPING,BL,909
15098,need to get my bill #12588,get_invoice,INVOICE,BLQ,7696
4902,help me take a quick look at my bills from {{Person Name}},check_invoice,INVOICE,BLM,2046
9365,i want help speaking to a person,contact_human_agent,CONTACT,BLQ,4462
2556,where can I change the delivery address?,change_shipping_address,SHIPPING,BIL,1157
12920,assistance to see how long it takes for my item to arrive,delivery_period,DELIVERY,BL,6435
13073,i want help seeign when will my product arrive,delivery_period,DELIVERY,BLQZ,6557
6705,wanna see inwhich cases can i ask to be refunded i need help,check_refund_policy,REFUND,BCLQZ,3263
24208,i hjave to use the {{Account Category}} profile can i get some help,switch_account,ACCOUNT,BCILQZ,13296
11676,I do not know what to do to delete a {{Account Type}} account,delete_account,ACCOUNT,BEL,5465
25564,when will I receive ordered {{Order Number}} ?,track_order,ORDER,BIZ,13642
22618,where can I submit my feedback for your company?,review,FEEDBACK,BIL,12096
25954,I'm waiting for a reimbursement of {{Refund Amount}} dollars,track_refund,REFUND,BLQ,13829
4283,want assistance to give a quick look at my invoice #12588,check_invoice,INVOICE,BLQZ,2085
14517,editing platinum account,edit_account,ACCOUNT,BKL,7393
16825,i do not know how to demand refunds,get_refund,REFUND,BELMQ,8583
20145,assistance recovering my user account PIN,recover_password,ACCOUNT,BL,10634
22401,"I want to write a comment, I need assistance",review,FEEDBACK,BCL,12269
3451,i need help to see the early termination charge,check_cancellation_fee,CANCEL,BLQ,1431
641,i need assistance canceling roder {{Order Number}},cancel_order,ORDER,BQZ,150
10075,i need assistance to create a platinum accountt,create_account,ACCOUNT,BQZ,5055
11003,how to cancel a {{Account Type}} account?,delete_account,ACCOUNT,BIL,5509
9862,can ya help me contacting an operator,contact_human_agent,CONTACT,BILQ,4870
4416,I have to give a quick look at the invoice #00108,check_invoice,INVOICE,BL,2114
3971,could you help me find my invoice from {{Person Name}}?,check_invoice,INVOICE,BILP,1955
8822,talk with customer service,contact_customer_service,CONTACT,BL,4031
19064,I want to earn an article,place_order,ORDER,BL,9746
18485,reporting issues with payments,payment_issue,PAYMENT,BKM,9008
25755,I try to seethe status of purchase {{Order Number}},track_order,ORDER,BLZ,13760
7267,I want help to lodge a consumer reclamation,complaint,FEEDBACK,BL,3357
22398,is there a section to leave a bloody opinion about a service,review,FEEDBACK,BILQW,12266
21192,help me to reporty sign-up issues,registration_problems,ACCOUNT,BLMZ,11432
24980,I can't see order {{Order Number}} status,track_order,ORDER,BLN,13553
18048,"I can't pay, notify of a trouble with online payment",payment_issue,PAYMENT,BCL,9084
26723,i dont know how i could track the rebate,track_refund,REFUND,BLPQ,14100
6992,where do I lodge a consumer reclamation?,complaint,FEEDBACK,BIL,3387
17351,help me to unsubscribe from the company newsletter,newsletter_subscription,SUBSCRIPTION,BL,8619
25874,can I see if there is anything new on the reimbursement?,track_refund,REFUND,BIL,13777
21217,I am tryign to inform of an error with a registration,registration_problems,ACCOUNT,BLZ,11449
4867,checking invoice from 4 purchases ago,check_invoice,INVOICE,BKM,2439
26215,i dont know how to check the current status of my rebate,track_refund,REFUND,BLQ,13819
23179,i try to submit my delivery address,set_up_shipping_address,SHIPPING,BLQ,12711
6448,I try to check how long reimbursements usually take,check_refund_policy,REFUND,BL,3003
6661,I do not know how I can check your reimbursement policu,check_refund_policy,REFUND,BELZ,3253
24793,"I want to use the {{Account Type}} profile, how to do it?",switch_account,ACCOUNT,BCIL,13493
10913,"I want to delete a {{Account Type}} account, help me",delete_account,ACCOUNT,BCL,5461
19400,can you help me shopping an article?,place_order,ORDER,BIL,10044
6766,"I have got to see how long refunds take, will you help me?",check_refund_policy,REFUND,BCILP,3284
4480,i dont know what to do to look for the invoice #37777,check_invoice,INVOICE,BLQ,2258
22427,assistance sending some efedback about a product,review,FEEDBACK,BLZ,12287
26623,I try to see my compensation current status,track_refund,REFUND,BL,13838
20390,I can't retrieve the password of my user account,recover_password,ACCOUNT,BLN,10468
20289,reset the key of my profile,recover_password,ACCOUNT,BL,10612
9570,I don't know how to speak with an assistan,contact_human_agent,CONTACT,BLZ,4745
11593,i do not know what i need to do to remove my {{Account Category}} account,delete_account,ACCOUNT,BELQ,5462
6379,I need help to see your refund policy,check_refund_policy,REFUND,BL,3048
18442,assistance to report an error with payment,payment_issue,PAYMENT,BL,9334
18065,I don't know how to inform of a trouble with payment,payment_issue,PAYMENT,BL,9098
15044,"I would like to download my invoices from {{Person Name}}, help me",get_invoice,INVOICE,BCLMP,7701
10622,i want a freemium account,create_account,ACCOUNT,BLQ,5330
26750,i do not know how to track my rebate,track_refund,REFUND,BELQ,13787
1219,can i swap an article of purchase {{Order Number}},change_order,ORDER,BILQ,221
15090,I do not know how to get the bill from {{Person Name}},get_invoice,INVOICE,BEL,7614
8758,I odn't know how I could speak to customer support,contact_customer_service,CONTACT,BLPZ,4271
4827,show me invoice #85632,check_invoice,INVOICE,B,2420
26038,where to know if there are any news on my compensation?,track_refund,REFUND,BILM,13876
20783,"I lost my user password, would it be possible to recover it?",recover_password,ACCOUNT,BCILP,11133
16368,i do not know how i can request a rebate of my money,get_refund,REFUND,BELQ,8320
18097,need help to notify of an error with online paymemts,payment_issue,PAYMENT,BLMQZ,9118
3634,i dont know what i need to do to see the withdrawal fee,check_cancellation_fee,CANCEL,BLQ,1782
12257,I call to check the shipment options,delivery_options,DELIVERY,BL,6200
22429,i do not know how i can leave feedback for ur company,review,FEEDBACK,BELQ,12226
21994,do you have a method to leave an opinion?,review,FEEDBACK,BIL,11951
18258,want help reporting an error with online payments,payment_issue,PAYMENT,BLMQ,9232
24533,i want help changing to the gold account,switch_account,ACCOUNT,BLQ,13219
16268,I want help to obtain a reimbursement,get_refund,REFUND,BL,8059
1686,"I have to add a product to purchase {{Order Number}}, how to do it?",change_order,ORDER,BCIL,589
1244,how can i swap something of order {{Order Number}},change_order,ORDER,BILQZ,348
1929,i need help switching something of order {{Order Number}},change_order,ORDER,BLQ,439
15158,I need assistance downloading invoice #85632,get_invoice,INVOICE,BL,7743
4452,where can I check the bill #85632?,check_invoice,INVOICE,BIL,2241
22073,I don't know how I can write an opinion for your company,review,FEEDBACK,BL,12017
4715,i need help locating my invoices from {{Person Name}},check_invoice,INVOICE,BLMQ,2330
16583,i dont know what i have to do to receive a reimbursement,get_refund,REFUND,BLQ,8088
1646,wanna add a product to order {{Order Number}},change_order,ORDER,BLQ,568
13708,would it be possible to see when will my package arrive?,delivery_period,DELIVERY,BILP,6755
8406,"I have got to talk with customer support, I need help",contact_customer_service,CONTACT,BCL,4075
11242,problems with the removal of my gold account,delete_account,ACCOUNT,BLM,5603
8711,I want help calling customer support,contact_customer_service,CONTACT,BL,4129
23916,i want help to switch to the standard account,switch_account,ACCOUNT,BQZ,13152
16275,I don't know how to demand a restitution of my money,get_refund,REFUND,BL,8199
8222,how can i see what hours i can reach custimer service,contact_customer_service,CONTACT,BILQZ,4057
16780,can you help me obtaining a compensation?,get_refund,REFUND,BIL,8552
26535,I want to check the current status of the refund,track_refund,REFUND,BL,13851
20350,"I want to reset the bloody key of my user, will you help me?",recover_password,ACCOUNT,BCILPW,10809
21565,I try to inform of errors with a signup,registration_problems,ACCOUNT,BLM,11521
6416,show ur money back policcy,check_refund_policy,REFUND,BKLQZ,3180
25588,can ya help me checking the eta of the order {{Order Number}},track_order,ORDER,BIQ,13519
9236,want help talking to someone,contact_human_agent,CONTACT,BLQ,4570
5839,can you help me seeing your available payment options?,check_payment_methods,PAYMENT,BIL,2924
19301,I do not know how I can buy a few of your article,place_order,ORDER,BELM,9958
9306,I don't know how to speak with a fucking assistant,contact_human_agent,CONTACT,BLW,4610
4254,i have lost my bill from {{Person Name}} find it for me,check_invoice,INVOICE,BCLQV,2141
24434,I want assistnace to use the {{Account Category}} account,switch_account,ACCOUNT,BZ,13384
22734,I need assistance writing a comment for your services,review,FEEDBACK,BL,12496
7774,help me lodge a claim against your business,complaint,FEEDBACK,BL,3375
12026,is it possible to place an order from {{Delivery Country}},delivery_options,DELIVERY,BIQS,6011
22283,"I have got to leave a review about your company, help me",review,FEEDBACK,BCL,12180
18810,I do not know what I need to do to inform of paymdnt errors,payment_issue,PAYMENT,BELMZ,9545
21012,I don't know what I need to do to report registration errors,registration_problems,ACCOUNT,BLM,11301
13571,need to check how long it takes for the parcel to arrive,delivery_period,DELIVERY,BLQ,6438
10721,"I have got to open a new bloody {{Account Type}} account, I need help",create_account,ACCOUNT,BCLW,5379
21483,need help notifying of issues wiht a sign-up,registration_problems,ACCOUNT,BLMQZ,11612
10006,i try to create a damn {{Account Category}} account,create_account,ACCOUNT,BQW,4932
23506,assistance to set a different delivery address up,set_up_shipping_address,SHIPPING,BL,12649
26673,i want help to see the status of my compensation,track_refund,REFUND,BLQ,13855
24149,switch to gold account,switch_account,ACCOUNT,BK,13275
22697,wanna leave a review about a service,review,FEEDBACK,BLQ,11963
15247,i dont know what i have to do to get the invoice #12588,get_invoice,INVOICE,BQ,7679
7225,how do I make a customer complaint against your company?,complaint,FEEDBACK,BIL,3345
25082,wanna check purchase {{Order Number}} status,track_order,ORDER,BLQ,13522
4100,i need assistance to check the invoices from {{Person Name}},check_invoice,INVOICE,BMQ,1943
18019,I have to inform of an error with online payment,payment_issue,PAYMENT,BL,9061
18093,payment issues,payment_issue,PAYMENT,BKM,9040
8787,need to talk to customer support,contact_customer_service,CONTACT,BLQ,3915
5846,wanna see the allowed payment methods,check_payment_methods,PAYMENT,BLQ,2926
22065,i dont know how i can leave feedback,review,FEEDBACK,BLQ,12010
26319,assistance checking the restitution current status,track_refund,REFUND,BL,13933
25186,help me checking the status of purchase {{Order Number}},track_order,ORDER,BL,13522
26008,I am waiting for a bloody compensation of {{Refund Amount}} dollars,track_refund,REFUND,BLW,13863
10184,can ya tell me more about opening platinum accounts,create_account,ACCOUNT,BILMQ,5124
9763,what do i have to do to contact an agent,contact_human_agent,CONTACT,BIQ,4463
22013,I am trying to leave fewedback about a service,review,FEEDBACK,BLZ,11965
13417,i try to see how long it takes for the purchase to arrive,delivery_period,DELIVERY,BLQ,6455
15892,I need assistance getting the invoices from {{Person Name}},get_invoice,INVOICE,BM,7616
26505,how do I know if there is anything new on my compensation?,track_refund,REFUND,BIL,13795
19462,I do not know ohw to acquire an item,place_order,ORDER,BELZ,10095
129,is it possible to cancel purchase {{Order Number}} ?,cancel_order,ORDER,BILZ,49
8418,do you have a toll-free customer service number?,contact_customer_service,CONTACT,BIL,4134
24813,what do i need to do to use the {{Account Type}} account,switch_account,ACCOUNT,BIQ,13160
18249,want assistance to solve a payment problem,payment_issue,PAYMENT,BLQ,9053
15585,get ibll #37777,get_invoice,INVOICE,BKLZ,7885
2452,I want help changing the bloody delivery address,change_shipping_address,SHIPPING,BLW,1087
11606,find information about the removal of my pro account,delete_account,ACCOUNT,BL,5552
2812,wanna know more about a shipping address update,change_shipping_address,SHIPPING,BLQ,1308
3301,I need help seeing the early termination fees,check_cancellation_fee,CANCEL,BLM,1413
23490,there is an ixsue setting my shipping address up,set_up_shipping_address,SHIPPING,BLZ,12697
20012,i dont know what to do to restore the pass of my account,recover_password,ACCOUNT,BLQ,10516
22496,I do not know how I can send some feedback for a service,review,FEEDBACK,BEL,12333
11771,I want help canceling the {{Account Type}} account,delete_account,ACCOUNT,BL,5521
6207,I want help seeing your reimbursement policy,check_refund_policy,REFUND,BL,3001
10978,can you help me to delete my premium account?,delete_account,ACCOUNT,BIL,5513
16028,refund {{Currency Symbol}}{{Refund Amount}},get_refund,REFUND,BKMZ,8007
5536,seeing accepted payment modalities,check_payment_methods,PAYMENT,BKL,2479
23354,I cannot submit a different delivery addrdss,set_up_shipping_address,SHIPPING,BELZ,12880
16597,I don't know how I can obtain a refund,get_refund,REFUND,BL,8451
14524,i try to change my personal info,edit_account,ACCOUNT,BLQ,7398
292,have problems wth cancelling order {{Order Number}},cancel_order,ORDER,BMQZ,90
21710,where to report an error with a signup?,registration_problems,ACCOUNT,BIL,11743
4157,I want assistance locating my invoices from {{Person Name}},check_invoice,INVOICE,BLM,2082
2416,help me to correct my address,change_shipping_address,SHIPPING,BL,1061
4337,can you help me find trhe bills from {{Person Name}}?,check_invoice,INVOICE,BILMZ,2188
22475,how can i send my feedback about ur services,review,FEEDBACK,BILQ,11954
16774,howcan i receive a reimbursement,get_refund,REFUND,BILQZ,8549
23057,there is an error submitting my secondary delivery address,set_up_shipping_address,SHIPPING,BL,12727
24249,need assistance switching to the pro account,switch_account,ACCOUNT,BQ,13140
26783,i need assistance to track the restitution,track_refund,REFUND,BLQ,14048
3584,I don't know how I can chek the early exit charge,check_cancellation_fee,CANCEL,BLZ,1763
24746,help me usew the freemium account,switch_account,ACCOUNT,BZ,13483
3356,how could I check the goddamn termination fee?,check_cancellation_fee,CANCEL,BILPW,1655
3245,what are the fees for breaking the contract?,check_cancellation_fee,CANCEL,BILM,1595
23037,"I need to enter another shipping address, could you help me?",set_up_shipping_address,SHIPPING,BCILP,12713
23425,where do i set a different deivery address up,set_up_shipping_address,SHIPPING,BILQZ,12912
9839,i cannot speak with a person,contact_human_agent,CONTACT,BELQ,4398
15616,i have got to download my invoice from {{Person Name}},get_invoice,INVOICE,BLQ,7643
14354,edting info on premium account,edit_account,ACCOUNT,BKLQZ,7292
1467,I need help to add several articles to order {{Order Number}},change_order,ORDER,BLM,495
20246,help recovering my profile access key,recover_password,ACCOUNT,BL,10480
15069,I need assistance to get my invoice from {{Person Name}},get_invoice,INVOICE,BL,7629
16707,when am I getting a rebate?,get_refund,REFUND,BIL,8512
1617,help with adding a goddamn item to ordr {{Order Number}},change_order,ORDER,BWZ,555
8673,i need help seeing what hours i csn call customer service,contact_customer_service,CONTACT,BLQZ,4236
22190,i need assitsance sending my feedback for a product,review,FEEDBACK,BLQZ,12109
2677,I want assistance updating the shipping address,change_shipping_address,SHIPPING,BL,1230
23833,sumbitting new shipping address,set_up_shipping_address,SHIPPING,BKLZ,13100
13405,assistance seeing how soon can I exect my delivery,delivery_period,DELIVERY,BLZ,6734
15730,I do not know how to download my invoice from {{Person Name}},get_invoice,INVOICE,BEL,7643
26677,I try to know if there are any updates on my restitution,track_refund,REFUND,BLM,13870
19043,can you help me place an order?,place_order,ORDER,BIL,9727
2554,errors editing shipping address,change_shipping_address,SHIPPING,BKLM,824
9350,want help to speak to someone,contact_human_agent,CONTACT,BLQ,4431
18707,want help to notify of troubles with online payment,payment_issue,PAYMENT,BLMQ,8962
25213,"I have to locate order {{Order Number}}, could I get some help?",track_order,ORDER,BCILP,13575
19985,I can't retrieve my account PIN,recover_password,ACCOUNT,BLN,10493
11861,problem with the cancellation of a {{Account Type}} account,delete_account,ACCOUNT,BL,5510
22732,what do I have to do to leave a review for a product?,review,FEEDBACK,BIL,12495
16201,i dont know how to request restitutions of my money,get_refund,REFUND,BLMQ,8229
17044,I need to unsubscribe to your newsletter,newsletter_subscription,SUBSCRIPTION,BL,8619
2673,help with a shipping address modification,change_shipping_address,SHIPPING,BL,1219
11603,information about the cancellation of my {{Account Type}} account,delete_account,ACCOUNT,BL,5482
7802,I don't know how to make a claim against your organization,complaint,FEEDBACK,BL,3338
15913,ho do i get a refund,get_refund,REFUND,BIQZ,7994
12238,assistance to see the delivery methods,delivery_options,DELIVERY,BL,6188
25706,want assistance locating purchase {{Order Number}},track_order,ORDER,BLQ,13578
15786,can I download bill #37777?,get_invoice,INVOICE,BIL,7944
17809,wanna know about canceling the subscription to ur newsletter,newsletter_subscription,SUBSCRIPTION,BLQ,8616
6926,help to make a claim against your company,complaint,FEEDBACK,BL,3332
18754,want help notifying of troubles with online payments,payment_issue,PAYMENT,BLMQ,9146
14392,modifying premium account,edit_account,ACCOUNT,BKL,7192
26344,help me to check the status of the restitution,track_refund,REFUND,BL,13804
21211,what do i needto do to inform of registration issues,registration_problems,ACCOUNT,BILMQZ,11443
2241,i have an issue modifying the shipping address,change_shipping_address,SHIPPING,BLQ,937
6297,i cannot check ur money back guarantee,check_refund_policy,REFUND,BELQ,2975
19548,want assaistance purchasing a few of your article,place_order,ORDER,BLMQZ,10161
3583,i want help to see the termination charges,check_cancellation_fee,CANCEL,BLMQ,1443
1145,I need assistanc with adding an item to order {{Order Number}},change_order,ORDER,BZ,318
4951,I am trying to list the allowed payment methods,check_payment_methods,PAYMENT,BL,2492
18536,would it be possible to notfy of an error with payments,payment_issue,PAYMENT,BILMPQZ,9386
19177,what do i have to do to earn several of ur item,place_order,ORDER,BILMQ,9852
5221,help checking your accepted payment options,check_payment_methods,PAYMENT,BL,2621
16104,need help to get a copmpensation of money,get_refund,REFUND,BLQZ,8159
14995,I don't know what to do to download thr invoice #00108,get_invoice,INVOICE,BLZ,7677
13051,how do I check how soon can I expect my package?,delivery_period,DELIVERY,BIL,6474
16595,could uhelp me requesting a rebate of money,get_refund,REFUND,BILPQ,8450
17575,could you help me signing up to the corporate newsletter?,newsletter_subscription,SUBSCRIPTION,BILP,8873
18911,i want assistance earning several products,place_order,ORDER,BLMQ,9601
19499,"I need to order several articles, can you help me?",place_order,ORDER,BCILM,10122
25695,how do I check the current status of order {{Order Number}}?,track_order,ORDER,BIL,13523
12090,can you help me check what delivery methods are there?,delivery_options,DELIVERY,BILM,6115
4602,could uhelp me seeing my invoices from {{Person Name}},check_invoice,INVOICE,BILMPQZ,2316
14206,updating premium accojnt,edit_account,ACCOUNT,BKLZ,7197
14284,modifying ingormation on {{Account Category}} account,edit_account,ACCOUNT,BKLZ,7248
24346,how to use the {{Account Type}} profile,switch_account,ACCOUNT,BILQ,13175
4755,I want assistance to look for invoice #85632,check_invoice,INVOICE,BL,2389
18289,can you help me notify of a payment issue?,payment_issue,PAYMENT,BIL,9246
265,can you help me cancelong purchase {{Order Number}}?,cancel_order,ORDER,BILZ,3
15003,get bill #85632,get_invoice,INVOICE,BKL,7681
11251,I need help cancelling a {{Account Category}} account,delete_account,ACCOUNT,BL,5561
22156,where can i submit fedback for ur products,review,FEEDBACK,BILQZ,12082
23579,I have to submit my new shipping address,set_up_shipping_address,SHIPPING,BL,12623
14177,modifu details on {{Account Category}} account,edit_account,ACCOUNT,BKLMZ,7178
9882,i want help speaking to someone,contact_human_agent,CONTACT,BLQ,4507
3938,chck bill from {{Person Name}},check_invoice,INVOICE,BKLZ,1929
25060,want assistance seeing the status of order {{Order Number}},track_order,ORDER,BLQ,13523
18627,I am trying to notify of problems with onine payments,payment_issue,PAYMENT,BLMZ,9436
11350,"I don't use my {{Account Category}} account, I want help to close it",delete_account,ACCOUNT,BCL,5733
6241,I want to check in which cases can I request reimbursements,check_refund_policy,REFUND,BL,2973
23196,problem entering the shipping address,set_up_shipping_address,SHIPPING,BL,12808
12354,i need help seeing the delivery methods,delivery_options,DELIVERY,BLQ,5995
25798,i need assistance tracking purchase {{Order Number}},track_order,ORDER,BLQ,13725
16419,is it possible to demand refunds of my money?,get_refund,REFUND,BILM,8352
17979,I want assistance to inform of issues with payment,payment_issue,PAYMENT,BLM,9026
24477,switching to another account,switch_account,ACCOUNT,BK,13399
5259,where to check your available payment options?,check_payment_methods,PAYMENT,BIL,2661
25255,want asistance checking the eta of the order {{Order Number}},track_order,ORDER,BQZ,13638
3774,help seeing the termination fee,check_cancellation_fee,CANCEL,BL,1849
18078,i have an question about the payment,payment_issue,PAYMENT,BLQZ,9105
22998,there is an issue submitting the secondary shipping address,set_up_shipping_address,SHIPPING,BL,12687
9440,i dont know how i can talk with someone,contact_human_agent,CONTACT,BLQ,4553
19359,i do not know what i need to do to earn some of ur article,place_order,ORDER,BELMQ,10011
17105,asxsistance receiving your newsletter,newsletter_subscription,SUBSCRIPTION,BLZ,8709
16500,i have paid {{Currency Symbol}}{{Refund Amount}} for thid item i try to receive a rebate,get_refund,REFUND,BCELMQVZ,8072
1264,help me adding several rpoducts to order {{Order Number}},change_order,ORDER,BLMZ,397
7016,"my experience with you has been bad, make a customer claim",complaint,FEEDBACK,BCL,3404
20758,I need to reset my damn PIN code,recover_password,ACCOUNT,BLW,11119
7148,help filing a customer reclamation against ur company,complaint,FEEDBACK,BLQ,3376
16000,help demanding rebates of money,get_refund,REFUND,BLM,8077
4609,I don't know what to do to check bill #37777,check_invoice,INVOICE,BL,2005
2424,I need information about modifying my shipping address,change_shipping_address,SHIPPING,BL,819
5172,how can I check what bloody payment options you accept?,check_payment_methods,PAYMENT,BILW,2618
18529,I need help solving a troouble with online payments,payment_issue,PAYMENT,BLMZ,9383
19337,I want assistance buying a few of your item,place_order,ORDER,BM,9992
3784,show early termination charge,check_cancellation_fee,CANCEL,BKL,1431
21298,i need assistance reporting issues with signup,registration_problems,ACCOUNT,BLMQZ,11502
20722,I have problems with my key recovery,recover_password,ACCOUNT,BLM,11093
3959,find the bill from {{Person Name}},check_invoice,INVOICE,BL,1933
7086,I do not know what I have to do to lodge a reclamation,complaint,FEEDBACK,BEL,3453
18466,how could I inform of issues with payment?,payment_issue,PAYMENT,BILMP,9349
11103,cancelling {{Account Type}} account,delete_account,ACCOUNT,BKL,5602
22020,need assistance leaving a commnet for your services,review,FEEDBACK,BLQZ,11971
9450,can you help me talk to an operator?,contact_human_agent,CONTACT,BIL,4565
18090,i cannot make a payment where do i report an error,payment_issue,PAYMENT,BCEILQZ,9114
16097,can ya help me obtaining restitutions of my money,get_refund,REFUND,BILMQ,8154
20691,I need help to restore the access key of my user,recover_password,ACCOUNT,BL,11067
16609,i have paid {{Currency Symbol}}{{Refund Amount}} for an item i wanna get my money back,get_refund,REFUND,BCELMQV,8459
26058,how do I check if there are any updates on my rebate?,track_refund,REFUND,BILM,13889
15555,where can I download the invoice #37777?,get_invoice,INVOICE,BIL,7635
16738,I want to demand compensations of money,get_refund,REFUND,BLM,8020
22269,"I have to leave a comment for your services, help me",review,FEEDBACK,BCL,12171
8097,I don't know how I can speak with customer support,contact_customer_service,CONTACT,BL,3992
1433,can you help me changing purchase {{Order Number}}?,change_order,ORDER,BIL,481
2435,tell me about updating my delivery address,change_shipping_address,SHIPPING,BL,868
6983,how to file an reclamation?,complaint,FEEDBACK,BILZ,3380
25296,see current status of order {{Order Number}},track_order,ORDER,BKL,13523
9067,can I chat with a live agent?,contact_human_agent,CONTACT,BIL,4450
26864,I have got to see my compensation current status,track_refund,REFUND,BL,13838
7549,want help to lodge a reclamation against your company,complaint,FEEDBACK,BLQ,3474
17309,i dont know how i can unsubscribe from ur company newsletter,newsletter_subscription,SUBSCRIPTION,BLQ,8619
23016,need help to enter my delivery address,set_up_shipping_address,SHIPPING,BLQZ,12670
9649,I do not know how to talk to a human agent,contact_human_agent,CONTACT,BEL,4383
13718,how soon can i expect my purchase,delivery_period,DELIVERY,BILQ,6425
12677,can you help me check what options for delivery you offer?,delivery_options,DELIVERY,BIM,6339
16523,demanding rebate of money,get_refund,REFUND,BKL,8077
13622,how to see when my package is going to arrive?,delivery_period,DELIVERY,BIL,6539
13479,I need help seeing how long it takes for my item to arrive,delivery_period,DELIVERY,BL,6435
6519,help me checking in what situations can I ask for a refund,check_refund_policy,REFUND,BL,3208
24540,I do not know how to change to the {{Account Type}} account,switch_account,ACCOUNT,BEL,13124
12081,I am calling to see what delivery methods you offer,delivery_options,DELIVERY,BLM,6112
5267,can you tell me your available payment methods?,check_payment_methods,PAYMENT,BIL,2665
13159,want help checking ohw soon can I expect my package,delivery_period,DELIVERY,BLQZ,6613
11945,I have got to see what methods for delivery I have,delivery_options,DELIVERY,BLM,6026
18338,can you help me solve a problem with online payment?,payment_issue,PAYMENT,BIL,9276
4544,I can't locate my invoices from {{Person Name}},check_invoice,INVOICE,BLMN,2080
6622,i have to see in what casescan i request a reimbursement,check_refund_policy,REFUND,BLQZ,3119
18290,would it be possible to inform of a bloody payment error?,payment_issue,PAYMENT,BILPW,9247
18511,I need help informing of troubles with online payment,payment_issue,PAYMENT,BLM,9230
18214,"I can't pay, how could I notify of a payment problem?",payment_issue,PAYMENT,BCILP,9200
19840,I want to shop a product,place_order,ORDER,BL,10258
15045,how to download the bills from {{Person Name}}?,get_invoice,INVOICE,BILM,7618
6285,I have to check in what cases can I request my money back,check_refund_policy,REFUND,BL,3092
12806,assistance seeing what shipment methods you offer,delivery_options,DELIVERY,BLM,6383
10482,need to create an {{Account Type}} account,create_account,ACCOUNT,BQZ,4947
18520,help reporfting a trouble with payments,payment_issue,PAYMENT,BLMZ,9381
17133,i need information about receiving ur newsletter,newsletter_subscription,SUBSCRIPTION,BLQZ,8723
26025,can uhelp me check the compensation current status,track_refund,REFUND,BILQ,13838
1110,updateorder {{Order Number}},change_order,ORDER,BLZ,295
5975,show me in which situations can I ask to be reimbursed,check_refund_policy,REFUND,BL,2998
1839,help with deleting some items from my last order,change_order,ORDER,BLM,660
1342,how do I remove several items from purchase {{Order Number}}?,change_order,ORDER,BILM,442
14237,"I have got to edit my damn user, could I get some help?",edit_account,ACCOUNT,BCIPW,7219
10086,create platinum account,create_account,ACCOUNT,BK,5060
3479,I do not know how to see the termination fees,check_cancellation_fee,CANCEL,BELM,1719
22232,can you help me write a comment for your products?,review,FEEDBACK,BIL,12136
23238,i do not know how to enter a delivery address,set_up_shipping_address,SHIPPING,BELQ,12826
20457,i need assistance to reset my pwd,recover_password,ACCOUNT,BLQ,10643
23508,how to submit the secondary delivery address?,set_up_shipping_address,SHIPPING,BIL,12607
2746,I want assistance trying to change the shipping addrses,change_shipping_address,SHIPPING,BLZ,1272
16111,i have got to demand a reimbursement,get_refund,REFUND,BLQ,8165
6520,are the charges of your services refundable?,check_refund_policy,REFUND,BI,3139
7075,help me lodge a customer claim against your business,complaint,FEEDBACK,BL,3375
13922,updating information on {{Account Category}} account,edit_account,ACCOUNT,BKL,6964
2432,i need help to change the delivery address,change_shipping_address,SHIPPING,BLQ,751
213,can ya help me cancel purchase {{Order Number}},cancel_order,ORDER,BILQ,3
6936,how can i make a customer complaint against ur organization,complaint,FEEDBACK,BILQ,3342
9705,I don't know what I have to do to speak with an asistant,contact_human_agent,CONTACT,BLZ,4826
19688,where could I order a product?,place_order,ORDER,BILP,10265
17518,"I have to sign up to your corporate newsletter, help me",newsletter_subscription,SUBSCRIPTION,BCL,8621
17412,"I have to unsuscribe to your company newsletter, I need help",newsletter_subscription,SUBSCRIPTION,BCLZ,8824
21533,I cannot inform of sign-up issues,registration_problems,ACCOUNT,BELMN,11643
21231,what do i need to do to report an issue with a signup,registration_problems,ACCOUNT,BILQ,11265
20741,need assistance to reset my user profile PIN code,recover_password,ACCOUNT,BLQ,11105
14247,change details on {{Account Category}} account,edit_account,ACCOUNT,BKLM,7224
10301,new gold account for wife,create_account,ACCOUNT,BKL,5191
17014,i dont know what i have to do to receive ur newsletter,newsletter_subscription,SUBSCRIPTION,BLQ,8681
11342,I do not know what I have to do to cancel the premium acount,delete_account,ACCOUNT,BELZ,5727
20697,i want help to recover the password of my user account,recover_password,ACCOUNT,BLQ,11073
18910,I need assistance to acquire an article,place_order,ORDER,BL,9600
17349,i have to sign up to the corporae newsletter help me,newsletter_subscription,SUBSCRIPTION,BCLQZ,8801
12501,"I want to check the shipment methods, how can I do it?",delivery_options,DELIVERY,BCIL,6284
5241,help me checking ur accepted payment modalities,check_payment_methods,PAYMENT,BLQ,2479
21399,"I am having errors registering , what could I do?",registration_problems,ACCOUNT,BCEILMZ,11567
3130,i have to check the withdrawal charge,check_cancellation_fee,CANCEL,BLQ,1462
19727,i havd to buy some products,place_order,ORDER,BLMQZ,10292
16678,help me asking for compensations,get_refund,REFUND,BLM,8444
4923,help me seeing your available payment options,check_payment_methods,PAYMENT,BL,2466
1812,how do i edit purchase {{Order Number}},change_order,ORDER,BILQ,205
22594,need to write a review about ur company how can i do it,review,FEEDBACK,BCILQ,12400
9186,I don't know how I can talk wirh someone,contact_human_agent,CONTACT,BLZ,4535
16117,i dont know what to do to obtain rebates of money,get_refund,REFUND,BLMQ,8170
22229,I call to leave a review,review,FEEDBACK,B,12138
24267,want assistance to use the {{Account Category}} account,switch_account,ACCOUNT,BQ,13131
9743,contact person,contact_human_agent,CONTACT,BKL,4340
5605,I do not know how I can list the accepted payment modalitiws,check_payment_methods,PAYMENT,BELZ,2822
2545,"I have submitted a wrong address, help me editing it",change_shipping_address,SHIPPING,BCL,1151
18142,informing of troubles with payments,payment_issue,PAYMENT,BKLM,9151
14292,cnange info on standard account,edit_account,ACCOUNT,BKLQZ,7251
23075,"I have to enter my new delivery address, how to do it?",set_up_shipping_address,SHIPPING,BCIL,12740
24900,wanna see order {{Order Number}} status acn ya help me,track_order,ORDER,BCILQZ,13530
17918,help me reporting an issue wigh online payment,payment_issue,PAYMENT,BLZ,8971
5192,I do not know what I need to do to check the payment options,check_payment_methods,PAYMENT,BEL,2627
22951,assistance to set a new delivery address up,set_up_shipping_address,SHIPPING,BL,12648
8378,I want help to see at what time I can reach customer service,contact_customer_service,CONTACT,BL,3876
23053,there are problems setting up a new delivery address,set_up_shipping_address,SHIPPING,BLM,12715
12344,where do I see what delivery methods I can choose?,delivery_options,DELIVERY,BILM,6089
16561,need help to request rebates of my money,get_refund,REFUND,BLMQ,8239
25007,I awnt assistance to locate order {{Order Number}},track_order,ORDER,BLZ,13564
11314,i dont know what to do to cancel the platinum account,delete_account,ACCOUNT,BLQ,5694
10421,i dont have a bloody {{Account Category}} account yet i ened to open one,create_account,ACCOUNT,BCLNQWZ,5247
22971,could you help me set another shipping address up?,set_up_shipping_address,SHIPPING,BIP,12667
6813,are charges for services reimbursable,check_refund_policy,REFUND,BILQ,3028
23616,I want help to set my shipping address up,set_up_shipping_address,SHIPPING,BL,12641
20195,how can i find information about my access key recovery,recover_password,ACCOUNT,BILQ,10681
13626,i want assistance checking when will my item arrive,delivery_period,DELIVERY,BQ,6829
3057,where to see the withdrawal charge,check_cancellation_fee,CANCEL,BILQ,1471
23303,I have problems entering a different shipping address,set_up_shipping_address,SHIPPING,BLM,12860
7313,can you help me to make a claim against your business?,complaint,FEEDBACK,BIL,3361
14067,modifying ingormation on platinum account,edit_account,ACCOUNT,BKLZ,7090
5332,how to see ur allowed payment modalities,check_payment_methods,PAYMENT,BILQ,2470
16239,where can I demand a refund?,get_refund,REFUND,BIL,8253
20639,how can I restore the password of my user profile?,recover_password,ACCOUNT,BIL,10753
5877,I want help to check your accepted payment options,check_payment_methods,PAYMENT,BL,2497
16159,can yahelp me getting a compensation,get_refund,REFUND,BILQZ,8203
14223,edit details on platinum account,edit_account,ACCOUNT,BKLM,7210
20675,help retrieving the PIN of my account,recover_password,ACCOUNT,BL,11052
18822,I want to inform of pamyent issues,payment_issue,PAYMENT,BLMZ,9548
17190,what do I need to do to receive the corporate newsletter?,newsletter_subscription,SUBSCRIPTION,BIL,8652
14750,I don't know what I have to do to modify the user details,edit_account,ACCOUNT,BLM,7526
3635,what are the fees for canceling the contract?,check_cancellation_fee,CANCEL,BILM,1783
21617,i want assistance notifying of sign-up errors,registration_problems,ACCOUNT,BLMQ,11579
15582,what do I have to do to download the invoice #12588?,get_invoice,INVOICE,BIL,7669
21247,I need help to report signup issues,registration_problems,ACCOUNT,BLM,11392
20422,"I cannot remember my user PIN, I would like to restore it",recover_password,ACCOUNT,BCELP,10868
21272,I want assistance to inform of problems with a registration,registration_problems,ACCOUNT,BLM,11215
4925,need assikstance checking your allowed payment modalities,check_payment_methods,PAYMENT,BLQZ,2468
7720,need to file a complaint against ur company,complaint,FEEDBACK,BLQ,3345
10693,i havent registeredhelp opening a pro account with you,create_account,ACCOUNT,BCLQZ,5363
5372,help me see what payment payment modalities are accepted,check_payment_methods,PAYMENT,BL,2479
298,"I bought some article, help canceling order {{Order Number}}",cancel_order,ORDER,BCL,92
14314,want assistance modifying the goddamn user info,edit_account,ACCOUNT,BLQW,7265
21264,I am having an online registration error,registration_problems,ACCOUNT,BEL,11483
3200,can uhelp me seeing the termination fee,check_cancellation_fee,CANCEL,BILQ,1566
22525,I am calling to write a review about a service,review,FEEDBACK,BL,12357
7759,where can i file a customer complaint agaist ur company,complaint,FEEDBACK,BILQZ,3793
94,I want help canceling order {{Order Number}},cancel_order,ORDER,B,12
17728,I can't cancel the subscription to your corporate newsletter,newsletter_subscription,SUBSCRIPTION,BL,8629
19700,can ya help me shop several of ur product,place_order,ORDER,BILMQ,10067
6660,in which situations can I ask for refunds?,check_refund_policy,REFUND,BIL,2958
25640,need to see order {{Order Number}} current stayus,track_order,ORDER,BLQZ,13733
2348,i have troubles changing the address,change_shipping_address,SHIPPING,BLMQ,1011
13122,where to check when my product is going to arrive?,delivery_period,DELIVERY,BIL,6565
17176,assistance subscribing to the company newsletter,newsletter_subscription,SUBSCRIPTION,BL,8624
10591,hwere do i open a {{Account Type}} account,create_account,ACCOUNT,BILQZ,5316
18306,"I can't pay, where do I report errors with payment?",payment_issue,PAYMENT,BCILM,9254
26556,how do i see if there are any news on the restitution,track_refund,REFUND,BILMQ,13820
21819,I don't know how to report problems with a registration,registration_problems,ACCOUNT,BLM,11220
19627,need to purchase some of ur product,place_order,ORDER,BLMQ,9711
6888,I have to check in which cases can I request a refund,check_refund_policy,REFUND,BL,2997
22665,help me leaving a comment for ur company,review,FEEDBACK,BLQ,12448
26400,I want help to check the current status of the reimbursement,track_refund,REFUND,BL,13785
11415,can you help me cancelling the {{Account Category}} account?,delete_account,ACCOUNT,BIL,5561
6990,help to file a complaint against ur company,complaint,FEEDBACK,BLQ,3345
7623,i have to lodge a complaint against ur business,complaint,FEEDBACK,BLQ,3389
25509,need help to check the ETA of the order {{Order Number}},track_order,ORDER,BQZ,13519
4368,what do i need to do to see the invoice #37777,check_invoice,INVOICE,BILQ,2206
11235,cancelling pro account,delete_account,ACCOUNT,BKL,5671
10124,i have to create a {{Account Type}} account i need help,create_account,ACCOUNT,BCQ,4947
15638,"I have to get the bill from {{Person Name}}, how to do it?",get_invoice,INVOICE,BCIL,7710
14438,I do not know how to update the info included on my profile,edit_account,ACCOUNT,BELQ,6983
14949,help me get the goddamn bill from {{Person Name}},get_invoice,INVOICE,BLW,7654
7937,can you help me to speak with customer service?,contact_customer_service,CONTACT,BIL,3881
12321,I try to see what shipment options are available,delivery_options,DELIVERY,BLM,6228
21171,i dont know how to report an issue with an signup,registration_problems,ACCOUNT,BLQZ,11419
22463,"I need to send some feedback for a service, how to do it?",review,FEEDBACK,BCIL,12312
16458,how do I get restitutions of money?,get_refund,REFUND,BILM,8375
16471,how can I obtain refunds of my money?,get_refund,REFUND,BILM,8383
14599,need to change the info on my user account,edit_account,ACCOUNT,BLQ,7119
3133,i do not know what i have to do to check the cancellation fe,check_cancellation_fee,CANCEL,BEQZ,1523
12989,i need help checking how long the shipment takes,delivery_period,DELIVERY,BLQ,6494
14384,correcting infornation on premium account,edit_account,ACCOUNT,BKLZ,7313
5086,can ya tell me what payment payment modalities ya accept,check_payment_methods,PAYMENT,BILQ,2574
21881,what do I have to do to report issues with a sign-up?,registration_problems,ACCOUNT,BILM,11542
7512,I need assistance to make a complaint,complaint,FEEDBACK,BL,3324
20307,problem with an access key reset,recover_password,ACCOUNT,BL,10774
20438,I want assistance to reset the PIN code of my account,recover_password,ACCOUNT,BL,10676
4611,what do I need to do to find my bill #37777?,check_invoice,INVOICE,BIL,2323
19702,what do I have to do to purchase some of your article?,place_order,ORDER,BILM,10276
23314,i need help setting up my secondary delivery address,set_up_shipping_address,SHIPPING,BLQ,12610
12584,I don't know how to check the goddamn shipment methods,delivery_options,DELIVERY,BLW,6309
17572,where to unsubscribe from the corporate newsletter,newsletter_subscription,SUBSCRIPTION,BILQ,8630
14126,changing details on {{Account Category}} account,edit_account,ACCOUNT,BKLM,7138
5139,how to list your bloody accepted payment methods?,check_payment_methods,PAYMENT,BILW,2602
22148,want help to write a review for your services,review,FEEDBACK,BLQ,12075
2548,where to correct my shipping address?,change_shipping_address,SHIPPING,BIL,1154
17187,how can i cancel my subscription to ur corporate newsletter,newsletter_subscription,SUBSCRIPTION,BILQ,8629
16129,is it possible to receive refunds of money?,get_refund,REFUND,BILM,8041
22285,I'm calling to leave a comment about a service,review,FEEDBACK,BLQ,12182
14813,I want help updating the details included on my user account,edit_account,ACCOUNT,BLM,7455
19933,want assistance restoring my profile PIN,recover_password,ACCOUNT,BLQ,10442
8826,how to talk with customer service?,contact_customer_service,CONTACT,BIL,4046
3532,can i check the termination fee,check_cancellation_fee,CANCEL,BILQ,1682
24247,use freemium acdcount,switch_account,ACCOUNT,BKZ,13313
283,I need help canceling order {{Order Number}},cancel_order,ORDER,B,12
21677,where do i notify of issues with signup,registration_problems,ACCOUNT,BILMQ,11321
4253,i ahve got to find the bloody bill from {{Person Name}} help me,check_invoice,INVOICE,BCLQWZ,2140
5559,help to list the payment emthods,check_payment_methods,PAYMENT,BLZ,2636
18846,i want help solving issues with online payment,payment_issue,PAYMENT,BLMQ,9176
1778,i nerd help to add some items to purchase {{Order Number}},change_order,ORDER,BLMQZ,634
14060,edit data on {{Account Category}} account,edit_account,ACCOUNT,BKL,6954
8141,can i check what hours cusyomer support available is,contact_customer_service,CONTACT,BILQZ,4016
21191,where do i report an error with sign-up,registration_problems,ACCOUNT,BILQ,11431
20627,how to retrieve my password?,recover_password,ACCOUNT,BIL,11020
17350,I need asisstance unsubscribing from your newsletter,newsletter_subscription,SUBSCRIPTION,BLZ,8802
4019,"I have got to see the bills from {{Person Name}}, help me",check_invoice,INVOICE,BCLM,1992
25360,where can i check purchase {{Order Number}} status,track_order,ORDER,BILQ,13522
19225,how do I acquire some of your product?,place_order,ORDER,BILM,9894
23094,can i set a shipping address up,set_up_shipping_address,SHIPPING,BILQ,12641
11395,problem with {{Account Category}} account cancellations,delete_account,ACCOUNT,BLM,5567
13510,I am trying to see when will my purchase arrive,delivery_period,DELIVERY,BL,6778
22045,I need help leaving feedback about a service,review,FEEDBACK,BL,11991
7507,want help to make an claim against ur organization,complaint,FEEDBACK,BLQZ,3338
17272,help me receive your newsletter,newsletter_subscription,SUBSCRIPTION,BL,8701
22640,Iwant assistance to leave my feedback,review,FEEDBACK,BLZ,12430
3807,what do I need to do to see the early exit penalties?,check_cancellation_fee,CANCEL,BILM,1445
22280,"I have got to leave feedback about your company, I need help",review,FEEDBACK,BCL,12178
14253,correcting infornation on freemium account,edit_account,ACCOUNT,BKLZ,7227
6567,i dont know what i need to do to see ur reimbursement policy,check_refund_policy,REFUND,BLQ,3214
1957,"I want to modify purchase {{Order Number}}, how do I do it?",change_order,ORDER,BCIL,355
25894,help me check the status of the rebate,track_refund,REFUND,BL,13794
13619,can uhelp me check how soon can i epect the delivery,delivery_period,DELIVERY,BIQZ,6827
7197,making consumer complaint against ur business,complaint,FEEDBACK,BLQ,3524
4781,help me looking for my bill from {{Person Name}},check_invoice,INVOICE,BL,2392
4724,what do I need to do to see bill #37777?,check_invoice,INVOICE,BIL,2373
4148,I need assistance giving a quick look at my invoice #85632,check_invoice,INVOICE,BL,2077
12823,I have to check what shipment methods are there,delivery_options,DELIVERY,BLM,6323
13679,"I have got to see when will my item arrive, can you help me?",delivery_period,DELIVERY,BCIL,6851
4779,i dont know what i have to do to find the invoice #00108,check_invoice,INVOICE,BQ,2043
7813,can uhelp me lodgin a reclamation against ur business,complaint,FEEDBACK,BILQZ,3820
15453,what do I have to do to download bill #85632?,get_invoice,INVOICE,BIL,7841
20624,I have got to retrieve my user account PIN,recover_password,ACCOUNT,BL,10920
4980,i have got to check ur accepted payment modalities,check_payment_methods,PAYMENT,BLQ,2479
8249,need help to talk to customer assistance,contact_customer_service,CONTACT,BLQ,3892
9151,talk to an operator,contact_human_agent,CONTACT,BL,4366
6972,help me lodge a consumer claim against ur organization,complaint,FEEDBACK,BLQ,3372
15923,need assistance getting refunds of moey,get_refund,REFUND,BMQZ,8004
24415,would it be possible to sitch to the bloody {{Account Type}} account,switch_account,ACCOUNT,BIPQWZ,13377
19565,is it possible to make an order,place_order,ORDER,BIQ,10172
23837,I need to set my new delivery addrwss up,set_up_shipping_address,SHIPPING,BLZ,13101
11628,can you help me to remove my standard account?,delete_account,ACCOUNT,BIL,5858
19728,where can I earn some articles?,place_order,ORDER,BILM,10120
13921,change information on standard account,edit_account,ACCOUNT,BKL,6963
9464,could you help me to speak with a live agent?,contact_human_agent,CONTACT,BILP,4337
14404,"I want to edit my fucking user, will you help me?",edit_account,ACCOUNT,BCIPW,7325
16979,wanna cancel my subscription to the newsletter,newsletter_subscription,SUBSCRIPTION,BLQ,8616
10783,open a gold account,create_account,ACCOUNT,BL,5358
24106,I'd like to change to the {{Account Category}} account i need assistance,switch_account,ACCOUNT,BCLPQ,13257
19945,i dont know how i can retrieve the access key olf my account,recover_password,ACCOUNT,BLQZ,10453
18892,where do I notify of a problem with payment?,payment_issue,PAYMENT,BIL,9581
800,I need to cancel order {{Order Number}},cancel_order,ORDER,B,5
18314,i cannot pay help me to report issues with payment,payment_issue,PAYMENT,BCEMQ,9259
6295,assitsance seeing in which cases can i request a refund,check_refund_policy,REFUND,BLQZ,3136
12555,I want to see what delivery methods are there,delivery_options,DELIVERY,BLM,6175
8380,"I have to talk with customer assistance, how can I do it?",contact_customer_service,CONTACT,BCIL,3898
15248,I am calling to get my bill #37777,get_invoice,INVOICE,BL,7774
7588,I need to make a complaint,complaint,FEEDBACK,BL,3324
8559,I try to check what hours customer support available is,contact_customer_service,CONTACT,BL,3890
23320,where do i set tbe shipping address up,set_up_shipping_address,SHIPPING,BILQZ,12867
13671,i want assiatance seeing how soon can i expect the delivery,delivery_period,DELIVERY,BLQZ,6846
19527,i do not know what to do to acquire some of ur article,place_order,ORDER,BELMQ,9641
2994,is it possible to see the early termination charges,check_cancellation_fee,CANCEL,BILMQ,1423
11108,I don't know how I could delete the standard account,delete_account,ACCOUNT,BLP,5606
20313,i have got to retrieve the pass of my user prodile,recover_password,ACCOUNT,BLQZ,10780
16886,can you help me obtain a compensation of my money?,get_refund,REFUND,BIL,8069
22819,I need assistance leaving a review about a service,review,FEEDBACK,BL,12553
21990,do you have an address to leave a comment about a service?,review,FEEDBACK,BIL,11947
25964,need assistance checking my compensation current status,track_refund,REFUND,BLQ,13843
26356,help me check the status of my reimbursement,track_refund,REFUND,BL,13995
9740,can I talk to somebody?,contact_human_agent,CONTACT,BIL,4375
17415,I try to receive the newsletter,newsletter_subscription,SUBSCRIPTION,BL,8701
17554,i want help to unsubscribe from the company newsletter,newsletter_subscription,SUBSCRIPTION,BLQ,8619
25876,how to know if there are any updates on my reimbursement?,track_refund,REFUND,BILM,13779
10635,"I would like to create a pro account, how do I do it?",create_account,ACCOUNT,BCIP,5177
13778,I am calling to see how soon can I expect my damn delivery,delivery_period,DELIVERY,BLW,6888
4115,"I have to locate bill #12588, can you help me?",check_invoice,INVOICE,BCIL,2056
7712,want help to file a claim against your organization,complaint,FEEDBACK,BLQ,3338
3420,I czn't find the early termination penalties,check_cancellation_fee,CANCEL,BLMZ,1690
11088,i donbt know what i need to do to close my pro account,delete_account,ACCOUNT,BLQZ,5591
10911,I don't know how I can remove my standard account,delete_account,ACCOUNT,BL,5459
24258,I do not know how to change to the standard account,switch_account,ACCOUNT,BEL,13147
20880,I want assistance to recover the PIN code of my profile,recover_password,ACCOUNT,BL,10705
19215,what do I need to do to purchase a product?,place_order,ORDER,BIL,9884
5514,"I have to list your allowed payment options, how do I do it?",check_payment_methods,PAYMENT,BCIL,2625
5985,I have to see under what circumstances can I ask for refunds,check_refund_policy,REFUND,BL,2978
20544,"I lost the PIN of my profile, I want help restoring it",recover_password,ACCOUNT,BCL,10957
19127,I want assistance acquiring several items,place_order,ORDER,BLM,9806
25051,how can I check purchase {{Order Number}} current status?,track_order,ORDER,BIL,13520
13668,I need to check how long it takes for the delivery to arrive,delivery_period,DELIVERY,BL,6467
3693,where do I check the early exit fee?,check_cancellation_fee,CANCEL,BIL,1804
18255,i dot know what to do to notify of damn payment issues,payment_issue,PAYMENT,BLMQWZ,9229
18008,can you help me report fucking errors with payment?,payment_issue,PAYMENT,BILMW,9052
6313,help to see in which cases can i ask for my money back,check_refund_policy,REFUND,BLQ,3040
6973,"the experience with your service was bad, file a reclamation",complaint,FEEDBACK,BCL,3373
8364,I don't know how I can talk to cstomer support,contact_customer_service,CONTACT,BLZ,4115
16873,where can I obtain a compensation of my money?,get_refund,REFUND,BIL,8069
10560,help me to open a premium account for my daughter,create_account,ACCOUNT,BL,5305
10568,how to open a standard account?,create_account,ACCOUNT,BIL,4982
11076,removing {{Account Category}} account,delete_account,ACCOUNT,BKL,5583
3380,I need assistance to check the goddamn withdrawal charge,check_cancellation_fee,CANCEL,BLW,1666
17052,I am trying to unsubscribe to your damn company newsletter,newsletter_subscription,SUBSCRIPTION,BLW,8619
9004,speak to an assistant,contact_human_agent,CONTACT,BL,4347
17193,"I need to receive the company newsletter, how to do it?",newsletter_subscription,SUBSCRIPTION,BCIL,8678
5506,I need assistance seeing your available payment methods,check_payment_methods,PAYMENT,BL,2523
13954,editing info on {{Account Type}} account,edit_account,ACCOUNT,BKLQ,6992
4491,i dont know what i have to do to look for the bill #37777,check_invoice,INVOICE,BLQ,2262
25699,I need help checking the ETA of order {{Order Number}},track_order,ORDER,B,13519
23209,is it possible to set the delivery address up?,set_up_shipping_address,SHIPPING,BIL,12776
5558,I want assistance to see what payment methods are available,check_payment_methods,PAYMENT,BL,2523
1983,i have made a mistake i need help changing purchase {{Order Number}},change_order,ORDER,BCLQ,716
11767,is it possible to delete the standard account?,delete_account,ACCOUNT,BIL,5718
18765,where do I inform of problems with online payments?,payment_issue,PAYMENT,BILM,9518
603,"I bought some item, cancel purchase {{Order Number}}",cancel_order,ORDER,BCL,31
18510,I need help to report a payment problem,payment_issue,PAYMENT,BL,9374
23813,problems entering my delivery address,set_up_shipping_address,SHIPPING,BLM,12811
8384,need to talk to customer service will ya helpme,contact_customer_service,CONTACT,BCILPQZ,4122
6404,I want help to see in what situations can I ask for refunds,check_refund_policy,REFUND,BL,2990
10090,want help opening a {{Account Category}} account,create_account,ACCOUNT,BLQ,4945
10999,I do not know what I have to do to close my {{Account Category}} account,delete_account,ACCOUNT,BEL,5502
22152,where can i leave an opinion for ur services,review,FEEDBACK,BILQ,12079
11556,close pro account,delete_account,ACCOUNT,BKL,5568
20715,where can i gert information about my forgotten password,recover_password,ACCOUNT,BILQZ,11088
23702,there are issues setting up the shipping address,set_up_shipping_address,SHIPPING,BLM,12737
26511,can you help me see my reimbursement status?,track_refund,REFUND,BIL,14046
25352,i dont know wha to do to check the status of order {{Order Number}},track_order,ORDER,BQZ,13664
266,i dont know what to do to cancel purchase {{Order Number}},cancel_order,ORDER,BLQ,3
7082,ido not know how i could file a consumer claim,complaint,FEEDBACK,BELPQZ,3450
14646,I need assistance modifying my bloody user account,edit_account,ACCOUNT,BLW,7468
23070,"I have got to set up a shipping address, how do I do it?",set_up_shipping_address,SHIPPING,BCIL,12736
18882,"I have to report an issue with online payments, help me",payment_issue,PAYMENT,BCLM,9578
1584,can I remove some products from purchase {{Order Number}}?,change_order,ORDER,BILM,543
23912,using freemium accouny,switch_account,ACCOUNT,BKZ,13148
5565,help me to check ur available payment modalities,check_payment_methods,PAYMENT,BLQ,2489
17078,can uhelp me cancellimg the subscription to the newsletter,newsletter_subscription,SUBSCRIPTION,BILQZ,8702
6901,I want help to see in which situations can I ask for refunds,check_refund_policy,REFUND,BL,2976
6112,see in what cases can I ask for a refund,check_refund_policy,REFUND,BL,3070
13124,can you show me when will my product arrive?,delivery_period,DELIVERY,BIL,6591
17073,"I have got to receive your newsletter, how do I do it?",newsletter_subscription,SUBSCRIPTION,BCIL,8678
25694,help checking the ETA o the purchase {{Order Number}},track_order,ORDER,BLZ,13518
14349,edit details on freemium account,edit_account,ACCOUNT,BKLM,7289
22201,i dont know what to do to submit feedback for a service,review,FEEDBACK,BLQ,12119
582,i dont know how i can cancel order {{Order Number}},cancel_order,ORDER,BQ,5
22789,"I need to leave some feedback, can I get some help?",review,FEEDBACK,BCIL,12529
20530,I have to retrieve the PIN cpde of my account,recover_password,ACCOUNT,BLZ,10920
15733,"I have to get my bill from {{Person Name}}, will you help me?",get_invoice,INVOICE,BCILP,7870
15414,get inviice from {{Person Name}},get_invoice,INVOICE,BKZ,7827
17207,how to cancel the subscription to your corporate newsletter?,newsletter_subscription,SUBSCRIPTION,BIL,8629
22113,"I have got to leave feedback, could I get some help?",review,FEEDBACK,BCILP,12049
17466,i have got to see the status of my newsletter subvscription,newsletter_subscription,SUBSCRIPTION,BLQZ,8843
14619,change data on premium account,edit_account,ACCOUNT,BKL,7452
23502,help me set up a different delivery address,set_up_shipping_address,SHIPPING,BL,12649
6043,I need to check in which cases can I ask for my money back,check_refund_policy,REFUND,BL,3040
7968,help to see what hours i can reach customer assistance,contact_customer_service,CONTACT,BLQ,3888
25241,help to see the ETA of the ortder {{Order Number}},track_order,ORDER,BLQZ,13519
21888,i have to leave a comment about a service i need help,review,FEEDBACK,BCLQ,11852
4196,i want help taking a quick look at the invoice #12588,check_invoice,INVOICE,BQ,2112
15859,ehlp me get bill #12588,get_invoice,INVOICE,BLZ,7966
18868,assistance notifying of an issue with payments,payment_issue,PAYMENT,BLM,9570
10024,I don't know what to do to create a {{Account Type}} account,create_account,ACCOUNT,B,4947
23389,set up new shipping address,set_up_shipping_address,SHIPPING,BK,12641
22048,i need help to subvmit some feedback about ur products,review,FEEDBACK,BLQZ,11994
9568,direct to me a person,contact_human_agent,CONTACT,BL,4743
21322,assistance informing of an error with a signup,registration_problems,ACCOUNT,BL,11517
22990,I need help to enter the secondaryshipping address,set_up_shipping_address,SHIPPING,BLZ,12614
11064,I do not know how to close the {{Account Category}} azccount,delete_account,ACCOUNT,BELZ,5502
23722,I can't set my new delivery address up,set_up_shipping_address,SHIPPING,BL,12941
14459,i need help to correct the info on my user,edit_account,ACCOUNT,BLQ,7360
21513,could I report a signup issue?,registration_problems,ACCOUNT,BILP,11629
13612,help me to see when my purchase is gonn arrive,delivery_period,DELIVERY,BLQZ,6824
11916,give me information about the shipping methods,delivery_options,DELIVERY,BL,6001
7033,how to lodge a claim against your company?,complaint,FEEDBACK,BIL,3414
21023,I need to notify of a bloody signup problem,registration_problems,ACCOUNT,BLW,11309
13262,I need assistance checking how soon can I expect my product,delivery_period,DELIVERY,BL,6621
20676,I don't know what to do to restore my profile access key,recover_password,ACCOUNT,BL,11053
5548,can you tell me the available payment options?,check_payment_methods,PAYMENT,BIL,2797
24211,i have to sue the {{Account Type}} profile how can i do it,switch_account,ACCOUNT,BCILQZ,13299
6425,help to check in which cases can I ask for reimbursements,check_refund_policy,REFUND,BL,3022
4029,where can I check my invoices from {{Person Name}}?,check_invoice,INVOICE,BILM,2000
18318,i need assistance reporting payment problems,payment_issue,PAYMENT,BLMQZ,9260
25142,i cant see order {{Order Number}} goddamn current satus,track_order,ORDER,BLNQWZ,13603
17725,could you tell me about the newsletter subscription?,newsletter_subscription,SUBSCRIPTION,BILP,8741
6264,assistance to see in what situations can i ask for a refund,check_refund_policy,REFUND,BLQ,2990
21014,I try to inform of problems with a signup,registration_problems,ACCOUNT,BLM,11206
1810,"I want to pudate purchase {{Order Number}}, can you help me?",change_order,ORDER,BCILZ,648
13850,i call to check how long it takes for my delivery to arrive,delivery_period,DELIVERY,BLQ,6467
23353,help me set another delivery address up,set_up_shipping_address,SHIPPING,BL,12879
15485,I call to get the bill from {{Person Name}},get_invoice,INVOICE,BL,7614
6976,where do I lodge a damn claim against your business?,complaint,FEEDBACK,BILW,3375
23122,need to set up my delivery address,set_up_shipping_address,SHIPPING,BLQ,12594
25522,can I see the current status of purchase {{Order Number}}?,track_order,ORDER,BIL,13520
17034,wanna know about the subscription to the company newsletter,newsletter_subscription,SUBSCRIPTION,BLQ,8616
3134,i have got to check the damn withdrawal penalty,check_cancellation_fee,CANCEL,BLQW,1442
21839,help me to report an issue with signup,registration_problems,ACCOUNT,BL,11265
11736,I have a problem with the removal of a {{Account Category}} account,delete_account,ACCOUNT,BL,5640
23460,I need to submit my delivery address,set_up_shipping_address,SHIPPING,BL,12711
4336,i have to look for the bill from ten months ago,check_invoice,INVOICE,BLMQ,2187
2419,I have a trouble correcing the address,change_shipping_address,SHIPPING,BLZ,1064
11383,"I don't need the damn {{Account Type}} account, how can I close it?",delete_account,ACCOUNT,BCILW,5755
6878,need assistance to check in what cases can I request refunds,check_refund_policy,REFUND,BLQ,2956
15474,i d not know what to do to download bill #12588,get_invoice,INVOICE,BELQZ,7631
9553,i nded assistance to talk to a live agent,contact_human_agent,CONTACT,BLQZ,4735
22786,send service review,review,FEEDBACK,BKL,12527
132,I need assistance cancelling purchase {{Order Number}},cancel_order,ORDER,BL,23
12001,"I have to check the options for shipping, how could I do it?",delivery_options,DELIVERY,BCILP,6068
6076,I need assistance seeing how long the goddamn refunds take,check_refund_policy,REFUND,BLW,3054
7157,"the experience with you has been bad, I try to file a claim",complaint,FEEDBACK,BCL,3499
14994,can you send me the bill from {{Person Name}}?,get_invoice,INVOICE,BIL,7672
5024,need to check ur allowed payment methods,check_payment_methods,PAYMENT,BQ,2543
15068,assistance getting my invoice #37777,get_invoice,INVOICE,B,7711
17342,I don't know how to receive your company newsletter,newsletter_subscription,SUBSCRIPTION,BL,8799
20897,i dont know how i can inform of an problem with sign-up,registration_problems,ACCOUNT,BLQZ,11205
22519,do you have a section to send a comment for a product?,review,FEEDBACK,BIL,12352
23898,how could I change to the {{Account Category}} account?,switch_account,ACCOUNT,BILP,13139
10638,"I have not signed up yet, how to create a {{Account Type}} account?",create_account,ACCOUNT,BCEIL,5338
15610,i do not know what i have to do to download my bill #37777,get_invoice,INVOICE,BELQZ,7668
23348,I want help setting up another delivery address,set_up_shipping_address,SHIPPING,BL,12744
26823,how do I see the current status of the refund?,track_refund,REFUND,BIL,13963
10481,i want information about opening a freemium account,create_account,ACCOUNT,BLQ,5271
17430,I need assistance to receive your corporate newsletter,newsletter_subscription,SUBSCRIPTION,BL,8652
26626,"I expect a rebate of {{Refund Amount}} dollars, was it processed already",track_refund,REFUND,BCL,14075
2127,issues updating shipping address,change_shipping_address,SHIPPING,BKLM,841
7336,"I am very unhappy with your service, I try to lodge a claim",complaint,FEEDBACK,BCL,3606
24077,i need help to use the fucking {{Account Type}} profile,switch_account,ACCOUNT,BLQW,13244
11803,I don't know how I can cancel the pro account,delete_account,ACCOUNT,BL,5941
16001,is it possible to ask for an rebate of my money,get_refund,REFUND,BILQZ,8078
17163,help me receive the corporate newsletter,newsletter_subscription,SUBSCRIPTION,BL,8652
15656,I do not know what to do to download the invoice #00108,get_invoice,INVOICE,BEL,7623
18981,where do I purchase some articles?,place_order,ORDER,BILM,9670
4836,i do not know how i can see my invoice #12588,check_invoice,INVOICE,BELQ,2423
3011,I try to check the early termination fees,check_cancellation_fee,CANCEL,BLM,1413
13102,how to see how long it takes for my package to arrive?,delivery_period,DELIVERY,BIL,6576
18748,i dont know how i can notify of issues with online payments,payment_issue,PAYMENT,BLMQ,9508
6912,help seeing under which circumstances can i request a refund,check_refund_policy,REFUND,BLQ,3014
20595,how could I find information about lost PIN?,recover_password,ACCOUNT,BILP,10998
1731,I need to correct purchase {{Order Number}},change_order,ORDER,BL,226
6884,I need help to see in what cases can I ask to be refunded,check_refund_policy,REFUND,BL,3074
19955,help me restoring my account key,recover_password,ACCOUNT,BL,10463
24559,I don't know how I can change to the pro account,switch_account,ACCOUNT,BL,13271
8325,could i get in touchwith customer service,contact_customer_service,CONTACT,BILPQZ,4103
10984,can you help me deleting the {{Account Type}} account?,delete_account,ACCOUNT,BIL,5517
1799,help me switching an article of purchase {{Order Number}},change_order,ORDER,BL,642
24171,what do i need to do to change to the gold account,switch_account,ACCOUNT,BILQ,13167
13675,where can i get information about the delivery period,delivery_period,DELIVERY,BIQ,6816
5371,can I see what payment methods are available?,check_payment_methods,PAYMENT,BIL,2609
18140,I have to inform of errors with online payments,payment_issue,PAYMENT,BLM,9149
10010,tell me more about opening premium accounts,create_account,ACCOUNT,BLM,5010
5099,I want help listing the accepted payment options,check_payment_methods,PAYMENT,BL,2554
24940,checking order status,track_order,ORDER,BK,13540
5037,help checking what payment methods are accepted,check_payment_methods,PAYMENT,BL,2534
20678,where do i retrieve my user key,recover_password,ACCOUNT,BILQ,11055
23918,change to platinum account,switch_account,ACCOUNT,BKL,13154
19636,I want assistance earning several of your item,place_order,ORDER,BLM,10220
18680,I want help solving payment problems,payment_issue,PAYMENT,BLM,9473
637,i do not know how i can canmcel order {{Order Number}},cancel_order,ORDER,BEQZ,68
964,need help cancelling order {{Order Number}},cancel_order,ORDER,BQ,17
25548,check purchase {{Order Number}} goddamn status,track_order,ORDER,BLW,13654
15476,i do not know what i have to do to get invoice #37777,get_invoice,INVOICE,BEQ,7656
7942,can I see what hours I can reach customer assistance ?,contact_customer_service,CONTACT,BILZ,3888
9718,i dont know how i can talk to a human agent,contact_human_agent,CONTACT,BLQ,4383
2373,I need help trying to update my deliery address,change_shipping_address,SHIPPING,BLZ,1031
4394,see the bill #85632,check_invoice,INVOICE,BL,1987
3734,I want help seeing the withdrawal penalties,check_cancellation_fee,CANCEL,BLM,1647
18500,"I cannot pay, help me to inform of a problem with payments",payment_issue,PAYMENT,BCELM,9309
13959,need assistance changing the details on my profile,edit_account,ACCOUNT,BLMQ,6997
17800,can i unsubscribe from ur corporate newsletter,newsletter_subscription,SUBSCRIPTION,BILQ,8630
22685,need to leave feedback for a product,review,FEEDBACK,BLQ,11893
9734,I can't speak with a persno,contact_human_agent,CONTACT,BLZ,4840
21435,how do i notify of a sign-up error,registration_problems,ACCOUNT,BILQ,11313
18848,want help to report an error with payments,payment_issue,PAYMENT,BLMQ,9134
17578,I do not know how I can sign up to the newsletter,newsletter_subscription,SUBSCRIPTION,BEL,8648
24233,help using the {{Account Category}} profile,switch_account,ACCOUNT,BL,13146
11197,have a question about the cancellation of my {{Account Type}} account,delete_account,ACCOUNT,BLQ,5652
18301,I try to notify of an error with online payment,payment_issue,PAYMENT,BL,9108
1953,delete a product from order {{Order Number}},change_order,ORDER,BL,284
16218,how to request reimbursements of my money,get_refund,REFUND,BILMQ,8013
12217,where do I check what shipment methods are available?,delivery_options,DELIVERY,BILM,6031
20946,i cant open a profile where do i inform of a sign-up issue,registration_problems,ACCOUNT,BCILNQ,11250
11446,find informationabout the termination of a freemium account,delete_account,ACCOUNT,BLZ,5781
1194,I want to change several products of order {{Order Number}},change_order,ORDER,BLM,351
18072,how to repoft troubles with online payment,payment_issue,PAYMENT,BILMQZ,9102
1927,help me switch an item of order {{Order Number}},change_order,ORDER,BL,437
23495,I want assistance settnig up the delivery address,set_up_shipping_address,SHIPPING,BLZ,12938
4717,want assistace seeing my bill #12588,check_invoice,INVOICE,BLQZ,2367
4349,see bill #00108,check_invoice,INVOICE,BKL,1974
1273,"I have to update order {{Order Number}}, how to do it?",change_order,ORDER,BCIL,401
14095,I have to edit the personal information,edit_account,ACCOUNT,BL,7112
24110,wanna switch to the platinum accoun,switch_account,ACCOUNT,BQZ,13260
13912,edit info on {{Account Category}} account,edit_account,ACCOUNT,BKLQ,6954
25292,want assistance to see order {{Order Number}} syatus,track_order,ORDER,BLQZ,13647
25340,i need assistance seeing the eta of purchase {{Order Number}},track_order,ORDER,BLQ,13518
22792,"I need to write a review about a service, how to do it?",review,FEEDBACK,BCIL,12532
13275,wanna see how soon can i expect the package how to do it,delivery_period,DELIVERY,BCILQ,6669
8555,I need help seeing what hours I can call customer service,contact_customer_service,CONTACT,BL,3897
6690,could you help me to see how long reimbursements take?,check_refund_policy,REFUND,BILP,3261
20836,how to recover the key of my user account?,recover_password,ACCOUNT,BIL,11165
16094,how do i demand refunds of my money,get_refund,REFUND,BILMQ,8152
5592,help seeing the available payment methods,check_payment_methods,PAYMENT,BL,2706
7190,i tr to file a consumer complaint against ur organization,complaint,FEEDBACK,BLQZ,3340
4193,i do not know what i have to do to locate the invoice #00108,check_invoice,INVOICE,BELQ,2109
3225,how can i see the early exit charge,check_cancellation_fee,CANCEL,BILQ,1578
13724,want help seeing how long it takes for my order to arrive,delivery_period,DELIVERY,BLQ,6865
24411,I am trying to switch to the {{Account Category}} account,switch_account,ACCOUNT,B,13168
12987,how do i check when my purchase is gonna arrive,delivery_period,DELIVERY,BILQ,6493
7180,assistance making a consumer reclamation against ur company,complaint,FEEDBACK,BLQ,3511
9466,I need to talk to a operator,contact_human_agent,CONTACT,BLZ,4366
19969,I do not know how to restore my account PIN code,recover_password,ACCOUNT,BEL,10477
22908,I want help submitting my delivery address,set_up_shipping_address,SHIPPING,BL,12613
1008,can I modify purchase {{Order Number}}?,change_order,ORDER,BIL,211
16231,I have got to obtain a reimbursement,get_refund,REFUND,BL,8014
14413,editing data on pro account,edit_account,ACCOUNT,BL,7332
4766,want assistance to give a quick look at my invoice #85632,check_invoice,INVOICE,BLQ,1979
22423,how can I leave some feedback about your products?,review,FEEDBACK,BIL,12112
10303,assistance to create a standard account,create_account,ACCOUNT,B,5034
19305,i dont know how i can purchase a product,place_order,ORDER,BLQ,9961
11865,problems with {{Account Category}} account terminations,delete_account,ACCOUNT,BLM,5496
756,needassistance cancelling purchase {{Order Number}},cancel_order,ORDER,BLQZ,172
8245,what do I need to do to talk to customer assistance?,contact_customer_service,CONTACT,BIL,4070
8894,will you tell me what hours I can call customer service ?,contact_customer_service,CONTACT,BILPZ,4139
11629,i dont know what i need to do to delete the standard account,delete_account,ACCOUNT,BLQ,5725
7798,where can i lodge a reclamation against ur business,complaint,FEEDBACK,BILQ,3359
15451,how do I download the invoive from 6 last weeks?,get_invoice,INVOICE,BILMZ,7839
24254,I don't know what I have to do to change to the pro account,switch_account,ACCOUNT,BL,13271
8322,I want help seeing what hours I can reach customer service,contact_customer_service,CONTACT,BL,3907
20333,want assistance to retrieve the PIN of my account,recover_password,ACCOUNT,BLQ,10795
22507,where do I submit feedback about a service?,review,FEEDBACK,BIL,12342
21601,registration issues,registration_problems,ACCOUNT,BKM,11324
10066,I would like to create a freemium account,create_account,ACCOUNT,BLP,4995
10738,open another freemium account,create_account,ACCOUNT,BKL,5387
9921,new {{Account Type}} acount,create_account,ACCOUNT,BKLZ,4933
16701,I want help to demand a compensation,get_refund,REFUND,BL,8084
22448,I have to leave my feedback for a product,review,FEEDBACK,BL,11893
15015,"I would like to get my invoice from {{Person Name}}, how to do it?",get_invoice,INVOICE,BCILP,7687
13107,can i check how long it takes for my order to arrive,delivery_period,DELIVERY,BILQ,6580
15875,i do not know what i have to do to get bill #00108,get_invoice,INVOICE,BELQ,7642
10699,"I ain't registered yet, can I open a fucking user profile?",create_account,ACCOUNT,BCILW,5365
24850,I do not know what I need to do to change to the pro account,switch_account,ACCOUNT,BEL,13250
26760,I try to check the restitution status,track_refund,REFUND,BL,13804
17776,can ya help mereceive ur company newsletter,newsletter_subscription,SUBSCRIPTION,BILQZ,8667
10925,I do not know what I have to do to cancel my {{Account Type}} account,delete_account,ACCOUNT,BEL,5473
16069,can you help me to request a reimbursement of money?,get_refund,REFUND,BIL,8133
1420,help to correct purchase {{Order Number}},change_order,ORDER,BL,226
15531,i have got to get my invoice #12588 can i get some help,get_invoice,INVOICE,BCIQ,7866
1723,can I edi order {{Order Number}}?,change_order,ORDER,BILZ,611
6352,want help to see your reimbursement policy,check_refund_policy,REFUND,BLQ,3001
18895,want help to earn an few of your item,place_order,ORDER,BLMQZ,9586
20419,what do I need to do to reset my user profile PIN code?,recover_password,ACCOUNT,BIL,10865
20362,have problems with my pin retrieval,recover_password,ACCOUNT,BLMQ,10819
18254,I want help informing of problems with payment,payment_issue,PAYMENT,BLM,9094
7311,need help to file a damn claim against your organization,complaint,FEEDBACK,BLQW,3338
18626,were do i report damn troubles with payment,payment_issue,PAYMENT,BILMQWZ,9188
3241,where can i see the termniation penalty,check_cancellation_fee,CANCEL,BILQZ,1591
1481,"I have to add an article to order {{Order Number}}, help me",change_order,ORDER,BCL,499
22589,help me to send my feedback,review,FEEDBACK,BL,12396
1515,assistance to switch something of order {{Order Number}},change_order,ORDER,BL,453
14943,help downloading invoice #37777,get_invoice,INVOICE,BL,7650
3702,I have to check the termination fees,check_cancellation_fee,CANCEL,BLM,1439
22263,i want help writing a comment for a serrvice,review,FEEDBACK,BLQZ,12166
3946,checking invoice #12588,check_invoice,INVOICE,BK,1936
18528,help me to notify of issues with payments,payment_issue,PAYMENT,BLM,9049
24661,need to use the platinum profile,switch_account,ACCOUNT,BLQZ,13213
2856,where can I find information about changing my address?,change_shipping_address,SHIPPING,BIL,853
9156,talk with an operator,contact_human_agent,CONTACT,BL,4366
15007,wanna get my bloody bll from {{Person Name}},get_invoice,INVOICE,BLQWZ,7683
3500,are there early termination fees?,check_cancellation_fee,CANCEL,BILM,1729
16166,"I paid {{Currency Symbol}}{{Refund Amount}} for an article, I want help to get a refund",get_refund,REFUND,BCLM,8081
25224,i need assistance to locate purchase {{Order Number}},track_order,ORDER,BLQ,13627
21149,need help to notify of a problem with a registration,registration_problems,ACCOUNT,BLQ,11342
8229,I have to talkwith customer support,contact_customer_service,CONTACT,BLZ,4062
17782,can ya tell me about signing up to ur newsletter,newsletter_subscription,SUBSCRIPTION,BILQ,8920
7685,want help making a claim against ur organization,complaint,FEEDBACK,BLQ,3398
3831,where do I check the early termination penalty?,check_cancellation_fee,CANCEL,BIL,1404
16833,i dont know what i need to do to obtain a refund of my money,get_refund,REFUND,BLQ,8588
1554,remove some items fropm order {{Order Number}},change_order,ORDER,BMZ,533
25148,assistance checking purchase {{Order Number}} bloody current status,track_order,ORDER,BLW,13605
21816,I am trying to notify of sign-up problems,registration_problems,ACCOUNT,BLM,11810
7498,I call to lodge a consumer reclamation against your company,complaint,FEEDBACK,BL,3335
12552,want help checking what shipping methods I can choose,delivery_options,DELIVERY,BLMQ,6301
17931,can you help me report troubles with payment?,payment_issue,PAYMENT,BILM,8984
16241,I want to get a compensation,get_refund,REFUND,BL,8255
25421,i have got to see order {{Order Number}} status i need assistane,track_order,ORDER,BCLQZ,13678
11805,"I do not use the damn gold account, I am trying to close it",delete_account,ACCOUNT,BCELW,5942
7237,I am calling to lodge a customer claim against your company,complaint,FEEDBACK,BL,3546
22960,y i cant submit a different delivery address valid,set_up_shipping_address,SHIPPING,BLQ,12657
17531,"I have to cancel my newsletter subscription, how do I do it?",newsletter_subscription,SUBSCRIPTION,BCIL,8860
18665,I want assistance to notify of troubles with payment,payment_issue,PAYMENT,BLM,8962
23947,where to change to the freemium account,switch_account,ACCOUNT,BILQ,13173
17199,I can't unsubscrie to the newsletter,newsletter_subscription,SUBSCRIPTION,BLZ,8749
8205,help to call customer service,contact_customer_service,CONTACT,BL,4047
21249,i want assistance to notify of an error with signup,registration_problems,ACCOUNT,BLQ,11270
10308,want assistance to create an standard account,create_account,ACCOUNT,BLQZ,5034
4551,i do not know how to look for my invoice from {{Person Name}},check_invoice,INVOICE,BELQ,1944
2644,can I edit my delivery address?,change_shipping_address,SHIPPING,BIL,990
14233,modifu details on pro account,edit_account,ACCOUNT,BKLMZ,7216
18622,I want assistance to solve a problem with payment,payment_issue,PAYMENT,BL,9053
15895,i dont know what to do to getmy bill #37777,get_invoice,INVOICE,BLQZ,7978
4299,I can't locate my bill from {{Person Name}},check_invoice,INVOICE,BLN,2167
16832,where do I obtain reimbursements of money?,get_refund,REFUND,BILM,8425
3523,I am trying to check the termination penalty,check_cancellation_fee,CANCEL,BL,1738
23624,their are errors submitting my fucking shipping address,set_up_shipping_address,SHIPPING,BLMWZ,13005
24349,I do not know how I can switch to the {{Account Category}} account,switch_account,ACCOUNT,BE,13168
3738,check cancellation fees,check_cancellation_fee,CANCEL,BKM,1827
10272,I don't know how to create a premium account for my fiance,create_account,ACCOUNT,BL,5178
21852,is it possible to notify of an issue with signup,registration_problems,ACCOUNT,BILQ,11829
10729,i have problems with opening a pro account,create_account,ACCOUNT,BLMQ,5385
19593,how to shop several of you article?,place_order,ORDER,BILMZ,10190
25997,I don't know how to check the compensation status,track_refund,REFUND,BL,13858
15640,i dont know what i havr to do to download the invoice #00108,get_invoice,INVOICE,BLQZ,7623
21222,I do not know how I can reoprt signup errors,registration_problems,ACCOUNT,BELMZ,11453
20503,can uhelp me to recover te pwd of my user,recover_password,ACCOUNT,BILQZ,10925
11284,I don't know what I haqve to do to close a pro account,delete_account,ACCOUNT,BLZ,5696
1495,is it possible tomodify order {{Order Number}},change_order,ORDER,BILQZ,504
14987,i need help downloading the bill #12588,get_invoice,INVOICE,BLQ,7673
5861,help me check ur allowed payment modalities,check_payment_methods,PAYMENT,BLQ,2470
22673,"I want to leave a comment for your company, how to do it?",review,FEEDBACK,BCIL,12452
23415,why I cannot set up the delivery address valid,set_up_shipping_address,SHIPPING,BEL,12907
11289,I am trying to find information about a {{Account Type}} account removal,delete_account,ACCOUNT,BEL,5525
9423,i want help talking with somebody,contact_human_agent,CONTACT,BLQ,4354
11152,what do I have to do to cancel my platinum account?,delete_account,ACCOUNT,BIL,5628
9432,"you aren't helpful, how can I talk with a bloody live agent?",contact_human_agent,CONTACT,BCILW,4673
26049,where can I see my refund current status?,track_refund,REFUND,BIL,13883
9666,want assistance speaking with a live agent,contact_human_agent,CONTACT,BLQ,4800
7466,how do i make a consumer reclamation against ur business,complaint,FEEDBACK,BILQ,3426
2656,I need help with an address update,change_shipping_address,SHIPPING,BL,1218
17614,help me canceling the corporate newsletter subscription,newsletter_subscription,SUBSCRIPTION,BL,8629
19328,can you help me shopping several of your article?,place_order,ORDER,BILM,9984
19448,earn some of your article,place_order,ORDER,BLM,9865
5070,i have got to see the available payment modalities,check_payment_methods,PAYMENT,BLQ,2489
22480,want assistance leaving some feedback about a service,review,FEEDBACK,BLQ,11991
1226,update purchase732201349959,change_order,ORDER,BLZ,372
7957,do you have a free phone no to speak with customer service?,contact_customer_service,CONTACT,BILZ,3901
10065,"I do not have a {{Account Type}} account yet, I try to register",create_account,ACCOUNT,BCELN,5047
21871,i want help notifying of a signup problem,registration_problems,ACCOUNT,BLQ,11365
22019,do you have a section to leave a comment for your company?,review,FEEDBACK,BIL,11970
18516,I need help to solve errors with payments,payment_issue,PAYMENT,BLM,9378
17818,need help to cancel the company newslette subscription,newsletter_subscription,SUBSCRIPTION,BQZ,8616
12691,how could I check what shipping options are available?,delivery_options,DELIVERY,BILMP,6344
11552,cancelling standard account,delete_account,ACCOUNT,BKL,5825
6564,show me under which circumstances can i ask to be reimbursed,check_refund_policy,REFUND,BLQ,3061
20822,need help resetting the password of my user account,recover_password,ACCOUNT,BLQ,11080
22570,i do not know how i can send some feedback for a service,review,FEEDBACK,BELQ,12333
16924,find information about my subscription to ur newsletter,newsletter_subscription,SUBSCRIPTION,BLQ,8620
21169,how could I notify of errors with a sign-up?,registration_problems,ACCOUNT,BILMP,11417
10084,open {{Account Type}} account,create_account,ACCOUNT,BKL,4991
26820,could ya help me checking the current status of my refund,track_refund,REFUND,BILPQ,14122
18168,want assistance informing of a trouble with payment,payment_issue,PAYMENT,BLQ,9171
7988,can youshow me what hours I can contact customer support?,contact_customer_service,CONTACT,BILZ,3923
21333,I'm trying to report a probloem with a fucking signup,registration_problems,ACCOUNT,BLQWZ,11524
18542,I don't know how I can report problems with payment,payment_issue,PAYMENT,BLM,9389
9499,i do not understand ya is it possible to speak to osmebody,contact_human_agent,CONTACT,BCEILQZ,4704
9170,can uhelp me to speak with a person,contact_human_agent,CONTACT,BILQ,4526
23638,how can I set my bloody delivery address up?,set_up_shipping_address,SHIPPING,BILW,13012
13546,where can I get information about shipping periods ?,delivery_period,DELIVERY,BILZ,6788
1078,how can I modify order {{Order Number}}?,change_order,ORDER,BIL,273
4262,need to give a quick look at invoice #37777 how to do it,check_invoice,INVOICE,BCILQ,2128
18336,what do I have to do to notify of a damn payment problem?,payment_issue,PAYMENT,BILW,9274
26546,help me check if there are any news on the rebate,track_refund,REFUND,BLM,13850
10269,want assistance to create a different damn premium account,create_account,ACCOUNT,BLQW,5176
22713,do you have a way to submit a review for your services ?,review,FEEDBACK,BILZ,12481
5052,i want help checking ur available payment modalities,check_payment_methods,PAYMENT,BLQ,2489
20215,i need assistance restoring the key of my profile,recover_password,ACCOUNT,BLQ,10700
4735,assistance looking for invoice #85632,check_invoice,INVOICE,BL,2377
8303,i dont know how i can contact customer service,contact_customer_service,CONTACT,BQ,3877
26321,want help to see if there are any news on the rebate,track_refund,REFUND,BLMQ,13850
24061,want help to use the standard profile,switch_account,ACCOUNT,BLQ,13185
2249,need assistance to update the shipping address,change_shipping_address,SHIPPING,BLQ,864
6777,how do I see your money back policy?,check_refund_policy,REFUND,BIL,3292
3435,can you help me checking the cancellation fees?,check_cancellation_fee,CANCEL,BIM,1701
11480,I don't know what I have to do to delete a premium account,delete_account,ACCOUNT,BL,5800
1891,could i modify oredr {{Order Number}},change_order,ORDER,BILPQZ,682
2415,i dont know how i could correct the address,change_shipping_address,SHIPPING,BLPQ,1060
13906,update info on pro account,edit_account,ACCOUNT,BKLQ,6949
24771,changing to freemium account,switch_account,ACCOUNT,BKL,13489
3151,assistance checking the early exit charges,check_cancellation_fee,CANCEL,BLM,1535
19537,I do not know how I can earn an few of your item,place_order,ORDER,BELMZ,10152
19405,I don't know how I can acquire an articoe,place_order,ORDER,BLZ,10048
19770,need assistance acquiring an item,place_order,ORDER,BLQ,10318
12289,"I have got to check what shipping options you offer, help me",delivery_options,DELIVERY,BCLM,6061
2853,I need assistance modifying my shipping address,change_shipping_address,SHIPPING,BL,768
19095,can uhelp me to order some of ur item,place_order,ORDER,BILMQ,9777
5268,I do not know how to see the available payment modalities,check_payment_methods,PAYMENT,BEL,2489
19478,i want assistance to buy an item,place_order,ORDER,BQ,10109
8414,I want help to see what hours I can call customer assistance,contact_customer_service,CONTACT,BL,3961
17123,sign up to the newsletter,newsletter_subscription,SUBSCRIPTION,BL,8693
26052,need assistance to see if there is anything new on my rebate,track_refund,REFUND,BLQ,13886
14931,I do not know what I need to do to get the bill #00108,get_invoice,INVOICE,BEL,7642
7043,I want help to lodge a claim against your company,complaint,FEEDBACK,BL,3423
16147,"I have paid {{Currency Symbol}}{{Refund Amount}} for an order, how oculd I receive a refund?",get_refund,REFUND,BCEILMPVZ,8193
13595,i call to check when my parcel is gonna arive,delivery_period,DELIVERY,BLQZ,6815
18743,report a trouble wuth payments,payment_issue,PAYMENT,BLMZ,9505
16564,"I have paid {{Currency Symbol}}{{Refund Amount}} for an item, help me receiving a rebate",get_refund,REFUND,BCELMV,8433
16401,how to request rebates of my money,get_refund,REFUND,BILMQ,8239
13091,can I see how long it takes for my article to arrive?,delivery_period,DELIVERY,BIL,6569
26268,I can't see if there are any updates on my compensation,track_refund,REFUND,BLMN,13885
4477,can you help me looking for my invoice #12588?,check_invoice,INVOICE,BIL,2256
1335,assistance with switching something of order {{Order Number}},change_order,ORDER,BL,439
7816,how do I make a consumer claim against your business?,complaint,FEEDBACK,BIL,3481
25387,can you show me the ETA of purchase {{Order Number}}?,track_order,ORDER,BIL,13671
25935,how to check the fucking rebate current status?,track_refund,REFUND,BILW,13825
12670,how to see what shipping options I have?,delivery_options,DELIVERY,BILM,6191
21637,i need assistance to inform of errors with signup,registration_problems,ACCOUNT,BLMQ,11700
19140,I need help purchasing several of your product,place_order,ORDER,BLM,9818
14348,updating data on platinum account,edit_account,ACCOUNT,BL,7288
9078,I cannot talk with somebody,contact_human_agent,CONTACT,BEL,4451
21791,could ya help me infofming of a sign-up issue,registration_problems,ACCOUNT,BILPQZ,11795
10656,"I have to create a {{Account Category}} account, I need assistance",create_account,ACCOUNT,BCL,4932
12011,I have got to see what delivery methods you offer,delivery_options,DELIVERY,BLM,6027
16929,can I sign up to the damn newsletter?,newsletter_subscription,SUBSCRIPTION,BILW,8639
9121,i want help chatting with an assistant,contact_human_agent,CONTACT,BLQ,4489
3880,help checking theearly exit charge,check_cancellation_fee,CANCEL,BLZ,1891
6857,wanna see in which cases can i ask for a reimbursement,check_refund_policy,REFUND,BLQ,3022
20598,I'm tryimg to reset my user account pin code,recover_password,ACCOUNT,BLQZ,11001
1514,help me modifying purchase {{Order Number}},change_order,ORDER,BL,202
16623,I do not know what to do to obtain compensations of my money,get_refund,REFUND,BELM,8069
18521,could you help me solving troubles with online payment ?,payment_issue,PAYMENT,BILMPZ,9080
15880,"I lost the bill #85632, will you mail it to me?",get_invoice,INVOICE,BCILP,7644
22963,there are issues submitting a different delivery address,set_up_shipping_address,SHIPPING,BLM,12660
9272,how to talk with an agent?,contact_human_agent,CONTACT,BIL,4590
8785,check whatr hours I can call customer support,contact_customer_service,CONTACT,BLZ,4281
21767,how can I inform of a problem with a sign-up?,registration_problems,ACCOUNT,BIL,11345
15338,can ya help me download the bill #37777,get_invoice,INVOICE,BILQ,7668
1635,how do I add some items to order {{Order Number}} ?,change_order,ORDER,BIMZ,272
13783,need help to see how soon can i expect the parcel,delivery_period,DELIVERY,BLQ,6418
21802,where to inform of errorswith registrations?,registration_problems,ACCOUNT,BILMZ,11589
933,prfoblems with cancelling order {{Order Number}},cancel_order,ORDER,BMZ,194
889,I do not know what to do to cancel purchase {{Order Number}},cancel_order,ORDER,BEL,3
11386,can ya help me cancel my standard account,delete_account,ACCOUNT,BILQ,5488
20786,I need to restore the password of my account,recover_password,ACCOUNT,BL,10531
3497,i have got to see the early termination charges,check_cancellation_fee,CANCEL,BLMQ,1431
5968,assistance seeing your money back policy,check_refund_policy,REFUND,BL,2991
17017,subscription to your company newsletter,newsletter_subscription,SUBSCRIPTION,BK,8616
19827,what do I need to do to buy several items?,place_order,ORDER,BIM,10360
20716,how can I restore the PIN code of my profile?,recover_password,ACCOUNT,BIL,11089
21563,notifying of errors creating profile,registration_problems,ACCOUNT,BKLM,11660
2291,can you tell me about correcting the address?,change_shipping_address,SHIPPING,BIL,974
19055,"I need to shop some fucking articles, could I get some help?",place_order,ORDER,BCILMPW,9738
21428,can you help me to report an issue with signup?,registration_problems,ACCOUNT,BIL,11586
20989,I cannot notify of an issue with registrations,registration_problems,ACCOUNT,BELN,11286
22584,I want help leaving my feedback for your products,review,FEEDBACK,BL,11988
24278,can you help me switching to the {{Account Type}} account?,switch_account,ACCOUNT,BI,13327
6371,could I see in what situations can I ask for reimbursements?,check_refund_policy,REFUND,BILP,3072
10703,open platinum cacount for wife,create_account,ACCOUNT,BKLZ,5368
23979,could you help me changing to the {{Account Type}} account?,switch_account,ACCOUNT,BILP,13192
17453,find information about subscribing to your newsletter,newsletter_subscription,SUBSCRIPTION,BL,8622
5977,check ur money back guarantee,check_refund_policy,REFUND,BKLQ,2975
3942,I need help giving an quick look at my bill #85632,check_invoice,INVOICE,BLZ,1932
5643,is it possible to list ur accepted payment modalities,check_payment_methods,PAYMENT,BILQ,2814
18572,notify of trouble with online payments,payment_issue,PAYMENT,BKLM,8962
1676,need help with switching some articles of an order,change_order,ORDER,BLMQ,582
2497,can you tell me more about a delivery address change?,change_shipping_address,SHIPPING,BIL,1122
20555,I want to restore the PIN code of my account,recover_password,ACCOUNT,BLZ,10965
21071,"I cannot register, where do I report damn sign-up problems?",registration_problems,ACCOUNT,BCEILMNW,11346
8623,I'm trying to see what hours i can call customer service,contact_customer_service,CONTACT,BLQ,4218
1802,how can i add an item to purchase {{Order Number}},change_order,ORDER,BILQ,276
5358,"I have got to list the payment options, how can I do it?",check_payment_methods,PAYMENT,BCIL,2708
13413,I call to see how long it takes for my purchase to arrive,delivery_period,DELIVERY,BL,6455
17099,can i see the status of my subscription to ur newsletter,newsletter_subscription,SUBSCRIPTION,BILQ,8631
19314,I am trying to oredr several of your article,place_order,ORDER,BLMZ,9970
18037,help regarding payment,payment_issue,PAYMENT,BK,9075
15301,mail me the bill #37777,get_invoice,INVOICE,BL,7692
14097,i try to edit the data on my user account,edit_account,ACCOUNT,BLQ,7114
10919,I want help to close a standard account,delete_account,ACCOUNT,BL,5467
106,i do not know how to cancel order {{Order Number}},cancel_order,ORDER,BEQ,5
9210,how can i contact a live agent,contact_human_agent,CONTACT,BILQ,4551
19282,need help to make an order,place_order,ORDER,BQ,9943
11976,do ya ship toFinland,delivery_options,DELIVERY,BILQSZ,6053
5158,"I want to check your payment methods, I need assistance",check_payment_methods,PAYMENT,BCL,2611
15688,I want assistance getting invoice #85632,get_invoice,INVOICE,B,7628
7019,is it possible to lodge an complaint against ur business,complaint,FEEDBACK,BILQZ,3406
19664,I need assistance shopping a few of your item,place_order,ORDER,BLM,10245
3182,help me see the early termination fees,check_cancellation_fee,CANCEL,BLM,1413
1958,add some items to purchase {{Order Number}},change_order,ORDER,BLM,507
11968,do you ship to {{Delivery Country}}?,delivery_options,DELIVERY,BILS,6048
7192,filing consumer claim against ur organizzation,complaint,FEEDBACK,BLQZ,3500
5350,help to list the accepted payment options,check_payment_methods,PAYMENT,BL,2516
10165,I don't know how I can create a premium account,create_account,ACCOUNT,BL,5109
9905,"I cannot understand anything you say, contact an agent",contact_human_agent,CONTACT,BCEL,4921
1368,i have to change something of oirder {{Order Number}} i need help,change_order,ORDER,BCQZ,454
19783,I have to acquire some items,place_order,ORDER,BLM,9723
22612,"I would like to send my goddamn feedback, help me",review,FEEDBACK,BCLPW,12413
2219,I have troubles correcting my address,change_shipping_address,SHIPPING,BLM,919
18441,notifying of payment problem,payment_issue,PAYMENT,BKL,8965
22755,I want assistance submitting feedback for your company,review,FEEDBACK,BL,12507
25624,i have to see the eta of order {{Order Number}},track_order,ORDER,BLQ,13519
13162,I need assistance seeing how soon can I expect the purchase,delivery_period,DELIVERY,BL,6615
8407,"I want to talk with customer assistance, could you help me?",contact_customer_service,CONTACT,BCILP,4131
4023,find my bill #85632,check_invoice,INVOICE,BL,1995
19574,need help acquiring a few of your article,place_order,ORDER,BLMQ,9971
19693,I'm trying ot earn several articles,place_order,ORDER,BLMQZ,10269
11092,could you help me to close my {{Account Category}} account?,delete_account,ACCOUNT,BILP,5502
3882,i want help seeing the early exit penalties,check_cancellation_fee,CANCEL,BLMQ,1892
14872,can uhelp me modifying the details included on my profile,edit_account,ACCOUNT,BILMQ,7593
7073,"I ain't happy with your work, lodge a customer reclamation",complaint,FEEDBACK,BCL,3444
1656,I want help modifying order {{Order Number}},change_order,ORDER,BL,239
18784,i do not know what to do toi inform of payment problems,payment_issue,PAYMENT,BELMQZ,9528
20780,I cannot retrieve my user account PIN code,recover_password,ACCOUNT,BELN,11131
15043,can ya help me downloading the bill from {{Person Name}},get_invoice,INVOICE,BILQ,7671
20107,would it be possible to retrieve my profile access key?,recover_password,ACCOUNT,BILP,10600
17387,assistance subscriving to the company newsletter,newsletter_subscription,SUBSCRIPTION,BLZ,8813
6369,could I check in which cases can I ask for my money back?,check_refund_policy,REFUND,BILP,3143
22932,I have a problem setting up the secondary delivery address,set_up_shipping_address,SHIPPING,BL,12634
15377,I do not know what I have to do to get my bill #00108,get_invoice,INVOICE,BEL,7642
12529,"I want to see the goddamn shipment methods, how to do it?",delivery_options,DELIVERY,BCILW,6297
8776,"I have to speak with customer assistance, how to do it?",contact_customer_service,CONTACT,BCIL,3949
11545,remove gold account,delete_account,ACCOUNT,BKL,5824
12115,can ya help me to see what shipment options i can choose,delivery_options,DELIVERY,BILMQ,6074
9937,iwant a freemium account for my husband open it,create_account,ACCOUNT,BCLQZ,4949
7169,"I am not happy with your work, help lodging a customer claim",complaint,FEEDBACK,BCEL,3506
6787,I want assistance checking your reimbursement policy,check_refund_policy,REFUND,BL,3001
8543,what time can I get in touch with customer support?,contact_customer_service,CONTACT,BIL,4185
26171,assistance to see the refund current status,track_refund,REFUND,BL,13800
16260,how can I demand rebates?,get_refund,REFUND,BILM,8266
6444,i have to check how long reimbursements take i need help,check_refund_policy,REFUND,BCLQ,3043
8614,need to call customer service,contact_customer_service,CONTACT,BLQ,4047
2007,I would like to modify my address,change_shipping_address,SHIPPING,BLP,731
8537,i try to get in touch with customer assistance,contact_customer_service,CONTACT,BLQ,4180
24908,show me estimated time of arrival of order {{Order Number}},track_order,ORDER,BKL,13531
26377,showing refund status,track_refund,REFUND,BKL,14001
4295,how can i locate the bill ffom {{Person Name}},check_invoice,INVOICE,BILQZ,2164
13592,where do i see when my item is gonna arrive,delivery_period,DELIVERY,BILQ,6814
10061,help me to create a {{Account Category}} account,create_account,ACCOUNT,BL,4932
21602,iu want assistance reporting an issue with a sign-up,registration_problems,ACCOUNT,BLQZ,11680
16803,i need help to ask for a refund of my money,get_refund,REFUND,BLQ,8566
2633,issue updating address,change_shipping_address,SHIPPING,BKL,1203
5938,I want assistance checking how long refunds take,check_refund_policy,REFUND,B,2974
9661,i try to talk to an agent,contact_human_agent,CONTACT,BQ,4796
3920,"I have to see my invoice from {{Person Name}}, help me",check_invoice,INVOICE,BCL,1911
5003,assistance listing your available payment methods,check_payment_methods,PAYMENT,BL,2531
23834,issues setting the shipping address up,set_up_shipping_address,SHIPPING,BLM,12737
8059,help to check what hours I can call customer support,contact_customer_service,CONTACT,BL,3904
19370,I don't know how to buy some articles,place_order,ORDER,BLM,10021
21530,where to inform of a sign-up error?,registration_problems,ACCOUNT,BIL,11640
10941,find information about the cancellation of a pro account,delete_account,ACCOUNT,BL,5486
22973,I have got to set a secondary delivery address up,set_up_shipping_address,SHIPPING,BL,12668
20384,help retrieving my account key,recover_password,ACCOUNT,BL,10837
6949,"I am unhappy with your service, I have to file a reclamation",complaint,FEEDBACK,BCL,3354
11572,I need informatoin about {{Account Category}} account terminations,delete_account,ACCOUNT,BLMZ,5835
16766,"I paid {{Currency Symbol}}{{Refund Amount}} for this article, where can I get a rebate?",get_refund,REFUND,BCILM,8485
8809,I do not know how I could get in touch with customer support,contact_customer_service,CONTACT,BELP,4288
19036,how can I purchase several of your article?,place_order,ORDER,BILM,9721
18974,I do not know what to do to acquire several articles,place_order,ORDER,BELM,9663
26603,i do not know what to do to check the restitution status,track_refund,REFUND,BELQ,13961
9490,I want assistance to contact an operator,contact_human_agent,CONTACT,BL,4412
25478,I can't see the damn status of order {{Order Number}},track_order,ORDER,BLNW,13553
24216,what do I have to do to change to the freemium account?,switch_account,ACCOUNT,BIL,13302
20812,i do not know what to do toreset the pwd of my user,recover_password,ACCOUNT,BELQZ,11148
19866,"I need to buy some of your product, how could I do it?",place_order,ORDER,BCILMP,10389
4048,how can I find bill #00108?,check_invoice,INVOICE,BIL,2012
24129,"I have got to change to the {{Account Type}} account, how can I do it?",switch_account,ACCOUNT,BCIL,13270
25231,how to see purchase {{Order Number}} current status?,track_order,ORDER,BIL,13520
23844,where to enter another delivery address?,set_up_shipping_address,SHIPPING,BIL,13104
5489,check the payment options,check_payment_methods,PAYMENT,BL,2668
6159,assistance to check in which cases can i request a refund,check_refund_policy,REFUND,BLQ,2997
16761,i dont know how to receive a refund of my money,get_refund,REFUND,BLQ,8542
17328,need help receiving ur cororate newsletter,newsletter_subscription,SUBSCRIPTION,BLQZ,8792
16719,i want assistance obtaining a compensation of money,get_refund,REFUND,BLQ,8182
3240,check the early termination charges,check_cancellation_fee,CANCEL,BLM,1431
21459,can I notify of a problem with registrations?,registration_problems,ACCOUNT,BIL,11488
3759,i need help to check the early exit fees,check_cancellation_fee,CANCEL,BLMQ,1538
11618,what do I need to do to remove my {{Account Type}} account?,delete_account,ACCOUNT,BIL,5460
9446,want help to speak to somebody,contact_human_agent,CONTACT,BLQ,4339
7675,I am trying to lodge a customer reclamation,complaint,FEEDBACK,BL,3761
20090,"someone stole my PIN, I want assistance to restore it",recover_password,ACCOUNT,BCL,10585
26477,where do I see my rebate status?,track_refund,REFUND,BIL,14036
17871,I don't know what I have to do to receive your newsletter,newsletter_subscription,SUBSCRIPTION,BL,8712
20061,I do not know how I can restore the PIN code of my profile,recover_password,ACCOUNT,BEL,10557
6747,I need to see in what situations can I request my money back,check_refund_policy,REFUND,BL,2982
2964,tell me more about updating the address,change_shipping_address,SHIPPING,BL,915
5737,I need help checking your available payment methods,check_payment_methods,PAYMENT,BL,2879
754,i have a problem with canceling purchase {{Order Number}},cancel_order,ORDER,BLQ,9
17733,where to cancel the newsletter subscription ?,newsletter_subscription,SUBSCRIPTION,BILZ,8616
9703,assistance to speak with an agent,contact_human_agent,CONTACT,BL,4825
13005,"I want to see when will my package arrive, can you help me?",delivery_period,DELIVERY,BCIL,6507
8625,want help talking with customer support,contact_customer_service,CONTACT,BLQ,4219
7594,lodge customer complaint against your business,complaint,FEEDBACK,BKL,3389
6993,I try to file a complaint against your company,complaint,FEEDBACK,BL,3345
23443,there are errors setting up a delivery address,set_up_shipping_address,SHIPPING,BLM,12839
10131,i cannot create a platinum account,create_account,ACCOUNT,BELNQ,5088
6038,can you help me seeing your refund policy?,check_refund_policy,REFUND,BIL,3035
7904,I need to make a complaint against your business,complaint,FEEDBACK,BL,3389
21237,is it possible to report an error with a signup,registration_problems,ACCOUNT,BILQ,11466
22037,want assistance submitting my feedback for a service,review,FEEDBACK,BLQ,11909
22276,"I have got to leave my feedback, I need assistance",review,FEEDBACK,BCL,12176
2502,assistance correcting my delivery address,change_shipping_address,SHIPPING,BL,1124
18271,i want assistance reporting a problem with payment,payment_issue,PAYMENT,BLQ,9044
6958,lodge reclamtaion against ur business,complaint,FEEDBACK,BKLQZ,3362
19747,i need help to purchase a few of ur article,place_order,ORDER,BLMQ,10010
20462,I need assistanec retrieving my account key,recover_password,ACCOUNT,BLZ,10899
2274,I have errors trying to edit the address,change_shipping_address,SHIPPING,BLM,963
11354,is it possible to delete a premium account,delete_account,ACCOUNT,BILQZ,5735
8576,where do I see what hours I can call customer service?,contact_customer_service,CONTACT,BIL,3897
5616,I do not know how to see the accepted payment methods,check_payment_methods,PAYMENT,BEL,2477
22907,I need assistance to set up a secondary shipping address,set_up_shipping_address,SHIPPING,BL,12612
14389,how do I update the information included on my account?,edit_account,ACCOUNT,BIL,7089
5964,help me check in what cases can I request to be reimbursed,check_refund_policy,REFUND,BL,2984
4334,need assistance to find the fucking invoices from {{Person Name}},check_invoice,INVOICE,BMQW,2186
12922,"I have to see when will my item arrive, I need help",delivery_period,DELIVERY,BCL,6437
10561,help me creting a {{Account Type}} account,create_account,ACCOUNT,BLZ,5306
6730,I want to see in which cases can I request to be refunded,check_refund_policy,REFUND,BL,3009
10702,i aint registered can i create a {{Account Category}} account,create_account,ACCOUNT,BCILQ,5367
17153,"I need to receive your company newsletter, how can I do it?",newsletter_subscription,SUBSCRIPTION,BCIL,8678
5339,how can I check the available payment modalities?,check_payment_methods,PAYMENT,BIL,2489
21018,I need assistance informing of signup problems,registration_problems,ACCOUNT,BLM,11306
20922,i dont know what to do to notify of sign-up issues,registration_problems,ACCOUNT,BLMQ,11229
13252,how do I see how soon can I expect the goddamn product?,delivery_period,DELIVERY,BILW,6614
12557,i have to check what methods for delivery i have,delivery_options,DELIVERY,BLMQ,6094
4825,check invoice #00108,check_invoice,INVOICE,BK,2419
6683,I have got to check in which cases can I ask for refunds,check_refund_policy,REFUND,BL,2986
25038,where do I track purchase {{Order Number}}?,track_order,ORDER,BIL,13543
11006,"I do not use the damn {{Account Category}} account, help canceling it",delete_account,ACCOUNT,BCELW,5535
4169,where can I give a quick look at invoice #37777?,check_invoice,INVOICE,BIL,2090
23411,troubles setting the new delivery address up,set_up_shipping_address,SHIPPING,BLM,12818
12409,I try to see what shipping options I have,delivery_options,DELIVERY,BLM,6246
21656,I can't report an error with a sign-up,registration_problems,ACCOUNT,BLN,11715
9902,what do I need to do to talk with a human agent?,contact_human_agent,CONTACT,BIL,4854
18551,i cannot pay want help to report errors with payments,payment_issue,PAYMENT,BCELMQ,9393
10889,want help opening a {{Account Type}} account for my daughter,create_account,ACCOUNT,BLQ,5139
19960,assistance to retrieve the password of my user account,recover_password,ACCOUNT,BL,10468
6180,help me checking ur reimbursement policy,check_refund_policy,REFUND,BLQ,3001
9971,create gold account,create_account,ACCOUNT,BK,4962
1305,how to swap a product of order {{Order Number}}?,change_order,ORDER,BIL,421
23098,could you help me setting up my shipping address?,set_up_shipping_address,SHIPPING,BILP,12755
17804,wanna unsubscribe from ur corporate newsletter how to do it,newsletter_subscription,SUBSCRIPTION,BCILQ,8630
2955,can ya tell me about modifying the shipping address,change_shipping_address,SHIPPING,BILQZ,1390
21007,notify of a signup issue,registration_problems,ACCOUNT,BL,11219
11157,information about the termination of my {{Account Category}} account,delete_account,ACCOUNT,BL,5497
11602,i want help to cancel the platinum account,delete_account,ACCOUNT,BLQ,5644
3286,I cannot find the early termination charge,check_cancellation_fee,CANCEL,BEL,1511
7734,how do I make a reclamation?,complaint,FEEDBACK,BIL,3545
3258,need assistance seeingg the termination charges,check_cancellation_fee,CANCEL,BLMQZ,1606
16361,help me receive a reimbursement of money,get_refund,REFUND,BL,8022
144,problems with cancelling purchase {{Order Number}},cancel_order,ORDER,BLM,8
15791,I need assistance to download bill #00108,get_invoice,INVOICE,BL,7868
7835,where do I lodge a complaint against your business?,complaint,FEEDBACK,BIL,3389
8051,I try to call goddamn customer service,contact_customer_service,CONTACT,BLW,3964
2620,there is an issue trying to edit the delivery address,change_shipping_address,SHIPPING,BL,1194
10087,creating pro account,create_account,ACCOUNT,BK,5061
26256,where do I see if there are any updates on the refund?,track_refund,REFUND,BILM,13894
8087,can uhelp me see what hours customer support available is,contact_customer_service,CONTACT,BILQ,3890
1018,need to swap an article of purchase {{Order Number}},change_order,ORDER,BLQZ,221
22614,is there an e-mail to leave a comment about your ocmpany?,review,FEEDBACK,BILZ,12414
1824,I have to edit order {{Order Number}},change_order,ORDER,BLZ,234
24381,"I have to change to the platinum account, how do I do it?",switch_account,ACCOUNT,BCIL,13365
2377,i have got to correct the address,change_shipping_address,SHIPPING,BLQ,1034
19335,need help earning several of your article,place_order,ORDER,BLMQ,9745
11956,"I want to see what shipment options I have, how do I do it?",delivery_options,DELIVERY,BCILM,6036
13601,i need assistance to check how soon can i expect my delivery,delivery_period,DELIVERY,BLQ,6444
23615,there are issues setting a delivery address up,set_up_shipping_address,SHIPPING,BLM,13001
18676,I need assistance to solve a trouble with online payment,payment_issue,PAYMENT,BL,9249
26476,I want to track my restitution,track_refund,REFUND,BL,14035
17781,I need help unsubscribing from your newsletter,newsletter_subscription,SUBSCRIPTION,BL,8624
10392,I cannot create a {{Account Category}} account,create_account,ACCOUNT,BELN,4932
2186,I don't know what I need to do to edit my shipping address,change_shipping_address,SHIPPING,BL,894
25425,I'd liketo see the ETA of the purchase {{Order Number}} help me,track_order,ORDER,BCLPQZ,13680
16577,i try to get a rebate of money,get_refund,REFUND,BLQ,8441
8784,assistance seeing what hours I can call customer service,contact_customer_service,CONTACT,BL,3897
10463,another {{Account Type}} account for father,create_account,ACCOUNT,BKL,5265
5729,can you help me see the accepted payment options?,check_payment_methods,PAYMENT,BIL,2544
13811,where do i see how soon can i expect my shipment,delivery_period,DELIVERY,BILQ,6901
25871,i try to see the statuis of purchase {{Order Number}},track_order,ORDER,BLQZ,13522
1106,"I need to add a product to purchase {{Order Number}}, help me",change_order,ORDER,BCL,291
3006,assistance checking the withdrawal penalties,check_cancellation_fee,CANCEL,BLM,1434
8343,i have got to get in touch with customer support help me,contact_customer_service,CONTACT,BCLQ,4015
8016,need help contacting customer service,contact_customer_service,CONTACT,BQ,3941
22699,I am calling to leave feedabck,review,FEEDBACK,BLZ,12472
17640,I don't know how I can receive your newsletter,newsletter_subscription,SUBSCRIPTION,BL,8712
3688,help me to see the cancellation fee,check_cancellation_fee,CANCEL,BL,1448
24493,i need help to use the standard profile,switch_account,ACCOUNT,BLQ,13185
19897,what do i have to do to recover my user account key,recover_password,ACCOUNT,BILQ,10407
2447,i need assistance with a shipping address correction,change_shipping_address,SHIPPING,BLQ,1083
10938,help me to close the platinum account,delete_account,ACCOUNT,BL,5483
23515,help to set up a delivery address,set_up_shipping_address,SHIPPING,BL,12594
17762,i have to receive the newsletter how to do it,newsletter_subscription,SUBSCRIPTION,BCILQ,8701
10187,what do I need to do to create a {{Account Category}} account?,create_account,ACCOUNT,BI,4932
17834,I don't know how I can receive the newsletter,newsletter_subscription,SUBSCRIPTION,BL,8712
22315,i call to write a review for ur services,review,FEEDBACK,BLQ,12204
13562,I want assisance to check when my product is going to arrive,delivery_period,DELIVERY,BLZ,6797
17947,need help notifying of an error with online payment,payment_issue,PAYMENT,BLQ,8997
22700,need assistance to write a review about a service,review,FEEDBACK,BLQ,12025
21868,help registering,registration_problems,ACCOUNT,BK,11838
19355,help me order some of your product,place_order,ORDER,BLM,10007
14268,updaing info on gold account,edit_account,ACCOUNT,BKLQZ,7234
1753,how to add a product to purchase {{Order Number}}?,change_order,ORDER,BIL,410
18783,can you help me to notify of an error with payment?,payment_issue,PAYMENT,BIL,9527
7235,where do I make a reclamation?,complaint,FEEDBACK,BIL,3545
14306,edit premium account,edit_account,ACCOUNT,BKL,7258
25978,help to check the status of my compensation,track_refund,REFUND,BL,13849
7570,I need help to file a damn reclamation against your company,complaint,FEEDBACK,BLW,3441
22609,i want assistance to write an opinion about a service,review,FEEDBACK,BLQ,12411
24764,I do not know how I can switch to tbe {{Account Category}} account,switch_account,ACCOUNT,BEZ,13487
19873,want assistance purchasing an article,place_order,ORDER,BLQ,10393
2747,I have issues editing my address,change_shipping_address,SHIPPING,BLM,759
5449,can i see what payment payment modalities are available,check_payment_methods,PAYMENT,BILQ,2489
18452,where can I report a problem with online payments?,payment_issue,PAYMENT,BILM,9341
21937,can i write a review for ur company,review,FEEDBACK,BILQ,11899
5010,i need help checking ur accepted payment methods,check_payment_methods,PAYMENT,BLQ,2534
22766,help me submitting some feedback about ur company,review,FEEDBACK,BLQ,11922
2463,"I have to edit the address, I need assistance",change_shipping_address,SHIPPING,BCL,1094
15280,I don't know what I have to do to download bill #00108,get_invoice,INVOICE,BL,7688
1168,want help switching some damn products of purchase {{Order Number}},change_order,ORDER,BLMQW,332
10862,new freemium account for wife,create_account,ACCOUNT,BKL,5443
5004,where to list the accepted payment options,check_payment_methods,PAYMENT,BILQ,2516
18794,I'm trying to report issues with online payment,payment_issue,PAYMENT,BLMQ,9532
13098,where do i see when my product is gonna arrive,delivery_period,DELIVERY,BILQ,6525
7563,i dont know how to file a consumer reclamation,complaint,FEEDBACK,BLQ,3716
23156,"I would like to set up my delivery address, help me",set_up_shipping_address,SHIPPING,BCLP,12785
1010,want help adding an item to purchase {{Order Number}},change_order,ORDER,BLQZ,213
15024,i do not know what i have to do to get the bill #00108,get_invoice,INVOICE,BELQ,7642
22176,I do not know how I can send feedback about your services,review,FEEDBACK,BEL,12098
1303,"I have to edit order {{Order Number}}, how to do it?",change_order,ORDER,BCIL,419
24012,help changing to the standard account,switch_account,ACCOUNT,BL,13210
24662,i dont know what i need to do to change to the {{Account Type}} account,switch_account,ACCOUNT,BLQ,13124
10616,I want assistance to create a freemium account,create_account,ACCOUNT,BL,5328
19954,I have a question about lost access keys,recover_password,ACCOUNT,BLM,10462
11711,i dont know how i can remove my premium account,delete_account,ACCOUNT,BLQ,5895
10989,help me canceling my {{Account Type}} account,delete_account,ACCOUNT,BL,5521
21718,I need to inform of erors with sign-up,registration_problems,ACCOUNT,BLMZ,11748
2354,can ya help me change my address,change_shipping_address,SHIPPING,BILQ,1016
4660,can ya help me give a quick look at my bill #85632,check_invoice,INVOICE,BILQ,2006
7208,help to lodge a complaint,complaint,FEEDBACK,BL,3531
10204,"I want a platinum account for my son, I want to create it",create_account,ACCOUNT,BCL,5131
24088,I need assistance to use the premium profile,switch_account,ACCOUNT,BL,13156
7312,"I am unhappy with your service, help me to make a claim",complaint,FEEDBACK,BCL,3533
9097,I want to speak with somebody,contact_human_agent,CONTACT,BL,4339
6784,i have got to see ur refund policy,check_refund_policy,REFUND,BLQ,3294
9180,can you help me to speak with somebody?,contact_human_agent,CONTACT,BILZ,4532
8600,I want to talk to fucking customer assistance,contact_customer_service,CONTACT,BLW,4209
13031,find information about shipping period,delivery_period,DELIVERY,BL,6432
17600,I cannot sign up to the bloody newsletter,newsletter_subscription,SUBSCRIPTION,BELW,8878
5441,can you showme the accepted payment modalities?,check_payment_methods,PAYMENT,BILZ,2744
23008,how can i set the secondary shipping address up,set_up_shipping_address,SHIPPING,BILQ,12612
7140,"I am unhappy with your services, how to lodge a reclamation?",complaint,FEEDBACK,BCIL,3490
7969,help me to see at what time customer support available is,contact_customer_service,CONTACT,BL,3908
22944,assistance setting my new shipping address up,set_up_shipping_address,SHIPPING,BL,12642
11134,I have a question about the termination of my {{Account Type}} account,delete_account,ACCOUNT,BL,5619
20155,I want assistance to reset my pwd,recover_password,ACCOUNT,BLQ,10643
18537,I have got to notify of issues wit payments,payment_issue,PAYMENT,BLMZ,9387
22830,do you have a method to send a comment about your products?,review,FEEDBACK,BIL,12563
18454,I need help to notify of troubles with payment,payment_issue,PAYMENT,BLM,8962
4162,I want to give a quick look at my invoice #12588,check_invoice,INVOICE,BL,2085
13404,wanna know more about the shipping period,delivery_period,DELIVERY,BLQ,6703
1594,i try to change several products of order {{Order Number}},change_order,ORDER,BLMQ,351
11635,I have problems with {{Account Type}} account removal,delete_account,ACCOUNT,BLMZ,5543
26595,help me seeing if there are any updates on my compensation,track_refund,REFUND,BLM,13873
17236,i have to sign up to ur newsletter can uhelp me,newsletter_subscription,SUBSCRIPTION,BCILQ,8762
10529,open gold cacount for wife,create_account,ACCOUNT,BKLZ,5288
20833,where can I get information about the lost PIN code?,recover_password,ACCOUNT,BIL,10637
19309,what do I need to do to buy sxome products?,place_order,ORDER,BILMZ,9965
16994,tell me about signingup to ur corporate newsletter,newsletter_subscription,SUBSCRIPTION,BLQZ,8669
15804,I want assistance downloading my invoice #85632,get_invoice,INVOICE,BL,7743
20656,"someone stole my goddamn account PIN, want help resyoring it",recover_password,ACCOUNT,BCLQWZ,11038
14136,correct details onGold account,edit_account,ACCOUNT,BKLMZ,7147
24383,help using the standard profile,switch_account,ACCOUNT,BL,13361
26831,I need to check the current status of the reimbursement,track_refund,REFUND,BL,13785
429,ohw to cancel order {{Order Number}},cancel_order,ORDER,BIQZ,118
25578,I'm trying to see purchase {{Order Number}} current status,track_order,ORDER,BLQ,13714
19151,can uhelp me buying an artikcle,place_order,ORDER,BILQZ,9828
16272,i have to request a compensation of my money,get_refund,REFUND,BLQ,8033
13690,where can I see when my item is going to arrive?,delivery_period,DELIVERY,BIL,6503
26694,can I see if there are any updates on my rebate?,track_refund,REFUND,BILM,13889
24770,I want assistance using the {{Account Type}} profile,switch_account,ACCOUNT,BL,13161
5145,I want help to see the payment modalities,check_payment_methods,PAYMENT,BL,2558
5038,how can i list the allowedd payment options,check_payment_methods,PAYMENT,BILQZ,2548
24212,I don't know how I can change to the gold account,switch_account,ACCOUNT,BL,13300
12717,I want to check what methods for delivery you offer,delivery_options,DELIVERY,BLM,6027
25122,checking current status of purchase {{Order Number}},track_order,ORDER,BKL,13520
18560,I want to report payment errors,payment_issue,PAYMENT,BLM,8979
20553,I ened help to recover the access key of my user profile,recover_password,ACCOUNT,BLZ,10964
1725,can i swap some articles of purchase {{Order Number}},change_order,ORDER,BILMQ,254
24382,is it possible to change to the pro account?,switch_account,ACCOUNT,BIL,13367
15278,I have to download my bill from {{Person Name}},get_invoice,INVOICE,BL,7618
11769,problem with {{Account Category}} acconut removals,delete_account,ACCOUNT,BLMZ,5923
2525,can you help me updating the shipping address?,change_shipping_address,SHIPPING,BIL,818
2337,where to update the shipping address?,change_shipping_address,SHIPPING,BIL,899
5273,I need assistance listing the allowed payment modalities,check_payment_methods,PAYMENT,BL,2549
18811,report issue with payments,payment_issue,PAYMENT,BKM,9159
20690,want help to retrieve the pwd of my prlfile,recover_password,ACCOUNT,BLQZ,11066
5734,"I have to see the payment options, can you help me?",check_payment_methods,PAYMENT,BCIL,2851
3598,assistance to see the withdrawal fees,check_cancellation_fee,CANCEL,BLM,1402
2129,i need information about correcting my shipping address,change_shipping_address,SHIPPING,BLQ,843
4917,i do not know what to do to locate the bill #37777,check_invoice,INVOICE,BELQ,2232
25858,can ya help me to check the ETA of the order {{Order Number}},track_order,ORDER,BILQ,13519
17366,where can i cancel my subscription to the newsletter,newsletter_subscription,SUBSCRIPTION,BILQ,8616
21418,help me inform of issues with a sign-up,registration_problems,ACCOUNT,BLM,11578
101,have problems with canceling order {{Order Number}},cancel_order,ORDER,BMQ,14
23908,I do not know what I have to do to switch to the pro account,switch_account,ACCOUNT,BE,13145
21004,I want help reporting sign-up issues,registration_problems,ACCOUNT,BLM,11258
9985,i try to open a standard account,create_account,ACCOUNT,BLQZ,4990
3839,where could I see the early termination penalties?,check_cancellation_fee,CANCEL,BILMP,1407
6225,show me in which situations can i request my money back,check_refund_policy,REFUND,BLQ,3086
16588,i paid {{Currency Symbol}}{{Refund Amount}} for this purchase want help receiving a refund,get_refund,REFUND,BCLMQ,8072
2825,I'd like to correct the bloody dadress can i get some help,change_shipping_address,SHIPPING,BCILPQWZ,1318
9653,can udirect ot me somebody,contact_human_agent,CONTACT,BILQZ,4792
26092,i cant check if there is anything new on my restitution,track_refund,REFUND,BLNQ,13907
6328,I need to check in which cases can I ask for a reimbursement,check_refund_policy,REFUND,BL,3022
7842,I don't know how I can lodge an consumer complaint,complaint,FEEDBACK,BLZ,3831
2757,I need information about a delivery address change,change_shipping_address,SHIPPING,BL,1003
6405,help me seeing your money back guarantee,check_refund_policy,REFUND,BL,2975
13572,can you help me to check how soon can I expect my item?,delivery_period,DELIVERY,BIL,6687
5653,help me seeing what payment options are available,check_payment_methods,PAYMENT,BL,2466
23548,i do not know how i can enter antoher delivery address,set_up_shipping_address,SHIPPING,BELQZ,12960
26724,check if there is anything wrong with my damn restitution,track_refund,REFUND,BLW,13971
2763,how can i modify my shipping address,change_shipping_address,SHIPPING,BILQ,776
16193,"I have paid {{Currency Symbol}}{{Refund Amount}} for these articles, I want a refund",get_refund,REFUND,BCELMV,8224
18963,I want assistance buying some of your product,place_order,ORDER,BLM,9652
10292,I need help with creating a {{Account Type}} account,create_account,ACCOUNT,BL,5095
4974,can you help me to see your accepted payment modalities ?,check_payment_methods,PAYMENT,BILZ,2479
10088,opening {{Account Category}} account,create_account,ACCOUNT,BKL,4945
20224,I need assistance to recover my user profile PIN code,recover_password,ACCOUNT,BL,10705
21958,"I have to send my feedback about your company, help me",review,FEEDBACK,BCL,11918
8640,i have got to talk to customer assistance how to do it,contact_customer_service,CONTACT,BCILQZ,4224
15109,i do not know what i have to do to download invoice #12588,get_invoice,INVOICE,BELQ,7621
24789,i dont knowq what i need to do to switch to the {{Account Type}} account,switch_account,ACCOUNT,BQZ,13125
23195,I have troubles setting a secondary shipping address up,set_up_shipping_address,SHIPPING,BLM,12637
8457,customer assistance mail address,contact_customer_service,CONTACT,BL,4152
6193,"I need to see how long reimbursements take, how can I do it?",check_refund_policy,REFUND,BCIL,3020
16144,help me obtaining a rebate of money,get_refund,REFUND,BL,8191
5303,how to list ur accepted payment modalities,check_payment_methods,PAYMENT,BILQ,2479
19507,need assistnce acquiring an item,place_order,ORDER,BLQZ,10128
21861,need help to report a problem with signup,registration_problems,ACCOUNT,BLQ,11276
26557,"I expect a restitution of {{Currency Symbol}}{{Refund Amount}}, was it processed already",track_refund,REFUND,BCL,13792
920,need ot cancel purchase {{Order Number}},cancel_order,ORDER,BLQZ,3
6698,i dont know how i can see ur reimbursement policy,check_refund_policy,REFUND,BLQ,3214
17702,i have got to cancel the subscription to ur newsletter,newsletter_subscription,SUBSCRIPTION,BLQ,8616
5690,I do not know what to do to check the payment methods,check_payment_methods,PAYMENT,BEL,2607
19792,"I have got to acquire several items, I need help",place_order,ORDER,BCLM,10334
11557,i need assistance removing my pro account,delete_account,ACCOUNT,BLQ,5828
18195,I want assistance informing of an error with payments,payment_issue,PAYMENT,BLM,9189
17524,where can i receive the company newsletter,newsletter_subscription,SUBSCRIPTION,BILQ,8667
11240,how to close a platinum account,delete_account,ACCOUNT,BILQ,5483
5407,how do i see ur accepted paument methods,check_payment_methods,PAYMENT,BILQZ,2731
20128,I am oloking for information about the pass reset,recover_password,ACCOUNT,BELQZ,10617
1330,help to correct order {{Order Number}},change_order,ORDER,BL,258
1916,how do I change some products of order {{Order Number}}?,change_order,ORDER,BILM,535
19758,help acquiring some items,place_order,ORDER,BLM,10312
3764,I do not know what to do to ese the cancellation penalties,check_cancellation_fee,CANCEL,BELMZ,1842
21914,do you have a way to send feedback for a service?,review,FEEDBACK,BIL,11878
13560,"I want to see how long the shipping takes, help me",delivery_period,DELIVERY,BCL,6472
21625,I need assistance to report an error with registrations,registration_problems,ACCOUNT,BL,11389
19088,where to order several of your product?,place_order,ORDER,BILM,9770
8381,I need help to speak with customer assistance,contact_customer_service,CONTACT,BL,3940
9939,new bloody {{Account Type}} account for father,create_account,ACCOUNT,BKLW,4951
7013,I want to oldge a claim against your business,complaint,FEEDBACK,BLZ,3402
3268,i need help checking the termination fee,check_cancellation_fee,CANCEL,BLQ,1611
11039,question about the removal of a standard account,delete_account,ACCOUNT,BL,5557
10136,how can I create a {{Account Category}} account?,create_account,ACCOUNT,BIL,4932
15818,what do i have to do to downlpoad my bill #12588,get_invoice,INVOICE,BILQZ,7956
18280,report payment issues,payment_issue,PAYMENT,BKM,9037
8487,see what hours i can reach customer support,contact_customer_service,CONTACT,BLQ,3869
25027,i try to check the ETA of the order {{Order Number}},track_order,ORDER,BLQ,13519
15324,i need assistance downloading the bill from {{Person Name}},get_invoice,INVOICE,BLQ,7671
16169,I want help to demand a rebate of money,get_refund,REFUND,BL,8209
9735,I have got to speak to a fucking person,contact_human_agent,CONTACT,BLW,4841
20619,I have got to restore the password of my account,recover_password,ACCOUNT,BL,10531
1696,i want help adding an item to purchase {{Order Number}},change_order,ORDER,BLQ,213
6876,help to see in which cases can i request my money back,check_refund_policy,REFUND,BLQ,2995
12921,can i check when my package is gonna arrive,delivery_period,DELIVERY,BILQ,6436
15561,i have to download the bill from {{Person Name}},get_invoice,INVOICE,BLQ,7618
20868,I am trying to restore my user profile PIN,recover_password,ACCOUNT,BL,11182
18774,I don't know how to inform of issues with online payment,payment_issue,PAYMENT,BLM,9117
20979,what do i have to do to inform of a signup error,registration_problems,ACCOUNT,BILQ,11278
3889,would it be possible to check the early termination charge?,check_cancellation_fee,CANCEL,BILP,1769
11144,"I do not need the {{Account Type}} account, can you help me to close it?",delete_account,ACCOUNT,BCEIL,5625
3118,I need to check the early termination fee,check_cancellation_fee,CANCEL,BL,1413
9035,"you arenot being helpful at all, I want to speak to a person",contact_human_agent,CONTACT,BCELZ,4427
19611,"I have to purchase an article, how can I do it?",place_order,ORDER,BCIL,10135
17962,assistancesolving a trouble with payment,payment_issue,PAYMENT,BLZ,9010
14962,I'm trying to download the invoice #00108,get_invoice,INVOICE,BLQ,7661
11746,I want help closing my pro account,delete_account,ACCOUNT,BL,5849
18341,help to report a payment error,payment_issue,PAYMENT,BL,9127
16558,i do not know how i can obtain a restitution of my money,get_refund,REFUND,BELQ,8276
5942,can you help me seeing in what cases can I request refunds?,check_refund_policy,REFUND,BIL,2977
5373,i have to check the payment methods,check_payment_methods,PAYMENT,BLQ,2488
7811,I'm trying to file a consumer claim against ur business,complaint,FEEDBACK,BLQ,3819
26638,how to see if there is anything new on my compensation,track_refund,REFUND,BILQ,13795
16777,i want assistance requesting rebates,get_refund,REFUND,BLMQ,8551
11316,I am looking for information about a pro account removal,delete_account,ACCOUNT,BEL,5712
7662,I do not know how to lodge a claim against your business,complaint,FEEDBACK,BEL,3375
2252,I can't modify theaddress,change_shipping_address,SHIPPING,BLZ,946
16621,I have got to receive compensations,get_refund,REFUND,BLM,8464
1407,I want help swapping an item of order {{Order Number}},change_order,ORDER,BL,471
23497,"I need to submit a shipping address, can you help me?",set_up_shipping_address,SHIPPING,BCIL,12939
13754,I want help checking how soon can I expect the parcel,delivery_period,DELIVERY,BL,6418
13865,i have to check when my item is gonnaarrive help me,delivery_period,DELIVERY,BCQZ,6924
17179,I need assistance to sign up to the newsletter,newsletter_subscription,SUBSCRIPTION,BLZ,8691
1615,want help to switch several items of purchase {{Order Number}},change_order,ORDER,BLMQ,440
5055,could i list ur accepted payment options,check_payment_methods,PAYMENT,BILPQ,2560
15440,download invoices from {{Person Name}},get_invoice,INVOICE,BKLM,7643
16078,I need assistance to receive a rebate of money,get_refund,REFUND,BL,8139
7859,could uhelp me lodge an consumer claim,complaint,FEEDBACK,BILPQZ,3840
7794,want help to file a customer claim against ur company,complaint,FEEDBACK,BLQ,3427
4778,I want to give a quick look at the invoice #12588,check_invoice,INVOICE,BL,2085
19040,how to earn several articles,place_order,ORDER,BILMQ,9724
25476,help to see order {{Order Number}} current status,track_order,ORDER,BL,13523
10179,open a platinum account for my dad,create_account,ACCOUNT,BL,5122
19588,i do not know what i have to do to purchase some articles,place_order,ORDER,BELMQ,10164
6545,assistance seeing how olng refunds take,check_refund_policy,REFUND,BLZ,3221
11426,information about the termination of my pro account,delete_account,ACCOUNT,BL,5716
4670,want help to se the invoices from {{Person Name}},check_invoice,INVOICE,BLMQZ,2349
21594,report registration issues,registration_problems,ACCOUNT,BKM,11200
10813,create gold account for wife,create_account,ACCOUNT,BKL,5415
7877,I have got to make a customer reclamation,complaint,FEEDBACK,BL,3845
9448,assistance to talk to an assistant,contact_human_agent,CONTACT,BL,4362
7167,i do not know what to do to make a claim against ur company,complaint,FEEDBACK,BELQ,3505
8586,do uhave a toll-free number to talk to customer assistance,contact_customer_service,CONTACT,BILQ,4202
5684,I try to see the payment methods,check_payment_methods,PAYMENT,BL,2855
26710,check the current status of my rebate,track_refund,REFUND,BL,13819
5485,ned assistance checking ur available payment methods,check_payment_methods,PAYMENT,BLQZ,2767
989,"I no longer want purchase {{Order Number}}, can you cancel it?",cancel_order,ORDER,BCILN,198
3526,I need help to check the early exit penalty,check_cancellation_fee,CANCEL,BL,1433
24736,can i use the {{Account Type}} account,switch_account,ACCOUNT,BIQ,13160
24810,I want to change to the standard account,switch_account,ACCOUNT,BL,13171
3965,i dont know how to give a quick look at bill #12588,check_invoice,INVOICE,BLQ,1950
24422,how do I use the pro account?,switch_account,ACCOUNT,BI,13380
21935,i do not know how i can write a comment about a service,review,FEEDBACK,BELQ,11897
11312,problem with {{Account Type}} account cancellations,delete_account,ACCOUNT,BLM,5510
15426,need help downloading my bill #37777,get_invoice,INVOICE,BLQ,7830
2868,"I have chosen a wrong shipping address, how do I correct it?",change_shipping_address,SHIPPING,BCIL,1342
12232,can you help me see what shipment methods you offer?,delivery_options,DELIVERY,BILM,6143
23147,I need to enter a different shipping address,set_up_shipping_address,SHIPPING,BL,12616
7211,what do I need to do to file a consumer claim?,complaint,FEEDBACK,BIL,3534
12655,can uhelp me seeing the options for shipment,delivery_options,DELIVERY,BILQ,6331
7077,can you help me to file a fucking customer reclamation?,complaint,FEEDBACK,BILW,3447
3126,can you shlw me the termination charges?,check_cancellation_fee,CANCEL,BILMZ,1518
6011,i want help to see in what cases can irequest refunds,check_refund_policy,REFUND,BLQZ,3019
12915,"I have got to check when will my parcel arrive, I need help",delivery_period,DELIVERY,BCL,6431
20791,reset the access key of my account,recover_password,ACCOUNT,BL,11116
19494,could you help me placing an order?,place_order,ORDER,BILP,10119
11982,cn I place an order from {{Delivery City}}?,delivery_options,DELIVERY,BISZ,6017
7201,"my experience with your company was awful, file a complaint",complaint,FEEDBACK,BCL,3526
19181,is it possible to buy some items?,place_order,ORDER,BIM,9855
19532,is it possible to purchase an article?,place_order,ORDER,BIL,10147
8837,uhave a free number to get in touch with customer assistance,contact_customer_service,CONTACT,BILQ,4297
15504,can you send me my damn invoice from {{Person Name}}?,get_invoice,INVOICE,BILW,7858
4510,would it be possible to lolok for my bill #12588,check_invoice,INVOICE,BILPQZ,2272
23565,"I have got to enter a delivery address, can you help me?",set_up_shipping_address,SHIPPING,BCIL,12974
6714,want help to see in which cases can I request reimbursements,check_refund_policy,REFUND,BLQ,2973
19098,I want asistance to acquire a product,place_order,ORDER,BLZ,9780
3650,seeing cancellation fees,check_cancellation_fee,CANCEL,BLM,1791
12548,need to check what shipment options i can choose help me,delivery_options,DELIVERY,BCLMQ,6074
23296,troubles entering the secondary delivery address,set_up_shipping_address,SHIPPING,BLM,12663
8580,what hours can I call customer service?,contact_customer_service,CONTACT,BIL,3897
19026,"I have to purchase several of your product, I need help",place_order,ORDER,BCLM,9712
26547,assistance checking the current status of my restitution,track_refund,REFUND,BL,13933
5521,how to check what payment payment modalities ya accrpt,check_payment_methods,PAYMENT,BILQZ,2785
3651,I wantto see the termination charge,check_cancellation_fee,CANCEL,BLZ,1792
24567,how to use the freemium account?,switch_account,ACCOUNT,BI,13186
2417,will you give me information about correcting the address?,change_shipping_address,SHIPPING,BILP,1062
10527,create nbew {{Account Category}} account,create_account,ACCOUNT,BKLZ,5287
14420,update information on {{Account Category}} account,edit_account,ACCOUNT,BKL,6964
14835,need to correct the damn data on my user how do i do it,edit_account,ACCOUNT,BCILQW,7571
13600,i need assistance to see how soon can i expect the order,delivery_period,DELIVERY,BLQ,6732
20173,have a question about my pin code recovery,recover_password,ACCOUNT,BLQ,10660
19476,want assistancd purchasing several of ur product,place_order,ORDER,BLMQZ,10108
19759,eqrn several of your item,place_order,ORDER,BLMZ,10313
10256,help with opening a {{Account Type}} account,create_account,ACCOUNT,BL,5016
7464,I need to lodge a consumer claim against your business,complaint,FEEDBACK,BL,3481
3346,"I want to see the cancellation fees, I need assistance",check_cancellation_fee,CANCEL,BCLM,1649
8955,i want assistance to talk to a person,contact_human_agent,CONTACT,BLQ,4364
16840,I want assistance demanding a compensation,get_refund,REFUND,BL,8161
9400,I need help chatting with an operator,contact_human_agent,CONTACT,BL,4415
16247,need help requesting rebates,get_refund,REFUND,BLMQ,8258
22964,need to subit my new shipping address will uhelp me,set_up_shipping_address,SHIPPING,BCILPQZ,12661
22682,how to submit my feedback about your services?,review,FEEDBACK,BIL,12460
13779,I want to see when my purchase is going to arrive,delivery_period,DELIVERY,BL,6521
18368,i try to inform of issues with payment,payment_issue,PAYMENT,BLMQ,9173
22354,i want help to write a opinion for ur products,review,FEEDBACK,BLQZ,12231
9800,"I don't understand you, I need help talking to a person",contact_human_agent,CONTACT,BCL,4747
16860,need help obtaining rebates,get_refund,REFUND,BLMQ,8233
13932,need to update the data included on my account how to do it,edit_account,ACCOUNT,BCILQ,6973
10079,how to create a {{Account Category}} account,create_account,ACCOUNT,BIQ,4932
10642,give me information about opening {{Account Category}} accounts,create_account,ACCOUNT,BLM,4944
22972,I do not know what I need to do to set up a delivery address,set_up_shipping_address,SHIPPING,BEL,12594
8959,I try to chat with somebody,contact_human_agent,CONTACT,BL,4367
7093,is it possible to lodge a customer claim,complaint,FEEDBACK,BILQ,3458
9967,open another freemium account for mum,create_account,ACCOUNT,BKL,4975
18150,i want help to report a payment issue,payment_issue,PAYMENT,BQ,9159
5805,I need assistance listing the available payment methods,check_payment_methods,PAYMENT,BL,2531
24193,wantassistance to change to the {{Account Type}} account,switch_account,ACCOUNT,BLQZ,13289
9223,can you help me talking with someone?,contact_human_agent,CONTACT,BIL,4562
21694,I need assistance informing of an issue with registrations,registration_problems,ACCOUNT,BL,11611
9756,i do not know how i can talk to an operator,contact_human_agent,CONTACT,BELQ,4607
6975,help to lodge a customer claim against your business,complaint,FEEDBACK,BL,3375
9663,how do I speak with a fucking operator?,contact_human_agent,CONTACT,BILW,4797
20809,what do i need to do to restore my pin code,recover_password,ACCOUNT,BILQ,10405
2128,I have a truble editing my shipping address,change_shipping_address,SHIPPING,BLZ,842
5822,checking allowed payment options,check_payment_methods,PAYMENT,BKL,2528
6423,i try to see how long reimbursements take,check_refund_policy,REFUND,BLQ,3043
9648,I am trying to contact a agent,contact_human_agent,CONTACT,BZ,4790
26665,can you help me check the status of my compensation?,track_refund,REFUND,BIL,14083
1510,I need to swap a product of order {{Order Number}},change_order,ORDER,BL,421
21085,can you help me to report a problem with a registration?,registration_problems,ACCOUNT,BIL,11354
10371,want help to create a {{Account Category}} account for my fiance,create_account,ACCOUNT,BLQ,5169
6781,help me see in what cases can i request to be reimbursed,check_refund_policy,REFUND,BLQZ,2984
14017,update {{Account Category}} account,edit_account,ACCOUNT,BKL,6951
20308,I cannot recover my account PIN code,recover_password,ACCOUNT,BELN,10775
4644,see the damn bills from {{Person Name}},check_invoice,INVOICE,BLMW,1923
8119,need to see what hours i can contacy customer assistance,contact_customer_service,CONTACT,BLQZ,4005
11425,close {{Account Type}} account,delete_account,ACCOUNT,BKL,5476
6768,I am trying to check how long reimbursements usually tke,check_refund_policy,REFUND,BLZ,3286
17471,help me subscribe to your newsletter,newsletter_subscription,SUBSCRIPTION,BLZ,8619
3943,find my bilps from {{Person Name}},check_invoice,INVOICE,BLMZ,1933
5752,wanna check theavailable payment options,check_payment_methods,PAYMENT,BLQZ,2888
18658,I want help to report a bloody error with onlien payments,payment_issue,PAYMENT,BLMWZ,9460
16594,i want assistance to receive my money back,get_refund,REFUND,BLQ,8449
12931,how do i check how son can i expect my item,delivery_period,DELIVERY,BILQZ,6445
16448,could you help me demanding rebates of mony?,get_refund,REFUND,BILMPZ,8369
19100,help to place an order,place_order,ORDER,BL,9782
6762,"I would like to see your damn refund policy, I need help",check_refund_policy,REFUND,BCLPW,3281
8302,help me see at what time I can call customer service,contact_customer_service,CONTACT,BL,3930
13782,i need assistance checking when my parcel is gonna arrive,delivery_period,DELIVERY,BLQ,6890
8109,do you have a free customer assistance phone number?,contact_customer_service,CONTACT,BIL,3999
10288,wanna ope a premium account could i get some help,create_account,ACCOUNT,BCILPQZ,5184
23242,where do I enter my shipping address?,set_up_shipping_address,SHIPPING,BIL,12830
10864,i do not know how ican open a premium account for my fiance,create_account,ACCOUNT,BELQZ,5445
5516,help me see your allowed payment options,check_payment_methods,PAYMENT,BL,2542
13900,i have to edit my personal info,edit_account,ACCOUNT,BQ,6943
1896,I need to remove several articles from purchase {{Order Number}},change_order,ORDER,BLM,685
12091,delieries to {{Delivery City}},delivery_options,DELIVERY,BSZ,6116
9934,i want help to open a standard account for my dad,create_account,ACCOUNT,BLQ,4946
15660,could you mail me my goddamn invoices from {{Person Name}}?,get_invoice,INVOICE,BILMPW,7906
19601,where can I acquire some of your item?,place_order,ORDER,BILM,10034
20082,could I recover my key?,recover_password,ACCOUNT,BILP,10577
4798,"I can't find my bills from {{Person Name}}, find them for me",check_invoice,INVOICE,BCLM,2405
17594,I am trying to unsubscribe from the company newsletter,newsletter_subscription,SUBSCRIPTION,BL,8619
16360,how do i obtain a restitution of money,get_refund,REFUND,BILQ,8276
22616,i want assistance to submit my feedback for a service,review,FEEDBACK,BLQ,12416
3605,i do not know how to check the withdrawal charge,check_cancellation_fee,CANCEL,BELQ,1462
11601,problems with gold account deletions,delete_account,ACCOUNT,BLM,5762
16040,help to receive rebates of money,get_refund,REFUND,BLM,8110
3175,is it possible to check the cancellation penalty?,check_cancellation_fee,CANCEL,BIL,1551
19789,"I have to earn an article, how can I do it?",place_order,ORDER,BCIL,10331
7128,I call to make a customer complaint,complaint,FEEDBACK,BL,3482
12830,"I have to check what delivery methods I can choose, help me",delivery_options,DELIVERY,BCLM,6389
2498,help to edit the delivery address,change_shipping_address,SHIPPING,BL,1105
9816,will you transfer to me somebody?,contact_human_agent,CONTACT,BILP,4881
22649,how can i submit some feedback abot ur company,review,FEEDBACK,BILQZ,12437
10798,i aint registered yet could i open a pro account withyou,create_account,ACCOUNT,BCILPQZ,5410
13185,I want information aboujt shipping periods,delivery_period,DELIVERY,BLZ,6626
11011,I do not know what I need to do to close a pro account,delete_account,ACCOUNT,BEL,5538
8524,show me at what time I can reach customer assistance,contact_customer_service,CONTACT,BL,3912
9750,i need assistance to talk to a human agent,contact_human_agent,CONTACT,BLQ,4341
15876,get invoice from nine months ago,get_invoice,INVOICE,BKM,7973
22534,i need help leaving an opinion for a product,review,FEEDBACK,BLQ,12065
8802,do you have a free number to talk with customer service?,contact_customer_service,CONTACT,BIL,4286
20181,"I want to restore my profile PIN code, I need help",recover_password,ACCOUNT,BCL,10668
3260,i need help seeing the withdrawal fee,check_cancellation_fee,CANCEL,BLQ,1608
10339,how can i get information about creating standard accounts,create_account,ACCOUNT,BIMQ,5212
16815,I don't know how I can obtain rebates,get_refund,REFUND,BLM,8575
1630,how could I swap several items of purchase {{Order Number}}?,change_order,ORDER,BILMP,297
1030,i need help removing several items from order {{Order Number}},change_order,ORDER,BMQ,232
5606,I'm trying to list ur accepted payment modalities,check_payment_methods,PAYMENT,BLQ,2823
12800,can you show me what shipment options are available?,delivery_options,DELIVERY,BILM,6067
6897,want help to see ur money back policy,check_refund_policy,REFUND,BLQ,2991
14127,correcting data on {{Account Category}} account,edit_account,ACCOUNT,BL,7139
18546,where do i notify of a problem with online payments,payment_issue,PAYMENT,BILMQ,9391
14385,i do not know what to do to modify the user info,edit_account,ACCOUNT,BELQ,7314
3024,wannasee the cancellation penalties can uhelp me,check_cancellation_fee,CANCEL,BCILMQZ,1447
21722,I have to report signup errors,registration_problems,ACCOUNT,BLM,11706
13050,I'm calling to see when my delivery is gonna arrive,delivery_period,DELIVERY,BLQ,6540
20879,I am looking for information about my key reset,recover_password,ACCOUNT,BEL,11170
12963,assistance to check how soon can I expect my parcel,delivery_period,DELIVERY,BL,6418
6356,need help to see in what cases can I request my money back,check_refund_policy,REFUND,BLQ,3092
19900,where to recover the pass og my user account,recover_password,ACCOUNT,BILQZ,10410
21375,I want to notify of goddamn registration errors,registration_problems,ACCOUNT,BLMW,11552
24454,"I have got to use the gold account, can I get some help?",switch_account,ACCOUNT,BCI,13390
18467,need helpsolving problems with online payment,payment_issue,PAYMENT,BLMQZ,9350
1667,i cant add some goddamn products to purchase {{Order Number}},change_order,ORDER,BLMNQW,417
11302,have a problem with the cancellation of my gold account,delete_account,ACCOUNT,BLQ,5706
13214,where to see how soon can I expect my order?,delivery_period,DELIVERY,BILZ,6453
152,I don't want purchase {{Order Number}},cancel_order,ORDER,BLN,53
3384,I want help to see the withdrawal penalty,check_cancellation_fee,CANCEL,BL,1442
5311,how could I see your bloody accepted payment modalities?,check_payment_methods,PAYMENT,BILPW,2693
1383,I'd like to add a prdouct to purchase {{Order Number}} will uhelp me,change_order,ORDER,BCILPQZ,461
26469,I don't know how I can track my rebate,track_refund,REFUND,BL,14033
9864,i need help to speak with a human agent,contact_human_agent,CONTACT,BLQ,4377
21822,can I inform of a problem with registrations?,registration_problems,ACCOUNT,BIL,11637
23151,i have an issue setting up my new dedlivery address,set_up_shipping_address,SHIPPING,BLQZ,12782
2918,tell me more about updating the delivery address,change_shipping_address,SHIPPING,BL,915
13286,show me how long it takes for my article to arrive,delivery_period,DELIVERY,BL,6491
18879,"the payment failed, where do I notify of errors?",payment_issue,PAYMENT,BCILM,9576
19386,what do I need to do to acquire some of your product?,place_order,ORDER,BILM,9894
24617,"I want to use the standard profile, I need help",switch_account,ACCOUNT,BCL,13444
14100,need assistance modifying my user info,edit_account,ACCOUNT,BLQ,7117
2068,I need assistance trying to correct my delivery address,change_shipping_address,SHIPPING,BL,790
4706,I need to see my goddamn invoices from last year,check_invoice,INVOICE,BLMW,2362
20179,where can I find information about a password retrieval?,recover_password,ACCOUNT,BIL,10666
6394,i have got to see how long reimbursements take,check_refund_policy,REFUND,BLQ,3043
14156,changing informatiln on {{Account Category}} account,edit_account,ACCOUNT,BKLZ,7163
7456,help me lodge a customer reclamation against ur company,complaint,FEEDBACK,BLQ,3474
22874,want assistance sending some feedback about a product,review,FEEDBACK,BLQ,11908
5399,I need help to see the available payment methods,check_payment_methods,PAYMENT,BL,2523
21956,can I leave a comment about a service?,review,FEEDBACK,BIL,11916
6220,help me to check in which cases can I ask for refunds,check_refund_policy,REFUND,BL,2986
12853,i do not know what to do to see the options for shipping,delivery_options,DELIVERY,BELQ,6105
3152,help me to check the early exit charges,check_cancellation_fee,CANCEL,BLM,1535
18073,report a goddamn problem with payment,payment_issue,PAYMENT,BLW,9103
8368,I want to check what hours I can reach customer support,contact_customer_service,CONTACT,BL,3869
20889,I want assistance to notify of an error with sign-up,registration_problems,ACCOUNT,BL,11197
17649,tell me about cancelling my company newsletter subscription,newsletter_subscription,SUBSCRIPTION,BL,8716
17898,can uhelpme informing of a problem with payments,payment_issue,PAYMENT,BILMQZ,8951
11045,"I do not need the {{Account Category}} account, can I cancel it?",delete_account,ACCOUNT,BCEIL,5563
4716,want help to give a quick look at invoice #12588,check_invoice,INVOICE,BLQ,2085
5538,how to see what payment options you accept?,check_payment_methods,PAYMENT,BIL,2501
6478,show me under what circumstances can I ask for my money back,check_refund_policy,REFUND,B,3195
8055,help me speaking with damn customer service,contact_customer_service,CONTACT,BLW,3967
7578,help me lodge a consumer claim against ur company,complaint,FEEDBACK,BLQ,3571
1597,i try to correct order {{Order Number}},change_order,ORDER,BLQ,258
22636,can ya help me to leave a review about a service,review,FEEDBACK,BILQ,11963
11768,would you give meinformation about {{Account Type}} account removals?,delete_account,ACCOUNT,BILMPZ,5922
17455,help canceling my subscription to the corporate newsletter,newsletter_subscription,SUBSCRIPTION,BL,8629
9058,can you help me talk with someone?,contact_human_agent,CONTACT,BIL,4444
11611,i need assistance deleting a {{Account Category}} account,delete_account,ACCOUNT,BLQ,5531
9312,how do I chat with a fucking person?,contact_human_agent,CONTACT,BILW,4615
17872,tell me about subscribing to your newsletter,newsletter_subscription,SUBSCRIPTION,BL,8940
15487,I do not know what I need to do to download the bill #12588,get_invoice,INVOICE,BEL,7631
16677,i have got to obtain an reimbursement of money,get_refund,REFUND,BLQZ,8014
3927,want assistance giving a quick look at the bill #85632,check_invoice,INVOICE,BLQ,1918
11814,give me information about the deletion of my standardaccount,delete_account,ACCOUNT,BLZ,5946
9612,how do I talk with a agent?,contact_human_agent,CONTACT,BILZ,4590
13762,help me checking how long it takes for the product to arrive,delivery_period,DELIVERY,BL,6501
9706,I do not know what I need to do to speak with an assistant,contact_human_agent,CONTACT,BEL,4584
20148,where can I get information about my lost PIN code?,recover_password,ACCOUNT,BIL,10637
12333,how do I check what shipment methods are available?,delivery_options,DELIVERY,BILM,6031
25536,how can i see order {{Order Number}} status,track_order,ORDER,BILQ,13523
22529,do you have an e-mail to send a comment for your company?,review,FEEDBACK,BIL,12361
8611,where do i see at what time i can reach customer support,contact_customer_service,CONTACT,BILQ,3932
18268,want assistance to notify of an issue with payment,payment_issue,PAYMENT,BLQ,8959
3691,show cancellation penalty,check_cancellation_fee,CANCEL,BKL,1409
11460,find information about the deletion of my freemium account,delete_account,ACCOUNT,BL,5790
250,i can no longer afford purchase {{Order Number}},cancel_order,ORDER,BLNQ,6
13277,is it possible to see how soon can i expect my delivery,delivery_period,DELIVERY,BILQ,6670
17828,want help to cancel my newsletter subscriotion,newsletter_subscription,SUBSCRIPTION,BLQZ,8930
13688,where do i check how soon can i expect the delivery,delivery_period,DELIVERY,BIQ,6853
7762,how can I lodge a reclamation against your business?,complaint,FEEDBACK,BIL,3795
23392,"I need to set up the new delivery address, how to do it?",set_up_shipping_address,SHIPPING,BCIL,12878
22535,I want assistance to write a review for your company,review,FEEDBACK,BL,12365
5050,I am trying to list your acceoted payment options,check_payment_methods,PAYMENT,BLZ,2557
15741,I don't know what to do to download the invoice #37777,get_invoice,INVOICE,BL,7666
11839,closing freemium account,delete_account,ACCOUNT,BKL,5621
15774,i do not know how i can downloaad the bill #12588,get_invoice,INVOICE,BELQZ,7631
20787,I need help recoveting my user profile key,recover_password,ACCOUNT,BLZ,11135
15850,can uhelp me download the invoice from {{Person Name}},get_invoice,INVOICE,BILQ,7643
24314,i hav to change to the premium account help me,switch_account,ACCOUNT,BCLQZ,13344
5948,I am trying to see in what cases can I request my money back,check_refund_policy,REFUND,BL,2981
24839,how do I use the pro profile?,switch_account,ACCOUNT,BIL,13307
6173,can I see in what situations can I request to be reimbursed?,check_refund_policy,REFUND,BIL,3094
13371,show me how soon can I expect my shipment,delivery_period,DELIVERY,BL,6722
25033,is it possible to see purchase {{Order Number}} status?,track_order,ORDER,BIL,13574
15191,mail me the bills from {{Person Name}},get_invoice,INVOICE,BLM,7753
26437,need help checking if there are any updates on the refund,track_refund,REFUND,BMQ,13813
15486,I call to get my bills from {{Person Name}},get_invoice,INVOICE,BLM,7614
5282,assistance to list the payment options,check_payment_methods,PAYMENT,BL,2675
1988,I need assistajce to remove something from order {{Order Number}},change_order,ORDER,BZ,235
19887,I would like to earn several items,place_order,ORDER,BLMP,10399
6125,is it possible to see in which cases can i ask for refunds,check_refund_policy,REFUND,BILQ,3075
16376,how could I receive a refund?,get_refund,REFUND,BILP,8326
9061,contcat an agent,contact_human_agent,CONTACT,BZ,4445
12461,could i order feom {{Delivery City}},delivery_options,DELIVERY,BIPQSZ,6272
176,i dont know how to cancel purchase {{Order Number}},cancel_order,ORDER,BLQ,3
17900,my card was declined help to inform oof a payment issue,payment_issue,PAYMENT,BCLQZ,8953
22921,i want aswistance to set up the new delivery address,set_up_shipping_address,SHIPPING,BLQZ,12625
14449,need to correct the info included on my user profile,edit_account,ACCOUNT,BLQ,7252
11570,is it possible to delete my freemium account?,delete_account,ACCOUNT,BIL,5834
10878,how can i create a standard account,create_account,ACCOUNT,BIQ,5034
8416,i have to check what hours i can reach customer service,contact_customer_service,CONTACT,BLQ,3907
9034,direct to mw someone,contact_human_agent,CONTACT,BLZ,4426
24791,need to switch to the {{Account Type}} account,switch_account,ACCOUNT,BQ,13125
11256,find information about the termination of a freemium account,delete_account,ACCOUNT,BL,5678
3355,I do not know how I can check theearly exit penalty,check_cancellation_fee,CANCEL,BELZ,1654
2174,help trying to modify the delivery address,change_shipping_address,SHIPPING,BL,882
20098,I want ot retrieve the access key of my user account,recover_password,ACCOUNT,BLZ,10592
22306,submit product review,review,FEEDBACK,BK,12197
9927,I don't know what to do to create a pro account,create_account,ACCOUNT,BL,4939
4740,I have got to look for my bill #00108,check_invoice,INVOICE,BL,2381
16194,i have to receive rebates of money,get_refund,REFUND,BLMQ,8110
9259,I try to speak with an operator,contact_human_agent,CONTACT,BL,4435
20915,what do I have to do to report signup errors?,registration_problems,ACCOUNT,BILM,11222
7419,can I file a consumer claim against your organization?,complaint,FEEDBACK,BIL,3321
14682,changing information on gold account,edit_account,ACCOUNT,BKL,7493
20935,i cant open a user profile where do i report sign-u errors,registration_problems,ACCOUNT,BCILMNQZ,11241
23482,how to set up the secondary delivery address,set_up_shipping_address,SHIPPING,BILQ,12668
14337,what do I have to do to change my user data?,edit_account,ACCOUNT,BIL,7279
2598,there are problems trying to correct the address,change_shipping_address,SHIPPING,BLM,1180
4861,I'd like to find my bills from {{Person Name}} how cam i do it,check_invoice,INVOICE,BCILMPQZ,2436
16462,i dont know what i need to do to request rebates,get_refund,REFUND,BLMQ,8379
18406,I am trying to notify of problems with online payment,payment_issue,PAYMENT,BLM,9311
10192,I don't know what I have to do to open a {{Account Type}} account,create_account,ACCOUNT,BL,5115
19354,I do not know what I need to do to purchase some products,place_order,ORDER,BELM,10006
15794,I don't know what to do to download my invoice #12588,get_invoice,INVOICE,BL,7621
8898,help seeing what hours customer assistance available is,contact_customer_service,CONTACT,BL,3924
9593,help to talk with a person,contact_human_agent,CONTACT,BL,4578
25188,help me see the status of order {{Order Number}},track_order,ORDER,BL,13523
5481,"I have got to list the damn payment methods, how to do it?",check_payment_methods,PAYMENT,BCILW,2764
17963,I need assistance solving payment errors,payment_issue,PAYMENT,BLM,9011
15827,i want help getting the invoice #00108,get_invoice,INVOICE,BQ,7670
24740,I want to use the {{Account Type}} profile,switch_account,ACCOUNT,BL,13175
5302,I do not know how I can check the payment options,check_payment_methods,PAYMENT,BEL,2687
21524,how do i inform of a problem with registrations,registration_problems,ACCOUNT,BILQ,11215
21447,how to inform of an error with signup?,registration_problems,ACCOUNT,BIL,11518
13184,I try to see how soon can I expect my fucking package,delivery_period,DELIVERY,BLW,6625
12136,do you edliver to {{Delivery Country}}?,delivery_options,DELIVERY,BISZ,6139
16219,i dont knwo what to do to get damn refunds,get_refund,REFUND,BMQWZ,8238
14450,updating info on pro account,edit_account,ACCOUNT,BKLQ,7353
10617,how to open a {{Account Category}} account?,create_account,ACCOUNT,BIL,4970
8246,where can I check what hours customer support available is?,contact_customer_service,CONTACT,BIL,4071
23012,where can i set up another shipping address,set_up_shipping_address,SHIPPING,BIQ,12659
3498,help checking the termmination fees,check_cancellation_fee,CANCEL,BLMZ,1728
18292,want help to inform of issues with online payments,payment_issue,PAYMENT,BLMQ,8981
19029,i domt know how to buy several of ur item,place_order,ORDER,BMQZ,9714
11227,I want assistance deleting a {{Account Category}} account,delete_account,ACCOUNT,BL,5531
10867,open a freemium account,create_account,ACCOUNT,BL,5296
19046,I don't know how I can earn an article,place_order,ORDER,BL,9730
17259,can uhelp me to sign up to the newsletter,newsletter_subscription,SUBSCRIPTION,BILQ,8762
16817,what do I have to do to request a restitution of money?,get_refund,REFUND,BIL,8577
20229,can you help me resetting my user profile PIN?,recover_password,ACCOUNT,BIL,10709
23504,need to set my fucking shipping address up how do i do it,set_up_shipping_address,SHIPPING,BCILQW,12940
23336,help me submitting the shipping address,set_up_shipping_address,SHIPPING,BL,12748
20804,I do not know how to retrieve my bloody account PIN code,recover_password,ACCOUNT,BELW,11145
2070,there are errors trying to change the shipping address,change_shipping_address,SHIPPING,BLM,792
12010,can I order from {{Delivery City}}?,delivery_options,DELIVERY,BIS,6076
9963,Iam looking for information about opening a {{Account Category}} account,create_account,ACCOUNT,BELZ,4972
1804,I try to delete an product from purchase {{Order Number}},change_order,ORDER,BLZ,644
12996,I need assistance to see when my article is going to arrive,delivery_period,DELIVERY,BLZ,6500
4038,assistance giving a quick look at my bill from {{Person Name}},check_invoice,INVOICE,BL,2007
7170,how do I lodge a damn consumer reclamation?,complaint,FEEDBACK,BILW,3507
23470,help me entering the secondary delivery address,set_up_shipping_address,SHIPPING,BL,12666
2717,help to modiy the address,change_shipping_address,SHIPPING,BLZ,1257
20585,"I forgot my profile key, help me retrieving it",recover_password,ACCOUNT,BCL,10990
7694,I need to lodge a customer claim against your business,complaint,FEEDBACK,BL,3375
5970,see in which cases can I request my money back,check_refund_policy,REFUND,BL,2995
25549,where can i track order {{Order Number}},track_order,ORDER,BIQ,13527
13261,I try to see how long it takes for my article to arrive,delivery_period,DELIVERY,BL,6491
15021,i do not know what i need to do to download bill #00108,get_invoice,INVOICE,BELQ,7688
6196,want help to see in which situations can I ask for refunds,check_refund_policy,REFUND,BLQ,2976
1684,i need help changing some articles of order {{Order Number}},change_order,ORDER,BLMQ,349
9320,i do not know how i can chat with an operator,contact_human_agent,CONTACT,BELQ,4385
5205,can ya show me what payment payment modalities are allowed,check_payment_methods,PAYMENT,BILQ,2470
5930,can you help me check in which cases can I ask for refunds?,check_refund_policy,REFUND,BIL,2967
1378,want assistance to switch something of purchase {{Order Number}},change_order,ORDER,BLQ,459
12464,check options for delivery,delivery_options,DELIVERY,BK,6275
15960,is it possible to receive fucking refunds of my money?,get_refund,REFUND,BILMW,8041
14687,changing information on pro account,edit_account,ACCOUNT,BKL,7498
15131,i want help downloading the bill #85632,get_invoice,INVOICE,BLQ,7678
511,problems with cnceling purchase {{Order Number}},cancel_order,ORDER,BLMZ,136
23032,I want assistance to set the new shipping address up,set_up_shipping_address,SHIPPING,BL,12709
20402,how can I restore my user PIN code?,recover_password,ACCOUNT,BIL,10851
3437,I don't know how I could check the early termination charges,check_cancellation_fee,CANCEL,BLMP,1509
2755,how to edit the address?,change_shipping_address,SHIPPING,BIL,999
21834,how can I inform of a signup problem?,registration_problems,ACCOUNT,BIL,11818
20700,I don't know what I have to do to reset my pass,recover_password,ACCOUNT,BLQ,10748
19017,i want assistance to shop a product,place_order,ORDER,BLQ,9608
3323,can I see the withdrawal charges?,check_cancellation_fee,CANCEL,BILM,1636
10575,wanna know more about opening a {{Account Category}} account,create_account,ACCOUNT,BLQ,5310
24248,could you help me to change to the gold account?,switch_account,ACCOUNT,BILP,13294
11439,what do I need to do to close a fucking gold account?,delete_account,ACCOUNT,BILW,5779
26183,I want to know if there are any news on my refund,track_refund,REFUND,BLM,13936
15661,get invoices from 10 purchases ago,get_invoice,INVOICE,BKM,7907
20150,"I cannot remember my damn profile key, how to restore it?",recover_password,ACCOUNT,BCEILW,10639
24373,can I use the premium profile?,switch_account,ACCOUNT,BIL,13238
9847,how acn I chat with somebody?,contact_human_agent,CONTACT,BILZ,4897
6550,i want help checking in which cases can i ask for refunss,check_refund_policy,REFUND,BLQZ,3224
9465,I wan help speaking with an assistant,contact_human_agent,CONTACT,BLZ,4405
2321,i do not know what to do to edit the delivery address,change_shipping_address,SHIPPING,BELQ,834
3276,I have got to see the early exit penalpties,check_cancellation_fee,CANCEL,BLMZ,1613
25985,how to see the current status of my compensation?,track_refund,REFUND,BIL,13854
23447,there are errors setting the secondary delivery address up,set_up_shipping_address,SHIPPING,BLM,12924
24355,can I use the {{Account Category}} acclunt?,switch_account,ACCOUNT,BIZ,13358
20651,I need assistance to recover the PIN code of my profile,recover_password,ACCOUNT,BL,10705
22159,can I send feedback about a product?,review,FEEDBACK,BIL,12084
18575,help me informof errors with online payment,payment_issue,PAYMENT,BLMZ,9408
20239,can you help me retrieving my user profile password?,recover_password,ACCOUNT,BIL,10563
20258,I don't know what to do to restore my user profikle PIN,recover_password,ACCOUNT,BLZ,10733
5528,can you help me to see your allowed payment modalities?,check_payment_methods,PAYMENT,BIL,2755
13125,can you help me checking when will my parcel arrive?,delivery_period,DELIVERY,BIL,6592
26040,"I need to know if there are any news on my rebate, help me",track_refund,REFUND,BCLM,13878
8525,contact customer service,contact_customer_service,CONTACT,BK,3877
1490,"I want to modify order {{Order Number}}, how to do it?",change_order,ORDER,BCIL,503
11388,problems with the termination of a {{Account Category}} account,delete_account,ACCOUNT,BLM,5496
21320,i dont know how to notify of a registration problem,registration_problems,ACCOUNT,BLQ,11516
15076,I don't know how I can download the bills from {{Person Name}},get_invoice,INVOICE,BLM,7618
20944,help regarding my signup,registration_problems,ACCOUNT,BL,11248
6084,help to check in which cases can i erquest my money back,check_refund_policy,REFUND,BLQZ,3055
13963,updating {{Account Type}} accojnt,edit_account,ACCOUNT,BKLZ,7001
4127,checkbill #00108,check_invoice,INVOICE,BLZ,2062
16180,i want assistance to ask for a reimbursement of money,get_refund,REFUND,BLQ,8215
7144,help me to lodge a complaint against your business,complaint,FEEDBACK,BL,3389
12549,I want to check what delivery methods are available,delivery_options,DELIVERY,BLM,5993
1928,I have to change some damn articles of purchase {{Order Number}},change_order,ORDER,BLMW,695
17849,can uhelp me canceling my subscription to ur newsletter,newsletter_subscription,SUBSCRIPTION,BILQ,8616
14636,how to correct some of the details on my user profile,edit_account,ACCOUNT,BILMQ,7462
1779,how can I remove some articles from purchase {{Order Number}}?,change_order,ORDER,BILM,456
16629,I would like to obtain my money back,get_refund,REFUND,BLP,8469
15293,I'd like to get the bill from {{Person Name}} how to od it,get_invoice,INVOICE,BCILPQZ,7786
7627,make consumer reclamation against your business,complaint,FEEDBACK,BKL,3426
10343,I need assistance with opening a {{Account Type}} acount,create_account,ACCOUNT,BLZ,5016
7234,could I make a customer claim against your organization?,complaint,FEEDBACK,BILP,3338
12270,"I would like to see the delivery options, could you help me?",delivery_options,DELIVERY,BCILP,6206
19772,I don't know what I have to do to do a pucrhase,place_order,ORDER,BLZ,10320
9115,I don't know what I have to do to talk to an assistant,contact_human_agent,CONTACT,BL,4484
16161,i dont know how to get a reimbursement of my money,get_refund,REFUND,BLQ,8163
26680,what is my rebate status?,track_refund,REFUND,BIL,14087
18456,"I cannot make a payment, how could I report bloody problems?",payment_issue,PAYMENT,BCEILMPW,9344
7308,can i lodge a customer claim againmst ur company,complaint,FEEDBACK,BILQZ,3592
2782,want assistance modifying my address,change_shipping_address,SHIPPING,BLQ,1293
20345,where can i find information about a pwd reset,recover_password,ACCOUNT,BILQ,10805
4747,I'd liek to check the invoices from {{Person Name}} how to do it,check_invoice,INVOICE,BCIMPQZ,2384
16660,i need help to get refunds of my money,get_refund,REFUND,BMQ,8486
898,I want help cancelling order {{Order Number}},cancel_order,ORDER,B,17
15059,want assistance to get the bills from {{Person Name}},get_invoice,INVOICE,BLMQ,7614
20531,how can i get information about my pass reset,recover_password,ACCOUNT,BILQ,10946
16283,I need to get a compensation,get_refund,REFUND,BL,8255
13705,I want to see how soon can I expect my item,delivery_period,DELIVERY,BL,6857
3505,i need assistance to check the cancellation penalty,check_cancellation_fee,CANCEL,BLQ,1409
12616,help me check what goddamn shipping options are available,delivery_options,DELIVERY,BLMW,6319
5174,help me see your allowed payment modalities,check_payment_methods,PAYMENT,BL,2470
8152,show me at what time I can call customer service,contact_customer_service,CONTACT,BL,3930
24712,using {{Account Category}} accouny,switch_account,ACCOUNT,BKZ,13472
2906,there is an error trying to update my address,change_shipping_address,SHIPPING,BL,1059
11541,what do i have to do to close the {{Account Type}} account,delete_account,ACCOUNT,BILQ,5476
9436,need help to talk to an operator,contact_human_agent,CONTACT,BLQ,4366
26000,where do i track the refund,track_refund,REFUND,BIQ,13860
20411,I want help to reset the damn key of my user,recover_password,ACCOUNT,BLW,10857
18107,I need help to report issues with payment,payment_issue,PAYMENT,BM,9037
8732,where to check what hours customer service available is?,contact_customer_service,CONTACT,BI,4197
13549,show me how long it takes for the article to arrive,delivery_period,DELIVERY,BL,6491
8727,I want assistance to call customer service,contact_customer_service,CONTACT,BL,4256
1964,how can i add some bloody products to order {{Order Number}},change_order,ORDER,BILMQW,707
19447,I need assistance ordering an item,place_order,ORDER,BL,10084
18047,I have to reporta trouble with payment,payment_issue,PAYMENT,BLZ,9083
18393,assistance to solve an issue with online payment,payment_issue,PAYMENT,BL,9302
2944,i have issues modifying my delivery address,change_shipping_address,SHIPPING,BLMQ,1243
5983,can i check how long reimbursements usually take,check_refund_policy,REFUND,BILQ,3003
13192,"I have got to see how long the shipment takes, I need help",delivery_period,DELIVERY,BCL,6584
17564,I need to cancle my corporate newsletter subscription,newsletter_subscription,SUBSCRIPTION,BLZ,8869
14934,"I lost bill #85632, could you mail it to me?",get_invoice,INVOICE,BCILP,7644
7484,I do not know what I need to do to file a customer complaint,complaint,FEEDBACK,BEL,3677
15727,want assistance to download my invoice #12588,get_invoice,INVOICE,BLQ,7844
6374,i try to see in which situations can i ask for refunds,check_refund_policy,REFUND,BLQ,2976
1065,I try to remove some articles from order {{Order Number}},change_order,ORDER,BLM,265
26711,I am trying to check my rebate status,track_refund,REFUND,BL,14094
23723,set up my shipping address,set_up_shipping_address,SHIPPING,BL,12641
5159,I don't know how to see the accepted payment methods,check_payment_methods,PAYMENT,BL,2477
17404,I'd like information about my newsletter subscription,newsletter_subscription,SUBSCRIPTION,BLPQ,8821
11362,problems with pro account removals,delete_account,ACCOUNT,BLM,5741
5891,need sasistance seeing what payment options are accepted,check_payment_methods,PAYMENT,BLQZ,2945
24470,assistance changing to the premium account,switch_account,ACCOUNT,BL,13184
18989,I don't know how to acquire some articles,place_order,ORDER,BLM,9678
5652,i dont know how i can list the allowed payment options,check_payment_methods,PAYMENT,BLQ,2587
9757,I want assistance to talk with a human agent,contact_human_agent,CONTACT,BL,4341
15,can you help me cancel purchase {{Order Number}}?,cancel_order,ORDER,BIL,3
25524,where do I check the ETA of purchase {{Order Number}}?,track_order,ORDER,BIL,13518
13570,want help checking how soon can I expect myy product,delivery_period,DELIVERY,BLQZ,6801
9715,want help to talk to someone,contact_human_agent,CONTACT,BLQ,4543
23854,can i set up another shipping address,set_up_shipping_address,SHIPPING,BIQ,12659
25854,i want help to see purchase {{Order Number}} status,track_order,ORDER,BLQ,13522
19622,i dont know how i can shop several of ur product,place_order,ORDER,BLMQ,10210
10324,I need information about opening a {{Account Category}} account,create_account,ACCOUNT,BL,4944
6307,help to check your damn money back guarantee,check_refund_policy,REFUND,BLW,2975
22841,I try to submit some feedback about your company,review,FEEDBACK,BL,12395
7435,I have to make a consumer reclamation against your company,complaint,FEEDBACK,BL,3395
21824,I have to notify of an registration issue,registration_problems,ACCOUNT,BLZ,11650
18580,I don't know how to notify of an issue with online payment,payment_issue,PAYMENT,BL,9412
11598,closing pro account,delete_account,ACCOUNT,BKL,5849
7638,how to file a goddamn reclamation against your business?,complaint,FEEDBACK,BILW,3743
2227,I'm looking for infdormation about editing the address,change_shipping_address,SHIPPING,BELQZ,927
8047,what fucking hours can I call customer support?,contact_customer_service,CONTACT,BILW,3962
5907,"I want to see your payment methods, how to do it?",check_payment_methods,PAYMENT,BCIL,2949
19213,I am trying to order several of your article,place_order,ORDER,BLM,9883
14662,correct info on {{Account Type}} account,edit_account,ACCOUNT,BKLQ,7478
12138,help me checking what delivery methods I have,delivery_options,DELIVERY,BLM,6094
21969,do you have a way to send a comment about your products?,review,FEEDBACK,BIL,11928
17473,information about receiving your company newsletter,newsletter_subscription,SUBSCRIPTION,BL,8723
3196,what do I need to do to see the damn cancellation penalty?,check_cancellation_fee,CANCEL,BILW,1562
26057,I can't track my reimbursement,track_refund,REFUND,BLN,13888
1306,help to edit order {{Order Number}},change_order,ORDER,BL,234
15916,how could I obtain rebates of money?,get_refund,REFUND,BILMP,7997
25690,where is order {{Order Number}}?,track_order,ORDER,BI,13745
15072,"I want to get the goddamn bill from {{Person Name}}, help me",get_invoice,INVOICE,BCLW,7712
21464,help me to inform of a registration issue,registration_problems,ACCOUNT,BL,11209
23218,I need to enter another shipping address,set_up_shipping_address,SHIPPING,BL,12817
17226,I need help subscribing to your corporate newsletter,newsletter_subscription,SUBSCRIPTION,BL,8705
2442,what do i have to do to update my deliverey address,change_shipping_address,SHIPPING,BILQZ,1079
23176,I cannot submit another shipping address,set_up_shipping_address,SHIPPING,BEL,12799
4710,I want assistance checking my invoice #37777,check_invoice,INVOICE,B,2364
5276,can ya show me the payment methods,check_payment_methods,PAYMENT,BILQ,2669
6999,how do I make a consumer complaint against your businrss?,complaint,FEEDBACK,BILZ,3393
18641,i wan help to report payment problems,payment_issue,PAYMENT,BLMQZ,9448
24155,I need assistance to switch to a new account,switch_account,ACCOUNT,BL,13277
5445,assistance to see your allowed payment options,check_payment_methods,PAYMENT,BL,2542
24146,can you help me to change to the {{Account Type}} account?,switch_account,ACCOUNT,BIL,13124
16408,can you help me to ask for compensations?,get_refund,REFUND,BILM,8346
8643,show me at what time I can contact customer support,contact_customer_service,CONTACT,BL,3960
21516,can ya help me notifying of an issue with a sign-up,registration_problems,ACCOUNT,BILQ,11632
17221,can utell me more about receiving ur newsletter,newsletter_subscription,SUBSCRIPTION,BILQ,8755
26821,there is any updates on my rebate,track_refund,REFUND,BLM,14123
15587,can ya help me to get my bills from {{Person Name}},get_invoice,INVOICE,BILMQ,7614
20143,where do I restore my PIN code?,recover_password,ACCOUNT,BIL,10632
22661,uhave an method to leave feedback,review,FEEDBACK,BILQZ,12445
17354,how can i receive the newsletter,newsletter_subscription,SUBSCRIPTION,BILQ,8701
22578,I want assistance to leave feedback about a product,review,FEEDBACK,BL,12391
6441,I try to see under which circumstances can I ask for refunds,check_refund_policy,REFUND,BL,2978
3155,check termnation charge,check_cancellation_fee,CANCEL,BKLZ,1537
22297,I need assistance to submit my feedback about your products,review,FEEDBACK,BL,11896
20849,assistance recovering the access key of my account,recover_password,ACCOUNT,BL,10580
5126,I don't know how to see the allowed payment methods,check_payment_methods,PAYMENT,BL,2543
15623,what do i need to do to download my bill #12588,get_invoice,INVOICE,BILQ,7631
11930,help me to see what shipping options are available,delivery_options,DELIVERY,BLM,6014
20872,how to recover my bloody access key?,recover_password,ACCOUNT,BILW,11185
8632,hpw to call customer service?,contact_customer_service,CONTACT,BILZ,4221
22205,where do I submit feedback about your company?,review,FEEDBACK,BIL,12096
2570,i do not know how i can correct my delivery address,change_shipping_address,SHIPPING,BELQ,763
25044,need heop seeing the ETA of the purchase {{Order Number}},track_order,ORDER,BLQZ,13577
17224,check the status of my corporate newsletter subscription,newsletter_subscription,SUBSCRIPTION,BL,8757
26312,"I want to check my rebate current status, could you help me?",track_refund,REFUND,BCILP,13980
8911,I want assistance to contact customer support,contact_customer_service,CONTACT,BL,3979
8076,can uhelp me check what hours customer support available is,contact_customer_service,CONTACT,BILQ,3890
6700,help me to check your reimbursement policy,check_refund_policy,REFUND,BL,3001
13324,i want help to see when my package is gonna arrive,delivery_period,DELIVERY,BLQ,6436
632,I want help to cancel order {{Order Number}},cancel_order,ORDER,B,5
11720,clsoe freemium account,delete_account,ACCOUNT,BKLZ,5900
6492,can I see under which circumstances can I ask for a refund?,check_refund_policy,REFUND,BIL,2978
26544,i expect an refund of {{Refund Amount}} dollars was it processed,track_refund,REFUND,BCLQZ,14051
2638,i want help trying to change the address,change_shipping_address,SHIPPING,BLQ,1208
4940,can I pay with PayPal?,check_payment_methods,PAYMENT,BIL,2483
19869,I don't know what I need to do to purchase some items,place_order,ORDER,BLM,10391
1062,"I would like to modify order {{Order Number}}, how can I do it?",change_order,ORDER,BCILP,262
18661,I don't know how I could report a payment problem,payment_issue,PAYMENT,BLPZ,9463
25019,wanna locate order {{Order Number}} how can i do it,track_order,ORDER,BCILQ,13570
13249,can you help me to see when my product is going to arrive?,delivery_period,DELIVERY,BIL,6482
3495,help to check the early exit fee,check_cancellation_fee,CANCEL,BL,1683
1462,wanna add an article to order 370795561790will uhelp me,change_order,ORDER,BCILPQZ,494
13478,is it possible to check how soon can I expect the item?,delivery_period,DELIVERY,BI,6765
9154,what do i need to do to speak with a live agent,contact_human_agent,CONTACT,BILQ,4516
10712,what do I hqve to do to create a platinum account?,create_account,ACCOUNT,BILZ,5372
20314,assistance resetting the key of my user account,recover_password,ACCOUNT,BL,10781
7217,I do not know how I can make a customerr claim,complaint,FEEDBACK,BELZ,3538
26368,how to see the status of the compensation?,track_refund,REFUND,BIL,13999
11166,I do not know what I hae to do to close the {{Account Category}} account,delete_account,ACCOUNT,BELZ,5637
10317,"I want a different damn {{Account Category}} account, help me opening it",create_account,ACCOUNT,BCLW,5199
17788,i cantcancel my subscription to ur company newsletter,newsletter_subscription,SUBSCRIPTION,BLQZ,8921
11105,have a question about the termination of a Freemiumaccount,delete_account,ACCOUNT,BLQZ,5604
3277,i need assistance checking the damn cancellation charge,check_cancellation_fee,CANCEL,BLQW,1614
18633,report problems with payment,payment_issue,PAYMENT,BKLM,9070
26061,I expect a restitution of {{Currency Symbol}}{{Refund Amount}},track_refund,REFUND,BL,13790
18826,I need assistance solving a trouble with payment,payment_issue,PAYMENT,BL,9010
22718,how to send some feedback for ur products,review,FEEDBACK,BILQ,12275
3419,I don't know how I can check the withdrawal charge,check_cancellation_fee,CANCEL,BL,1616
20031,where do I retrieve my user password?,recover_password,ACCOUNT,BIL,10532
22715,i dont know how i can leave feedback for ur products,review,FEEDBACK,BLQ,12229
13530,how soon can I expect my article?,delivery_period,DELIVERY,BIL,6483
21504,i need assistance to report isues with a signup,registration_problems,ACCOUNT,BLMQZ,11623
19621,"I need to order something, will you help me?",place_order,ORDER,BCILP,10209
12736,"I have got to see the shipping options, how to do it?",delivery_options,DELIVERY,BCIL,6356
17112,need help signing up to ur newsletter,newsletter_subscription,SUBSCRIPTION,BLQ,8657
15843,what do I need to do to get my goddamn bill from {{Person Name}}?,get_invoice,INVOICE,BILW,7961
2802,can you tell me more about updating the address?,change_shipping_address,SHIPPING,BIL,915
3271,how can I check the early termination penalties?,check_cancellation_fee,CANCEL,BILM,1407
23816,error entering the new shipping address,set_up_shipping_address,SHIPPING,BL,12733
21154,I don't know how I could report issues with a sign-up,registration_problems,ACCOUNT,BLMP,11405
10542,i need help to create a platinum account,create_account,ACCOUNT,BQ,5060
9382,"you are not helpful at all, help me to chat with somebody",contact_human_agent,CONTACT,BCEL,4646
22105,wanna leave a comment for ur company could i get some help,review,FEEDBACK,BCILPQZ,12043
20578,how to reset the apssword of my account,recover_password,ACCOUNT,BILQZ,10984
19519,I am trying to earn a product,place_order,ORDER,BL,10138
2199,their is an error trying to update the shipping address,change_shipping_address,SHIPPING,BLZ,905
17637,I do not know how I can receive the newsletter,newsletter_subscription,SUBSCRIPTION,BEL,8701
13465,can you help me see when my article is goong to arrive?,delivery_period,DELIVERY,BILZ,6758
7012,help me to make a customer reclamation against your company,complaint,FEEDBACK,BL,3401
9871,help speaking to an agent,contact_human_agent,CONTACT,BL,4512
26601,I try to know if there is anything new on my refund,track_refund,REFUND,BL,13914
15988,where can i ask for compensations of money,get_refund,REFUND,BILMQ,8068
3554,show early termination ppenalties,check_cancellation_fee,CANCEL,BKLMZ,1752
22217,can you help me writing an opinion about your products?,review,FEEDBACK,BIL,12129
20995,where could I inform of issues with a signup?,registration_problems,ACCOUNT,BILMP,11292
1355,i have to delete an product from order {{Order Number}},change_order,ORDER,BLQZ,284
9163,I don't know what I have to do to speak to somebody,contact_human_agent,CONTACT,BL,4521
19902,where can i find information about the pin code recovery,recover_password,ACCOUNT,BILQ,10412
9391,help me speaking to a live agent,contact_human_agent,CONTACT,BL,4391
75,where could I cancel purchase {{Order Number}}?,cancel_order,ORDER,BILP,3
3982,I have to locate my damn bills from {{Person Name}},check_invoice,INVOICE,BLMW,1939
11751,want help closing a {{Account Category}} account,delete_account,ACCOUNT,BLQ,5547
11831,"I no longer make use of the {{Account Type}} account, how do I delete it?",delete_account,ACCOUNT,BCEIL,5956
5990,I have to see in what situations can I ask to be reimbursed,check_refund_policy,REFUND,BL,3006
9974,where to create a pro account?,create_account,ACCOUNT,BIL,4980
8075,"I have to speak with customer support, can you help me?",contact_customer_service,CONTACT,BCIL,3980
15016,I do not know how I could download the bill #00108,get_invoice,INVOICE,BELP,7688
1165,problems with deleting some productsfrom order {{Order Number}},change_order,ORDER,BLMZ,330
13722,"I need to see when will my package arrive, how do I do it?",delivery_period,DELIVERY,BCIL,6478
12388,help me checking what shipping methods you offer,delivery_options,DELIVERY,BLM,6072
21395,what do i have to do to notify of signup errors,registration_problems,ACCOUNT,BILMQ,11508
11671,can ya help me to close my {{Account Type}} account,delete_account,ACCOUNT,BILQ,5476
19882,i try ot order a few of ur item,place_order,ORDER,BLMQZ,10397
2478,I need to edit the delivery address,change_shipping_address,SHIPPING,BLZ,1105
14491,modify data on platinum account,edit_account,ACCOUNT,BKL,7374
19737,assistance buying several of your product,place_order,ORDER,BLM,10299
2474,I want support trying to modify my shipping address,change_shipping_address,SHIPPING,BL,1102
25574,want hewlp locating order {{Order Number}},track_order,ORDER,BLQZ,13712
19308,where can I acquire a few of your article?,place_order,ORDER,BILM,9964
14656,edit {{Account Type}} accont,edit_account,ACCOUNT,BKLZ,7473
6420,can I check in which cases can I ask for my money back?,check_refund_policy,REFUND,BIL,3143
2328,i want assistance trying to change ym shipping address,change_shipping_address,SHIPPING,BLQZ,921
15401,what do Ihave to do to download my invoice #85632?,get_invoice,INVOICE,BILZ,7823
1313,i have made a mistake help me modify purchase {{Order Number}},change_order,ORDER,BCLQZ,427
16451,can uhelp me requesting reimbursements of my money,get_refund,REFUND,BILMQ,8243
17270,help me to unsubscribe from ur damn corporate newsletter,newsletter_subscription,SUBSCRIPTION,BLQWZ,8630
16909,I am trying to unsubscribe from your company newsletter,newsletter_subscription,SUBSCRIPTION,BL,8619
5544,help me checking the available payment options,check_payment_methods,PAYMENT,BL,2795
18394,help to notify of payment issues,payment_issue,PAYMENT,BLM,9049
23077,can you help me set another delivery address up?,set_up_shipping_address,SHIPPING,BIL,12741
13442,where do I see when my package is going to arrive?,delivery_period,DELIVERY,BIL,6539
5850,can you show me what damn payment methods are allowed?,check_payment_methods,PAYMENT,BILW,2927
14649,edit pro account,edit_account,ACCOUNT,BKL,7470
24107,help using the pro profile,switch_account,ACCOUNT,BL,13258
21446,"I have to report a sign-up error, how to do it?",registration_problems,ACCOUNT,BCIL,11597
25367,can i check order {{Order Number}} current status,track_order,ORDER,BILQ,13523
13301,want help to see when my parcel is gonna arrive,delivery_period,DELIVERY,BLQ,6622
19847,need help to order some of your itdm,place_order,ORDER,BLMQZ,10375
12910,wanna know about the delivery period,delivery_period,DELIVERY,BMQ,6426
25567,help checkinjg the eta of order {{Order Number}},track_order,ORDER,BQZ,13519
22486,"I want to leave some feedback for a product, I need help",review,FEEDBACK,BCL,12100
20131,I need to reocver my pass,recover_password,ACCOUNT,BLQZ,10620
5473,how to see what payment methods are available,check_payment_methods,PAYMENT,BILQ,2523
7876,help me file a claim agazinst ur company,complaint,FEEDBACK,BLQZ,3844
10156,I need assistance creating a {{Account Type}} account for my dad,create_account,ACCOUNT,BL,5041
13559,"I have got to see when will my article arrive, how to do it?",delivery_period,DELIVERY,BCIL,6796
18277,wanna notify of a trouble with online payments,payment_issue,PAYMENT,BLMQ,8962
25358,wanna see hte eta of order {{Order Number}} help me,track_order,ORDER,BCLQZ,13667
21705,"I cannot open an account, how to report a sign-up issue?",registration_problems,ACCOUNT,BCEILN,11739
17036,assistance unsubscribing from your company newsletter,newsletter_subscription,SUBSCRIPTION,BL,8624
6605,I want help to see in which cases can I ask for refunds,check_refund_policy,REFUND,BL,2986
22794,do ya have an e-mail to submit a comment for a service,review,FEEDBACK,BILQZ,12534
21356,I am experiencing registration issues,registration_problems,ACCOUNT,BELM,11375
5124,"I want to see your payment modalities, can I get some help?",check_payment_methods,PAYMENT,BCIL,2594
9316,assistance to talk to somebody,contact_human_agent,CONTACT,BL,4408
24484,I don't know what to do to change to the gold account,switch_account,ACCOUNT,BL,13300
7017,want help to file a customer reclamation against ur business,complaint,FEEDBACK,BLQ,3405
6818,need to see in what cases can i request to be reimbursed,check_refund_policy,REFUND,BLQ,2984
16006,want assistance to request a restitution of money,get_refund,REFUND,BLQ,8082
22702,is there an address to submit an opinion for a service?,review,FEEDBACK,BIL,12474
8645,help seeing at what time I can reach customer service,contact_customer_service,CONTACT,BL,3876
7689,I want help filing a consumer complaint,complaint,FEEDBACK,BL,3770
23519,i need assistance to set up the new shipping address,set_up_shipping_address,SHIPPING,BLQ,12709
25415,check the eta of the order {{Order Number}},track_order,ORDER,BQ,13519
7710,help me making a consumer complaint against ur business,complaint,FEEDBACK,BLQ,3524
3285,what do I have to do to check the early exit fee ?,check_cancellation_fee,CANCEL,BILZ,1619
7846,help me making a complaint against your company,complaint,FEEDBACK,BLZ,3604
19420,I need help to earn several producst,place_order,ORDER,BLMZ,10060
13947,correct information on freemium account,edit_account,ACCOUNT,BKL,6986
21905,would it be possible to leave a comment for a service?,review,FEEDBACK,BILP,11869
9294,what do I have to do to speak to a live agent?,contact_human_agent,CONTACT,BIL,4603
21989,how could i leave a review about ur comoany,review,FEEDBACK,BILPQZ,11946
17152,is it possible to subscribe to your newsletter?,newsletter_subscription,SUBSCRIPTION,BIL,8730
23507,I can't set a new delivery address up,set_up_shipping_address,SHIPPING,BL,12941
20126,"I have lost my password, oculd you help me to recover it?",recover_password,ACCOUNT,BCILPVZ,10615
10001,"I do not have a freemium account, I try to register",create_account,ACCOUNT,BCELN,5003
5950,is it possibpe to check how long refunds take,check_refund_policy,REFUND,BIQZ,2983
8664,I want help to see what hours I can call customer support,contact_customer_service,CONTACT,BL,3904
24446,"I want to use the {{Account Category}} profile, help me",switch_account,ACCOUNT,BCLZ,13387
24956,where can i see purchaes {{Order Number}} status,track_order,ORDER,BILQZ,13546
25585,"I need to track purchase {{Order Number}}, how to do it?",track_order,ORDER,BCIL,13703
15322,get invoices from last purchase,get_invoice,INVOICE,BKM,7798
19608,what do I need to do to shop some of your product?,place_order,ORDER,BILM,10198
17785,help me unsubscribing to the newsletter,newsletter_subscription,SUBSCRIPTION,BL,8624
12059,is it possible to place na order from {{Delivery Country}},delivery_options,DELIVERY,BIQSZ,6011
14437,edit details oon gold account,edit_account,ACCOUNT,BKLMZ,7348
362,I need assistance cancelling purcjase {{Order Number}},cancel_order,ORDER,BLZ,105
11431,I have a question about my freemium account termination,delete_account,ACCOUNT,BL,5753
13357,i have to see when will my article arrive,delivery_period,DELIVERY,BLQ,6429
21471,want help reporting issues with signup,registration_problems,ACCOUNT,BLMQ,11607
10485,can you help me creating a standard account for my daughter?,create_account,ACCOUNT,BIL,5273
9504,Ineed to contact an agent,contact_human_agent,CONTACT,BZ,4706
1892,what do I have to do to change an item of purchase {{Order Number}}?,change_order,ORDER,BIL,683
8447,I want assistance speaking to customer support,contact_customer_service,CONTACT,BL,4000
23302,"I have got to submit hte secondary shipping address, help me",set_up_shipping_address,SHIPPING,BCLZ,12608
6320,i have to check how long reufnds take how to do it,check_refund_policy,REFUND,BCIQZ,3148
22450,how to send feedback about your products?,review,FEEDBACK,BIL,12302
20363,assistance recovering the access key of my user profile,recover_password,ACCOUNT,BL,10480
13241,wana check how soon can i expect my order i need help,delivery_period,DELIVERY,BCLQZ,6653
13127,help me see how long it takes for my article to arrive,delivery_period,DELIVERY,BL,6491
23366,I want assistance to submit a different shipping address,set_up_shipping_address,SHIPPING,BL,12620
13491,I have to check when my product is going to arrive,delivery_period,DELIVERY,BL,6495
18141,how could I report trfoubles with payment?,payment_issue,PAYMENT,BILMPZ,9150
25553,I do not know what to do to locate order {{Order Number}},track_order,ORDER,BEL,13630
3564,I have got to see the early exit fee,check_cancellation_fee,CANCEL,BL,1683
2431,can ugive me information about changing my delivery address,change_shipping_address,SHIPPING,BILQ,1073
18711,I want help notifying of an error with online payment,payment_issue,PAYMENT,BL,8997
13795,"I have to see when my item is going to arrive, help me",delivery_period,DELIVERY,BCL,6894
1257,wanna edit ordr {{Order Number}} i need help,change_order,ORDER,BCLQZ,392
10530,another platinum account for father,create_account,ACCOUNT,BKL,5289
288,"I do not want my last bloody item, cancel order {{Order Number}}",cancel_order,ORDER,BCELNW,88
22781,I don't know how I can submit some feedback about a product,review,FEEDBACK,BL,12523
5640,I need help listing the available payment options,check_payment_methods,PAYMENT,BL,2539
6214,I want to see in what cases can Iask to be refunded,check_refund_policy,REFUND,BLZ,3074
21414,I have got to notify of a problem with a sign-up,registration_problems,ACCOUNT,BL,11459
11384,"I do not use my {{Account Type}} account, I want assistance cancelling it",delete_account,ACCOUNT,BCEL,5756
2119,I need supports trying to update my shipping address,change_shipping_address,SHIPPING,BLM,793
12157,do ya ship toHungary,delivery_options,DELIVERY,BILQSZ,6148
3331,want assistance to check the early exit fee,check_cancellation_fee,CANCEL,BLQ,1639
21981,I want assistanec to leave an opinion,review,FEEDBACK,BLZ,11938
19572,where could I shop several of your item?,place_order,ORDER,BILMP,10179
20513,"I have lost my user account PIN, I need help resetting it",recover_password,ACCOUNT,BCLV,10932
11729,idont use my {{Account Category}} account want assistance to remove it,delete_account,ACCOUNT,BCLQZ,5904
10573,what do i need to do to create a {{Account Type}} account for my dad,create_account,ACCOUNT,BILQ,4947
6713,in which situations can I request the damn refunds?,check_refund_policy,REFUND,BILW,2992
13604,can i see how long it usually takes for my item to arrive,delivery_period,DELIVERY,BILQ,6609
19360,I have got to purchase several articles,place_order,ORDER,BLM,10012
10814,where to create a gold account,create_account,ACCOUNT,BIQ,5416
13918,changing info on {{Account Category}} account,edit_account,ACCOUNT,BKLQ,6960
17874,"I have to receive the newsletter, help me",newsletter_subscription,SUBSCRIPTION,BCL,8941
20306,I cannot recover my user PIN,recover_password,ACCOUNT,BELN,10773
2833,tell me about updating the address,change_shipping_address,SHIPPING,BL,1320
1220,change a damn item of purchase {{Order Number}},change_order,ORDER,BLW,368
23606,shipping addtess trouble,set_up_shipping_address,SHIPPING,BKLZ,12993
16519,would it be possible to obtain a reimbursement of my money,get_refund,REFUND,BILPQ,8409
9416,i do not know how to speak with an assistant,contact_human_agent,CONTACT,BELQ,4584
20066,I want to retrieve my fucking user profile access key,recover_password,ACCOUNT,BLW,10562
10321,create nbew standard account,create_account,ACCOUNT,BKLZ,5203
22703,where do I submit feedback about a product?,review,FEEDBACK,BIL,12475
21323,how to inform of an error with a signup?,registration_problems,ACCOUNT,BIL,11518
10311,create new freemium account for daughter,create_account,ACCOUNT,BKL,5196
23219,trouble setting up my new delivery address,set_up_shipping_address,SHIPPING,BL,12818
14888,want assistance to edit the damn details on my user,edit_account,ACCOUNT,BLMQW,7603
17959,need assistance to notify of issues with online payment,payment_issue,PAYMENT,BLMQ,9007
21645,need help notifying of issueswith sign-up,registration_problems,ACCOUNT,BLMQZ,11708
4130,help me checking my bill from {{Person Name}},check_invoice,INVOICE,BL,1923
14109,mldifying {{Account Type}} account,edit_account,ACCOUNT,BKLZ,7124
8505,i need help to see at what time i can call customer support,contact_customer_service,CONTACT,BLQZ,3878
23976,need to use the fucking {{Account Category}} profile can i get some hepl,switch_account,ACCOUNT,BCILQWZ,13190
7213,help me filing a consumer reclamation,complaint,FEEDBACK,BL,3536
23752,I have errors setting up the secondary shipping address,set_up_shipping_address,SHIPPING,BLM,12852
26115,how to know if there is anything new on the reimbursement,track_refund,REFUND,BILQ,13777
881,I do not knwo what I need to do to cancel order {{Order Number}},cancel_order,ORDER,BEZ,45
7708,I'm trying to make a customer claim against ur company,complaint,FEEDBACK,BLQZ,3779
8579,"I need to speak to customer service, how do I do it?",contact_customer_service,CONTACT,BCIL,4199
16274,i dont know what i have to doto get refunds of my money,get_refund,REFUND,BMQZ,8274
23670,i want assistance to set up the new delivery address,set_up_shipping_address,SHIPPING,BLQ,12648
15972,how do i request a compensation of my money,get_refund,REFUND,BILQ,8033
124,need to cancel purchase {{Order Number}},cancel_order,ORDER,BLQ,3
7114,"I am unsatisfied with your services, how to file a claim?",complaint,FEEDBACK,BCIL,3470
11534,problem with {{Account Category}} account deletions,delete_account,ACCOUNT,BLM,5529
24101,swithcing to pro account,switch_account,ACCOUNT,BKZ,13253
23155,help me to set up my secondary shipping address,set_up_shipping_address,SHIPPING,BL,12612
17436,information about cancel the sbscription to the newsletter,newsletter_subscription,SUBSCRIPTION,BLZ,8833
7438,I'd like to lodge a damn consumer claim how could i do it,complaint,FEEDBACK,BCILPQW,3658
21098,I want help notifying of a error with a signup,registration_problems,ACCOUNT,BLZ,11363
20011,I have problems with the key reset,recover_password,ACCOUNT,BLM,10515
11419,help me cancel the {{Account Type}} account,delete_account,ACCOUNT,BL,5643
7422,I am trying to file a reclamation against your company,complaint,FEEDBACK,BL,3647
19623,I'd like to shop some goddamn products can i get some hel,place_order,ORDER,BCILMPQWZ,10211
6902,I need to see under what circumstances can I ask for refunds,check_refund_policy,REFUND,BL,2978
5847,I have to see the allowed payment modalities,check_payment_methods,PAYMENT,BL,2470
20508,I need assistance to recover the PIN code of my account,recover_password,ACCOUNT,BL,10414
10468,I'm not ergistered help me opening a {{Account Category}} account,create_account,ACCOUNT,BCELQZ,5266
18634,how do I notify of an issue with payment?,payment_issue,PAYMENT,BIL,9442
21820,i do not know how i can report a registration issue,registration_problems,ACCOUNT,BEQ,11200
12935,"I am looking for the shipping period, where can I find it?",delivery_period,DELIVERY,BCEIL,6449
6798,help me seeing in which cases can I request my money back,check_refund_policy,REFUND,BL,2995
14960,send me bull from {{Person Name}},get_invoice,INVOICE,BKLZ,7660
7134,lodge reclamation,complaint,FEEDBACK,BKL,3485
14020,change data on pro account,edit_account,ACCOUNT,BKL,7049
22287,need help to leave feedback for ur products,review,FEEDBACK,BLQ,12184
3161,could uhelp me check the cancellation penalty,check_cancellation_fee,CANCEL,BILPQ,1542
17485,i want assistance to unsubscribe to the company newsletter,newsletter_subscription,SUBSCRIPTION,BLQ,8619
11306,"I never use the standard account, how can I remove it?",delete_account,ACCOUNT,BCEIL,5709
2621,can you tell me more about an address change?,change_shipping_address,SHIPPING,BIL,1122
19690,I am trying to purchase a product,place_order,ORDER,BL,10267
7374,i try to make a complaint against ur company,complaint,FEEDBACK,BLQ,3502
22214,i have got to write a review for ur company,review,FEEDBACK,BLQ,11899
19677,I need help ordering something,place_order,ORDER,BL,9618
3678,I need assistance to check the termination charges,check_cancellation_fee,CANCEL,BLM,1514
20953,i do not know how i can report an issue with a sign-up,registration_problems,ACCOUNT,BELQ,11256
20395,I'm trying to restore the pwd of my user,recover_password,ACCOUNT,BLQ,10845
2969,what is the fee for canceling the contract?,check_cancellation_fee,CANCEL,BIL,1398
1534,problem with modifying purchase {{Order Number}},change_order,ORDER,BL,521
2861,I do not know what I have to do to edit the address,change_shipping_address,SHIPPING,BEL,1337
18305,I have to report problems with payment,payment_issue,PAYMENT,BLM,9070
24050,using premium account,switch_account,ACCOUNT,BK,13234
21573,"I cannot create a user, notify of a sign-up error",registration_problems,ACCOUNT,BCELN,11665
3662,see early exit penalty,check_cancellation_fee,CANCEL,BKL,1433
13041,can ya help me to check when my product is gonna arrive,delivery_period,DELIVERY,BILQ,6532
6067,help me seeing in what cases can I request reimbursements,check_refund_policy,REFUND,BL,2973
2618,II need support trying to edit the address,change_shipping_address,SHIPPING,BLZ,1193
25783,"I have to see order {{Order Number}} current status, I need help",track_order,ORDER,BCL,13625
8538,i need help to check what hours i can call customer support,contact_customer_service,CONTACT,BLQ,3904
16243,I want help asking for rebates,get_refund,REFUND,BLM,8256
10330,how do I create a standard account for my daughter?,create_account,ACCOUNT,BIL,5206
9914,how to open a different fucking {{Account Type}} account for my father?,create_account,ACCOUNT,BILW,4926
3473,need to check the withdrawal penalty will uhelp me,check_cancellation_fee,CANCEL,BCILPQ,1718
3113,i do not nkow how to see the early termination penalty,check_cancellation_fee,CANCEL,BELQZ,1508
4559,want help giving a quick look at my invoice #12588,check_invoice,INVOICE,BLQ,1971
963,problem with canceling order {{Order Number}},cancel_order,ORDER,B,14
22843,could you help me leaving an opinion about a product?,review,FEEDBACK,BILP,12568
23088,i want help submitting the shipping address,set_up_shipping_address,SHIPPING,BLQ,12748
7424,I want help filing a reclamation,complaint,FEEDBACK,BL,3649
16889,I have got to request a restitution of my money,get_refund,REFUND,BL,8282
19414,what do I have to do to shop several of your item?,place_order,ORDER,BILM,10055
8200,how to check at what time I can contact customer service?,contact_customer_service,CONTACT,BIZ,3896
4657,I do not know what to do to check my bill from {{Person Name}},check_invoice,INVOICE,BEL,2342
7485,I have to lodge a reclamation,complaint,FEEDBACK,BL,3485
11833,I do not know how I can remove a {{Account Type}} account,delete_account,ACCOUNT,BEL,5460
9419,I need help to speak to somebody,contact_human_agent,CONTACT,BL,4339
11576,i have a question about my freemium account termination,delete_account,ACCOUNT,BLQ,5753
14954,can I get the bill from {{Person Name}}?,get_invoice,INVOICE,BIL,7614
15708,what do I have to do to get the invoice from {{Person Name}}?,get_invoice,INVOICE,BI,7629
25411,"I have got to see the ETA of order {{Order Number}}, I need help",track_order,ORDER,BCL,13618
4285,seeing bil #00108,check_invoice,INVOICE,BKLZ,2159
22537,is there a seection to send my feedback for ur services,review,FEEDBACK,BILQZ,12366
5735,can you tell me the damn accepted payment methods?,check_payment_methods,PAYMENT,BILW,2877
21438,notify of errors with registrations,registration_problems,ACCOUNT,BLM,11277
22072,I'm trying to send soem feedback,review,FEEDBACK,BLQZ,12016
7630,need help to file a customer claim against your organization,complaint,FEEDBACK,BLQ,3338
23451,there is an issue setting up the secondary delivery address,set_up_shipping_address,SHIPPING,BL,12819
18745,how can i report an trouble with payment,payment_issue,PAYMENT,BILQZ,9506
22115,want assistance leavingmy feedback for a service,review,FEEDBACK,BLQZ,12051
105,"I would like to cancel purchase {{Order Number}}, I need help",cancel_order,ORDER,BCLP,41
9220,"I can't understand aword you say, can I talk to somebody?",contact_human_agent,CONTACT,BCILZ,4559
5614,I try to list your accepted payment options,check_payment_methods,PAYMENT,BL,2516
17461,tell me about cancel my company newsletter subscription,newsletter_subscription,SUBSCRIPTION,BL,8716
24291,what do I have to do to use the standard account?,switch_account,ACCOUNT,BI,13335
8704,need help checking whatt hours customer support available is,contact_customer_service,CONTACT,BLQZ,3890
24977,check the ETA of purchase {{Order Number}},track_order,ORDER,BL,13518
21978,is it possible to write a comment about your company?,review,FEEDBACK,BIL,11935
8803,how can i see at what time i can contact customer service,contact_customer_service,CONTACT,BILQ,3896
24011,I want help using the freemium account,switch_account,ACCOUNT,B,13159
7525,I need to file a customer complaint against your company,complaint,FEEDBACK,BL,3345
7617,how could I file a claim against your organization?,complaint,FEEDBACK,BILP,3338
9831,I need assistance to chat with a human agent,contact_human_agent,CONTACT,BL,4890
11828,cancelling freemium account,delete_account,ACCOUNT,BKL,5953
17479,where to unsubscribe to the corporate newsletter?,newsletter_subscription,SUBSCRIPTION,BIL,8630
6357,"I need to see in which cases can I request refunds, help me",check_refund_policy,REFUND,BCL,3160
13869,can you show me when will myparcel arrive?,delivery_period,DELIVERY,BILZ,6926
23836,ik dont know how to submit the secondary shipping address,set_up_shipping_address,SHIPPING,BLQZ,12608
10221,new standard account for wife,create_account,ACCOUNT,BKL,5143
4224,I want assistance to give a quick look at the invoice #37777,check_invoice,INVOICE,BL,2128
2758,problems with a delivery address correction,change_shipping_address,SHIPPING,BLM,1276
4699,i do not know how to check bill #12588,check_invoice,INVOICE,BELQ,2325
20421,need help ot recover the pin of my user,recover_password,ACCOUNT,BLQZ,10867
13930,editing information on {{Account Type}} account,edit_account,ACCOUNT,BKL,6971
20556,I need assistance to restore the password of my user account,recover_password,ACCOUNT,BL,10531
9660,i try to chat with a person,contact_human_agent,CONTACT,BLQ,4795
10294,"I haven't registered, can I open a standard account?",create_account,ACCOUNT,BCIL,5188
17517,help me unsubscribe from ur corporate newsletter,newsletter_subscription,SUBSCRIPTION,BLQ,8630
4765,show me my invoices fromn {{Person Name}},check_invoice,INVOICE,BLMZ,2393
11370,how could I get information about a pro account deletion?,delete_account,ACCOUNT,BILP,5746
16641,would it be possible to obtain compensations of money?,get_refund,REFUND,BILMP,8412
14941,getting bill #37777,get_invoice,INVOICE,BKL,7648
19562,how can I acquire several of your article?,place_order,ORDER,BILM,9931
17706,need assistance unsubscribing from ur newsletter,newsletter_subscription,SUBSCRIPTION,BLQ,8624
13093,how long does it take for a damn article to arrive?,delivery_period,DELIVERY,BILW,6571
21444,notifying o issues with signup,registration_problems,ACCOUNT,BKLMZ,11596
952,order cancellation,cancel_order,ORDER,BK,196
15030,mail me my bill #37777,get_invoice,INVOICE,BL,7692
8326,help contacting damn customer support,contact_customer_service,CONTACT,BLW,4024
771,i try to cancel purchase {{Order Number}},cancel_order,ORDER,BLQ,3
5113,need help listing the payment methods,check_payment_methods,PAYMENT,BLQ,2588
13310,I call to check how soon can I expect my package,delivery_period,DELIVERY,BL,6534
7733,"I ain't happy with your work, I need to make a reclamation",complaint,FEEDBACK,BCL,3786
12051,assistance checking what bloody shipping options you offer,delivery_options,DELIVERY,BLMW,6099
17550,can i subscribe to ur company newsetter,newsletter_subscription,SUBSCRIPTION,BIQZ,8864
16855,I am trying to get rebates of money,get_refund,REFUND,BLM,8599
21248,where can I report a problem with sign-up?,registration_problems,ACCOUNT,BIL,11473
21977,I need help leaving a review for a service,review,FEEDBACK,B,11934
25913,I would like to track the restitution,track_refund,REFUND,BLP,13809
16681,where could i obtain compensations of money,get_refund,REFUND,BILMPQ,8496
25855,i want assistance to track order {{Order Number}},track_order,ORDER,BQ,13649
4081,where do I look for the invoice #12588?,check_invoice,INVOICE,BIL,2036
1766,assistance to swap some products of purchase {{Order Number}},change_order,ORDER,BLM,386
20529,assistance to retrieve my account pin,recover_password,ACCOUNT,BLQ,10795
6183,need to check how long the goddamn refunds take help me,check_refund_policy,REFUND,BCQW,3097
5386,I want to list your allowed payment modalities,check_payment_methods,PAYMENT,BL,2470
3695,i do not know how to see the cancellation penalty,check_cancellation_fee,CANCEL,BELQ,1409
25171,I want to see the status of order {{Order Number}},track_order,ORDER,BL,13523
19470,i want help ordering several of ur article,place_order,ORDER,BLMQ,10102
4406,is it possible to take a quick look at my billl #85632,check_invoice,INVOICE,BILQZ,2223
18311,I don't know how I can inform of issues with payments,payment_issue,PAYMENT,BLM,9256
9023,wanna chat with a person,contact_human_agent,CONTACT,BLQ,4419
1391,I am trying to add an article to order {{Order Number}},change_order,ORDER,BL,466
26835,I expect a damn rebate of {{Refund Amount}} dollars,track_refund,REFUND,BLW,13778
8236,"I would like to talk with customer service, how to do it?",contact_customer_service,CONTACT,BCILP,4065
5731,how do i see ur accepted payment options,check_payment_methods,PAYMENT,BILQ,2497
25716,"I want to see order {{Order Number}} status, how do I do it ?",track_order,ORDER,BCILZ,13751
12437,help me check what methods for delivery you offer,delivery_options,DELIVERY,BLM,6027
24283,I do not know how I can switch to tbe platinum account,switch_account,ACCOUNT,BEZ,13329
25880,i cannot check if there is anything new on the reimbursement,track_refund,REFUND,BELNQ,13783
18862,help me to report errors with payment,payment_issue,PAYMENT,BLM,8979
8037,can I check at what time I can call customer service?,contact_customer_service,CONTACT,BIL,3930
23973,i do not know what to do to chanfe to the damn gold account,switch_account,ACCOUNT,BELQWZ,13187
26582,"I expect a refund of {{Currency Symbol}}{{Refund Amount}}, was it processeed",track_refund,REFUND,BCLZ,14061
21638,how can I notify of sign-up issues?,registration_problems,ACCOUNT,BILM,11701
3370,where do i check the withdrawal charges,check_cancellation_fee,CANCEL,BILMQ,1462
19602,I do not know how to buy several articles,place_order,ORDER,BELM,9661
8834,I don't know how to speak with customer support,contact_customer_service,CONTACT,BL,3992
9629,I try to speak to an assistant,contact_human_agent,CONTACT,BL,4347
24238,I want assistance to switch to the {{Account Category}} account,switch_account,ACCOUNT,B,13168
5467,I don't know what to do to see the allowed payment methods,check_payment_methods,PAYMENT,BL,2543
10792,"I have not registered yet, assistance to open a pro account",create_account,ACCOUNT,BCEL,5407
18557,i want assistance to inform of a problem with online payment,payment_issue,PAYMENT,BLQ,9398
4109,I need help to look for bill #00108,check_invoice,INVOICE,BL,2053
4093,where do I find the bill from {{Person Name}}?,check_invoice,INVOICE,BIL,2045
607,I need assistance with canceling order {{Order Number}},cancel_order,ORDER,B,12
25987,i expect a reimbursxement of {{Currency Symbol}}{{Refund Amount}},track_refund,REFUND,BLQZ,13798
11860,want assistance canceling the standard account,delete_account,ACCOUNT,BLQ,5969
6368,can I see in which situations can I request to be refunded?,check_refund_policy,REFUND,BIL,3164
23091,there is a trouble setting another delivery address up,set_up_shipping_address,SHIPPING,BL,12751
12017,"I have to check the shipping methods, how can I do it?",delivery_options,DELIVERY,BCIL,6080
22053,is there an e-mail to send my feedbakc for ur products,review,FEEDBACK,BILQZ,11998
8848,where can I check at what time I can call customer service?,contact_customer_service,CONTACT,BIL,3930
16736,want help to receive a damn restitution of money,get_refund,REFUND,BLQWZ,8529
18284,where do I inform of issues with online payment?,payment_issue,PAYMENT,BILM,9020
18457,is it possible to notify of troubles with online payment ?,payment_issue,PAYMENT,BILMZ,9307
22158,i need assistance to leave a review about ur company,review,FEEDBACK,BLQ,12083
10380,question baout creating a platinum account,create_account,ACCOUNT,BZ,5229
24781,I need assistance to change to the gold account,switch_account,ACCOUNT,BL,13350
9332,i have to speak to an assistant,contact_human_agent,CONTACT,BLQ,4347
10276,I need help to open a standard account,create_account,ACCOUNT,BL,4990
20881,"I can't remember my account password, where to reset it?",recover_password,ACCOUNT,BCIL,11190
1734,how can I swap a product of order {{Order Number}}?,change_order,ORDER,BIL,421
200,camceling order {{Order Number}},cancel_order,ORDER,BKZ,71
23893,i dont know what to do to change ot the goddamn gold account,switch_account,ACCOUNT,BLQWZ,13135
10039,i have a questio about creating gold accounts,create_account,ACCOUNT,BMQZ,5030
11069,have problems with a {{Account Type}} account removal,delete_account,ACCOUNT,BLMQ,5543
11955,I would like to see what goddamn delivery options I have,delivery_options,DELIVERY,BLMPW,6035
10170,open a platinum acount for my dad,create_account,ACCOUNT,BLZ,5114
5022,help me to see what payment payment modalities are allowed,check_payment_methods,PAYMENT,BL,2470
7586,help to file a consumer complaint against your organization,complaint,FEEDBACK,BL,3340
7556,can I file a customer complaint against your company?,complaint,FEEDBACK,BIL,3345
17835,I have got to subscribe to the fucking newsletter,newsletter_subscription,SUBSCRIPTION,BLW,8933
24095,I try to switch to the {{Account Category}} account,switch_account,ACCOUNT,B,13168
6321,help me seeing in what cases can I request a reimbursement,check_refund_policy,REFUND,BL,2973
18211,how do I inform of a problem with online payments?,payment_issue,PAYMENT,BILM,9177
21297,assistance to inform of issues with a sign-up,registration_problems,ACCOUNT,BLM,11501
13171,help me to see how soon can I expect my parcel,delivery_period,DELIVERY,BL,6418
19144,i have got to acquire somethingi need assistance,place_order,ORDER,BCLQZ,9822
3529,can I see the early exit charge?,check_cancellation_fee,CANCEL,BIL,1453
24899,help me see the ETA of purchase {{Order Number}},track_order,ORDER,BLQZ,13518
6956,I am calling to make a complaint against your company,complaint,FEEDBACK,BL,3360
13774,I want help checking when my shipment is going to arrive,delivery_period,DELIVERY,BL,6885
25448,i need assistance to check the status of order {{Order Number}},track_order,ORDER,BQ,13523
20838,what do i need to do to recover my user account pin code,recover_password,ACCOUNT,BILQ,10554
25752,could uhelp me checkingb the eta of the purchase {{Order Number}},track_order,ORDER,BILPQZ,13758
3090,where can i check the cancellation penalty,check_cancellation_fee,CANCEL,BILQ,1409
2183,I can't update my address,change_shipping_address,SHIPPING,BL,891
25133,show me purchase {{Order Number}} statud,track_order,ORDER,BLZ,13522
17665,could utell me more about unsubscribing from ur newsletter,newsletter_subscription,SUBSCRIPTION,BILPQ,8766
5392,can ya help me listing the available payment methods,check_payment_methods,PAYMENT,BILQ,2531
24622,need help to change to the {{Account Type}} account,switch_account,ACCOUNT,BLQ,13124
14680,editing data on {{Account Type}} acocunt,edit_account,ACCOUNT,BLZ,7491
23270,help me to set the delivery address up,set_up_shipping_address,SHIPPING,BL,12594
18080,notify of issues wiht payment,payment_issue,PAYMENT,BLMZ,9107
18133,want assistance to notify of a problem with payment,payment_issue,PAYMENT,BLQ,9142
11417,I don't know how to delete my standard account,delete_account,ACCOUNT,BL,5606
13955,modifying platinum account,edit_account,ACCOUNT,BKL,6993
7738,help me file a reclamation against your organization,complaint,FEEDBACK,BL,3576
2280,I need help to correct the delivery address,change_shipping_address,SHIPPING,BL,763
25657,need help checking the status of purechase {{Order Number}},track_order,ORDER,BLQZ,13737
13480,I want information about shipping period,delivery_period,DELIVERY,BL,6432
23826,help me set my secondary delivery address up,set_up_shipping_address,SHIPPING,BL,12668
15055,need assistance to get my invoice #85632,get_invoice,INVOICE,BQ,7705
21862,I have got to notify of an issue with registrtions,registration_problems,ACCOUNT,BLZ,11833
9960,"I have not signed up, help opening a {{Account Category}} account",create_account,ACCOUNT,BCEL,4969
19817,i want help acquiring an article,place_order,ORDER,BLQ,10351
11448,"I don't use my gold account, I want assistance removing it",delete_account,ACCOUNT,BCL,5783
6967,help to lodge a claim against your organization,complaint,FEEDBACK,BL,3338
3979,I need assistance taking a quick look at my bill #12588,check_invoice,INVOICE,BL,1961
5892,I try to see your available payment options,check_payment_methods,PAYMENT,BL,2475
11477,could uhelp me close a freemium account,delete_account,ACCOUNT,BILPQ,5751
6862,what do i need ti do to check ur refund policy,check_refund_policy,REFUND,BIQZ,3313
11912,I am calling to see what delivery methods are available,delivery_options,DELIVERY,BLM,5997
17770,"I want to sign up to your newsletter, how do I do it?",newsletter_subscription,SUBSCRIPTION,BCIL,8918
15571,I'm trying to download the invoice #37777,get_invoice,INVOICE,BLQ,7881
16132,I do notknow how to get refunds of my money,get_refund,REFUND,BEMZ,8180
11452,i want assistance deleting the {{Account Type}} account,delete_account,ACCOUNT,BLQ,5785
21598,I need to report a sign-up error,registration_problems,ACCOUNT,BL,11678
9235,help me speaking to somebody,contact_human_agent,CONTACT,BL,4513
26041,I expect a restitution of {{Refund Amount}} dollars,track_refund,REFUND,BL,13879
8573,i dont know what i have to do to talk with customer service,contact_customer_service,CONTACT,BLQ,4196
8039,ya have a free of charge phone no to call customer service,contact_customer_service,CONTACT,BILQZ,3957
23256,I do not know what to do to set my shipping address up,set_up_shipping_address,SHIPPING,BEL,12641
3577,assistance to see the goddamn termination penalty,check_cancellation_fee,CANCEL,BLW,1759
20968,I don't know how to inform of an issue with sign-up,registration_problems,ACCOUNT,BL,11269
21011,can I report a problem with a signup?,registration_problems,ACCOUNT,BIL,11223
20583,I can't reset the PIN code of my profile,recover_password,ACCOUNT,BLN,10988
15909,could you help me to request a restitution of my money?,get_refund,REFUND,BILP,7990
4545,would it be possible to locate the invoice from {{Person Name}},check_invoice,INVOICE,BILPQ,2289
822,I cannot pay for purchase {{Order Number}},cancel_order,ORDER,BELN,179
25982,I'm waiting for a restitution of {{Refund Amount}} dollras,track_refund,REFUND,BLQZ,13852
10219,need to create an {{Account Category}} account,create_account,ACCOUNT,BQZ,4932
142,cancel purchase {{Order Number}},cancel_order,ORDER,BKL,3
26271,need assistance checking my refund current status,track_refund,REFUND,BLQ,13921
8376,check at what time customer support available is,contact_customer_service,CONTACT,BL,3908
11158,remove {{Account Type}} accoint,delete_account,ACCOUNT,BKLZ,5632
9091,can ya help me speaking to a person,contact_human_agent,CONTACT,BILQ,4469
25225,i want help to check the current status of order {{Order Number}},track_order,ORDER,BLQ,13523
5007,how can I see the allowed payment methods?,check_payment_methods,PAYMENT,BIL,2506
9804,"I cannot understand a word you say, can I contact someone?",contact_human_agent,CONTACT,BCEIL,4872
20494,how can I recover the key of my user?,recover_password,ACCOUNT,BIL,10919
9231,i do not know how to speak with a person,contact_human_agent,CONTACT,BELQ,4386
5786,help me checking the accepted payment modalities,check_payment_methods,PAYMENT,BL,2479
5456,where can I list the payment options?,check_payment_methods,PAYMENT,BIL,2750
2993,"I want to check the fucking withdrawal fee, how can I do it?",check_cancellation_fee,CANCEL,BCILW,1422
3647,I can't find the termination charge,check_cancellation_fee,CANCEL,BLZ,1788
17841,help me receiving your company newsletter,newsletter_subscription,SUBSCRIPTION,BL,8663
522,i purchased something how to cancel order {{Order Number}},cancel_order,ORDER,BCILQ,137
2820,where can i find information about a delivery address change,change_shipping_address,SHIPPING,BILQ,1313
1526,modify order113542617735902,change_order,ORDER,BLZ,340
5816,assistance listing the payment methods,check_payment_methods,PAYMENT,BL,2642
4402,I do not know how I can look for the invoice #37777,check_invoice,INVOICE,BEL,2124
10161,wann open a premium account how can i do it,create_account,ACCOUNT,BCILQZ,5106
11639,"I have to close a {{Account Category}} account, will you help me?",delete_account,ACCOUNT,BCILP,5863
13303,"I have to see how long the shipment takes, I need help",delivery_period,DELIVERY,BCL,6584
6437,i do not know how to check ur refund policy,check_refund_policy,REFUND,BEQ,3110
14958,getting billsfrom {{Person Name}},get_invoice,INVOICE,BKLMZ,7659
19367,I want assistance to acquire some artiicles,place_order,ORDER,BLMZ,10018
20834,what do I have to do to recover the PIN of my account?,recover_password,ACCOUNT,BIL,11163
8347,can you help me to speak with customer assistance?,contact_customer_service,CONTACT,BIL,4111
20067,could you help me retrieving my profile password?,recover_password,ACCOUNT,BILP,10563
18269,how do I report issues with online payment?,payment_issue,PAYMENT,BILM,9235
12743,can you help me to see the shipping options?,delivery_options,DELIVERY,BIL,6128
2981,"I can't find the cancellation penalties, can you help me?",check_cancellation_fee,CANCEL,BCILM,1410
19410,shop several products,place_order,ORDER,BLM,10025
9120,I don't know how I can chat with a bloody live agent,contact_human_agent,CONTACT,BLW,4488
20403,where do i recover the pin of my profile,recover_password,ACCOUNT,BILQ,10852
8966,i dont understand a word ya say how to chat with a person,contact_human_agent,CONTACT,BCILQ,4373
9802,help contacting an operator,contact_human_agent,CONTACT,BL,4870
22980,I have got to set up a secondary shipping address,set_up_shipping_address,SHIPPING,BL,12612
11468,find information about the cancellation of my pro account,delete_account,ACCOUNT,BL,5486
14105,modifying gold account,edit_account,ACCOUNT,BKL,7121
19854,help me orderng several of ur article,place_order,ORDER,BLMQZ,10381
8921,transfer to me an agent,contact_human_agent,CONTACT,B,4330
14275,correct information on Proaccount,edit_account,ACCOUNT,BKLZ,7240
22510,how to write a comment for your products?,review,FEEDBACK,BIL,12136
776,can uhelp me cancelling purchazse {{Order Number}},cancel_order,ORDER,BILQZ,23
20770,I have to restore the PIN code of my user,recover_password,ACCOUNT,BL,10934
5140,"I want to check what payment methods are allowed, help me",check_payment_methods,PAYMENT,BCL,2509
17373,is it possible to subscribe to the corporate newsletter,newsletter_subscription,SUBSCRIPTION,BILQ,8707
26141,I don't know what to do to track the refund,track_refund,REFUND,B,13922
11007,clsoe {{Account Type}} account,delete_account,ACCOUNT,BKLZ,5536
4417,help me to check my fucking bill from {{Person Name}},check_invoice,INVOICE,BLW,2231
14991,i do not know what i have to do to get the bill #12588,get_invoice,INVOICE,BELQ,7676
16816,i need assistance to obtain reimbursementsof money,get_refund,REFUND,BLMQZ,8576
9116,can you help me to talk with an assistant?,contact_human_agent,CONTACT,BIL,4485
22196,"I have to submit feedback about a service, I need assistance",review,FEEDBACK,BCL,12115
4110,i dont know what to do to locate my bill from {{Person Name}},check_invoice,INVOICE,BLQ,2004
9087,I would like to speak to a person,contact_human_agent,CONTACT,BLP,4465
16969,i need help to unsubscribe from ur company newsletter,newsletter_subscription,SUBSCRIPTION,BLQ,8619
22798,wanna leave an opinion about ur company,review,FEEDBACK,BLQZ,12537
12902,I don't know how to see how soon can I expect my parcel,delivery_period,DELIVERY,BL,6418
7743,lodge reclamation against your company,complaint,FEEDBACK,BKL,3474
23327,I need help to submit the delivery address,set_up_shipping_address,SHIPPING,BL,12711
8696,what is the customer support working hours?,contact_customer_service,CONTACT,BILM,4245
4313,I don't know what I have to do to look for my invoice #12588,check_invoice,INVOICE,BL,2176
16643,where do I demand a reimbursement of my money?,get_refund,REFUND,BIL,8131
1415,add item to purchase {{Order Number}},change_order,ORDER,BKL,276
18668,"I can't make a transfer, help to inform of a payment error",payment_issue,PAYMENT,BCL,9467
24105,how do i use the standard account,switch_account,ACCOUNT,BIQ,13230
21269,i ahve to report problems with signup,registration_problems,ACCOUNT,BLMQZ,11486
16805,I do not know how I could request compensations of money,get_refund,REFUND,BELMP,8568
10544,have a problem with creating a Premiumaccount,create_account,ACCOUNT,BQZ,5295
25251,what do i need to do to see order {{Order Number}} status,track_order,ORDER,BILQ,13635
4266,checking bill #37777,check_invoice,INVOICE,BKL,2147
21938,do you have a method to submit a review for your services?,review,FEEDBACK,BIL,11900
25571,I am trying to locate order {{Order Number}},track_order,ORDER,BL,13710
18618,can you help me solve issues with online payments?,payment_issue,PAYMENT,BILM,9431
729,cancel purchase370795561790,cancel_order,ORDER,BKLZ,109
115,I want help to cancel purchase {{Order Number}},cancel_order,ORDER,BL,3
11338,help me cancelling the {{Account Type}} account,delete_account,ACCOUNT,BL,5602
23516,I want assistancesubmitting the bloody new shipping address,set_up_shipping_address,SHIPPING,BLWZ,12943
5039,help me listing the allowed payment modalities,check_payment_methods,PAYMENT,BL,2549
23103,is it possible to enter the secondary shipping address?,set_up_shipping_address,SHIPPING,BIL,12758
5953,can ya show me in what situations can i ask to be reimbursed,check_refund_policy,REFUND,BILQ,2985
13669,help to check how soon can i expect the package,delivery_period,DELIVERY,BLQ,6534
20262,"I have lost my account access key, I need help to reset it",recover_password,ACCOUNT,BCLV,10736
4479,"I want to see my invoice #37777, I need assistance",check_invoice,INVOICE,BCL,2257
15217,need to download my invoice #37777 will ya help me,get_invoice,INVOICE,BCILPQ,7762
11950,how can I check what shipment methods are available?,delivery_options,DELIVERY,BILM,6031
14019,can uhelp me to modify the data on my user,edit_account,ACCOUNT,BILQ,7048
15980,help me ask for a compensation,get_refund,REFUND,BL,8060
8041,how can i talk wiht customer service,contact_customer_service,CONTACT,BILQZ,3959
9003,transfer to live agent,contact_human_agent,CONTACT,BL,4330
22879,help me submitting my feedback about your company,review,FEEDBACK,BL,11922
15882,how can i get my bill from {{Person Name}},get_invoice,INVOICE,BILQ,7614
17522,I want to know more about cancel my newsletter subscription,newsletter_subscription,SUBSCRIPTION,BL,8857
10182,I want help to open a premium account for my dad,create_account,ACCOUNT,BL,5123
1750,delete some items from order {{Order Number}},change_order,ORDER,BLM,259
9418,I need assistance chatting with a person,contact_human_agent,CONTACT,BL,4662
17631,would it be possible to sign up to the newsletter?,newsletter_subscription,SUBSCRIPTION,BILP,8807
23667,i do not know how to set up the deliivery address,set_up_shipping_address,SHIPPING,BELQZ,13027
3594,I'm trying to se the withdrawal fees,check_cancellation_fee,CANCEL,BLMQZ,1767
6200,assistance to check youe money back guarantee,check_refund_policy,REFUND,BLZ,3101
25182,how to locate order {{Order Number}}?,track_order,ORDER,BIL,13612
15433,"I have to download bill #12588, I need help",get_invoice,INVOICE,BCL,7833
4539,where to check invoice #85632?,check_invoice,INVOICE,BI,2285
23115,I need assistance to enter the new shipping address,set_up_shipping_address,SHIPPING,BL,12764
7113,cann I lodge a consumer reclamation against your business?,complaint,FEEDBACK,BILZ,3469
16602,i do not knowhow to request a restitution of money,get_refund,REFUND,BELQZ,8454
11461,i dont know what i need to do to remove the platinum account,delete_account,ACCOUNT,BLQ,5791
10014,can I open a freemium account?,create_account,ACCOUNT,BIL,5014
1626,I need to swap some items of purchase {{Order Number}},change_order,ORDER,BLM,287
6916,want help to make a consumer complaint against ur company,complaint,FEEDBACK,BLQ,3322
16670,help me demand a compensation of money,get_refund,REFUND,BL,8020
8606,were do I see at what time I can reach customer service?,contact_customer_service,CONTACT,BILZ,4213
7058,help me make a claim against your business,complaint,FEEDBACK,BL,3361
6259,help to check in which cases can I request my money back,check_refund_policy,REFUND,BL,2995
7590,want help filing a customer claim against ur organization,complaint,FEEDBACK,BLQ,3436
13800,I want assistance to check how soon can Iexpect my purchase,delivery_period,DELIVERY,BLZ,6897
12887,need help checking what shipment methods I can choose,delivery_options,DELIVERY,BLMQ,6153
10326,want help opening a pro account for my daughter,create_account,ACCOUNT,BLQ,5092
17399,I can't receive the corporate newsletter,newsletter_subscription,SUBSCRIPTION,BL,8652
24060,how to use the {{Account Category}} profile?,switch_account,ACCOUNT,BIL,13207
2,i need help cancelling puchase {{Order Number}},cancel_order,ORDER,BLQZ,2
8656,help to call customer support,contact_customer_service,CONTACT,BL,4097
7515,help me make a customer claim against your company,complaint,FEEDBACK,BL,3425
19256,is it possible to buy several items,place_order,ORDER,BIMQ,9922
5672,can you help me to list the damn allowed payment methods?,check_payment_methods,PAYMENT,BILW,2848
23858,there is a trouble entering a secondary shipping addres,set_up_shipping_address,SHIPPING,BLZ,13111
21384,I want assistance to notify of problems with an sign-up,registration_problems,ACCOUNT,BLMZ,11496
11094,I want help cancelling the {{Account Category}} account,delete_account,ACCOUNT,BL,5561
8617,tell me what hours i can get in touch wit customer service,contact_customer_service,CONTACT,BLQZ,3996
19715,could you help me shop a few of your article?,place_order,ORDER,BILMP,9945
7176,I do not know what I need to do to make a reclamation,complaint,FEEDBACK,BEL,3509
12492,I'm calling to check the shipping options,delivery_options,DELIVERY,BLQ,6282
16033,can you help me demand a reimbursement of money?,get_refund,REFUND,BIL,8104
8147,I don't know what I need to do to contact customer service,contact_customer_service,CONTACT,B,3877
6165,I want to check in what cases can I request to be reimbursed,check_refund_policy,REFUND,BL,2984
26627,assistance to know if there are any news on my refund,track_refund,REFUND,BLM,14021
7649,need help making an customer complaint against your business,complaint,FEEDBACK,BLQZ,3389
11802,what do i have to do to close my standard account,delete_account,ACCOUNT,BILQ,5940
5250,help me see your azllowed payment modalities,check_payment_methods,PAYMENT,BLZ,2470
6688,assistance to check in which cases can I request a refund,check_refund_policy,REFUND,BL,2997
13984,i have got to update the info included on my account,edit_account,ACCOUNT,BLQ,7021
21187,where to notify of sign-up errors?,registration_problems,ACCOUNT,BILM,11428
17707,how to unsubscribe to the newsletter?,newsletter_subscription,SUBSCRIPTION,BIL,8619
1912,update purcahse {{Order Number}},change_order,ORDER,BKLZ,689
22422,want assistance sending feedbakc about a product,review,FEEDBACK,BLQZ,12284
1428,i need help to add a product to order {{Order Number}},change_order,ORDER,BLQ,431
4005,help locating my bill from {{Person Name}},check_invoice,INVOICE,BL,1981
2352,want supports trying to modify the delivery address,change_shipping_address,SHIPPING,BLMQ,996
7359,i need assistance making a consumer claim aginst ur business,complaint,FEEDBACK,BLQZ,3617
26372,need help to see the status of my refund,track_refund,REFUND,BLQ,13895
13587,hrlp me check when will my product arrive,delivery_period,DELIVERY,BLZ,6809
18182,I want assistance to notify of troubles with payments,payment_issue,PAYMENT,BLM,8962
10706,I don't know how to create a premium account,create_account,ACCOUNT,BL,5109
18778,what do I have to do to inform of payment errors?,payment_issue,PAYMENT,BILM,9525
23546,there is a problem entering the new delivery address,set_up_shipping_address,SHIPPING,BL,12811
17549,what do i have to do to sign up to ur company newsletter,newsletter_subscription,SUBSCRIPTION,BILQ,8656
14316,editing data on pro acocunt,edit_account,ACCOUNT,BLZ,7151
23345,troubles entering a secondary delivery address,set_up_shipping_address,SHIPPING,BLM,12663
15117,what do I need to do to download the invoice #12588?,get_invoice,INVOICE,BIL,7669
23236,can ya help mew submitting my new shipping address,set_up_shipping_address,SHIPPING,BILQZ,12825
21413,help me notifying of signup errors,registration_problems,ACCOUNT,BLM,11363
15807,how to get my goddamn invoices from {{Person Name}}?,get_invoice,INVOICE,BILMW,7953
6587,want assistance to check ur money back policy,check_refund_policy,REFUND,BQ,3095
3425,I need assistance checkng the early exit penalties,check_cancellation_fee,CANCEL,BLMZ,1693
8287,where do I see what hours I can contact customer service?,contact_customer_service,CONTACT,BIL,3887
1270,"I want to add a product to my order, could I get some help?",change_order,ORDER,BCILP,400
8956,is it possible to talk with somebody?,contact_human_agent,CONTACT,BIL,4365
625,i do not want purchase {{Order Number}},cancel_order,ORDER,BELNQ,107
24511,help to use the freemium account,switch_account,ACCOUNT,B,13179
21811,where do I report an issue iwth sign-up?,registration_problems,ACCOUNT,BILZ,11808
16261,I have to receive my money back,get_refund,REFUND,BL,8267
12650,help to check what shipping options i have,delivery_options,DELIVERY,BLMQ,6109
23622,problems submitting a delivery address,set_up_shipping_address,SHIPPING,BLM,12644
8754,help me to speak with customer assistance,contact_customer_service,CONTACT,BL,3940
6547,help me see in what case can i request the bloody refunds,check_refund_policy,REFUND,BLQWZ,3222
21170,I can't notify of errors with a signup,registration_problems,ACCOUNT,BLMN,11418
8395,help seeing what hours I can contact customer assistance,contact_customer_service,CONTACT,BL,3887
25140,i cant see the current status of purchase {{Order Number}},track_order,ORDER,BLNQ,13520
8235,need assistancetalking with customer service,contact_customer_service,CONTACT,BLQZ,4064
1178,need to change several proucts of order {{Order Number}},change_order,ORDER,BLMQZ,339
17777,assistance signing up to the company newsletter,newsletter_subscription,SUBSCRIPTION,BL,8888
17832,"I have got to unsubscribe to the newsletter, how do I do it?",newsletter_subscription,SUBSCRIPTION,BCIL,8641
26007,I'm waiting for a reimbursement of 1499dollars,track_refund,REFUND,BLQZ,13864
19407,I don't know how to buy some of your item,place_order,ORDER,BM,10050
15548,wanna get my bil from {{Person Name}} how could i do it,get_invoice,INVOICE,BCILPQZ,7872
2325,i need supports trying to modify my delivery address,change_shipping_address,SHIPPING,BLMQ,996
4163,where to take aq quick look at the invoices from {{Person Name}}?,check_invoice,INVOICE,BIMZ,2086
21448,I have to notify of issues with a registration,registration_problems,ACCOUNT,BLM,11400
17081,i dont know what i have to do to receive thenewsletter,newsletter_subscription,SUBSCRIPTION,BLQZ,8681
23726,why I cannot set up a new delivery address valid,set_up_shipping_address,SHIPPING,BEL,12907
18241,where do i inform of errors with payment,payment_issue,PAYMENT,BILMQ,9222
10118,opdn {{Account Type}} account,create_account,ACCOUNT,BKLZ,5082
24582,what do I need to do to switch to the platinum account?,switch_account,ACCOUNT,BIZ,13437
16317,I need help to receive an reimbursement of money,get_refund,REFUND,BLZ,8022
16479,where to demand reimbursements of money?,get_refund,REFUND,BILM,8131
21327,i cant register how could i notify of sign-up issues,registration_problems,ACCOUNT,BCILMNPQ,11520
4754,where to locaet my invoice #00108,check_invoice,INVOICE,BILQZ,2388
17833,where could I receive your company newsletter?,newsletter_subscription,SUBSCRIPTION,BILP,8683
6785,I try to see in what cases can I request a reimbursement,check_refund_policy,REFUND,BL,2973
25890,help me tracking my compensation,track_refund,REFUND,BL,13791
5362,what do I have to do to see what payment options you accept?,check_payment_methods,PAYMENT,BIL,2501
20918,"I cannot sign up, how do I inform of a registration problem?",registration_problems,ACCOUNT,BCEILN,11225
9916,i have a problem with creating a freemium account,create_account,ACCOUNT,BQ,4928
1242,"I made a mistake, help me to modify order {{Order Number}}",change_order,ORDER,BCL,383
19265,want help to shop a few of ur article,place_order,ORDER,BLMQ,9731
4788,I need assistance seeing my invoice #37777,check_invoice,INVOICE,BL,2354
2418,I want to know about updating my delivery address,change_shipping_address,SHIPPING,BL,1063
16665,how long till i obtain my money back,get_refund,REFUND,BILQ,8490
5629,I do not know how I can check the available payment options,check_payment_methods,PAYMENT,BEL,2475
15572,how can i get my invoice from {{Person Name}},get_invoice,INVOICE,BILQ,7629
17004,I would like to cancel the subscription to your newsletter,newsletter_subscription,SUBSCRIPTION,BLP,8640
9687,I do not know what I need to do to contact an operator,contact_human_agent,CONTACT,BEL,4412
8242,"I have to talk to customer support, can I get some help?",contact_customer_service,CONTACT,BCIL,4068
12773,I need help checking what bloody delivery methods are there,delivery_options,DELIVERY,BLMW,6371
15508,i have to get my invoicxes from {{Person Name}},get_invoice,INVOICE,BLMQZ,7861
5260,need assistance to see your accepted payment options,check_payment_methods,PAYMENT,BLQ,2497
10581,"I ain't registered yet, how can I open a standard account?",create_account,ACCOUNT,BCIL,5313
23648,there are troubles submitting a new delivery address,set_up_shipping_address,SHIPPING,BLM,13019
7790,where do I file a reclamation?,complaint,FEEDBACK,BIL,3812
8089,I don't know how I can talk with customer support,contact_customer_service,CONTACT,BL,3986
25719,where can i see the ETA of the order {{Order Number}},track_order,ORDER,BILQ,13519
22500,leaving review for a service,review,FEEDBACK,BK,11934
10782,I need help with opening my {{Account Category}} account,create_account,ACCOUNT,BL,4945
1158,hw can I modify purchase {{Order Number}}?,change_order,ORDER,BILZ,211
24919,checking ETA of order {{Order Number}},track_order,ORDER,BK,13519
7331,help to make a consumer claim against your company,complaint,FEEDBACK,BL,3337
24872,change to standard acount,switch_account,ACCOUNT,BKLZ,13515
19030,is it possible to shop some of your item?,place_order,ORDER,BILM,9715
23535,how can I set my new shipping address up?,set_up_shipping_address,SHIPPING,BIL,12951
7747,need help to file an customer claim against ur organization,complaint,FEEDBACK,BLQZ,3338
13401,where can I see how soon can I expect my item?,delivery_period,DELIVERY,BIL,6687
3939,assistance to give a quick look at bill #00108,check_invoice,INVOICE,BL,1930
10890,"I have not signed up, can I open a platinum account?",create_account,ACCOUNT,BCEIL,5452
21280,how do i inform of problems with registrations,registration_problems,ACCOUNT,BILMQ,11215
20708,I do not know what I need tp do to recover my user pwd,recover_password,ACCOUNT,BELQZ,11081
11888,have a problem with the removal of my {{Account Type}} account,delete_account,ACCOUNT,BLQ,5543
3284,"I cannot find the withdrawal penalty, I need help",check_cancellation_fee,CANCEL,BCEL,1565
2762,where can I get information about a delivery address change?,change_shipping_address,SHIPPING,BIL,1278
20084,I want information about a forgotten PIN code,recover_password,ACCOUNT,BL,10579
9299,need help speaking with an agent,contact_human_agent,CONTACT,BLQ,4512
3041,assistance to check the early exit fees,check_cancellation_fee,CANCEL,BLM,1461
23445,can i set the shipping address up,set_up_shipping_address,SHIPPING,BILQ,12641
20961,help to inform of issues with signu,registration_problems,ACCOUNT,BLMZ,11262
9579,what do I have to do to talk with an agent?,contact_human_agent,CONTACT,BIL,4752
15085,i dont know what i have to do to get the invoice #00108,get_invoice,INVOICE,BQ,7630
14192,correcting details on {{Account Category}} account,edit_account,ACCOUNT,BKLM,7174
22440,i want help to send feedback for ur services,review,FEEDBACK,BLQ,12042
20159,I need assistance retrieving the access key of my account,recover_password,ACCOUNT,BL,10466
12028,shipping to {{Delivery Country}},delivery_options,DELIVERY,BLS,6088
23941,change to {{Account Category}} account,switch_account,ACCOUNT,BKL,13139
23129,how do I enter a secondary delivery address?,set_up_shipping_address,SHIPPING,BIL,12771
14234,change details on {{Account Type}} account,edit_account,ACCOUNT,BKLM,7217
6910,I have to see how long reimbursements take,check_refund_policy,REFUND,BL,3043
5490,how to se your available payment modalities?,check_payment_methods,PAYMENT,BILZ,2489
11965,where do I see what options for delivery you offer?,delivery_options,DELIVERY,BILM,6045
25164,need help to check order {{Order Number}} current status,track_order,ORDER,BLQ,13523
12940,help checking when my article is going to arrive,delivery_period,DELIVERY,BL,6454
8333,could you tell me what hours customer support available is?,contact_customer_service,CONTACT,BILP,3890
25969,"I have got to see the current status of my refund, help me",track_refund,REFUND,BCL,13844
13894,need assistance to see how soon can I expect theorder,delivery_period,DELIVERY,BLQZ,6938
13673,i dont know how to see how soon can i expect my item,delivery_period,DELIVERY,BLQ,6848
17487,could you help me unsubscribe to your newsletter?,newsletter_subscription,SUBSCRIPTION,BILP,8619
80,I want assistance canceling order {{Order Number}},cancel_order,ORDER,B,12
16323,I have got to ask for reimbursements,get_refund,REFUND,BLM,8297
4913,I don't know what to do to look for bill #37777,check_invoice,INVOICE,BL,2458
9468,i dont know what to do to talk to an assistant,contact_human_agent,CONTACT,BLQ,4691
6737,can uhelp me seeing in which cases can i sak for a refund,check_refund_policy,REFUND,BILQZ,3272
4818,i want help finding my invoice from {{Person Name}},check_invoice,INVOICE,BLQ,2414
3226,I cannot find the termination penalties,check_cancellation_fee,CANCEL,BELM,1579
9253,"you aren't helpful, how can I chat wiuth someone?",contact_human_agent,CONTACT,BCILZ,4580
20332,I want assistance to retrieve my profile PIN code,recover_password,ACCOUNT,BL,10430
12125,can i place an order from {{Delivery City}},delivery_options,DELIVERY,BIQS,6017
1694,I am trying to swap an item of order {{Order Number}},change_order,ORDER,BL,593
19325,assistance to shop some products,place_order,ORDER,BLM,9981
16378,I don't know how to get a reimbursement of my money,get_refund,REFUND,BL,8163
26424,i dont know how i can see the restitution status,track_refund,REFUND,BLQ,14018
7855,help me lodging a customer complaint against ur business,complaint,FEEDBACK,BLQ,3705
1057,is it possible to edit purchase {{Order Number}}?,change_order,ORDER,BIL,257
24558,assistance using the pro profile,switch_account,ACCOUNT,BL,13428
16509,what do i have to do to receive a compensation of my money,get_refund,REFUND,BILQ,8132
6957,I have got to make a customer claim against your business,complaint,FEEDBACK,BL,3361
14169,"I want to modify my user, can you help me?",edit_account,ACCOUNT,BCIL,7170
24600,how do i use the standard profile,switch_account,ACCOUNT,BILQ,13185
12413,help me seeing what options for delivery you offer,delivery_options,DELIVERY,BLM,6113
4217,I do not know how I can look for my invoice #37777,check_invoice,INVOICE,BEL,2124
5211,I want assistance seeing your available payment modalities,check_payment_methods,PAYMENT,BL,2639
17901,I try to inform of a payment issue,payment_issue,PAYMENT,BL,8954
20982,notify of issue with ergistration,registration_problems,ACCOUNT,BKLZ,11281
241,I need assistance to cancel order {{Order Number}},cancel_order,ORDER,B,5
1527,I want assistance changing a product of order {{Order Number}},change_order,ORDER,BL,518
19264,i dont know what i need to do to order an item,place_order,ORDER,BLQ,9929
4233,I have to check the invoice from {{Person Name}},check_invoice,INVOICE,B,1943
13257,can you help me see when my product is going to arrive?,delivery_period,DELIVERY,BIL,6482
19501,what do I need to do to acquire an item?,place_order,ORDER,BIL,10123
3972,I want help seeing the invoices from {{Person Name}},check_invoice,INVOICE,BLM,1943
18238,help me to solve problems with online payment,payment_issue,PAYMENT,BLM,9138
13003,i want assistance seeing when my parcel is gonna arrive,delivery_period,DELIVERY,BLQ,6505
9936,I want help creating a new damn standard account,create_account,ACCOUNT,BLW,4948
21466,"I can't create a user, where to notify of sign-up errors?",registration_problems,ACCOUNT,BCILMN,11604
158,where do i cancel purchase {{Order Number}},cancel_order,ORDER,BILQ,3
11510,I need assistance deleting a {{Account Category}} account,delete_account,ACCOUNT,BL,5531
8398,I want help to check what hours I can reach customer support,contact_customer_service,CONTACT,BL,3869
23778,wanna submita goddamn delivery address how could i do it,set_up_shipping_address,SHIPPING,BCILPQWZ,13074
23847,i want assistance setting up my delivery address,set_up_shipping_address,SHIPPING,BLQ,12756
13681,i dont know how to see when will my item arrive,delivery_period,DELIVERY,BLQ,6577
4219,where can I look for the invoice #12588?,check_invoice,INVOICE,BIL,2036
21798,notify of online registration issues,registration_problems,ACCOUNT,BKLM,11677
4070,want help to find my bill from {{Person Name}},check_invoice,INVOICE,BLQ,1933
457,I have a question about canceling purchase {{Order Number}},cancel_order,ORDER,BL,62
26219,I'm waiting for a refund of {{Refund Amount}} dollrs,track_refund,REFUND,BQZ,13947
14849,i have got to change my user info,edit_account,ACCOUNT,BLQ,7578
5765,I need help to see what payment methods are allowed,check_payment_methods,PAYMENT,BL,2532
10157,could you help me opening a gold account?,create_account,ACCOUNT,BILP,5102
26633,how can I see if there is anything wrong with my rebate?,track_refund,REFUND,BIL,13974
5739,I need assistance checking your available payment modalities,check_payment_methods,PAYMENT,BL,2489
16925,I'd like to unsubscrie to the corporate newsletter help me,newsletter_subscription,SUBSCRIPTION,BCLPQZ,8637
16955,I cannot see the status of my newsletter subscription,newsletter_subscription,SUBSCRIPTION,BEL,8631
28,assistnace cancelling order {{Order Number}},cancel_order,ORDER,BZ,19
24042,"I have got to use the {{Account Type}} profile, help me",switch_account,ACCOUNT,BCL,13226
17653,where can I unsubscribe to your company newsletter?,newsletter_subscription,SUBSCRIPTION,BIL,8619
24306,change to the gold account,switch_account,ACCOUNT,BL,13167
19437,help to acquire some products,place_order,ORDER,BLM,9921
15359,I do not know what I need to do to get bill #85632,get_invoice,INVOICE,BEL,7765
17836,where can I sign up to the newsletter?,newsletter_subscription,SUBSCRIPTION,BIL,8703
14777,wanna edit the data included on my user profile can uhelp me,edit_account,ACCOUNT,BCILQ,7542
5954,i want help checking in which cases can i ask for a refund,check_refund_policy,REFUND,BLQ,2986
22221,writing review for a service,review,FEEDBACK,BKL,12132
18070,"I can't make a payment, how do I notify of fucking errors?",payment_issue,PAYMENT,BCILMWZ,9101
19923,i need help resetting my user profile access key,recover_password,ACCOUNT,BLQ,10432
5280,want help seeing ur accepted payment metjods,check_payment_methods,PAYMENT,BLQZ,2673
17030,can I unsubscribe from the corporate newsletter?,newsletter_subscription,SUBSCRIPTION,BIL,8630
19220,where can i eanr a few of ur item,place_order,ORDER,BILMQZ,9889
8274,I try to check at what time I can call customer service,contact_customer_service,CONTACT,BL,3930
15515,"I have lost bill #85632, could you mail it to me?",get_invoice,INVOICE,BCILP,7644
19197,i want assistance to buy some products,place_order,ORDER,BLMQ,9869
9835,I need assistance chatting with somebody,contact_human_agent,CONTACT,BL,4871
15562,could ya help me get my invoice #37777,get_invoice,INVOICE,BIPQ,7878
1111,how to switch a product of order {{Order Number}}?,change_order,ORDER,BIL,281
9010,i do not know what i need to do to talk with a human agent,contact_human_agent,CONTACT,BELQ,4383
17464,where could I sign up to the damn corporate newsletter?,newsletter_subscription,SUBSCRIPTION,BILPW,8842
2122,I need help trying to upadte the shipping address,change_shipping_address,SHIPPING,BLZ,837
810,assistance cancelling order {{Order Number}},cancel_order,ORDER,B,17
5444,can ya help me seieng ur allowed payment methods,check_payment_methods,PAYMENT,BILQZ,2543
3967,how to locate my bill #12588?,check_invoice,INVOICE,BIL,1951
18762,I need to inform of a trouble with online payment,payment_issue,PAYMENT,BL,9121
16449,I want ehlp demanding a reimbursement of money,get_refund,REFUND,BLZ,8370
14903,need help getting the invoices from {{Person Name}},get_invoice,INVOICE,BMQ,7616
10618,I need help to open a {{Account Category}} account for my daughter,create_account,ACCOUNT,BL,5004
4567,can I give a quick look at bill #37777?,check_invoice,INVOICE,BIL,2299
4212,wanna find my bills from {{Person Name}} how do i do it,check_invoice,INVOICE,BCILMQ,2121
9161,I have to speak with a person,contact_human_agent,CONTACT,BL,4411
1364,i need assistance editing purchase {{Order Number}},change_order,ORDER,BLQ,311
21393,i cant report a problem with registrations,registration_problems,ACCOUNT,BLNQ,11220
17093,I do not know how I can sign up to the corporate newsletter,newsletter_subscription,SUBSCRIPTION,BEL,8621
15597,i do not know what to do to download the invoice #85632,get_invoice,INVOICE,BELQ,7613
22139,I want help to leave some goddamn feedback for a service,review,FEEDBACK,BLW,12069
1961,"I want to add something to purchase {{Order Number}}, help me",change_order,ORDER,BCL,706
21574,i cant register how to inform of a damn sign-up issue,registration_problems,ACCOUNT,BCILNQW,11666
23727,I try to enter a different delivery address,set_up_shipping_address,SHIPPING,BL,12784
21916,could you help me leaving my feedback?,review,FEEDBACK,BILP,11879
21704,i need assistance reporting problems with a sign-up,registration_problems,ACCOUNT,BLMQ,11411
9541,i have to contact an agent,contact_human_agent,CONTACT,BQ,4463
20286,need to restore my user profile pass,recover_password,ACCOUNT,BLQ,10756
19425,I need help ordering several of your item,place_order,ORDER,BLM,10065
25002,I don't know how I could see purchase {{Order Number}} status,track_order,ORDER,BLP,13562
478,i bought somegoddamn item how do i cancel order {{Order Number}},cancel_order,ORDER,BCILQWZ,126
22056,i dont know how to send some feedback for ur services,review,FEEDBACK,BLQ,12001
3320,termination charges,check_cancellation_fee,CANCEL,BLM,1443
18667,report problems with online payments,payment_issue,PAYMENT,BLM,8967
8719,what do I need to do to talk to customer support?,contact_customer_service,CONTACT,BIL,4254
4112,i dont know how to take a quick look at bill #85632,check_invoice,INVOICE,BLQ,2054
17870,I want to know more about the subscription to the newsletter,newsletter_subscription,SUBSCRIPTION,BL,8857
21911,do you have a way to leave a comment for a product?,review,FEEDBACK,BIL,11875
22545,is there an address to elave feedback about a product,review,FEEDBACK,BILQZ,12370
8677,assistance seeing what hours I can contact customer service,contact_customer_service,CONTACT,BL,3887
6720,help checking in what situations can I ask to be refunded,check_refund_policy,REFUND,BL,2987
9177,how to talk to a fucking person?,contact_human_agent,CONTACT,BILW,4531
18316,i need help to solve an error with online payments,payment_issue,PAYMENT,BLMQ,9161
2488,i nedd supports editing my address,change_shipping_address,SHIPPING,BLMQZ,1115
14940,i need assistance to get my bill #37777,get_invoice,INVOICE,BLQ,7647
4719,"I want to locate invoice #00108 , help me",check_invoice,INVOICE,BCLZ,2368
4689,how can i locate invoice #12588,check_invoice,INVOICE,BILQ,2355
23006,need to submut a delivery address,set_up_shipping_address,SHIPPING,BLQZ,12695
23937,help me to change to the gold account,switch_account,ACCOUNT,BL,13167
9351,assistance speaking with someone,contact_human_agent,CONTACT,BL,4630
22370,is there an e-mail to submit an opinion for your services?,review,FEEDBACK,BIL,12246
4065,checkbill #37777,check_invoice,INVOICE,BLZ,2026
16563,I would like to request reimbursements of money,get_refund,REFUND,BLMP,8432
18504,"I want to inform of a problem with online payments, help me",payment_issue,PAYMENT,BCLM,9372
8072,where do I see what hours customer assistance available is?,contact_customer_service,CONTACT,BIL,3978
22889,help to submit a fucking secondary delivery address,set_up_shipping_address,SHIPPING,BLW,12598
14121,modify data on {{Account Type}} account,edit_account,ACCOUNT,BKL,7134
21647,I am having an error with the registration,registration_problems,ACCOUNT,BEL,11709
23092,I have to submit a secondary delivery address,set_up_shipping_address,SHIPPING,BL,12607
19339,how can I earn some of your article?,place_order,ORDER,BILM,9993
2355,i have a problem with an adress update,change_shipping_address,SHIPPING,BLQZ,1017
18987,I need assistance to buy several articles,place_order,ORDER,BLM,9676
21474,want assistance to inform of problems with a registration,registration_problems,ACCOUNT,BLMQ,11215
7373,where can I file a customer claim against your business?,complaint,FEEDBACK,BIL,3516
13147,where to see when my order is gonna arrive,delivery_period,DELIVERY,BILQ,6604
21673,i want assistance notifyin of sign-up problems,registration_problems,ACCOUNT,BLMQZ,11724
25418,i want help seeing the current status of purchase {{Order Number}},track_order,ORDER,BLQ,13520
7577,I don't know what I need to do to make a customer complaint,complaint,FEEDBACK,BL,3529
15964,I want assistance to demand compensations,get_refund,REFUND,BLM,8045
19346,I want assistance doing a purchase,place_order,ORDER,BL,9998
22864,help me submit some feedback for a service,review,FEEDBACK,B,11853
24698,I try to swithc to the {{Account Category}} account,switch_account,ACCOUNT,BZ,13464
10548,want assistance opening a standard account,create_account,ACCOUNT,BLQ,5297
25262,can I check purchase {{Order Number}} current status?,track_order,ORDER,BIL,13520
15694,i need help to get my invoice #00108,get_invoice,INVOICE,BQ,7790
25530,check purchase {{Order Number}} statsu,track_order,ORDER,BKLZ,13701
14150,i have got to correct the user data can i get some help,edit_account,ACCOUNT,BCILQ,7157
11506,i do not know what i have to do to delete a {{Account Type}} account,delete_account,ACCOUNT,BELQ,5465
22481,I need assistance to send some feedback for your company,review,FEEDBACK,BL,12324
25742,could uhelp me check the damn eta of order {{Order Number}},track_order,ORDER,BIPQW,13757
20440,can youhelp me recover the PIN code of my user account?,recover_password,ACCOUNT,BILZ,10881
6585,help me to check in which cases can I request reimbursements,check_refund_policy,REFUND,BL,2973
7123,I want assistance to file a reclamation against your company,complaint,FEEDBACK,BL,3441
25138,help to see the ETA of the order {{Order Number}},track_order,ORDER,BL,13519
4230,"I lost my invoices from {{Person Name}}, show them to me",check_invoice,INVOICE,BCLM,2132
25245,could i see the ETA of the purchase {{Order Number}},track_order,ORDER,BILPQ,13518
20221,want help restoring the pin code of my user,recover_password,ACCOUNT,BLQ,10479
9817,I do not know what I have to do ot talk to somebody,contact_human_agent,CONTACT,BELZ,4882
12639,want help seeing what shipping methods uoffer,delivery_options,DELIVERY,BLMQ,6326
26854,i try to see if there are any updates on my refund,track_refund,REFUND,BLMQ,14128
14980,what do i have to do to download the invoices from {{Person Name}},get_invoice,INVOICE,BILMQ,7643
16118,wanna get a rebate of my mney,get_refund,REFUND,BLQZ,8171
11257,I dl not know what to do to delete the {{Account Category}} account,delete_account,ACCOUNT,BELZ,5478
12299,help to check what shipment options are there,delivery_options,DELIVERY,BLM,6218
20378,how to reset my profile pin,recover_password,ACCOUNT,BILQ,10832
4469,locate bill{{Invoice Number}},check_invoice,INVOICE,BLZ,2252
24276,can ya help me to change to another account,switch_account,ACCOUNT,BILQ,13326
10360,"I would like to create a {{Account Type}} account, how can I do it?",create_account,ACCOUNT,BCILP,5222
22739,assistance to write a comment for ur company,review,FEEDBACK,BLQ,12216
24098,help me use the standard profile,switch_account,ACCOUNT,BL,13185
6114,need to checkin which situations can i ask to be refunded,check_refund_policy,REFUND,BLQZ,2987
13736,assistance to check how soon can I expect the product,delivery_period,DELIVERY,BL,6825
15124,I don't know how I can download my invoice from {{Person Name}},get_invoice,INVOICE,BL,7643
5074,I want help checking the allowed payment modalities,check_payment_methods,PAYMENT,BL,2514
2035,i have issues editing the address,change_shipping_address,SHIPPING,BLMQ,759
9594,i need assistance to speak with a human agent,contact_human_agent,CONTACT,BLQ,4377
17472,give me information about my subscription to your newsletter,newsletter_subscription,SUBSCRIPTION,BL,8620
8010,I don't know what I need to do to speak to customer service,contact_customer_service,CONTACT,BL,3879
20878,i cannot rettrieve my damn user pass,recover_password,ACCOUNT,BELNQWZ,11189
2928,i have a problem changing my delivery address,change_shipping_address,SHIPPING,BLQ,1375
9230,i want assistance speaking to ann assistant,contact_human_agent,CONTACT,BLQZ,4566
11680,remove {{Account Category}} accoint,delete_account,ACCOUNT,BKLZ,5883
5063,check payment modalities,check_payment_methods,PAYMENT,BKL,2558
15337,I do not know how to get my bill #12588,get_invoice,INVOICE,BEL,7676
26705,can you help me check the compensation current status?,track_refund,REFUND,BIL,13970
18573,I need assistance reporting an issue with online payment,payment_issue,PAYMENT,BLZ,9406
2133,where to modify my delivery address?,change_shipping_address,SHIPPING,BIL,847
8938,speak to assistant,contact_human_agent,CONTACT,BL,4347
13331,I am looking for shipping periods,delivery_period,DELIVERY,BEL,6701
15395,I ned assistance to get my invoice #12588,get_invoice,INVOICE,BZ,7820
5904,help me see what payment methods are available,check_payment_methods,PAYMENT,BL,2523
10663,"I need a different bloody {{Account Type}} account, can you create it?",create_account,ACCOUNT,BCILW,5348
16049,I try to obtain a reimbursement of my money,get_refund,REFUND,BL,8014
4214,I am trying to locate my invoice #85632,check_invoice,INVOICE,BL,2122
9146,I want to contact an agent,contact_human_agent,CONTACT,B,4463
24252,use pro account,switch_account,ACCOUNT,BK,13227
18053,help solving a goddamn error with online payments,payment_issue,PAYMENT,BLMW,9088
16618,i have got to obtain a reimbursement of my money,get_refund,REFUND,BLQ,8014
23923,switch to thepremium account,switch_account,ACCOUNT,BZ,13158
14515,modifying data on {{Account Type}} account,edit_account,ACCOUNT,BL,7392
6211,help me to see in what situations can i request a refund,check_refund_policy,REFUND,BLQ,2992
4346,wanna igve a quick look at the bill #12588,check_invoice,INVOICE,BLQZ,2194
14881,update platinum account,edit_account,ACCOUNT,BKL,7307
9310,helpme speaking with somebody,contact_human_agent,CONTACT,BLZ,4613
24630,need help using the {{Account Category}} proffile,switch_account,ACCOUNT,BLQZ,13146
20043,i want assistance to restore the access key of my account,recover_password,ACCOUNT,BLQ,10542
3913,"I have to see the early termination fees, help me",check_cancellation_fee,CANCEL,BCLM,1906
25356,need to check order {{Order Number}} current status how do i do it,track_order,ORDER,BCILQ,13523
20099,I don't know how I can reset my accont pwd,recover_password,ACCOUNT,BLQZ,10593
25971,i expect a refund of {{Refund Amount}} dollars has it been processed,track_refund,REFUND,BCILQ,13845
17380,need assistance unsubscribing to your newsletter,newsletter_subscription,SUBSCRIPTION,BLQ,8624
19364,I need help shopping several of your artiicle,place_order,ORDER,BLMZ,10015
19141,what do I need to do to buy an item?,place_order,ORDER,BI,9819
20750,I don't know how to recover my account access key,recover_password,ACCOUNT,BL,11112
3469,i try to see the early exit penalty,check_cancellation_fee,CANCEL,BLQ,1433
25248,what is order {{Order Number}} status?,track_order,ORDER,BI,13542
13334,I want help to check how soon can I expect my package,delivery_period,DELIVERY,BL,6534
23753,"I have to submit a different delivery address, I need help",set_up_shipping_address,SHIPPING,BCL,12696
11990,can I ordrr from {{Delivery City}}?,delivery_options,DELIVERY,BISZ,6063
8346,where do I see what hours I can reach customer support?,contact_customer_service,CONTACT,BIL,3869
10008,can I open a standard account for my daughter?,create_account,ACCOUNT,BIL,5008
3016,where can i see the early termination fees,check_cancellation_fee,CANCEL,BILMQ,1413
6238,help me see under which circumstances can I ask for a refund,check_refund_policy,REFUND,BL,2978
5204,assistance to see what paymentmethods ya accept,check_payment_methods,PAYMENT,BLQZ,2634
804,where do i cancel order {{Order Number}},cancel_order,ORDER,BIQ,5
5128,I need help to see the accepted paayment options,check_payment_methods,PAYMENT,BLZ,2497
17812,i cant unsubscribe to the company newsletter,newsletter_subscription,SUBSCRIPTION,BLQ,8619
10400,"I am not registered, help me open a gold account with you",create_account,ACCOUNT,BCEL,5240
6034,help seeing in what situations can I ask to be refunded,check_refund_policy,REFUND,BL,2987
9032,what do i need to do to chat with an operator,contact_human_agent,CONTACT,BILQ,4385
17715,what do I need to do to unsubscribe to your newsleyter?,newsletter_subscription,SUBSCRIPTION,BILZ,8903
23409,error entering a goddamn different shipping address,set_up_shipping_address,SHIPPING,BLW,12905
16082,I have got to request a refund,get_refund,REFUND,BL,8143
2481,"I entered a wrong shipping address, can I correct it?",change_shipping_address,SHIPPING,BCIL,1108
7601,make customer complaint against ur company,complaint,FEEDBACK,BKLQ,3345
2631,I need assistance trying to edit my shipping address,change_shipping_address,SHIPPING,BL,1123
21585,i dont know what to do to notify of an issue with a sign-up,registration_problems,ACCOUNT,BLQ,11316
1339,how do I switch several items of purchase {{Order Number}}?,change_order,ORDER,BILM,440
15954,I do not know what I need to do to ask for a compensation,get_refund,REFUND,BEL,8035
24800,want assistance switching to the {{Account Type}} account,switch_account,ACCOUNT,BQ,13136
13362,can you help me checking when will my purchase arrive?,delivery_period,DELIVERY,BIL,6716
11393,give me information about the removal of my standard account,delete_account,ACCOUNT,BL,5752
22272,I need help writing a review about your products,review,FEEDBACK,BL,12174
23970,help to use the standard profile,switch_account,ACCOUNT,BL,13185
21027,I do not know how to notify of a sign-up error,registration_problems,ACCOUNT,BEL,11313
11028,canceling {{Account Category}} account,delete_account,ACCOUNT,BKL,5550
1161,i need help changing several articles of purchase {{Order Number}},change_order,ORDER,BLMQ,328
11413,i dont know what i have to do to close my gold account,delete_account,ACCOUNT,BLQ,5768
13756,i try to seehow long it takes for my package to arrive,delivery_period,DELIVERY,BLQZ,6876
24796,can I use the platinum profile?,switch_account,ACCOUNT,BIL,13133
22187,help me leaving feedback for ur company,review,FEEDBACK,BLQ,12107
13014,"I need to see when will my parcel arrive, how to do it?",delivery_period,DELIVERY,BCIL,6515
15779,how can i download the bill from {{Person Name}},get_invoice,INVOICE,BILQ,7618
3071,needc help checking the withdrawal fees,check_cancellation_fee,CANCEL,BLMQZ,1481
6689,assisance seeing in what cases can i request a refund,check_refund_policy,REFUND,BLQZ,3260
1758,correct order370795561790,change_order,ORDER,BKLZ,626
12053,is it possibleto place an order from {{Delivery City}},delivery_options,DELIVERY,BIQSZ,6003
21263,notifying of problem creating user profile,registration_problems,ACCOUNT,BKL,11482
19663,I want help acquiring a product,place_order,ORDER,BL,10244
5458,I don't know what to do to see the available payment methods,check_payment_methods,PAYMENT,BL,2752
8400,help calling customer support,contact_customer_service,CONTACT,BL,4129
9678,want assistance contacting an operator,contact_human_agent,CONTACT,BLQ,4732
5082,could you help me list the allowed payment modalities?,check_payment_methods,PAYMENT,BILP,2470
25145,assistance to see order {{Order Number}} current status,track_order,ORDER,BL,13523
25614,i want help seeing the goddamn ETA of purchase {{Order Number}},track_order,ORDER,BLQW,13724
8552,help me checking what hours customer support available is,contact_customer_service,CONTACT,BL,3890
14791,correct info on platinum account,edit_account,ACCOUNT,BKLQ,7545
4519,I don't know how I can find the invoices from {{Person Name}},check_invoice,INVOICE,BMZ,1943
15080,I don't know how I could download my invoice #00108,get_invoice,INVOICE,BLP,7623
26151,i expect a refund of {{Currency Symbol}}{{Refund Amount}},track_refund,REFUND,BQ,13798
14103,changing data on {{Account Type}} account,edit_account,ACCOUNT,BL,7120
13683,where to check when will my product arrive?,delivery_period,DELIVERY,BIL,6666
7360,where can I make a customer claim against your organization?,complaint,FEEDBACK,BIL,3338
18942,I want to acquire some articles,place_order,ORDER,BLM,9631
16092,I want assistance to request my money back,get_refund,REFUND,BL,8150
21648,where do I inform of an error with sign-up?,registration_problems,ACCOUNT,BIL,11633
4192,check bill #85632,check_invoice,INVOICE,BL,2108
20312,"I lost my PIN code, I want assistance retrieving it",recover_password,ACCOUNT,BCL,10779
8232,want assistance contacting customer support,contact_customer_service,CONTACT,BLQ,4024
23133,i have a problem setting a secondary shipping address up,set_up_shipping_address,SHIPPING,BLQ,12656
17896,can you help me notifying of errors with online payment?,payment_issue,PAYMENT,BILM,8949
22674,I'm trying to write a review for ur company,review,FEEDBACK,BLQ,12453
12981,how can I see how son can I expect my package?,delivery_period,DELIVERY,BILZ,6488
9164,hopw to contact an agent?,contact_human_agent,CONTACT,BIZ,4522
1211,want assistance switching an item of purchase {{Order Number}},change_order,ORDER,BLQ,362
4405,I have to find the bills from {{Person Name}},check_invoice,INVOICE,BLM,1933
463,i dont want order {{Order Number}} could i cancel it,cancel_order,ORDER,BCINPQ,123
22728,I want assistance to send feedback for your services,review,FEEDBACK,BL,12491
5133,how can i see what payment payment modalities are available,check_payment_methods,PAYMENT,BILQ,2489
22692,can you help me write a review for a service?,review,FEEDBACK,BIL,12468
14025,"I want to modify the info on my user, I need assistance",edit_account,ACCOUNT,BCLQ,7053
2247,"the address has changed, help me modify it",change_shipping_address,SHIPPING,BCL,942
1506,assistance to delete an item from purchase {{Order Number}},change_order,ORDER,BL,298
10831,can I create a new bloody platinum account for my wife?,create_account,ACCOUNT,BILW,5425
8054,where to see at what time I can contact customer service?,contact_customer_service,CONTACT,BIL,3896
3267,can i see the cancellation fees,check_cancellation_fee,CANCEL,BILMQ,1587
13785,help me check how long it takes for my package to arrive,delivery_period,DELIVERY,BL,6576
3606,where can i see the ealry exit charge,check_cancellation_fee,CANCEL,BILQZ,1771
14102,i have to change the info on my user account i need help,edit_account,ACCOUNT,BCLQ,7119
2121,can you help me to correct the delivery address?,change_shipping_address,SHIPPING,BIL,724
23511,there are problems setting my secondary shipping address up,set_up_shipping_address,SHIPPING,BLM,12656
2004,I want to know about correcting the address,change_shipping_address,SHIPPING,BL,728
19925,I do not know what I have to do to reset my user PIN code,recover_password,ACCOUNT,BEL,10434
25168,can I check purchase {{Order Number}} status?,track_order,ORDER,BIL,13554
21256,I do not know how I can report issues with a sign-up,registration_problems,ACCOUNT,BELM,11256
22898,i want help setting up a new shipping address,set_up_shipping_address,SHIPPING,BQ,12604
2098,their is a problem trying to update my delivery address,change_shipping_address,SHIPPING,BLZ,817
13170,where do i check when my shipment is gonna arrive,delivery_period,DELIVERY,BILQ,6619
10049,create {{Account Category}} account for wife,create_account,ACCOUNT,BKL,5036
8544,"I want to speak with customedr assistance, help me",contact_customer_service,CONTACT,BCLZ,4186
24518,I do not know how I can change to the {{Account Type}} account,switch_account,ACCOUNT,BEL,13124
11574,clsoe premium account,delete_account,ACCOUNT,BKLZ,5837
22350,can you help me to send feedback about your company?,review,FEEDBACK,BIL,11973
672,problem with cancelig order {{Order Number}},cancel_order,ORDER,BZ,14
6360,are charges for services reimbursable?,check_refund_policy,REFUND,BIL,3028
6314,need to check ur money back ugarantee,check_refund_policy,REFUND,BLQZ,3144
8177,help to check what hours I can reach customer service,contact_customer_service,CONTACT,BL,3907
14244,pudate info on {{Account Type}} account,edit_account,ACCOUNT,BKLQZ,7068
15415,help me to download the bill #37777,get_invoice,INVOICE,BL,7668
6471,assistance to see how long reimbursements usually take,check_refund_policy,REFUND,BL,3003
19279,help me to acquire a few of your item,place_order,ORDER,BLM,9940
8739,cfan you help me speak to customer service?,contact_customer_service,CONTACT,BILZ,4261
6870,could I see in which cases can I ask to be refunded?,check_refund_policy,REFUND,BILP,2960
2193,want help correcting my address,change_shipping_address,SHIPPING,BLQ,747
8363,"I would like to talk with customer support, how do I do it?",contact_customer_service,CONTACT,BCILP,4114
9590,want help speaking with a live agent,contact_human_agent,CONTACT,BLQ,4391
3061,where do I check the early exit charges?,check_cancellation_fee,CANCEL,BILM,1474
2008,i need assistance changing the delivery address,change_shipping_address,SHIPPING,BLQ,732
25432,i need help to see purchase {{Order Number}} status,track_order,ORDER,BLQ,13522
9017,I want help to speak with somebody,contact_human_agent,CONTACT,BL,4339
13470,I call to see when my parcel is going to arrive,delivery_period,DELIVERY,BL,6556
18347,can you help me reporting problems with online payment?,payment_issue,PAYMENT,BILM,9281
4524,want help taking a quick look at the bill #85632,check_invoice,INVOICE,BLQ,2198
9340,how can i talk with an human agent,contact_human_agent,CONTACT,BILQZ,4383
25395,i want assistance to track purchase {{Order Number}},track_order,ORDER,BLQ,13526
4890,i dont know how i can take a quick look at my invoice #85632,check_invoice,INVOICE,BQ,2345
3534,can I see the early termination fee?,check_cancellation_fee,CANCEL,BIL,1557
4494,is it possible to give a quick look at the invoice #12588,check_invoice,INVOICE,BILQ,2264
3343,i need assistance to see the early termination penalty,check_cancellation_fee,CANCEL,BLQ,1400
3836,i have got to see trhe withdrawal charge can i get some help,check_cancellation_fee,CANCEL,BCILQZ,1874
9698,I need to chat with an assistant,contact_human_agent,CONTACT,BL,4361
7887,want help to make a complaint,complaint,FEEDBACK,BLQ,3324
11117,i have a problem with the cancellation of a freemium account,delete_account,ACCOUNT,BLQ,5463
15417,I do not know how I could download bill #00108,get_invoice,INVOICE,BELP,7688
10713,can I open a gold account?,create_account,ACCOUNT,BIL,5373
14863,correct data on gold account,edit_account,ACCOUNT,BKL,7587
18664,what do i have to do to inform of problems with payments,payment_issue,PAYMENT,BILMQ,9293
10322,how could I create a standard account for my fiance?,create_account,ACCOUNT,BILP,5204
16863,i have paid {{Currency Symbol}}{{Refund Amount}} for an item help to obtain a rebbate,get_refund,REFUND,BCELMQVZ,8135
5275,is it possible to check ur allowed payment modalities,check_payment_methods,PAYMENT,BILQ,2616
24141,help me to use the standard profile,switch_account,ACCOUNT,BL,13185
10351,I need hepl with opening a premium account,create_account,ACCOUNT,BLZ,5218
13509,"I have to see how soon can I expect my shipment, I need help",delivery_period,DELIVERY,BCL,6481
19605,is it possiblr to earn an item,place_order,ORDER,BILQZ,10197
7413,assistance filing a consumer reclamation against ur business,complaint,FEEDBACK,BLQ,3644
8211,can ya help me to speak with customer assistance,contact_customer_service,CONTACT,BILQZ,3940
23822,I need to submit the secondary shipping address,set_up_shipping_address,SHIPPING,BL,12608
25761,need to trafk order {{Order Number}} help me,track_order,ORDER,BCQZ,13761
16256,I want assistance to demand refunds of my money,get_refund,REFUND,BLMZ,8225
7643,can you help me to lodge a customer reclamation?,complaint,FEEDBACK,BIL,3609
25285,i want assistance to see the eta of the ordder {{Order Number}},track_order,ORDER,BLQZ,13519
24773,how do I use the platinum profile?,switch_account,ACCOUNT,BIL,13133
7224,I need assistance to file a consumer complaint,complaint,FEEDBACK,BL,3334
4492,I do not know how I can see my invoice #00108,check_invoice,INVOICE,BEL,2263
8862,can you help me see what hours I can call customer support?,contact_customer_service,CONTACT,BIL,4305
11029,where can i get information about a {{Account Type}} account removal,delete_account,ACCOUNT,BILQ,5525
14426,i have got to correct the personal details,edit_account,ACCOUNT,BLMQ,7339
22091,could you help me sending some feedback?,review,FEEDBACK,BILP,12031
16866,where to get reimbursements of money?,get_refund,REFUND,BILM,8560
8989,I need assistance contacting somebody,contact_human_agent,CONTACT,BL,4392
306,help cancelling my bloody purchase,cancel_order,ORDER,BLW,95
15795,i dont know what ineed to do to download invoice #12588,get_invoice,INVOICE,BLQZ,7621
13732,I am trying to see how soon can I expect my fucking product,delivery_period,DELIVERY,BLW,6870
4882,what do I need to do to check my bill from {{Person Name}}?,check_invoice,INVOICE,BIL,1958
7913,"my experience with you was too bad, help making a complaint",complaint,FEEDBACK,BCL,3864
2805,i need help trying to change the address,change_shipping_address,SHIPPING,BLQ,1208
3701,i do not know how i can see the early exit charges,check_cancellation_fee,CANCEL,BELMQ,1720
3987,find bil #12588,check_invoice,INVOICE,BLZ,1968
20641,i have lost my profile pwd help me to recover it,recover_password,ACCOUNT,BCLQV,11029
5078,i have to list the accepted payment methods,check_payment_methods,PAYMENT,BLQ,2477
21622,i want help notifying of errors with a signup,registration_problems,ACCOUNT,BLMQ,11363
11636,how can I get information about freemium account deletions?,delete_account,ACCOUNT,BILM,5862
25093,can uhelp me to locate order {{Order Number}},track_order,ORDER,BILQ,13591
11704,I want help canceling the standard account,delete_account,ACCOUNT,BL,5797
3212,I don't know how I can see the cancellation penalty,check_cancellation_fee,CANCEL,BL,1409
12175,"I have to see the methods for shipping, I need help",delivery_options,DELIVERY,BCL,6159
18363,help solving troubles with online payment,payment_issue,PAYMENT,BLM,9080
17907,i want help to oslve a bloody issue with payment,payment_issue,PAYMENT,BQWZ,8960
7055,I have to file a customer reclamation against your business,complaint,FEEDBACK,BL,3405
1934,could uhelp me correct order {{Order Number}},change_order,ORDER,BILPQ,696
4428,I do not know how to look for the invoice from {{Person Name}},check_invoice,INVOICE,BEL,1944
22617,help me to submit feedback about your products,review,FEEDBACK,BL,11896
2309,I have a problem correcting te shipping address,change_shipping_address,SHIPPING,BLZ,984
2412,"I entered a wrong address, how do I update it?",change_shipping_address,SHIPPING,BCIL,721
22461,I want to leave an opniion for your company,review,FEEDBACK,BLZ,12311
25899,I try to see the rebate status,track_refund,REFUND,BL,13797
23265,is it possible to set up the secondary shipping address,set_up_shipping_address,SHIPPING,BILQ,12844
5143,could you help me check the payment methods?,check_payment_methods,PAYMENT,BILP,2605
4391,want help giving a quick look at my inovice #85632,check_invoice,INVOICE,BLQZ,2217
2468,i need help to change my shipping address,change_shipping_address,SHIPPING,BQ,878
19273,I don't know how I can order a few of your article,place_order,ORDER,BLM,9633
4184,I don't know what I need to do to check the invoice #37777,check_invoice,INVOICE,B,2100
1505,i cant add something to order {{Order Number}},change_order,ORDER,BNQ,216
5821,I need to see what payment payment modalities are allowed,check_payment_methods,PAYMENT,BL,2470
6985,I want t file a consumer claim against your company,complaint,FEEDBACK,BLZ,3382
6742,help me see how long the bloody reimbursements usually take,check_refund_policy,REFUND,BLW,3273
23468,I don't know what I have to do to set up my shipping address,set_up_shipping_address,SHIPPING,BL,12789
18840,i cant pay i have to notify of problems with online payment,payment_issue,PAYMENT,BCLMQ,9558
4141,I need assistance to look for the invoice from {{Person Name}},check_invoice,INVOICE,BL,1944
18726,troubles with online payments,payment_issue,PAYMENT,BKLM,9493
4992,how can i check ur accepted payment options,check_payment_methods,PAYMENT,BILQ,2497
7203,how to make a damn customer claim against your business?,complaint,FEEDBACK,BILW,3361
21306,I can't notify of issues with a sign-up,registration_problems,ACCOUNT,BLMN,11507
7398,I'm very unhappyt with ur service i need to file a complaint,complaint,FEEDBACK,BCLQZ,3637
15048,I don't know what I need to do to download my invoice #37777,get_invoice,INVOICE,BL,7666
1271,help to swap something of order {{Order Number}},change_order,ORDER,BL,348
15946,how can I obtain goddamn rebates of my money?,get_refund,REFUND,BILMW,8027
2862,want help correcitng my shipping address,change_shipping_address,SHIPPING,BLQZ,1338
17802,assistance to cancel my corporate newsletter subscription,newsletter_subscription,SUBSCRIPTION,BL,8629
21900,wanna leave a review about a product how to do it,review,FEEDBACK,BCILQ,11864
21104,informing of issues creating user account,registration_problems,ACCOUNT,BKLM,11367
18004,i have to notify of issues with payments,payment_issue,PAYMENT,BLMQ,9049
7132,need to make a claim against ur organization,complaint,FEEDBACK,BLQ,3338
20370,i olst my pin code can ya help me retrieve it,recover_password,ACCOUNT,BCILQZ,10825
1945,problems with swapping some items of purchase {{Order Number}},change_order,ORDER,BLM,702
10013,create premium account,create_account,ACCOUNT,BK,5013
12361,can i place a damn order from {{Delivery Country}},delivery_options,DELIVERY,BIQSWZ,6062
24325,help me to use the platinum profile,switch_account,ACCOUNT,BL,13213
6088,can i see in which situtaions can i request refunds,check_refund_policy,REFUND,BILQZ,3059
9610,can you help me speaking with a human agent ?,contact_human_agent,CONTACT,BILZ,4345
26528,i expect an refund of {{Currency Symbol}}{{Refund Amount}} has it been processed,track_refund,REFUND,BCILQZ,13919
21305,I want help to report registration errors,registration_problems,ACCOUNT,BLM,11475
26317,show me my restitution status,track_refund,REFUND,BL,13981
22389,I try to leave a bloody review for a product,review,FEEDBACK,BLW,12257
11879,can i remove a {{Account Type}} account,delete_account,ACCOUNT,BILQ,5460
26373,I'm waiting for a restitution of {{Currency Symbol}}{{Refund Amount}},track_refund,REFUND,BLQ,13848
15196,i dont know how i can get the invoice #37777,get_invoice,INVOICE,BQ,7656
10664,I want assistance to create a pro account,create_account,ACCOUNT,BL,5349
5589,is it possible to see the accepted payment modalities,check_payment_methods,PAYMENT,BILQ,2814
20926,I am experiencing errors signing up,registration_problems,ACCOUNT,BELM,11233
3315,i dont know how to see the termination charge,check_cancellation_fee,CANCEL,BLQ,1634
18267,want assistance informing of problems with online payment,payment_issue,PAYMENT,BLMQ,9137
17506,can ya help me cancel my corporate newsletter subscription,newsletter_subscription,SUBSCRIPTION,BILQ,8629
19033,"I need to earn a few of your article, how do I do it?",place_order,ORDER,BCILM,9718
15089,mail me bill #00108,get_invoice,INVOICE,BL,7718
25086,seeing order {{Order Number}} current status,track_order,ORDER,BKL,13523
14325,updating {{Account Type}} account,edit_account,ACCOUNT,BKL,7257
9328,can ya help me contact an operator,contact_human_agent,CONTACT,BILQ,4412
7534,making customer reclamation against ur company,complaint,FEEDBACK,BLQ,3624
652,i dont know how to cncel purchase {{Order Number}},cancel_order,ORDER,BLQZ,153
7500,where to lodge a consumer reclamation against ur company,complaint,FEEDBACK,BILQ,3335
7056,I'm unsatisfied with ur work how do i lodge a claim,complaint,FEEDBACK,BCILQ,3434
4541,can I give a quick look at my invoice #12588?,check_invoice,INVOICE,BIL,2096
8657,uhave a free number to talk to customer service,contact_customer_service,CONTACT,BILQ,4227
21245,I need assistance reporting an issue with bloody signup,registration_problems,ACCOUNT,BLMW,11472
7272,where could I lodge a reclamation against your organization?,complaint,FEEDBACK,BILP,3568
20997,i want assistance informing of a sign-up issue,registration_problems,ACCOUNT,BLQZ,11234
16367,I don't know what to do to get compensations of my money,get_refund,REFUND,BLM,8319
22204,ya have a method to send my feedback for ur products,review,FEEDBACK,BILQ,12122
21472,I do not know how to report issues with registrations,registration_problems,ACCOUNT,BEM,11200
20385,I want help to reset my bloody password,recover_password,ACCOUNT,BLW,10838
10268,i have a question about creating a {{Account Category}} account,create_account,ACCOUNT,BQ,5175
2529,help me modifying the adress,change_shipping_address,SHIPPING,BLZ,1139
19935,i want assistance retrieving the pin of my user account,recover_password,ACCOUNT,BLQ,10444
8264,what do I need to do to call cusromer support?,contact_customer_service,CONTACT,BILZ,4081
15265,how to get my invoice from {{Person Name}},get_invoice,INVOICE,BILMQZ,7629
26203,I would like to check if there are any news on the refund,track_refund,REFUND,BLMP,13941
9020,I don't know what to do to chat with somebody,contact_human_agent,CONTACT,BL,4416
14552,I need to update the info included on my account,edit_account,ACCOUNT,BLQ,7021
17520,where to unsubscribe to your bloody newsletter?,newsletter_subscription,SUBSCRIPTION,BILW,8855
18170,i try to inform of issues with payments,payment_issue,PAYMENT,BLMQ,9173
5571,where to list your allowed payment options?,check_payment_methods,PAYMENT,BIL,2806
26815,can you help me see the status of the reimbursement?,track_refund,REFUND,BIL,13944
17027,how do I check the status of my newsletter subscription?,newsletter_subscription,SUBSCRIPTION,BIL,8631
15242,I don't know what to do to download the invoice #85632,get_invoice,INVOICE,BL,7613
22585,I have to write a fucking comment for a service,review,FEEDBACK,BLW,12393
7195,I try to make a reclamation against your organization,complaint,FEEDBACK,BL,3522
7626,where do I make a customer claim against your company?,complaint,FEEDBACK,BIL,3383
23627,"my shipping address is invalid, I need help",set_up_shipping_address,SHIPPING,BCL,13007
19322,is it possible to order several of your article?,place_order,ORDER,BILM,9978
3758,I need ehlp seeing the termination fees,check_cancellation_fee,CANCEL,BLMZ,1839
12593,i have to check the shipment methods i need assistance,delivery_options,DELIVERY,BCLQ,6313
1134,I want assistance editing purchase {{Order Number}},change_order,ORDER,BL,311
15179,i want assistance getting the bill #37777,get_invoice,INVOICE,BLQ,7749
6091,help seeing your money back policy,check_refund_policy,REFUND,BLZ,2991
6735,want help seeing in which situations can i requestrefunds,check_refund_policy,REFUND,BLQZ,3271
12323,I need to check what shipment methods are available,delivery_options,DELIVERY,BLM,6052
5364,what payment methods are accepted,check_payment_methods,PAYMENT,BILQ,2477
9640,I don't know what I need to do to speak to someone,contact_human_agent,CONTACT,BL,4785
8542,assistance checking what hours i can reach customre service,contact_customer_service,CONTACT,BLQZ,4184
5919,need assistance to check in what cases can i request refunds,check_refund_policy,REFUND,BLQ,2956
16021,I try to obtain refunds,get_refund,REFUND,BLM,8095
8590,what do I have to do to talk to customer service?,contact_customer_service,CONTACT,BIL,4205
17636,I can't unsubscribe to your newsletter,newsletter_subscription,SUBSCRIPTION,BL,8886
5130,assistance to check what payment methods you accept,check_payment_methods,PAYMENT,B,2598
20022,i dont know what to do to recover my account key,recover_password,ACCOUNT,BLQ,10524
18772,inform of problems with payments,payment_issue,PAYMENT,BKLM,9322
7447,I do not know what I have to do to file a consumer complaint,complaint,FEEDBACK,BEL,3334
13711,I try to see how long it takes for the product to arrive,delivery_period,DELIVERY,BL,6501
24960,i try to chrck the current status of order {{Order Number}},track_order,ORDER,BLQZ,13548
6281,help me see under which circumstances can i request a refund,check_refund_policy,REFUND,BLQ,3014
7581,can uhelpp me filing a reclamation against ur business,complaint,FEEDBACK,BILQZ,3724
7382,i want help filing a damn customer claim against ur business,complaint,FEEDBACK,BLQW,3627
188,I need assistance canceling order {{Order Number}},cancel_order,ORDER,B,12
9433,i do not know what to do to chat with a live agent,contact_human_agent,CONTACT,BELQ,4508
22775,I do not know how I could send my feedback for a product,review,FEEDBACK,BELP,11854
2151,I want help to edit my address,change_shipping_address,SHIPPING,BL,756
15671,I call to get my invoice from {{Person Name}},get_invoice,INVOICE,BL,7629
11171,problem with the removal of my {{Account Category}} account,delete_account,ACCOUNT,BL,5640
7062,want help making a claim against ur company,complaint,FEEDBACK,BLQZ,3409
10987,i dont know what i need to do to remove my standard account,delete_account,ACCOUNT,BLQ,5459
2197,I do not know how I could change my address,change_shipping_address,SHIPPING,BELP,904
2394,i try to modify the shippig address,change_shipping_address,SHIPPING,BLQZ,1045
5333,I wantto see what payment options are accepted,check_payment_methods,PAYMENT,BLZ,2699
4688,i dont know how i can take a quick look at the bill #37777,check_invoice,INVOICE,BLQ,2183
2581,I need assistance correcting my shipping address,change_shipping_address,SHIPPING,BL,1170
7136,help to make a consumer complaint,complaint,FEEDBACK,BL,3486
8111,i have got to talk with customer service i need assistance,contact_customer_service,CONTACT,BCLQ,4001
25010,I'm trying to see the eta of purchase {{Order Number}},track_order,ORDER,BLQ,13566
25884,i expect an rebate of {{Refund Amount}} dollars,track_refund,REFUND,BLQZ,13778
2842,I would like to know about changing my delivery address,change_shipping_address,SHIPPING,BLP,1326
19744,where do I shop several products?,place_order,ORDER,BILM,10207
93,where to cancel purchase {{Order Number}},cancel_order,ORDER,BILQ,3
7550,I need to lodge a consumer claim,complaint,FEEDBACK,BL,3331
12841,where do I check the options for shipment?,delivery_options,DELIVERY,BIL,6333
16276,help me get a refund of my moneyu,get_refund,REFUND,BZ,8275
18022,i cannot pay i have to report goddamn payment issues,payment_issue,PAYMENT,BCEMQW,9063
24246,want assistance switching to the {{Account Category}} account,switch_account,ACCOUNT,BQ,13212
18683,need to inform of problems with online payment,payment_issue,PAYMENT,BLMQ,8969
11135,delete gold account,delete_account,ACCOUNT,BKL,5620
8978,I don't know what to do to seak to a person,contact_human_agent,CONTACT,BLZ,4382
12564,i do not know how i can check the options for shipment,delivery_options,DELIVERY,BELQ,6294
10089,i want help creating a {{Account Type}} account for my dad,create_account,ACCOUNT,BLQ,5062
9679,what do I have to do to contact a person?,contact_human_agent,CONTACT,BIL,4809
2052,support changing the address,change_shipping_address,SHIPPING,BL,775
15137,get ibll #85632,get_invoice,INVOICE,BKLZ,7734
9662,i need help contacting somebody,contact_human_agent,CONTACT,BLQ,4392
26128,"I expect a refund of {{Currency Symbol}}{{Refund Amount}}, has it been processed?",track_refund,REFUND,BCIL,13919
20610,"I cannot remember my user account password, help me reset it",recover_password,ACCOUNT,BCEL,11008
1117,I have to change an item of purchase {{Order Number}},change_order,ORDER,BL,253
11921,could you give me information about the shipment methods?,delivery_options,DELIVERY,BILP,6006
9188,I cannot speak with an assistant,contact_human_agent,CONTACT,BEL,4536
5542,I want help to see the payment methods,check_payment_methods,PAYMENT,BL,2793
23553,my secondary delivery address isnt valid help me,set_up_shipping_address,SHIPPING,BCLQ,12963
13176,I don't know how to check how soon can I expect the parcel,delivery_period,DELIVERY,BL,6418
3428,I need help checking th cancellation fees,check_cancellation_fee,CANCEL,BMZ,1695
13989,edit platinum accont,edit_account,ACCOUNT,BKLZ,7026
13522,I need help checking how soon can I expect my shipment,delivery_period,DELIVERY,BL,6603
9388,how to talk with an operator?,contact_human_agent,CONTACT,BIL,4565
22141,need assistance to write a comment for ur services,review,FEEDBACK,BLQ,12070
5347,what do i have to do to see the available payment modalities,check_payment_methods,PAYMENT,BILQ,2489
6572,see in which situations can I ask to be refunded,check_refund_policy,REFUND,BL,2987
3879,wherecan I check the termination charge?,check_cancellation_fee,CANCEL,BILZ,1890
10710,"I do not have a pro account yet, help me register",create_account,ACCOUNT,BCELN,5371
5795,allowed payment options,check_payment_methods,PAYMENT,BKL,2542
20397,I need assistance retreiving my profile key,recover_password,ACCOUNT,BLZ,10847
10785,assistance with creating a freemium account,create_account,ACCOUNT,BL,4936
26205,where to see the current status of the reimbursement,track_refund,REFUND,BILQ,13785
10447,open a {{Account Type}} acount for my dad,create_account,ACCOUNT,BLZ,5002
7111,want assistance to file a complaint against ur company,complaint,FEEDBACK,BLQ,3345
4661,can ya ehlp me giving a quick look at invoice #37777,check_invoice,INVOICE,BILQZ,2344
11900,canceling gold account,delete_account,ACCOUNT,BKL,5985
8277,"I want to speak with damn customer support, help me",contact_customer_service,CONTACT,BCLW,4086
4575,want help chceking invoice #85632,check_invoice,INVOICE,BQZ,2304
14242,could I edit my damn profile?,edit_account,ACCOUNT,BILPW,7222
13773,could you help me seeing when my parcel is going to arrive?,delivery_period,DELIVERY,BILP,6884
6805,in which cases can i request to be refunded,check_refund_policy,REFUND,BILQ,3009
16537,I do not know what to do to obtain a rebate,get_refund,REFUND,BEL,8261
25206,need assistance seeing order {{Order Number}} current status,track_order,ORDER,BLQ,13523
20514,I have a question about a forgotten access key,recover_password,ACCOUNT,BL,10933
13226,i call to check how long it takes for the item to arrive,delivery_period,DELIVERY,BLQ,6647
15573,assistance to dowmload the invoice from {{Person Name}},get_invoice,INVOICE,BLZ,7882
3671,are there cancellation penalties,check_cancellation_fee,CANCEL,BILMQ,1798
20252,"I have forgotten my user profile pwd, where to reset it?",recover_password,ACCOUNT,BCILQV,10727
890,need assistance withcanceling purchase {{Order Number}},cancel_order,ORDER,BLQZ,186
20824,I can't restore my user profile PIN,recover_password,ACCOUNT,BLN,11157
1185,I can't remove an item from purchase {{Order Number}},change_order,ORDER,BLN,342
2059,I don't know how to change the shipping address,change_shipping_address,SHIPPING,B,781
6825,I need help seeing in which cases can I ask for a refund,check_refund_policy,REFUND,BL,3036
2541,I am trying to edit the delivery adress,change_shipping_address,SHIPPING,BLZ,1148
22101,"I have to submit my feedback about a service, help me",review,FEEDBACK,BCL,12039
2307,there are problems trying to update my shipping address,change_shipping_address,SHIPPING,BLM,908
17064,receive your corporate newsletter,newsletter_subscription,SUBSCRIPTION,BL,8652
3632,check the early termination fee,check_cancellation_fee,CANCEL,BL,1413
24206,could I change to the gold account?,switch_account,ACCOUNT,BILP,13294
11701,would it be possible to cancel a {{Account Category}} account?,delete_account,ACCOUNT,BILP,5889
8191,need help to see what hours i can contact customer support,contact_customer_service,CONTACT,BLQ,3873
21514,is it possible to notify of registration problems,registration_problems,ACCOUNT,BILMQ,11630
15100,I do not know what to do to download the bill #00108,get_invoice,INVOICE,BEL,7688
24466,can I use the {{Account Category}} profile?,switch_account,ACCOUNT,BIL,13207
17109,I do not know what I have to do to receive your newsletter,newsletter_subscription,SUBSCRIPTION,BEL,8712
19443,how do I acquire some articles?,place_order,ORDER,BILM,10080
9546,I want assistance chatting with an operator,contact_human_agent,CONTACT,BL,4415
12900,need help seeing when my packageis going to arrive,delivery_period,DELIVERY,BLQZ,6416
26685,help me check if there is anything wrong with my refund,track_refund,REFUND,B,13818
19071,assistance earning a damn product,place_order,ORDER,BLW,9753
87,I need help cancelling order {{Order Number}},cancel_order,ORDER,B,17
4226,what do I have to do to see my bill #00108?,check_invoice,INVOICE,BIL,2129
5581,want assistance checking ur allowed payment methods,check_payment_methods,PAYMENT,BQ,2543
14924,can you help me to download the invoice #37777?,get_invoice,INVOICE,BIL,7635
2671,I have a question about a shipping address change,change_shipping_address,SHIPPING,B,1226
20593,I am trying to recover my user profile PIN,recover_password,ACCOUNT,BL,10997
224,i cant pay for order {{Order Number}},cancel_order,ORDER,BNQ,76
15797,I do not know what I need to do to egt the bill #85632,get_invoice,INVOICE,BELZ,7948
1881,i want help to delete some products from order {{Order Number}},change_order,ORDER,BLMQ,531
12944,I want assistance to see when will my purchase arrtive,delivery_period,DELIVERY,BLZ,6458
8610,i need help to ese what hours i can reach customer support,contact_customer_service,CONTACT,BLQZ,4215
5639,where can I check what payment options are allowed?,check_payment_methods,PAYMENT,BIL,2836
26362,what do I have to do to check the status of my rebate?,track_refund,REFUND,BIL,13997
23717,I want assistance submitting my delivery address,set_up_shipping_address,SHIPPING,BL,13046
18334,need help reporting errors with online payments,payment_issue,PAYMENT,BLMQ,9272
5396,help seeing what payment methods you accept,check_payment_methods,PAYMENT,BL,2724
1146,i have got to delete an article from purchase {{Order Number}},change_order,ORDER,BLQ,308
10099,open another pro account,create_account,ACCOUNT,BKL,5069
2926,i chose a wrong address by mistake,change_shipping_address,SHIPPING,BLQ,1015
1331,problem with switching a bloody product of order {{Order Number}},change_order,ORDER,BLW,436
18098,want help to report a problem with payments,payment_issue,PAYMENT,BLMQ,9029
22919,want help to enter my secondary shipping address,set_up_shipping_address,SHIPPING,BLQ,12614
20373,I have got to rfetrieve the key of my account,recover_password,ACCOUNT,BLZ,10828
21243,can you help me informing of an issue with signup?,registration_problems,ACCOUNT,BIL,11470
4178,what do i need to do to find my invoice #12588,check_invoice,INVOICE,BIQ,2095
8697,"I want to call customer service, how can I do it?",contact_customer_service,CONTACT,BCIL,4246
3169,i try to check the early exit penalties,check_cancellation_fee,CANCEL,BLMQ,1419
19214,I want help to place an order,place_order,ORDER,BL,9782
18276,i do not know what to do to report an issue withpayment,payment_issue,PAYMENT,BEQZ,9240
10072,open a freemium acocunt,create_account,ACCOUNT,BLZ,5052
19496,I need help to purchase several of your item,place_order,ORDER,BLM,9833
3280,can ya help me checking the cancellation charges,check_cancellation_fee,CANCEL,BILMQ,1617
10069,i do not kow how i can create a {{Account Type}} account,create_account,ACCOUNT,BELQZ,5050
23379,can you help me setting my delivery address up?,set_up_shipping_address,SHIPPING,BIL,12890
7255,where do I lodge a complaint against your company?,complaint,FEEDBACK,BIL,3559
23567,my new shipipng address is invalid i need help,set_up_shipping_address,SHIPPING,BCLQZ,12976
12144,I do not know how to check what delivery methods are there,delivery_options,DELIVERY,BELM,6144
8782,help to call customer assistance,contact_customer_service,CONTACT,BL,3937
25335,how to see order {{Order Number}} status,track_order,ORDER,BILQ,13523
17700,wanna know about the company newsletter subscription,newsletter_subscription,SUBSCRIPTION,BQ,8616
2546,I want assistance to update my delivery address,change_shipping_address,SHIPPING,BL,1152
12731,have a question about the methods for shipment,delivery_options,DELIVERY,BLQ,6354
26053,help me see the current status of my rebate,track_refund,REFUND,BL,13819
18260,want assistance to notify of a payment problem,payment_issue,PAYMENT,BLQ,9142
13936,change information on freemium account,edit_account,ACCOUNT,BKL,6977
17920,where to notify of problems with online payment?,payment_issue,PAYMENT,BILM,8973
16721,I need help to ask for restitutions of my mone,get_refund,REFUND,BLMZ,8070
3607,I need assistance to see the early exit fee,check_cancellation_fee,CANCEL,BL,1772
14544,modifying ingormation on {{Account Type}} account,edit_account,ACCOUNT,BKLZ,7410
2891,"I have entered a wrong address by mistake, how do I edit it?",change_shipping_address,SHIPPING,BCIL,1358
21851,I try to inform of an error with a sign-up,registration_problems,ACCOUNT,BL,11590
14576,correcting infornation on standard account,edit_account,ACCOUNT,BKLZ,7427
20326,i need help to reset the pass of my account,recover_password,ACCOUNT,BLQ,10790
21286,I need help to notify of problems with sign-up,registration_problems,ACCOUNT,BLM,11496
22120,I call to send some feedback about a service,review,FEEDBACK,BLZ,12055
5217,what payment methods are accepted?,check_payment_methods,PAYMENT,BIL,2613
20912,I have to notify of an issue with a signup,registration_problems,ACCOUNT,BL,11219
22417,i dont know what to do to send my feedback for ur products,review,FEEDBACK,BLQ,12265
23046,I have to submit a different delivery address,set_up_shipping_address,SHIPPING,BL,12696
23300,i dont know how to set a new shipping addrews up,set_up_shipping_address,SHIPPING,BQZ,12859
15739,help me to download my goddamn invoices from {{Person Name}},get_invoice,INVOICE,BLMW,7620
14334,updaing info on platinum account,edit_account,ACCOUNT,BKLQZ,7278
11466,clsoe platinum account,delete_account,ACCOUNT,BKLZ,5795
15360,mail me my invoices from {{Person Name}},get_invoice,INVOICE,BLM,7717
1919,assistance adding some items to purchase {{Order Number}},change_order,ORDER,BLM,252
15662,I don't know what I have to do to get the invoice{{Invoice Number}},get_invoice,INVOICE,BZ,7908
19154,wasnna acquire some articles can i get some help,place_order,ORDER,BCILMQZ,9831
21005,I have to notify of problems with a registration,registration_problems,ACCOUNT,BLMZ,11283
18202,notify of troubles with payment,payment_issue,PAYMENT,BLM,8962
7670,where do I file a customer complaint againwt your company?,complaint,FEEDBACK,BILZ,3759
7530,file reclamation against your organization,complaint,FEEDBACK,BKL,3576
3193,check the goddamn early exit charges,check_cancellation_fee,CANCEL,BLMW,1560
7305,I do not know how I can make a customer reclamation,complaint,FEEDBACK,BEL,3589
15878,I don't know what I need to do to download invoice #37777,get_invoice,INVOICE,BL,7666
3085,I need to check the withdrawal charge,check_cancellation_fee,CANCEL,BL,1462
7647,where do I file a claim?,complaint,FEEDBACK,BIL,3748
13889,help to see how soon can i expect my product,delivery_period,DELIVERY,BLQ,6460
10912,what do i have to do to remove the {{Account Type}} account,delete_account,ACCOUNT,BILQ,5460
14107,correct data on standard account,edit_account,ACCOUNT,BKL,7122
14071,modifying ddetails on {{Account Type}} account,edit_account,ACCOUNT,BKLMZ,7092
20538,want help to reset my pwd,recover_password,ACCOUNT,BLQ,10952
19179,where can i shop some articles,place_order,ORDER,BILMQ,9854
45,could ya help me cancel order {{Order Number}},cancel_order,ORDER,BIPQ,5
3112,i dont know how i can see the cancellation penalty,check_cancellation_fee,CANCEL,BLQZ,1409
20337,what do I have to do to restore my user account pwd?,recover_password,ACCOUNT,BILQ,10798
8946,"you aren't helpful at all, talk to an operator",contact_human_agent,CONTACT,BCL,4355
12607,"I have got to see the fucking delivery methods, I need help",delivery_options,DELIVERY,BCLW,6315
21396,can uhelp me informing of problems with sign-up,registration_problems,ACCOUNT,BILMQ,11565
7909,want assistance to make a claim,complaint,FEEDBACK,BLQ,3435
21087,help me reporting a sign-up problem,registration_problems,ACCOUNT,BLZ,11356
15143,can you help me getting my invoice from {{Person Name}}?,get_invoice,INVOICE,BIL,7738
10741,could you help me to create a {{Account Type}} account for my fiance?,create_account,ACCOUNT,BILP,5186
19254,I want help to order an article,place_order,ORDER,BL,9920
11095,"I want to cancel a damn {{Account Type}} account, I need help",delete_account,ACCOUNT,BCLW,5594
3929,want assistance to find the bills from {{Person Name}},check_invoice,INVOICE,BLMQ,1920
11885,"I do not want my freemium account, I need help closing it",delete_account,ACCOUNT,BCEL,5978
7301,i want help to file a consumer claim against ur organization,complaint,FEEDBACK,BLQ,3321
23183,ihave a problem entering my new delivery address,set_up_shipping_address,SHIPPING,BLQZ,12801
2344,I havbe problems updating my delivery address,change_shipping_address,SHIPPING,BLMZ,1008
15049,I want assistance downloading my invoices from {{Person Name}},get_invoice,INVOICE,BLM,7639
5578,can you help me check the acepted payment modalities?,check_payment_methods,PAYMENT,BILZ,2810
2332,how can i find information about correcting the address,change_shipping_address,SHIPPING,BILQ,1001
18922,where do I make a purchase?,place_order,ORDER,BI,9612
5709,I want assisatance seeing the allowed payment options,check_payment_methods,PAYMENT,BLZ,2866
22701,I do not know how to submit some feedback for a servicd,review,FEEDBACK,BEZ,12473
7621,need to make a complaint,complaint,FEEDBACK,BLQ,3324
10104,I'm looking for information about creating standard accounts,create_account,ACCOUNT,BEMQ,5072
18731,I do not know what I need to do to inform of a payment issue,payment_issue,PAYMENT,BEL,9157
13523,I am trying to see when my package is going to arrive,delivery_period,DELIVERY,BL,6784
13758,assistance seeing how soon can i expect the item,delivery_period,DELIVERY,BLQ,6551
21650,I need help to report problems with registrations,registration_problems,ACCOUNT,BLMZ,11220
18605,I need to report a problem with online payment,payment_issue,PAYMENT,BL,9043
13507,how do I see when will my product arrive?,delivery_period,DELIVERY,BIL,6591
11587,problem with the termination of my pro account,delete_account,ACCOUNT,BL,5842
16322,could ya help me get a rebate of money,get_refund,REFUND,BILPQ,8296
1494,i dont know how i can delete something from order {{Order Number}},change_order,ORDER,BLQ,487
25925,I want to know if there is anything wrong with my refund,track_refund,REFUND,BL,13818
17080,where to cancel my subscription to the company newsletter,newsletter_subscription,SUBSCRIPTION,BILQ,8616
3926,locate the bill #12588,check_invoice,INVOICE,BL,1917
6569,help me to see in what cases can i ask for my money back,check_refund_policy,REFUND,BLQ,2988
13846,wanna know about delivery periods give me some informtion,delivery_period,DELIVERY,BCQZ,6915
16292,help me to request a restitution of money,get_refund,REFUND,BL,8282
22704,i have got to leave a review for a product i nee help,review,FEEDBACK,BCLQZ,12476
14912,want asistance to download the bill #85632,get_invoice,INVOICE,BLQZ,7625
16755,I am trying to receive a reimbursement,get_refund,REFUND,BL,8537
18927,"I have got to earn a product, I need help",place_order,ORDER,BCL,9617
22191,review for your company,review,FEEDBACK,BK,12110
2024,can you give me information about editing my address?,change_shipping_address,SHIPPING,BIL,748
18988,"I would like to purchase several products, will you help me?",place_order,ORDER,BCILMP,9677
24990,could I see the current status of order {{Order Number}}?,track_order,ORDER,BILP,13523
10348,create another {{Account Category}} account for mum,create_account,ACCOUNT,BKL,5216
2482,I have problems correcting my address,change_shipping_address,SHIPPING,BLM,1109
5973,want help seeing in which cases can I requesr a refund,check_refund_policy,REFUND,BLQZ,2997
15173,need help downloading my invoices from {{Person Name}},get_invoice,INVOICE,BLMQ,7639
10480,open another gold account,create_account,ACCOUNT,BKL,5270
18579,i do ont know how i can report an issue with payment,payment_issue,PAYMENT,BEQZ,9411
25439,I cannot check the ETA of the order {{Order Number}},track_order,ORDER,BEN,13646
6900,can I check in which cases can I request a refund?,check_refund_policy,REFUND,BIL,3116
10449,where to create a {{Account Category}} account for my daughter?,create_account,ACCOUNT,BIL,5260
3341,check the cancellation penalties,check_cancellation_fee,CANCEL,BLM,1646
23804,how to submit another shipping address,set_up_shipping_address,SHIPPING,BILQ,12853
3886,"I have to see the withdrawal fees, can you help me?",check_cancellation_fee,CANCEL,BCILM,1894
23767,assistance setting up my secondary delivery address,set_up_shipping_address,SHIPPING,BL,12610
26699,help checking if there are any news on my compensation,track_refund,REFUND,BLM,13887
8620,how can I contact cusomer support?,contact_customer_service,CONTACT,BILZ,4216
2777,want assistance updating my address,change_shipping_address,SHIPPING,BLQ,832
12544,can you show me what delivery methods I can choose?,delivery_options,DELIVERY,BILM,6166
11938,I want to know about the options for shipment,delivery_options,DELIVERY,BL,6021
23199,could I set up a delivery address?,set_up_shipping_address,SHIPPING,BILP,12810
18444,report issue with payment,payment_issue,PAYMENT,BK,9159
12463,i dont know how i can check what delivery methods i have,delivery_options,DELIVERY,BLMQ,6274
13238,I call to check how long it takes for ym article to arrive,delivery_period,DELIVERY,BLZ,6651
21907,assistance to leave a comment for a service,review,FEEDBACK,BL,11871
19931,i cant retrieve my user pwd,recover_password,ACCOUNT,BLNQ,10440
15260,I do not know how I can download the invoice #12588,get_invoice,INVOICE,BEL,7621
11086,i want aswistance to close a {{Account Category}} account,delete_account,ACCOUNT,BLQZ,5589
16482,can you help me demand refunds ?,get_refund,REFUND,BILMZ,8390
5784,help me list your accepted payment methods,check_payment_methods,PAYMENT,BL,2477
11414,"I don't need my fucking {{Account Category}} account, I want to close it",delete_account,ACCOUNT,BCLW,5769
12152,assistance to check what delivery methods are available,delivery_options,DELIVERY,BLM,5993
17579,I want to sign up to your corporate newsletter,newsletter_subscription,SUBSCRIPTION,BL,8621
10632,assistance to create another fucking freemium account,create_account,ACCOUNT,BLW,5334
8337,"I need to speak with customer support, help me",contact_customer_service,CONTACT,BCL,4107
7181,I do not know how to lodge a customer claim,complaint,FEEDBACK,BEL,3512
26213,where to see the status of my reimbursement?,track_refund,REFUND,BIL,13944
23527,howq can i set up the secondary delivery address,set_up_shipping_address,SHIPPING,BILQZ,12947
10858,give me information about opening a {{Account Type}} account,create_account,ACCOUNT,BL,4965
13727,I want to see how long it takes for my order to arrive,delivery_period,DELIVERY,BL,6580
11599,have problems with the removal of a {{Account Type}} account,delete_account,ACCOUNT,BLMQ,5543
11909,where do I check what damn shipment options are available?,delivery_options,DELIVERY,BILMW,5994
23866,"I have got to set a shipping address up, how can I do it?",set_up_shipping_address,SHIPPING,BCIL,12766
22741,I am trying to leave feedback for a service,review,FEEDBACK,BL,12483
5867,wanna see ur available payment metods i need assistance,check_payment_methods,PAYMENT,BCLQZ,2934
22270,assistance to submit my feedback for urproducts,review,FEEDBACK,BLQZ,12172
9505,I do not know what to do to contact a damn operator,contact_human_agent,CONTACT,BELW,4412
1004,help me remove a product from purchase {{Order Number}},change_order,ORDER,BL,207
12520,can I see what methods for delivery I can choose?,delivery_options,DELIVERY,BILM,6089
11932,is it possible to place an order from {{Delivery City}}?,delivery_options,DELIVERY,BIS,6003
9915,new {{Account Type}} account,create_account,ACCOUNT,BKL,4927
11442,removing pro account,delete_account,ACCOUNT,BKL,5707
4759,check my invoices from {{Person Name}},check_invoice,INVOICE,BLM,1943
23259,awnna set my shipping address up,set_up_shipping_address,SHIPPING,BLQZ,12840
11238,"I never use my {{Account Category}} account, could I cancel it?",delete_account,ACCOUNT,BCEILP,5672
4547,i dont kmow how i can locate bill #37777,check_invoice,INVOICE,BLQZ,2291
5869,I'd like to check the allowed payment options how do i do it,check_payment_methods,PAYMENT,BCILPQ,2935
14273,"I need to edit my bloody user, will you help me?",edit_account,ACCOUNT,BCIPW,7238
20301,how do i restore my account passwodr,recover_password,ACCOUNT,BILQZ,10769
17863,can you help me unsubscribing from the corporate newsletter?,newsletter_subscription,SUBSCRIPTION,BIL,8705
4273,"I lost my invoice from {{Person Name}}, find it for me",check_invoice,INVOICE,BCL,2150
8564,check at what time I can call customer service,contact_customer_service,CONTACT,BL,3930
26082,I do not know what to do to track my reimbursement,track_refund,REFUND,BEL,13901
10355,I don't know what I have to do to open a pro account,create_account,ACCOUNT,BL,5220
7372,help making a customer reclamation against ur company,complaint,FEEDBACK,BLQ,3624
5064,want assistance checking your available payment modalities,check_payment_methods,PAYMENT,BLQ,2489
25305,where do i see the ETA of the roder {{Order Number}},track_order,ORDER,BILQZ,13652
1140,I cannot swap several articles of order {{Order Number}},change_order,ORDER,BELMN,316
3172,can you help me see the early exit penalties?,check_cancellation_fee,CANCEL,BILM,1445
499,I don't know what to do to cancel order {{Order Number}},cancel_order,ORDER,B,133
4240,assistance checking the invoice from {{Person Name}},check_invoice,INVOICE,B,1943
11449,i dont know what i need to do to delete a {{Account Category}} account,delete_account,ACCOUNT,BLQ,5478
7529,how to file a claim against your organization?,complaint,FEEDBACK,BIL,3338
4255,I don't know what to do to check invoice #00108,check_invoice,INVOICE,B,2076
17162,want help cancelling the corporate newsletter subscription,newsletter_subscription,SUBSCRIPTION,BLQ,8629
9746,chat with a human agent,contact_human_agent,CONTACT,BL,4634
4486,I don't know what I need to do to check my invoice #00108,check_invoice,INVOICE,B,2076
3365,could you help me see the early termination charges?,check_cancellation_fee,CANCEL,BILMP,1550
9033,i do not know what to do to talk to a live agent,contact_human_agent,CONTACT,BELQ,4425
3890,want assistance to check the withdrawal penalty,check_cancellation_fee,CANCEL,BLQ,1768
2712,I have a problem updating my shipping address,change_shipping_address,SHIPPING,BL,1253
1169,I need help modifying order {{Order Number}},change_order,ORDER,BL,239
18027,i want help to inform of errors with payments,payment_issue,PAYMENT,BLMQ,9068
14464,chnge data on gold account,edit_account,ACCOUNT,BKLZ,7362
23253,support submitting the deoivery address,set_up_shipping_address,SHIPPING,BLZ,12837
10668,can you help me open a platinum account for my dad?,create_account,ACCOUNT,BIL,5293
17869,I am trying to receive your corporate newsletter,newsletter_subscription,SUBSCRIPTION,BL,8652
17913,where do i notify of a trouble with payments,payment_issue,PAYMENT,BILMQ,8966
9296,can I talk with an operator?,contact_human_agent,CONTACT,BIL,4565
11614,I don't know what to do to delete the freemium account,delete_account,ACCOUNT,BL,5850
2236,want help tyo modify my shipping address,change_shipping_address,SHIPPING,BLQZ,933
19203,i have got to acquire several items,place_order,ORDER,BLMQ,9844
19620,where can I order some items?,place_order,ORDER,BILM,10016
19895,i do not know what i need to do to restore my pin code,recover_password,ACCOUNT,BELQ,10405
2201,there are errors trying to modify my shipping address,change_shipping_address,SHIPPING,BLM,907
11744,help me canceling the {{Account Category}} account,delete_account,ACCOUNT,BL,5550
5215,want help listing the accepted payment methods,check_payment_methods,PAYMENT,BLQ,2633
11773,question about freemium account canclelations,delete_account,ACCOUNT,BLMZ,5925
5915,help me list your available payment methods,check_payment_methods,PAYMENT,BL,2523
13818,want assistance to check how soon can i exppect the item,delivery_period,DELIVERY,BQZ,6903
18505,can you help me to solve errors with payment?,payment_issue,PAYMENT,BILM,9373
22323,do you have a method to submit a review for your products?,review,FEEDBACK,BIL,12209
18534,want help to report an issue with online payments,payment_issue,PAYMENT,BLMQ,9059
7506,I have to file a customer claim against your business,complaint,FEEDBACK,BL,3684
2116,can you tell me more about correcting the shipping address?,change_shipping_address,SHIPPING,BIL,833
23244,I do not know what to do to submit a bloody delivery address,set_up_shipping_address,SHIPPING,BELW,12831
10988,closing {{Account Type}} account,delete_account,ACCOUNT,BKL,5520
25687,i have to see the goddamn ETA of purchase {{Order Number}},track_order,ORDER,BLQW,13744
21276,"I can't register, help to inform of a signup issue",registration_problems,ACCOUNT,BCLN,11490
23347,help me set up the secondary delivery address,set_up_shipping_address,SHIPPING,BL,12668
20573,want help to retrieve my pin,recover_password,ACCOUNT,BLQ,10980
20714,assistance erstoring the PIN of my user profile,recover_password,ACCOUNT,BLZ,11087
23213,can you help me to set up a different delivery address?,set_up_shipping_address,SHIPPING,BIL,12649
13707,can you help me to check how soon can I expect the parcel?,delivery_period,DELIVERY,BIL,6485
550,is it possible to cancel order {{Order Number}} ?,cancel_order,ORDER,BIZ,56
13691,help to check how soon can i expect the item,delivery_period,DELIVERY,BQ,6593
10645,open nw pro account for daughter,create_account,ACCOUNT,BKLZ,5341
7511,help to make a reclamation against your company,complaint,FEEDBACK,BLZ,3401
8924,I want assistance talking with an person,contact_human_agent,CONTACT,BLZ,4333
22508,I don't know how t leave an opinion about a product,review,FEEDBACK,BLZ,12343
20705,"I cannot remember my account PIN, I would like to recover it",recover_password,ACCOUNT,BCELP,11078
8842,"I need to contact customer assistance, how to do it?",contact_customer_service,CONTACT,BCIL,3998
20859,I want help restoring the access key of my user,recover_password,ACCOUNT,BL,10416
7442,I don't know how I can make a customer reclamation,complaint,FEEDBACK,BL,3589
11853,where can I find information about my pro account removal?,delete_account,ACCOUNT,BIL,5963
4933,I don't know how I could list the allowed payment modalities,check_payment_methods,PAYMENT,BLP,2476
7087,need to file a consumer reclamation help me,complaint,FEEDBACK,BCLQZ,3454
21338,I don't know what to do to notify fo sign-up problems,registration_problems,ACCOUNT,BLMZ,11528
25479,i cant see the status of order {{Order Number}},track_order,ORDER,BLNQ,13523
23905,switch to {{Account Type}} account,switch_account,ACCOUNT,BKZ,13125
2999,i need assistance to check the cancellation fee,check_cancellation_fee,CANCEL,BQ,1428
19363,I do not know how I can acquire some articles,place_order,ORDER,BELM,10014
16456,can uhelp me receive a rebate of money,get_refund,REFUND,BILQ,8373
7541,lodging customer complaint against ur business,complaint,FEEDBACK,BLQZ,3705
9162,"you are not helpful, I need help chatting with an assistant",contact_human_agent,CONTACT,BCEL,4520
26507,i want help seeing my reimbursement status,track_refund,REFUND,BLQ,14045
2085,tghere is a problem trying to change the delivery address,change_shipping_address,SHIPPING,BLZ,806
26005,can I see the current status of the compensation?,track_refund,REFUND,BIL,13854
23264,i have a problem entering a secondary shipping address,set_up_shipping_address,SHIPPING,BLQ,12638
12945,could i check when my package is gonna arive,delivery_period,DELIVERY,BILPQZ,6459
10694,can i create a {{Account Category}} account for my fiance,create_account,ACCOUNT,BILQ,5169
10350,creating freemium account,create_account,ACCOUNT,BK,4936
11418,I do not know how I can cancel the standard acconut,delete_account,ACCOUNT,BELZ,5770
22409,where can i send some feedback for ur products,review,FEEDBACK,BILQ,12275
1933,i need help to delete something from order {{Order Number}},change_order,ORDER,BLQ,487
12745,"I have to see what shipping methods I have, can you help me?",delivery_options,DELIVERY,BCILM,6360
12567,can I see what delivery options are there?,delivery_options,DELIVERY,BILM,6213
9709,I don't know how I could speak to a human agent,contact_human_agent,CONTACT,BLP,4569
23471,there are errors setting up my secondary shipping address,set_up_shipping_address,SHIPPING,BLM,12852
12644,how do I see what shipping methods I can choose?,delivery_options,DELIVERY,BILM,6317
25456,where can i see the current status of order {{Order Number}},track_order,ORDER,BILQ,13523
4156,see the damn bill from {{Person Name}},check_invoice,INVOICE,BLW,1923
24947,can i see order {{Order Number}} status,track_order,ORDER,BILQ,13523
15200,wanna get my bill from {{Person Name}},get_invoice,INVOICE,BLQ,7757
17049,"I have to sign up to your corporate newsletter, I need help",newsletter_subscription,SUBSCRIPTION,BCL,8621
10062,i want help to create a different damn platinum account,create_account,ACCOUNT,BLQW,5044
10238,i have problems with creating a pro account,create_account,ACCOUNT,BMQ,5155
14930,"I cannot find my bill #85632, mail it to me",get_invoice,INVOICE,BCEL,7641
20811,can you help me recover the key of my profile?,recover_password,ACCOUNT,BIL,10609
5163,i try to check what paymnt payment modalities ya accept,check_payment_methods,PAYMENT,BLQZ,2612
16939,can you help me receiving the company newsletter?,newsletter_subscription,SUBSCRIPTION,BIL,8644
19850,where do i earn several articles,place_order,ORDER,BILMQ,9724
23841,can you help me enter my secondary shipping address?,set_up_shipping_address,SHIPPING,BIL,12614
4025,want assistance to find the bill #85632,check_invoice,INVOICE,BLQ,1997
5040,i have to check the accepted payment options,check_payment_methods,PAYMENT,BLQ,2497
23531,i have issues submitting another shipping address,set_up_shipping_address,SHIPPING,BLMQ,12949
13808,could I check how soon can I expect the damn product?,delivery_period,DELIVERY,BILPW,6899
6139,help me check in which situations can i ask to be refunded,check_refund_policy,REFUND,BLQ,2987
22824,I have to submit damn feedback,review,FEEDBACK,BLW,12557
7290,I need help making a complaint,complaint,FEEDBACK,BL,3581
10052,where to create a freemium account?,create_account,ACCOUNT,BIL,5032
19766,purchase several of your product,place_order,ORDER,BLM,9933
5469,I do not knwo how I can list the accepted payment options,check_payment_methods,PAYMENT,BELZ,2756
18569,need assistance solving an issue with online paymenst,payment_issue,PAYMENT,BLMQZ,9405
15684,I need assistance downloading the invoice #00108,get_invoice,INVOICE,BL,7624
20167,I need help retrieving my goddamn account password,recover_password,ACCOUNT,BLW,10654
19035,is it possible to order some of your article?,place_order,ORDER,BILM,9720
20993,I don't know what to do to inform of a registration error,registration_problems,ACCOUNT,BL,11290
18229,i need assistance to notify of issues wih payment,payment_issue,PAYMENT,BLMQZ,9214
23555,what do I have to do to submit the goddamn shipping address?,set_up_shipping_address,SHIPPING,BILW,12965
23181,I want assistance entering my delivery address,set_up_shipping_address,SHIPPING,BL,12742
22374,do ya have an e-mail to submit some feedback for a product,review,FEEDBACK,BILQ,12089
26551,help checking if there is anything new on the bloody rebate,track_refund,REFUND,BLW,14054
22622,wanna leave a comment how do i do it,review,FEEDBACK,BCILQ,12419
22352,i dont know how i can leave my feedback for a product,review,FEEDBACK,BLQ,12229
6635,i have to check in which cases can i ask to be refunded,check_refund_policy,REFUND,BLQ,2964
14099,chnge data on platinum account,edit_account,ACCOUNT,BKLZ,7116
3714,I need to check the early terfmination fee,check_cancellation_fee,CANCEL,BLZ,1816
14654,i do not know how to update my personal info,edit_account,ACCOUNT,BELQ,7471
26413,I ned help checking the rebate current status,track_refund,REFUND,BLZ,14015
7358,help lodging a complaint against your organization,complaint,FEEDBACK,BL,3616
23700,i need help to set up a new shipping address,set_up_shipping_address,SHIPPING,BQ,12641
17225,I do not know what I need to do to sign up to the newsletter,newsletter_subscription,SUBSCRIPTION,BEL,8648
9205,I don't know what to do to talk to someone,contact_human_agent,CONTACT,BL,4344
25827,what do I need to do to see the ETA of purchase {{Order Number}}?,track_order,ORDER,BIL,13772
23293,where can I enter the new shipping address?,set_up_shipping_address,SHIPPING,BIL,12830
13643,I am trying to find the delivery periods,delivery_period,DELIVERY,BEM,6839
19201,i need help buying some of ur item,place_order,ORDER,BMQ,9873
18777,I need to inform of damn issues with online payment,payment_issue,PAYMENT,BLMW,9524
23977,I need assistance changing to the premium account,switch_account,ACCOUNT,BL,13184
1965,I want help changing an article of purchase {{Order Number}},change_order,ORDER,BL,708
7564,i dont know how to make a reclamation against ur company,complaint,FEEDBACK,BLQ,3717
1132,can i remove a product from purchase {{Order Number}},change_order,ORDER,BILQ,207
22169,wanna send some fedeback for ur services i need help,review,FEEDBACK,BCLQZ,12093
12416,"I have to check the shipment methods, can you help me?",delivery_options,DELIVERY,BCIL,6252
13552,I have to see how long it takes for my product to arrive,delivery_period,DELIVERY,BL,6501
18399,help me solving a trouble with payment,payment_issue,PAYMENT,BL,9305
12346,"I need to see the delivery options, how do I do it?",delivery_options,DELIVERY,BCIL,6238
170,I cannot afford order {{Order Number}},cancel_order,ORDER,BELN,61
20051,I need information abvout lost passwords,recover_password,ACCOUNT,BLMZ,10548
4800,can i take a quick look at the invoice #12588,check_invoice,INVOICE,BIQ,2047
20864,i dont know what to do to recover myuser account pin,recover_password,ACCOUNT,BLQZ,11179
8918,can ya help me contactsomebody,contact_human_agent,CONTACT,BILQZ,4328
1191,can uhelp me to swap something of order {{Order Number}},change_order,ORDER,BILQ,348
3917,can you help me see the cancellation charges?,check_cancellation_fee,CANCEL,BILM,1526
20169,I waant help resetting my user profile pwd,recover_password,ACCOUNT,BLQZ,10656
10959,I don't know what to do to close my {{Account Type}} account,delete_account,ACCOUNT,BL,5476
23194,i have to enter the secondary shipping dadress i need help,set_up_shipping_address,SHIPPING,BCLQZ,12807
21925,how to leave an opinion for ur products,review,FEEDBACK,BILQ,11888
11670,deleting platinum account,delete_account,ACCOUNT,BKL,5878
20063,"someone stole my user key, help me retrieving it",recover_password,ACCOUNT,BCL,10559
21460,is it possible to notify of a registration problem?,registration_problems,ACCOUNT,BIL,11602
9667,I do not know what I need to do to chat with someone,contact_human_agent,CONTACT,BEL,4443
22035,is there a way to leave a review about ur products,review,FEEDBACK,BILQ,11982
23435,I want help to enter another delivery address,set_up_shipping_address,SHIPPING,BL,12919
20006,help to retrieve my user account PIN code,recover_password,ACCOUNT,BL,10417
3616,what do I need to do to check the withdrawal fees?,check_cancellation_fee,CANCEL,BILM,1776
24271,switch to another account,switch_account,ACCOUNT,BK,13322
26743,help me to see if there is anything new on the reimbursement,track_refund,REFUND,BL,13777
2277,i submitted an wrong address how can i edit it,change_shipping_address,SHIPPING,BCILQZ,741
18684,where can i report issues with payment,payment_issue,PAYMENT,BIMQ,9037
23423,why I can't set the secondary shipping address valid up,set_up_shipping_address,SHIPPING,BL,12911
12955,can you help me seeing how soon can I expect my order?,delivery_period,DELIVERY,BIL,6468
24430,I want assistance to change to the {{Account Type}} account,switch_account,ACCOUNT,BL,13124
21809,i want assikstance notifying of problems with a registration,registration_problems,ACCOUNT,BLMQZ,11806
19926,"someone has stolen my user account key, help to restore it",recover_password,ACCOUNT,BCLV,10435
15199,"I have got to download the bill from {{Person Name}}, help me",get_invoice,INVOICE,BCL,7618
21603,"I am having an error signing up, can I get some help?",registration_problems,ACCOUNT,BCEIL,11681
6931,how to make a consumer claim against ur company,complaint,FEEDBACK,BILQ,3337
18548,where to report an error with payments?,payment_issue,PAYMENT,BILM,9231
20052,i need help to reset my account password,recover_password,ACCOUNT,BLQ,10549
10881,what do I need to do to create a {{Account Type}} account?,create_account,ACCOUNT,BI,4947
16233,I want assistance to request reimbursements of money,get_refund,REFUND,BLM,8003
6429,show me in what situations can i ask for my money back,check_refund_policy,REFUND,BLQ,3181
3712,can you show me the termination fees?,check_cancellation_fee,CANCEL,BILM,1814
17999,need assistance reporting a problem with payment,payment_issue,PAYMENT,BLQ,9044
16693,I need assistance to get a rebate of my money,get_refund,REFUND,BLZ,8503
21156,I am having an isuse with my signup,registration_problems,ACCOUNT,BELZ,11407
2073,assistance editing the shipping address,change_shipping_address,SHIPPING,BL,795
1808,modify order00004587345,change_order,ORDER,BLZ,647
23669,assistance submitting another delivery address,set_up_shipping_address,SHIPPING,BL,13028
3459,how do I see the withdrawal charge?,check_cancellation_fee,CANCEL,BIL,1451
2303,where can i edit the shipping address,change_shipping_address,SHIPPING,BILQ,981
2956,problems with a shipping address update,change_shipping_address,SHIPPING,BLM,1212
17584,help me sign up to the corporate newsletter,newsletter_subscription,SUBSCRIPTION,BL,8621
5383,I need help checking your payment modalities,check_payment_methods,PAYMENT,BL,2717
22092,i want assistance to leave a comment,review,FEEDBACK,BLQ,12032
19831,how could i buy esveral products,place_order,ORDER,BILMPQZ,10364
2167,is it possible to correct my delivery address?,change_shipping_address,SHIPPING,BIL,875
22693,I need assistance leaving an opinion about your services,review,FEEDBACK,BL,12469
4150,i cannot find my invoices from {{Person Name}},check_invoice,INVOICE,BELMNQ,2000
24641,wanna change to the {{Account Type}} account can ya help me,switch_account,ACCOUNT,BCILQ,13124
17510,how could I receive yoru goddamn newsletter?,newsletter_subscription,SUBSCRIPTION,BILPWZ,8853
6686,"I need to see in whichy cases can I ask for refunds, help me",check_refund_policy,REFUND,BCLZ,3259
2983,how to see the withdrawal penalty?,check_cancellation_fee,CANCEL,BIL,1412
23802,want assistance to enter anotherr shipping address,set_up_shipping_address,SHIPPING,BLQZ,13085
8792,help seeing what hours I can reach customer support,contact_customer_service,CONTACT,BL,3869
20018,where can I resety my user profile pwd?,recover_password,ACCOUNT,BILQZ,10520
19187,help me to shop some items,place_order,ORDER,BLM,9860
7319,I try to make a consumer claim against your business,complaint,FEEDBACK,BL,3481
9867,what do I need to do to chat with somebody?,contact_human_agent,CONTACT,BIL,4642
18666,is it possible to inform of an error with online payments?,payment_issue,PAYMENT,BILM,9466
3015,where to see the cancellation fee?,check_cancellation_fee,CANCEL,BIL,1441
17156,how to cancel the subscription to ur company newsletter,newsletter_subscription,SUBSCRIPTION,BIQ,8616
22714,can i write a comment for ur company,review,FEEDBACK,BILQ,12216
8811,how to contact cutsomer assistance?,contact_customer_service,CONTACT,BILZ,4289
9245,can i speak with an operator,contact_human_agent,CONTACT,BILQ,4435
11175,I don't know what I have to do to delete my platinum acount,delete_account,ACCOUNT,BLZ,5474
18690,I want help to notify oof issues with payment,payment_issue,PAYMENT,BLMZ,9477
19097,I want assistance purcahsing a few of your item,place_order,ORDER,BLMZ,9779
11050,I do not know how I can cancel my {{Account Category}} account,delete_account,ACCOUNT,BEL,5464
16453,how to ask for a rebate of my money,get_refund,REFUND,BILQ,8222
7038,I try to file a claim,complaint,FEEDBACK,BLZ,3418
1049,i want assistance to edit order {{Order Number}},change_order,ORDER,BLQ,250
21805,where do i report an issue with a registration,registration_problems,ACCOUNT,BIQ,11200
24032,can i use the freemium rpofile,switch_account,ACCOUNT,BILQZ,13220
9520,I don't know what I need to do to chat with an operator,contact_human_agent,CONTACT,BL,4385
19845,what do i need to do to do a purchase,place_order,ORDER,BILQ,10373
14261,editdata on {{Account Category}} account,edit_account,ACCOUNT,BKLZ,7231
1095,help me change something of order {{Order Number}},change_order,ORDER,B,277
20461,how do I recover my account PIN code?,recover_password,ACCOUNT,BIL,10409
6418,I want to check in which situations can I request refunds,check_refund_policy,REFUND,BL,2992
4458,I need help to find bill #12588,check_invoice,INVOICE,BL,2134
9602,directing to person,contact_human_agent,CONTACT,BL,4764
22236,is there a section to submit some feedback for ur products,review,FEEDBACK,BILQ,12143
10917,delete {{Account Type}} account,delete_account,ACCOUNT,BKL,5465
16590,i dont know what i have to do to receive a compensation,get_refund,REFUND,BLQ,8447
6081,I want assistance to see your money back guarantee,check_refund_policy,REFUND,BL,2975
15649,I want help downloading the invoice #00108,get_invoice,INVOICE,BL,7624
16321,I want help to ask for a reimbursement of my money,get_refund,REFUND,BL,8295
22179,"I have to leave feedback for a product, can you help me?",review,FEEDBACK,BCIL,12100
20355,i have got to restore my user pwd,recover_password,ACCOUNT,BLQ,10814
16467,what do I need to do to demand a refund of my money?,get_refund,REFUND,BIL,8381
21689,i want assistance to inform of a probelm with a sign-up,registration_problems,ACCOUNT,BLQZ,11731
6670,can I check in which cases can I ask to be reimbursed?,check_refund_policy,REFUND,BIL,2957
12858,"I have got to see the delivery methods, how to do it?",delivery_options,DELIVERY,BCIL,6268
3109,show withdrawal fees,check_cancellation_fee,CANCEL,BKLM,1506
22795,I am tryig to submit my feedback about your services,review,FEEDBACK,BLZ,12535
4481,help to locate my bills from {{Person Name}},check_invoice,INVOICE,BLM,1939
11818,have a problem with a standard account cancellation,delete_account,ACCOUNT,BLQ,5534
22231,could I sybmit my feedback for your company?,review,FEEDBACK,BILPZ,12140
12949,I have got to check how soon can I expect the goddamn order,delivery_period,DELIVERY,BLW,6462
9241,speak to live agent,contact_human_agent,CONTACT,BL,4516
22385,"I need to leave feedback, can you help me?",review,FEEDBACK,BCIL,12218
1485,I have got to edit order {{Order Number}},change_order,ORDER,BL,234
22138,I don't know how to write an opinion for your products,review,FEEDBACK,BL,12068
7757,where can i lodge a customer claim,complaint,FEEDBACK,BILQ,3792
4930,"I have got to see your payment modalities, I need help",check_payment_methods,PAYMENT,BCL,2473
4501,can you help me to take a quick look at my bill #85632?,check_invoice,INVOICE,BIL,2267
19768,help to acquire a few of your item,place_order,ORDER,BLM,9940
18829,what do I need to do to notify of a payment error?,payment_issue,PAYMENT,BIL,9550
21040,help me to notify of issues with a signup,registration_problems,ACCOUNT,BLM,11321
8908,help checking what hours I can contact customer assistance,contact_customer_service,CONTACT,BL,3887
20396,someone stole the pin of my user want help restoring it,recover_password,ACCOUNT,BCLQ,10846
9428,could you help me chatting with someone?,contact_human_agent,CONTACT,BILP,4670
22965,there is a trouble submitting a secondary shipping address,set_up_shipping_address,SHIPPING,BL,12662
5840,show me what paymentpayment modalities are accepted,check_payment_methods,PAYMENT,BLZ,2479
19829,where could I buy several articles?,place_order,ORDER,BILMP,10362
23254,the shipping address is njot valid what can i do,set_up_shipping_address,SHIPPING,BCEILQZ,12761
5777,checking allowed payment methods,check_payment_methods,PAYMENT,BK,2543
2713,I have an error updating my address,change_shipping_address,SHIPPING,BL,1254
10239,"I do not have a {{Account Type}} account, how do I register?",create_account,ACCOUNT,BCEILN,5156
15614,need assistance to download my invoice from {{Person Name}},get_invoice,INVOICE,BLQ,7643
14214,can i update the information included on my user profile,edit_account,ACCOUNT,BILQ,7205
1197,hlw do I add several products to purchase {{Order Number}}?,change_order,ORDER,BILMZ,353
2528,I want assistance to change the address,change_shipping_address,SHIPPING,BL,1138
23344,there are problems entering my shipping address,set_up_shipping_address,SHIPPING,BLM,12877
19566,I want help to earn a produxt,place_order,ORDER,BLZ,10173
3846,i have to see the early exit epnalty how to do it,check_cancellation_fee,CANCEL,BCILQZ,1877
20894,support with my online registration,registration_problems,ACCOUNT,BL,11202
14884,update information on pro account,edit_account,ACCOUNT,BKL,7602
19665,makepurchase,place_order,ORDER,BKZ,10246
8011,can i speak to customer service,contact_customer_service,CONTACT,BILQ,3939
2156,I have to edit my shipping address,change_shipping_address,SHIPPING,BL,865
25394,I'd like to locate purchase {{Order Number}} i need assistance,track_order,ORDER,BCLPQ,13674
1589,"I have to change some articles of order {{Order Number}}, help me",change_order,ORDER,BCLM,545
5537,I need help checking what payment methods are allowed,check_payment_methods,PAYMENT,BL,2543
19059,I want help shopping an article,place_order,ORDER,BL,9662
3685,I need help to see the termination fee,check_cancellation_fee,CANCEL,BLMZ,1682
18940,need assistance to order a few of ur item,place_order,ORDER,BLMQ,9629
6384,help me see under what circumtsances can I ask for refunds,check_refund_policy,REFUND,BLZ,3169
15570,"I have to download the bill from {{Person Name}}, how to do it?",get_invoice,INVOICE,BCIL,7618
15630,I don't know what to do to get my invoice from {{Person Name}},get_invoice,INVOICE,BL,7629
23330,I need help entering the shipping address,set_up_shipping_address,SHIPPING,BL,12871
13136,need help seeing how soon can i expect my package,delivery_period,DELIVERY,BLQ,6596
21365,I don't know how I can notify of issues with damn sign-up,registration_problems,ACCOUNT,BLMW,11544
22779,how to sedn feedback about a service?,review,FEEDBACK,BILZ,12521
22253,i have to leave an opinion about an service i need help,review,FEEDBACK,BCLQZ,12157
16648,could you help me receiving compensations of my money?,get_refund,REFUND,BILMP,8481
5382,I need help to check your allowed payment options,check_payment_methods,PAYMENT,BL,2542
22551,I'm caling to write an opinion about ur services,review,FEEDBACK,BLQZ,12373
145,is it possible to cancel purchase {{Order Number}},cancel_order,ORDER,BILQ,49
17130,how to unsubsribe to the corporate newsletter,newsletter_subscription,SUBSCRIPTION,BILQZ,8722
20876,how do i retrieve my profile pin,recover_password,ACCOUNT,BILQ,10784
3088,is it possible to see the withdrawal charges?,check_cancellation_fee,CANCEL,BILM,1492
20080,where to reset the key of my user profile,recover_password,ACCOUNT,BILQ,10575
6467,can i see in what situations can i ask for reimbursements,check_refund_policy,REFUND,BILQ,3072
2270,tell me more about correcting the delivery address,change_shipping_address,SHIPPING,BL,961
23489,assistance to set up a secondary shipping address,set_up_shipping_address,SHIPPING,BL,12612
12796,I want help seeing what delivery options are there,delivery_options,DELIVERY,BLM,6192
4357,I don't know what to do to check my inovice #00108,check_invoice,INVOICE,BZ,2199
11317,question about the cancellation of my standard account,delete_account,ACCOUNT,BL,5713
18884,want help reporting a trouble with online payment,payment_issue,PAYMENT,BLQ,8999
4570,seeingbill from {{Person Name}},check_invoice,INVOICE,BKLZ,2300
11487,i have a question about the cancellation of my {{Account Type}} account,delete_account,ACCOUNT,BLQ,5652
10003,open {{Account Category}} cacount for wife,create_account,ACCOUNT,BKLZ,5005
10907,I have a problem with opening a standard account,create_account,ACCOUNT,BLZ,5446
3863,i want assistance seeing thw termination penalties,check_cancellation_fee,CANCEL,BLMQZ,1883
14699,modifying info on standard accoumt,edit_account,ACCOUNT,BKLQZ,7502
2299,problem updating delivery address,change_shipping_address,SHIPPING,BKL,804
13490,wanna check how soon can i expect my article,delivery_period,DELIVERY,BLQ,6769
24159,"I have got to use the pro profile, how can I do it?",switch_account,ACCOUNT,BCIL,13278
22243,could you help me to submit my feedback for your products?,review,FEEDBACK,BILP,12150
12966,I am looking for the bloody shipping period,delivery_period,DELIVERY,BELMW,6477
21775,reporting issue opening user profile,registration_problems,ACCOUNT,BKL,11786
7273,need to file an fucking consumer claim can i get some help,complaint,FEEDBACK,BCILQWZ,3569
20055,can you help me recover my user profile password?,recover_password,ACCOUNT,BIL,10552
4171,can you help me giving a quick look at my invoice #12588?,check_invoice,INVOICE,BIL,2091
14066,help to update the information included on my account,edit_account,ACCOUNT,BL,7089
24215,help touse the pro profile,switch_account,ACCOUNT,BLZ,13301
20451,i cantretrieve my user account pwd,recover_password,ACCOUNT,BLNQZ,10890
10135,create pro accountfor wife,create_account,ACCOUNT,BKLZ,5090
13513,what is the shipping period for mt package,delivery_period,DELIVERY,BILQZ,6780
1744,help me removing a product from order {{Order Number}},change_order,ORDER,BL,621
26630,i have got to see my compensation current status,track_refund,REFUND,BLQ,13838
10727,want assistance opening a standard account for my dad,create_account,ACCOUNT,BLQ,5383
11741,find information about the termination of my {{Account Type}} account,delete_account,ACCOUNT,BL,5492
24690,I need assistance using the {{Account Category}} profile,switch_account,ACCOUNT,BL,13146
8954,awnt assistance talking to an agent,contact_human_agent,CONTACT,BQZ,4363
16050,I want help getting a compensation of my money,get_refund,REFUND,BL,8118
17334,I need assistance unsubscribing to your fucking newsletter,newsletter_subscription,SUBSCRIPTION,BLW,8624
13892,"I have to see when will my product arrive, how to do it?",delivery_period,DELIVERY,BCIL,6473
9477,I have to contact na agent,contact_human_agent,CONTACT,BZ,4463
20110,where do I retrieve my user access key?,recover_password,ACCOUNT,BIL,10602
18566,where can I notify of troubles with payments?,payment_issue,PAYMENT,BILM,9091
9708,"I cannot understand you, I want to speak with a human agent",contact_human_agent,CONTACT,BCEL,4827
26066,"I expect a rebate of {{Currency Symbol}}{{Refund Amount}}, was it processed",track_refund,REFUND,BCL,13792
20135,question about forgotten pwd,recover_password,ACCOUNT,BLQ,10624
25952,help me to check the current status of the compensation,track_refund,REFUND,BL,13838
1289,i need help to delete an article from order {{Order Number}},change_order,ORDER,BLQ,270
7316,lodging consumer complaint against ur business,complaint,FEEDBACK,BLQ,3594
20895,assistance reporting problems with signup,registration_problems,ACCOUNT,BLM,11203
8210,can ya help me talk to customer assistance,contact_customer_service,CONTACT,BILQ,4051
7007,can i file a complaint against ur organization,complaint,FEEDBACK,BILQ,3340
25338,i hasve to see the ETA of order {{Order Number}} how can i do it,track_order,ORDER,BCILQZ,13659
21631,need assistance to notify of issues with a sign-up,registration_problems,ACCOUNT,BLMQ,11284
6462,need help to see in which situations can I request a refund,check_refund_policy,REFUND,BLQ,2992
16133,"I paid {{Currency Symbol}}{{Refund Amount}} for a purchase, assistance obtaining a refund",get_refund,REFUND,BCLM,8181
13845,I need help to see how long the delivery takes,delivery_period,DELIVERY,BL,6914
2884,I want help correcting my shipping address,change_shipping_address,SHIPPING,BL,1352
4356,I want help taking a quick look at bill #85632,check_invoice,INVOICE,BL,2198
24801,I would like to change to the goddamn {{Account Type}} account,switch_account,ACCOUNT,BLPW,13495
5583,how do i see ur available payment modailties,check_payment_methods,PAYMENT,BILQZ,2811
19820,can you help me toorder a few of your product?,place_order,ORDER,BILMZ,10354
25915,i exepct a restitution of {{Currency Symbol}}{{Refund Amount}},track_refund,REFUND,BLQZ,13811
17010,see the status of my newsletter subscription,newsletter_subscription,SUBSCRIPTION,BL,8631
9404,wanna contact an assistant,contact_human_agent,CONTACT,BLQ,4655
13493,how can I check how long it takes for my parcel to arrive?,delivery_period,DELIVERY,BIL,6438
8029,help top speak with customer assistance,contact_customer_service,CONTACT,BLZ,3951
7248,what do I need to do to lodge a customer complaint?,complaint,FEEDBACK,BIL,3555
12187,can you give me information about the damn shipment options?,delivery_options,DELIVERY,BILW,6165
2572,tell me more abou editing my address,change_shipping_address,SHIPPING,BLZ,1167
15095,I do not know how to download the bill #85632,get_invoice,INVOICE,BEL,7612
23959,hep using the {{Account Category}} profile,switch_account,ACCOUNT,BLZ,13180
8112,wanna see at what time i can reach customer support,contact_customer_service,CONTACT,BLQ,3932
6488,help me to see in which cases can I ask for a refund,check_refund_policy,REFUND,BL,2986
17118,I would like to sign up to the corporate newsletter,newsletter_subscription,SUBSCRIPTION,BLP,8717
21188,i dont know how tl inform of signup errors,registration_problems,ACCOUNT,BLMQZ,11429
2875,i want assistace trying to correct the shipping address,change_shipping_address,SHIPPING,BLQZ,1346
15608,i dont know what to do to download bill #85632,get_invoice,INVOICE,BLQZ,7612
19790,i want help purchasing several products,place_order,ORDER,BLMQ,10332
22070,i need assistance to leave a review about a product,review,FEEDBACK,BLQ,11850
6726,can ya help me to check ur reimbursement policy,check_refund_policy,REFUND,BILQ,3001
11501,i do not know what i need to do to remove a {{Account Type}} account,delete_account,ACCOUNT,BELQ,5460
10880,could you tell me more about creating a platinum account?,create_account,ACCOUNT,BIP,5450
23131,can i submit my new delivery address,set_up_shipping_address,SHIPPING,BILQ,12711
2796,help me modify ym shipping address,change_shipping_address,SHIPPING,BLZ,1300
21491,need help regadring my sign-up,registration_problems,ACCOUNT,BLQZ,11617
12047,I'm trying to check what options for delivery are there,delivery_options,DELIVERY,BLMQ,6095
999,modifying purchase {{Order Number}},change_order,ORDER,BL,202
18867,can uhelp me to inform of issues with payments,payment_issue,PAYMENT,BILMQZ,9569
26039,"I need to track my compensation, could I get some help?",track_refund,REFUND,BCILP,13877
4693,need to give a quick look at the invoice from {{Person Name}},check_invoice,INVOICE,BLQ,1983
24946,purchase {{Order Number}} current status,track_order,ORDER,BKL,13520
26436,where to see the bloody rebate current status?,track_refund,REFUND,BILW,14022
5819,can i check ur aailable payment methods,check_payment_methods,PAYMENT,BILQZ,2916
3680,show me the early exit penalty,check_cancellation_fee,CANCEL,BL,1433
1541,help to switch several products of order {{Order Number}},change_order,ORDER,BLM,524
7440,I need to lodge a claim against your organization,complaint,FEEDBACK,BL,3338
17698,where can I cancel my company newsletter subscription?,newsletter_subscription,SUBSCRIPTION,BIL,8616
25135,where do i track order {{Order Number}},track_order,ORDER,BIQ,13527
14853,wanna change the personal details i need help,edit_account,ACCOUNT,BCLMQ,7580
19579,help to purchase something,place_order,ORDER,BL,9866
9187,speak with operator,contact_human_agent,CONTACT,BKL,4435
4152,i dont know how i can see my bill from {{Person Name}},check_invoice,INVOICE,BLQ,2079
7589,lodging consumer complaint against your business,complaint,FEEDBACK,BL,3594
20054,how do I restore my user profile pass?,recover_password,ACCOUNT,BILQZ,10551
19886,i want help to shop a product,place_order,ORDER,BLQ,10258
17676,"I need to unsubscribe from your newsletter, how can I do it?",newsletter_subscription,SUBSCRIPTION,BCIL,8645
22751,I do not know how I could submit feedback about a service,review,FEEDBACK,BELP,12505
24911,I need assistance seeing purchase {{Order Number}} bloody status,track_order,ORDER,BLW,13534
11407,i dont know how i could delpete the goddamn {{Account Type}} account,delete_account,ACCOUNT,BLPQWZ,5764
17566,assistance to unsubscribe to your corporate newsletter,newsletter_subscription,SUBSCRIPTION,BL,8630
8797,how can I contact customer service?,contact_customer_service,CONTACT,BI,4285
2575,is it possible to correct the delivery address?,change_shipping_address,SHIPPING,BIL,875
721,help canceling order {{Order Number}},cancel_order,ORDER,B,12
14457,update info on {{Account Type}} account,edit_account,ACCOUNT,BKLQ,7011
6937,my experience with uhas been bad i wanna make a bloody claim,complaint,FEEDBACK,BCLQW,3343
20383,is it possible to reset my account PIN code?,recover_password,ACCOUNT,BIL,10836
8531,can you tell me what hours customer support available is?,contact_customer_service,CONTACT,BIL,3890
9420,I'd like to chat withan assistant,contact_human_agent,CONTACT,BLPQZ,4663
16045,is it possible toreceive refunds of money?,get_refund,REFUND,BILMZ,8041
2061,"I entered a wrong delivery address, help me editing it",change_shipping_address,SHIPPING,BCL,783
22336,how do I send feedback about a product ?,review,FEEDBACK,BILZ,11854
18688,"I cannot make a payment, I need help notifying of errors",payment_issue,PAYMENT,BCELM,9475
7387,where can I make a consumer claim?,complaint,FEEDBACK,BIL,3620
8931,I want to contact a person,contact_human_agent,CONTACT,BL,4340
7423,I don't know how to lodge a customer complaint,complaint,FEEDBACK,BL,3648
8695,where can i see at what time i can reach customer assistance,contact_customer_service,CONTACT,BILQ,3912
13446,where can i check how soon can i expect the package,delivery_period,DELIVERY,BILQ,6534
13872,i do not know how to see when my delivery is gonna arrive,delivery_period,DELIVERY,BELQ,6928
23883,switching to gold account,switch_account,ACCOUNT,BK,13127
3641,can you help me to see the early termination charges?,check_cancellation_fee,CANCEL,BILM,1550
17120,can you help me subscribing to your corporate newsletter?,newsletter_subscription,SUBSCRIPTION,BIL,8705
10829,creating gold account,create_account,ACCOUNT,BK,5424
24395,need to use the {{Account Category}} profile help me,switch_account,ACCOUNT,BCLQ,13207
4056,see invoicefrom {{Person Name}},check_invoice,INVOICE,BKLZ,2018
4681,checking invoice #37777,check_invoice,INVOICE,BK,2027
3136,is it possible to check the bloody early exit fee?,check_cancellation_fee,CANCEL,BILW,1525
12960,"I want to check when will my product arrive, how do I do it?",delivery_period,DELIVERY,BCIL,6473
8063,how do i check what hours customer supporft available is,contact_customer_service,CONTACT,BILQZ,3971
15580,"I have got to get my bill #37777, I need assistance",get_invoice,INVOICE,BCL,7883
1164,modify order {{Order Number}},change_order,ORDER,BKL,273
13023,help to see when my purchase is going to arrive,delivery_period,DELIVERY,BL,6521
24887,I need to see purchase {{Order Number}} current status,track_order,ORDER,BL,13520
5665,can I check what payment methods are accepted?,check_payment_methods,PAYMENT,BIL,2613
15224,is it possible to download invoice #12588?,get_invoice,INVOICE,BIL,7766
13599,delivery period,delivery_period,DELIVERY,BK,6819
669,what do i have to do to cancel purchase {{Order Number}},cancel_order,ORDER,BILQ,3
12308,help me see the options for shipping,delivery_options,DELIVERY,BL,6204
24687,can you help me to use the {{Account Type}} profile?,switch_account,ACCOUNT,BIL,13221
16606,where to get a compensation?,get_refund,REFUND,BIL,8458
4746,i dont know how i can locate bill #00108,check_invoice,INVOICE,BLQ,2383
15695,I need help getting the bills from {{Person Name}},get_invoice,INVOICE,BLM,7664
5981,I want to see in what cases can I ask for refunds,check_refund_policy,REFUND,BL,3000
5104,wshere do i list ur allowed payment options,check_payment_methods,PAYMENT,BILQZ,2583
20113,want help to retrieve my user account key,recover_password,ACCOUNT,BLQ,10454
19138,I don't know what I have to do to earn a few of your item,place_order,ORDER,BLM,9817
11908,help to see what delivery methods are available,delivery_options,DELIVERY,BLM,5993
17497,where to cancel my subscription to the corporate newsletter?,newsletter_subscription,SUBSCRIPTION,BIL,8629
6493,could you show me in what situations can I request refunds?,check_refund_policy,REFUND,BILP,2992
13568,i dont know what to do to see when mt order is gonna arrive,delivery_period,DELIVERY,BLQZ,6800
17273,could you help me to receive your newsletter?,newsletter_subscription,SUBSCRIPTION,BILP,8779
178,i need assistance with canceling order {{Order Number}},cancel_order,ORDER,BQ,12
4228,see bill from {{Person Name}},check_invoice,INVOICE,BKL,1923
24978,want assistance to check purchase {{Order Number}} status,track_order,ORDER,BLQ,13522
25769,i have to locate purchase {{Order Number}} i need assistance,track_order,ORDER,BCLQ,13627
8283,i dont know how i can call customer assistance,contact_customer_service,CONTACT,BLQ,4089
12990,I call to see when my product is going to arrive,delivery_period,DELIVERY,BL,6495
17815,I need to unsubscribe from your newsletter,newsletter_subscription,SUBSCRIPTION,BL,8619
5190,can you help me check the accepted payment options?,check_payment_methods,PAYMENT,BIL,2544
26226,I'm trying to check if there are any updates on the rebate,track_refund,REFUND,BLMQ,13951
13689,I want help seeing how soon can I expect my shipment,delivery_period,DELIVERY,BL,6605
17294,icant cancel my subscription to ur corporate newsletter,newsletter_subscription,SUBSCRIPTION,BLQZ,8783
4288,i cannot find invoiced #00108,check_invoice,INVOICE,BENQZ,2161
10836,i havent signed up yet help me creatin a customer profile,create_account,ACCOUNT,BCLQZ,5428
14042,modifying ddetails on gold account,edit_account,ACCOUNT,BKLMZ,7069
2650,I need assistance to omdify my address,change_shipping_address,SHIPPING,BLZ,1215
8928,can I speak to a live agent?,contact_human_agent,CONTACT,BIL,4337
17689,Ihave to receive the newsletter,newsletter_subscription,SUBSCRIPTION,BLZ,8899
5697,list the allowed payment modalities,check_payment_methods,PAYMENT,BL,2470
18744,help me informing of a payment problem,payment_issue,PAYMENT,BL,9165
184,can you help me cancelling order {{Order Number}}?,cancel_order,ORDER,BI,66
3186,i do not know how to check the early termination fee,check_cancellation_fee,CANCEL,BELQ,1413
8724,I have got to check what hours I can call customer support,contact_customer_service,CONTACT,BL,3904
2857,can ya tell me more about changing the address,change_shipping_address,SHIPPING,BILQ,910
16918,I can't see the status of my subscription to your newsletter,newsletter_subscription,SUBSCRIPTION,BL,8631
3658,help me to check the withdrawal fees,check_cancellation_fee,CANCEL,BLM,1402
25630,wanna see the eta of order {{Order Number}} how can i do it,track_order,ORDER,BCILQ,13728
26498,where to see the status of my rebate,track_refund,REFUND,BILQ,14044
21312,i canno notify of errors with a sign-up,registration_problems,ACCOUNT,BELMNQZ,11511
17722,I want to unsubscribe to your company newsletter,newsletter_subscription,SUBSCRIPTION,BL,8619
18515,wanna notify of goddamn errors with online payment,payment_issue,PAYMENT,BLMQW,9377
1530,I need help with adding an article to order {{Order Number}},change_order,ORDER,BL,302
21595,i need help notifying of problems with a signup,registration_problems,ACCOUNT,BLMQ,11365
1341,"I want to correct purchase {{Order Number}}, how can I do it?",change_order,ORDER,BCIL,441
18969,I want assistance earning some of your product,place_order,ORDER,BLM,9658
16906,I can't unsubscribe from your company newsletter,newsletter_subscription,SUBSCRIPTION,BL,8619
18923,how to order some products?,place_order,ORDER,BILM,9613
11174,question about the removal of my standard account,delete_account,ACCOUNT,BL,5557
8729,I need to talk with customer assistance,contact_customer_service,CONTACT,BL,3892
2606,I have troubles trying to update the address,change_shipping_address,SHIPPING,BLM,1096
19956,how can I reset my profile pass?,recover_password,ACCOUNT,BILQ,10464
14602,update details on standard account,edit_account,ACCOUNT,BKLM,7438
9110,I need help to chat with a live avent,contact_human_agent,CONTACT,BLZ,4482
8872,can I see at what time I can contact customer service?,contact_customer_service,CONTACT,BIL,3896
25089,need to see the ETA of purchase {{Order Number}} how to do it,track_order,ORDER,BCILQ,13518
766,I do not know how I can cancel order {{Order Number}},cancel_order,ORDER,BE,5
8445,help to contact damn customer support,contact_customer_service,CONTACT,BLW,4041
20936,need to noitify of problems with registrations,registration_problems,ACCOUNT,BLMQZ,11242
24008,want help to change to the {{Account Type}} account,switch_account,ACCOUNT,BLQ,13124
13458,how can i check how long it takes for the delivery to arrive,delivery_period,DELIVERY,BILQ,6467
8847,see what hours customer service available is,contact_customer_service,CONTACT,BL,3924
24933,i need assistancechecking the status of order {{Order Number}},track_order,ORDER,BQZ,13523
8779,I am trying to see what hours customer service available is,contact_customer_service,CONTACT,BL,3924
22004,can you help me leaving a review about a product?,review,FEEDBACK,BIL,11958
2281,updating address,change_shipping_address,SHIPPING,BL,965
7990,tell me what hours I can get in touch with customer support,contact_customer_service,CONTACT,BL,3925
24421,i do not know what to do to switch to the freemium account,switch_account,ACCOUNT,BEQ,13126
16835,I need help requeting a refund of money,get_refund,REFUND,BLZ,8590
22958,I want assistance to set the goddamn delivery address up,set_up_shipping_address,SHIPPING,BLW,12655
13131,I want help checking when my article is going to arrive,delivery_period,DELIVERY,BL,6454
21390,I want to inform of problems with a registration,registration_problems,ACCOUNT,BLM,11215
23831,wanna submit a secondary shipping address how can i d it,set_up_shipping_address,SHIPPING,BCILQZ,13098
13425,want assistance checking ohw soon can i expect my parcel,delivery_period,DELIVERY,BLQZ,6743
7834,how can I lodge a consumer claim against your business?,complaint,FEEDBACK,BIL,3481
9620,contact a human agent,contact_human_agent,CONTACT,BL,4338
15894,"I want to download the invoice from {{Person Name}}, help me",get_invoice,INVOICE,BCL,7643
12572,I want help to check what shipping methods are available,delivery_options,DELIVERY,BLM,6030
16568,getting refund,get_refund,REFUND,BK,8436
7458,help filing a cosnumer reclamation against ur company,complaint,FEEDBACK,BLQZ,3376
3148,can I check the early termination penalty?,check_cancellation_fee,CANCEL,BIL,1404
6533,i dont know how i can check ur reimbursement policy,check_refund_policy,REFUND,BLQ,3214
18111,"I can't make a transfer, I need to inform of payment issues",payment_issue,PAYMENT,BCLM,9128
8030,help to see at what time i can reach customer assistance,contact_customer_service,CONTACT,BLQZ,3912
20565,I cannot recover my pwd,recover_password,ACCOUNT,BELNQ,10973
23985,how to change to the gold account?,switch_account,ACCOUNT,BIL,13194
17544,how do I cancel the subscription to the newsletter?,newsletter_subscription,SUBSCRIPTION,BIL,8616
16512,how can I get refunds of my money?,get_refund,REFUND,BIM,8407
16818,get money back,get_refund,REFUND,BK,8309
20782,how can I reset my user profile password?,recover_password,ACCOUNT,BIL,11010
5199,want assistance to see your payment modalities,check_payment_methods,PAYMENT,BLQ,2631
2191,how to update the shipping address?,change_shipping_address,SHIPPING,BIL,899
6532,help seeing in what situations can I request to be refunded,check_refund_policy,REFUND,BL,3093
7102,help me to file a customer claim,complaint,FEEDBACK,BL,3457
14455,editing information on standard account,edit_account,ACCOUNT,BKL,7358
3129,i need help seeing the canclelation charge,check_cancellation_fee,CANCEL,BLQZ,1521
19932,"I can't remember my profile key, I need help restoring it",recover_password,ACCOUNT,BCL,10441
3340,I don't know how to check the cancellation penalty,check_cancellation_fee,CANCEL,BL,1409
7089,can you help me make a reclamation against your company?,complaint,FEEDBACK,BIL,3456
3417,I have to see the withdrawal penalties,check_cancellation_fee,CANCEL,BLM,1434
25028,check status of order {{Order Number}},track_order,ORDER,BK,13523
14612,I need assistance modifying the damn data on my account,edit_account,ACCOUNT,BLW,7445
22098,i need assistance submitting my feedback,review,FEEDBACK,BLQ,12037
7655,can you help me make a claim against your organization?,complaint,FEEDBACK,BIL,3398
17774,tell me about the subscription to your corporate newsletter,newsletter_subscription,SUBSCRIPTION,BL,8834
10446,open standard cacount for wife,create_account,ACCOUNT,BKLZ,5258
22961,i have a trouble submitting a different shipping address,set_up_shipping_address,SHIPPING,BLQ,12658
1610,"I have to update order {{Order Number}}, I need assistance",change_order,ORDER,BCL,553
21828,want help informing of a registration error,registration_problems,ACCOUNT,BLQ,11272
8441,where do i cherck at what time i can call customer service,contact_customer_service,CONTACT,BILQZ,4144
15135,help geting my bills from {{Person Name}},get_invoice,INVOICE,BLMZ,7733
2560,"I want to correct the shipping address, can you help me?",change_shipping_address,SHIPPING,BCIL,1160
2403,"I put my old address by mistake, modify it",change_shipping_address,SHIPPING,BCL,977
5209,where to check what payment options you accept?,check_payment_methods,PAYMENT,BIL,2501
4908,where do I locate my invoices from {{Person Name}}?,check_invoice,INVOICE,BILM,2080
5706,"I need to check the payment methods, how can I do it?",check_payment_methods,PAYMENT,BCIL,2485
14603,modifying info on gold accoumt,edit_account,ACCOUNT,BKLQZ,7439
5901,I want help seeing your available payment options,check_payment_methods,PAYMENT,BL,2466
16388,I need help demanding a rebate of money,get_refund,REFUND,BL,8077
22314,do you have a method to send an opinion for a product?,review,FEEDBACK,BIL,12203
13049,where can I see when my package is going to arrive?,delivery_period,DELIVERY,BIL,6539
6846,I want help seeing in which situations can I request refunds,check_refund_policy,REFUND,BL,2992
19903,have a question about the lost pass,recover_password,ACCOUNT,BLQ,10413
19645,I do not know how to earn a product,place_order,ORDER,BEL,10229
4471,can I check the bills from {{Person Name}}?,check_invoice,INVOICE,BILM,1978
5962,could I see in what cases can I ask for a refund?,check_refund_policy,REFUND,BILP,2994
17771,assistance to cancel the newsletter subscription,newsletter_subscription,SUBSCRIPTION,BL,8616
2827,is it possible to modify my shipping address,change_shipping_address,SHIPPING,BILQ,895
19735,i have got to order several of ur product,place_order,ORDER,BLMQ,10297
5151,could you help me listing the allowed payment modalities?,check_payment_methods,PAYMENT,BILP,2470
13697,I need help to check when will my purchase arrive,delivery_period,DELIVERY,BL,6456
25457,seeing order {{Order Number}} status,track_order,ORDER,BKL,13523
25818,I want assistance to check hte ETA of order {{Order Number}},track_order,ORDER,BZ,13770
26309,I want help to track the compensation,track_refund,REFUND,BL,13979
8020,I do not know what I have to do to talk to customer suppory,contact_customer_service,CONTACT,BELZ,3944
13451,"I have to see how soon can I expect the article, help me",delivery_period,DELIVERY,BCL,6751
6659,help me check your refund policy,check_refund_policy,REFUND,B,3110
4238,look for my invoice from {{Person Name}},check_invoice,INVOICE,BL,1944
12765,i want assistance to see the options for shipment,delivery_options,DELIVERY,BLQ,6368
8511,I am trying to call customer support,contact_customer_service,CONTACT,BL,4175
9193,can ya help me to talk to an agent,contact_human_agent,CONTACT,BIQ,4541
3659,how do I see the early exit fee?,check_cancellation_fee,CANCEL,BIL,1582
9045,i do not understand ucan uhelp me speaking to a live agent,contact_human_agent,CONTACT,BCEILQ,4433
26415,could ya help me check the compensation current status,track_refund,REFUND,BILPQ,13838
3581,can ya help me see the early termination fee,check_cancellation_fee,CANCEL,BILQ,1762
2331,problems with a goddamn address update,change_shipping_address,SHIPPING,BLMW,1000
8788,is it possible to get in touch with customer assistance?,contact_customer_service,CONTACT,BIL,4282
4079,help me see my bill from {{Person Name}},check_invoice,INVOICE,BL,1923
19500,assistance ordering an item,place_order,ORDER,BL,10084
6018,could you show me inwhat cases can I ask for refunds?,check_refund_policy,REFUND,BIPZ,3024
23052,want help submitting a different delivery address,set_up_shipping_address,SHIPPING,BLQ,12628
23205,I have problems submitting my new delivery address,set_up_shipping_address,SHIPPING,BLM,12644
25050,need assistance to check the ETA of order {{Order Number}},track_order,ORDER,BLQ,13519
8936,need assistance speaking to a human agent,contact_human_agent,CONTACT,BLQ,4345
19020,i dont know what i have to do to order a few of ur article,place_order,ORDER,BLMQ,9706
18104,want help to notify of troubles with payment,payment_issue,PAYMENT,BLMQ,8962
15380,I don't know what I have to do to download invoice #00108,get_invoice,INVOICE,BL,7623
3282,I do not know how I can see the withdrawal fee,check_cancellation_fee,CANCEL,BEL,1460
21667,i cant register can ya help me to report a signup error,registration_problems,ACCOUNT,BCILNQ,11720
5223,how do I list the allowed payment methods?,check_payment_methods,PAYMENT,BIL,2506
12774,I am trying to check what delivery methods are available,delivery_options,DELIVERY,BLM,6372
13703,want help to see how soon can i expect the purchase,delivery_period,DELIVERY,BLQ,6425
17427,how can I cancel my subscription to the newsletter?,newsletter_subscription,SUBSCRIPTION,BIL,8616
16125,can you help me receive a rebate of money?,get_refund,REFUND,BIL,8176
17865,"I have to receive the corporate newsletter, how to do it?",newsletter_subscription,SUBSCRIPTION,BCIL,8938
2725,I am looking for information about an address modification,change_shipping_address,SHIPPING,BEL,1262
3033,I have to see the withdrawal fees,check_cancellation_fee,CANCEL,BLM,1402
14496,updating pro account,edit_account,ACCOUNT,BKL,7378
4805,how can I check the fucking bill from {{Person Name}}?,check_invoice,INVOICE,BILW,1994
17805,could ya help me to cancel my newsletter suscription,newsletter_subscription,SUBSCRIPTION,BILPQZ,8926
15439,i dont know what i have to do to download my invoice #12588,get_invoice,INVOICE,BLQ,7621
26006,I'm waiting for a compensation of {{Refund Amount}} dollars,track_refund,REFUND,BLQ,13863
12510,I do not know how to check what shipping methods are there,delivery_options,DELIVERY,BELM,6289
3626,I need to check the withdrawal charges,check_cancellation_fee,CANCEL,BLM,1462
16236,can ya help me to request a refund of my money,get_refund,REFUND,BILQ,8250
11660,I do not know what to do to close my gold account,delete_account,ACCOUNT,BEL,5874
4855,I don't know how I can look for my bill from {{Person Name}},check_invoice,INVOICE,BL,1956
13326,i have got to see when will my parcel arrive can ya help me,delivery_period,DELIVERY,BCILQ,6698
20401,where can I restore the PIN of my account?,recover_password,ACCOUNT,BIL,10850
10372,need help to open a freemium afcount for my daughter,create_account,ACCOUNT,BLQZ,5226
19479,want assistance shopping some of your product,place_order,ORDER,BLMQ,9976
10262,"I don't have a platinum account, can I sign up?",create_account,ACCOUNT,BCILNZ,5171
4912,is it possible to locate my damn bill from {{Person Name}}?,check_invoice,INVOICE,BILW,2457
11286,can I close a {{Account Category}} account?,delete_account,ACCOUNT,BIL,5502
19852,I don't know what I need to do to buy some of your product,place_order,ORDER,BLMZ,10379
25049,I want assistance locating purchase {{Order Number}},track_order,ORDER,BL,13578
10921,canceling freemium account,delete_account,ACCOUNT,BKL,5469
23505,I have issues setting up a secondary delivery address,set_up_shipping_address,SHIPPING,BLM,12819
13951,edit details on {{Account Type}} account,edit_account,ACCOUNT,BKLM,6990
20628,I do not know how to recover my profile password,recover_password,ACCOUNT,BEL,10519
9063,i dont know what i need to do to speak to an operator,contact_human_agent,CONTACT,BLQ,4446
18807,"I cannot pay, where canI report problems with payment?",payment_issue,PAYMENT,BCEILMZ,9542
17750,i need assistane unsubscribing to ur corporate newsletter,newsletter_subscription,SUBSCRIPTION,BLQZ,8910
10968,i have a problem with the deletion of my {{Account Type}} account,delete_account,ACCOUNT,BLQ,5471
5421,could you help me list your accepted payment modalities?,check_payment_methods,PAYMENT,BILP,2479
4590,I do not know how to find invoice #85632,check_invoice,INVOICE,BE,2310
23823,where can I set the new delivery address up?,set_up_shipping_address,SHIPPING,BIL,12977
156,problem with cancelling purchase {{Order Number}},cancel_order,ORDER,BL,8
11880,help canceling my standard account,delete_account,ACCOUNT,BL,5797
22207,can you help me leqving my feedback about your products?,review,FEEDBACK,BILZ,12112
6235,want help seeing in which situations can I ask for a refund,check_refund_policy,REFUND,BLQ,2976
338,I have got to cancel purcahse {{Order Number}},cancel_order,ORDER,BLZ,103
1402,need help removing several items from order {{Order Number}},change_order,ORDER,BMQ,232
2783,i have an issue trying to correct the shipping address,change_shipping_address,SHIPPING,BLQ,1294
11244,delete {{Account Type}} acvount,delete_account,ACCOUNT,BKLZ,5673
14454,update information on gold account,edit_account,ACCOUNT,BKL,7357
2697,help to edit the delivery aderess,change_shipping_address,SHIPPING,BLZ,1242
19449,what do i need to do to earn several of urarticle,place_order,ORDER,BILMQZ,10085
2737,assistance trying to modify the address,change_shipping_address,SHIPPING,BL,1268
8641,where do i check what hours i can call customer service,contact_customer_service,CONTACT,BILQ,3897
20236,help me recovering the password of my account,recover_password,ACCOUNT,BL,10715
16434,want help to get a reimbursement of money,get_refund,REFUND,BLQ,8023
2327,assistance changing the delivery address,change_shipping_address,SHIPPING,BL,732
3887,"I need to check the cancellation penalties, can you help me?",check_cancellation_fee,CANCEL,BCILM,1840
22625,"I need to send some feedback for a service, how do I do it?",review,FEEDBACK,BCIL,12312
8560,I am trying to see what hours I can contact customet service,contact_customer_service,CONTACT,BLZ,4191
19433,i dont know what i have to do to shop an article,place_order,ORDER,BLQ,10072
6434,I need assistance checking your reimbursement policy,check_refund_policy,REFUND,BL,3001
18189,i cant pay help informing of issues with payment,payment_issue,PAYMENT,BCLMQ,9184
16937,I want help cancelling the newsletter subscripotion,newsletter_subscription,SUBSCRIPTION,BLZ,8643
16351,"I paid {{Currency Symbol}}{{Refund Amount}} for this product, I need to get a rebate",get_refund,REFUND,BCLM,7993
6212,in what cases can I ask to be reimbursed?,check_refund_policy,REFUND,BIL,2957
14161,correcting info on platinum account,edit_account,ACCOUNT,BKLQ,7166
3522,i need help seeing the cancellation charges,check_cancellation_fee,CANCEL,BLMQ,1487
4704,I want to look for the invoice #12588,check_invoice,INVOICE,BL,2360
4397,i need assistance to locate the bills from {{Person Name}},check_invoice,INVOICE,BLMQ,1939
25837,i need assistance checking the status of order {{Order Number}},track_order,ORDER,BQ,13523
22818,do you have an address to send a review?,review,FEEDBACK,BIL,12552
26258,i dont know how i can check my refund current status,track_refund,REFUND,BLQ,13962
8300,need to get in touch with customer assistance how to do it,contact_customer_service,CONTACT,BCILQ,4096
24323,can you help me changing to the platinum account?,switch_account,ACCOUNT,BIL,13347
19474,assistance buying several of ur item,place_order,ORDER,BMQ,10106
15528,need help to get the bill from {{Person Name}},get_invoice,INVOICE,BLQ,7614
25853,I need to see the ETA of purchase00123842,track_order,ORDER,BLZ,13597
5560,I want help to see your payment modalities,check_payment_methods,PAYMENT,BL,2558
25661,how to check the current status of purchase {{Order Number}}?,track_order,ORDER,BIL,13520
14051,updating detais on freemium account,edit_account,ACCOUNT,BKLMZ,7077
3627,I would like to check the early termination fees,check_cancellation_fee,CANCEL,BLMP,1780
21807,i have got to report an error with a sign-up,registration_problems,ACCOUNT,BLQ,11805
17686,how to unsubscribe to your newsletter?,newsletter_subscription,SUBSCRIPTION,BIL,8619
19801,I need assistance to earn several products,place_order,ORDER,BLM,10019
13958,correcting info on {{Account Type}} aqccount,edit_account,ACCOUNT,BKLQZ,6996
20228,I have to reset my user profile key,recover_password,ACCOUNT,BL,10708
2909,wanna know more about correcting my shipping address,change_shipping_address,SHIPPING,BLQ,920
24205,swithcing to standard account,switch_account,ACCOUNT,BKZ,13293
2392,"I have submitted a wrong address, I want to modify it",change_shipping_address,SHIPPING,BCL,1044
501,I need help with canceling order {{Order Number}},cancel_order,ORDER,B,12
16060,I do not know how to request a refund of my money,get_refund,REFUND,BEL,8127
14198,modifying info on premium account,edit_account,ACCOUNT,BKLQ,7192
19781,I need assistance earning several of your product,place_order,ORDER,BLM,10302
3553,"I can't find the withdrawal penalty, I need help",check_cancellation_fee,CANCEL,BCL,1751
6208,i have gotto check ur damn refund policy help me,check_refund_policy,REFUND,BCQWZ,3104
10910,closing platinum account,delete_account,ACCOUNT,BKLZ,5458
10863,have a question about creating fucking {{Account Type}} accounts,create_account,ACCOUNT,BMQW,5444
17843,help me canceling my newsletter subscription,newsletter_subscription,SUBSCRIPTION,BL,8616
18219,where could I inform of an issue with online payment?,payment_issue,PAYMENT,BILP,9204
12885,I would like to check the options for shipping,delivery_options,DELIVERY,BLP,6412
10046,create {{Account Category}} account,create_account,ACCOUNT,BK,4932
17311,cancel subscription to ur newsletter,newsletter_subscription,SUBSCRIPTION,BKLQ,8616
7066,where to file a customer complaint against ur business,complaint,FEEDBACK,BILQ,3439
15462,i lost the bill from {{Person Name}} send it to me,get_invoice,INVOICE,BCLQ,7845
1064,want help to update purchase {{Order Number}},change_order,ORDER,BLQ,264
4181,I do not know how to take a quick look at bill #00108,check_invoice,INVOICE,BEL,2098
1041,I want to switch an article of purchase {{Order Number}},change_order,ORDER,BL,243
22601,do you have an address to submita review for your products?,review,FEEDBACK,BILZ,12406
3638,help me to see the early exit fee,check_cancellation_fee,CANCEL,BL,1683
16573,i paid {{Refund Amount}} dollars for an article how can i obtain a rebate,get_refund,REFUND,BCILMQ,8402
13355,where can I see when my damn package is going to arrive?,delivery_period,DELIVERY,BILW,6539
16941,where do I cancel my subscription to the company newsletter?,newsletter_subscription,SUBSCRIPTION,BIL,8616
24999,help me see purchase {{Order Number}} status,track_order,ORDER,BL,13522
20035,"I forgot my user password, help me to reset it",recover_password,ACCOUNT,BCL,10535
3106,help seeing the early termination fee,check_cancellation_fee,CANCEL,BL,1413
20698,I wwant assistance retrieving my profile password,recover_password,ACCOUNT,BLZ,11074
13537,can you help me check how soon can I expect my purchase?,delivery_period,DELIVERY,BIL,6725
12224,I want to check what shipment methods I have,delivery_options,DELIVERY,BLM,6182
5229,what are your bloody payment methods?,check_payment_methods,PAYMENT,BILW,2648
3600,i dont know how to see the early termination penalty,check_cancellation_fee,CANCEL,BLQ,1400
10593,wanna open a gold account,create_account,ACCOUNT,BLQ,5318
25959,help to check the current status of the compensation,track_refund,REFUND,BL,13838
16981,ya have newsletter,newsletter_subscription,SUBSCRIPTION,BILQ,8662
24603,can I change to the pro account?,switch_account,ACCOUNT,BIL,13419
12,problem with canceling purchase {{Order Number}},cancel_order,ORDER,BL,9
19505,"I need to earn an article, help me",place_order,ORDER,BCL,10127
2115,want assistance updating the address,change_shipping_address,SHIPPING,BLQ,832
3026,what do i need to do to see the early terminaion charges,check_cancellation_fee,CANCEL,BILMQZ,1449
12908,how can I see how soon can I expect the product?,delivery_period,DELIVERY,BIL,6424
14550,correct details on freemium account,edit_account,ACCOUNT,BKLM,7342
20327,can I restore my user pwd?,recover_password,ACCOUNT,BILQ,10791
5662,what do I need to do to check your allowed payment options?,check_payment_methods,PAYMENT,BIL,2845
26229,can uhelp me see if there are any news on my refund,track_refund,REFUND,BILMQ,13953
14018,editing standard account,edit_account,ACCOUNT,BKL,7047
24445,need to change to the {{Account Type}} account how can i do it,switch_account,ACCOUNT,BCILQ,13124
1312,I cannot remove some products from purchase {{Order Number}},change_order,ORDER,BELMN,426
1486,how can I switch an item of order {{Order Number}}?,change_order,ORDER,BIL,500
23487,why I cannot set the new shipping address valid up,set_up_shipping_address,SHIPPING,BEL,12691
21373,assistance reporting a registration error,registration_problems,ACCOUNT,BL,11550
9387,how could I chat with a person?,contact_human_agent,CONTACT,BILP,4648
2874,there is an error modifying my delivery address,change_shipping_address,SHIPPING,BL,829
23207,I need help to set up my secondary delivery address,set_up_shipping_address,SHIPPING,BL,12668
6678,can i check in which cases can i ask for refunds,check_refund_policy,REFUND,BILQ,2986
16253,i do not know what i have to do to obtain a rebate,get_refund,REFUND,BELQ,8261
17413,help me subscribe to ur newsletter,newsletter_subscription,SUBSCRIPTION,BLQ,8619
13997,I need assistance correcting the user info,edit_account,ACCOUNT,BLQ,7032
6156,I don't know how I can check your refund policy,check_refund_policy,REFUND,B,3089
14189,i do not know how i can correct the user information,edit_account,ACCOUNT,BELQ,7188
12032,is it possible to place a goddamn order from {{Delivery Country}},delivery_options,DELIVERY,BIQSW,6011
9002,i want assistance to talk with a human agent,contact_human_agent,CONTACT,BLQ,4341
5549,i want assistance to list the allowed payment modalitiess,check_payment_methods,PAYMENT,BLQZ,2798
15590,i do not know what to do to download the bioll #85632,get_invoice,INVOICE,BELQZ,7886
12035,"I have to check the shipment options, help me",delivery_options,DELIVERY,BCL,6092
9691,I have got to speak to a person,contact_human_agent,CONTACT,BL,4818
18264,I do not know how to inform of errors with online payments,payment_issue,PAYMENT,BELM,9149
7975,I try to check at what time I can reach customer assistance,contact_customer_service,CONTACT,BL,3912
21332,I have got to inform of errors with a sign-up,registration_problems,ACCOUNT,BLM,11523
15347,I don't know how to get the bill #85632,get_invoice,INVOICE,BL,7652
6037,I have to check how long reimbursements usually take,check_refund_policy,REFUND,BL,3003
26713,i dont know how to track my refund,track_refund,REFUND,BQ,14095
11260,I'm trying to cancel my {{Account Category}} account,delete_account,ACCOUNT,BLQ,5680
21195,help to inform of a problem with a registration,registration_problems,ACCOUNT,BLZ,11215
21495,is it possible to notify of signup problems?,registration_problems,ACCOUNT,BILM,11619
25857,where do I see the status of purchase {{Order Number}}?,track_order,ORDER,BIL,13522
3463,help seeing the termination penalty,check_cancellation_fee,CANCEL,BL,1467
2951,help me editing my shkpping address,change_shipping_address,SHIPPING,BLZ,1386
19660,I don't know what to do to shop some goddamn items,place_order,ORDER,BLMW,10241
10368,can you help me to create a freemium account?,create_account,ACCOUNT,BIL,5080
21103,need to notify of a signup issue,registration_problems,ACCOUNT,BLQ,11219
22058,I do not know what to do to write a comment about a product,review,FEEDBACK,BEL,12003
15810,I don't know what I have to do to get the invoice #37777,get_invoice,INVOICE,B,7656
23528,can I set up a new shipping address?,set_up_shipping_address,SHIPPING,BI,12948
24945,i want assistance seeing order {{Order Number}} status,track_order,ORDER,BLQ,13523
3740,need help checking the early termination fees,check_cancellation_fee,CANCEL,BLMQ,1413
13141,i haqve got to check when my delivery is gonna arrive,delivery_period,DELIVERY,BQZ,6600
5995,"I have got to see how long refunds take, help me",check_refund_policy,REFUND,BCL,3008
13928,i have to update the data on my profile i need help,edit_account,ACCOUNT,BCLQ,6969
62,"I cannot pay for the last purchase I have made, cancel it",cancel_order,ORDER,BCELNV,27
6351,under which circumstances can I request refunds?,check_refund_policy,REFUND,BIL,3014
10364,i want help to create a gold account for my fiance,create_account,ACCOUNT,BLQ,5224
2042,I try to edit my address,change_shipping_address,SHIPPING,BL,766
24696,swithcing to gold account,switch_account,ACCOUNT,BKZ,13463
25709,i need assistance checking the ETA of the purchase {{Order Number}},track_order,ORDER,BLQ,13518
4599,checking invoice from last purchase,check_invoice,INVOICE,BK,1984
7494,I need assistance making a customer claim,complaint,FEEDBACK,BL,3685
16790,I need help demanding my money back,get_refund,REFUND,BL,8558
24114,using premium accouny,switch_account,ACCOUNT,BKZ,13263
20479,"I want to retrieve the damn key of my user, I need help",recover_password,ACCOUNT,BCLW,10909
14877,I have got to modify my personal info,edit_account,ACCOUNT,BLQ,7596
9333,how to speak to a live agent,contact_human_agent,CONTACT,BILQ,4516
14236,I want to update my user profile,edit_account,ACCOUNT,BL,7218
4677,I do not know what I have to do to look for the bill #12588,check_invoice,INVOICE,BEL,2180
2509,I want assistancee trying to modify my shipping address,change_shipping_address,SHIPPING,BLZ,1129
21319,want assistance reporting a sign-up issue,registration_problems,ACCOUNT,BLQ,11258
11924,help me to check what delivery methods i can choose,delivery_options,DELIVERY,BLMQ,6009
8882,I try to check at what time I can reach customer support,contact_customer_service,CONTACT,BL,3932
7954,"I have got to contact customer assistance, I need help",contact_customer_service,CONTACT,BCL,3899
23884,need to change to the goddamn gold account could ya help me,switch_account,ACCOUNT,BCILPQW,13128
17921,how can I notify of problems with online payments?,payment_issue,PAYMENT,BILM,8974
15927,"I paid {{Currency Symbol}}{{Refund Amount}} for this order, help me getting a compensation",get_refund,REFUND,BCLM,8008
10543,how can I get information about opening a standard account?,create_account,ACCOUNT,BIL,5294
4962,I need help to see what payment methods are accepted,check_payment_methods,PAYMENT,BL,2477
22182,can ya help me to leave some feedback for ur company,review,FEEDBACK,BILQ,12103
2062,there is a trouble correcting my delivery adxdress,change_shipping_address,SHIPPING,BLZ,784
17997,I want to report a problem with online payments,payment_issue,PAYMENT,BLM,9043
22812,"I need to leave an opinion, can I get some help?",review,FEEDBACK,BCIL,12548
17177,where to unsubscribe to your newsletter?,newsletter_subscription,SUBSCRIPTION,BIL,8619
11779,deleting {{Account Category}} accoumt,delete_account,ACCOUNT,BKLZ,5929
17269,can uhelp me cancelling the subscription to the newsletter,newsletter_subscription,SUBSCRIPTION,BILQ,8633
17779,can uhelp me unsubscribe to the company newsletter,newsletter_subscription,SUBSCRIPTION,BILQ,8619
12785,I am calling to see what shipping methods I have,delivery_options,DELIVERY,BLM,6375
9685,i have got to talk to a person,contact_human_agent,CONTACT,BLQ,4814
1795,could you help me adding some items to purchase {{Order Number}}?,change_order,ORDER,BILMP,641
5982,in what situations can I ask to be reimbursed?,check_refund_policy,REFUND,BIL,3002
22028,I do not know how to write an opinion about a product,review,FEEDBACK,BEL,11977
11538,i dont know what to do to delete the goddamn standard acount,delete_account,ACCOUNT,BLQWZ,5820
22724,is there an address to send a review?,review,FEEDBACK,BIL,12488
300,help with cancelling order {{Order Number}},cancel_order,ORDER,BZ,17
21127,help me to report problems with a signup,registration_problems,ACCOUNT,BLM,11231
8467,I have got to see what hours I can call customer service,contact_customer_service,CONTACT,BL,3897
24079,assistance to use the {{Account Category}} profile,switch_account,ACCOUNT,BL,13207
3176,I need help checking the withdrawal charges,check_cancellation_fee,CANCEL,BLMZ,1462
10483,I want to open a standard account,create_account,ACCOUNT,BL,4990
1875,help t change order {{Order Number}},change_order,ORDER,BZ,204
16266,could you help me to request a compensation of my money?,get_refund,REFUND,BILP,8270
12264,I have to check what shipment methods you offer,delivery_options,DELIVERY,BLM,6169
21126,i cant report sign-up problems,registration_problems,ACCOUNT,BLMNQ,11245
15551,wanna download invoice #37777 could ya help me,get_invoice,INVOICE,BCILPQ,7875
4938,I try to see what payment options are accrpted,check_payment_methods,PAYMENT,BLZ,2481
4151,seeing invoice #85632,check_invoice,INVOICE,BKL,2078
1940,i have to remove a item from order {{Order Number}} help me,change_order,ORDER,BCQZ,206
22918,I have to submit my shipping address,set_up_shipping_address,SHIPPING,BL,12623
1413,"I have to swap some items of purchase {{Order Number}}, help me",change_order,ORDER,BCLM,474
10168,"I want to create another bloody {{Account Type}} account, I need help",create_account,ACCOUNT,BCLW,5112
13190,"I have to check when will my package arrive, I need help",delivery_period,DELIVERY,BCL,6478
17090,I have got to unsubscribe to the company newsletter,newsletter_subscription,SUBSCRIPTION,BL,8619
9813,help me speaking with an assistant,contact_human_agent,CONTACT,BL,4405
5984,help me to see in what situations can I ask for a refund,check_refund_policy,REFUND,BLZ,2990
13854,where do i check how soon can i expect my purchase,delivery_period,DELIVERY,BILQ,6917
26048,I'm waiting for a refund of {{Refund Amount}} dollars,track_refund,REFUND,BQ,13793
23566,i want assistance seting my new delivery address up,set_up_shipping_address,SHIPPING,BLQZ,12975
20331,I would like information about the lost PIN,recover_password,ACCOUNT,BLP,10794
7533,can you help me filing a goddamn customer complaint?,complaint,FEEDBACK,BILW,3701
3094,where can I check the damn withdrawal charges?,check_cancellation_fee,CANCEL,BILMW,1495
6398,i need assistance to checck ur money back policy,check_refund_policy,REFUND,BQZ,3095
15886,i dont know how i can download the invoice from {{Person Name}},get_invoice,INVOICE,BLQ,7643
5359,I am trying to see the allowed payment methods,check_payment_methods,PAYMENT,BL,2492
5387,could you help me to check your payment modalities?,check_payment_methods,PAYMENT,BILP,2719
22078,is tere an e-mail to send a comment about a product,review,FEEDBACK,BILQZ,12022
6502,assistance seeing in which cases can I request refunds,check_refund_policy,REFUND,BL,2997
18203,"I cannot make a payment, I want help to report a problem",payment_issue,PAYMENT,BCEL,9194
10539,problem with opening a freemium account,create_account,ACCOUNT,BL,4987
10854,new pro account,create_account,ACCOUNT,BKL,5437
11391,i have a problem with the termination of my {{Account Type}} account,delete_account,ACCOUNT,BLQ,5480
16767,is it possible to demand a rebate of my money?,get_refund,REFUND,BIL,8545
15374,mail me the bill from {{Person Name}},get_invoice,INVOICE,BL,7753
19430,i have got to buy some prodcuts,place_order,ORDER,BLMQZ,10070
15726,"I lost the bill #12588, mail it to me",get_invoice,INVOICE,BCL,7925
12947,i try to check how soon can i expect the product,delivery_period,DELIVERY,BLQ,6460
9171,need help to speqk with an operator,contact_human_agent,CONTACT,BLQZ,4527
15107,get invoices from December,get_invoice,INVOICE,BKM,7724
21058,need to inform of a registration issue,registration_problems,ACCOUNT,BLQ,11209
2790,I want supports changing my sxhipping address,change_shipping_address,SHIPPING,BLMZ,872
6192,need help seeing in what situations can i ask to be refunded,check_refund_policy,REFUND,BLQ,2987
9700,want assistance chatting with a human agent,contact_human_agent,CONTACT,BLQ,4685
11894,I want assistance cancelling the premium account,delete_account,ACCOUNT,BL,5981
21150,how to inform of problems with signup?,registration_problems,ACCOUNT,BILM,11401
7159,I would like to file a reclamation against your business,complaint,FEEDBACK,BLP,3501
6004,check in what situations can I request a reimbursement,check_refund_policy,REFUND,BL,2966
22619,I'm calling to submit feedback for ur company,review,FEEDBACK,BLQ,12417
15207,i lost the fucking bill from {{Person Name}} mail it to me,get_invoice,INVOICE,BCLQW,7759
13949,wanna correct the personal information,edit_account,ACCOUNT,BLQ,6988
2308,where do I update the delivery address?,change_shipping_address,SHIPPING,BIL,780
19653,need help ordering several oof your product,place_order,ORDER,BLMQZ,10235
2040,help changimg my address,change_shipping_address,SHIPPING,BLZ,764
26431,i expect a rebate of {{Currency Symbol}}{{Refund Amount}} was it processed,track_refund,REFUND,BCLQ,13792
1913,"I need to swqap something of purchase {{Order Number}}, help me",change_order,ORDER,BCLZ,690
13908,updating info on {{Account Category}} account,edit_account,ACCOUNT,BKLQ,6951
7177,I would like to lodge a consumer complaint,complaint,FEEDBACK,BLP,3510
163,"I cannot pay for this product, cancel order {{Order Number}}",cancel_order,ORDER,BCELN,58
25403,i cannot track purchase {{Order Number}},track_order,ORDER,BELNQ,13675
1316,I have got to add an article to order {{Order Number}},change_order,ORDER,BL,418
24053,wanna use the pro pprofile,switch_account,ACCOUNT,BLQZ,13237
9845,help talking to somebody,contact_human_agent,CONTACT,BL,4354
4197,check invoices,check_invoice,INVOICE,BKM,2113
7680,"I have got to file a customer reclamation, how do I do it?",complaint,FEEDBACK,BCIL,3755
3135,can i check hte early exit charges,check_cancellation_fee,CANCEL,BILMQZ,1524
8937,transferring to operator,contact_human_agent,CONTACT,BL,4346
20492,what do i have to do to retrieve my account pin,recover_password,ACCOUNT,BILQ,10917
23682,I want to submit the shipping address,set_up_shipping_address,SHIPPING,BL,12988
8256,ya have a free number to talk with customer service,contact_customer_service,CONTACT,BILQ,4076
8454,"I need to call damn customer support, how could I do it?",contact_customer_service,CONTACT,BCILPW,4151
11,I have a problem with cancelling purchase {{Order Number}},cancel_order,ORDER,BL,8
16291,i have paid {{Currency Symbol}}{{Refund Amount}} for an article i want an refund,get_refund,REFUND,BCELMQVZ,8081
23369,want assistgance to submit the secondary shipping address,set_up_shipping_address,SHIPPING,BLQZ,12886
21233,need assistance to inform of an issue with signup,registration_problems,ACCOUNT,BLQ,11463
5314,i want assistance to see ur allowed payment options,check_payment_methods,PAYMENT,BLQZ,2542
5290,i want help listing ur payment options,check_payment_methods,PAYMENT,BLQ,2679
14166,need to update my account can i get some help,edit_account,ACCOUNT,BCILQ,7167
8448,i want help speaking to customer support,contact_customer_service,CONTACT,BLQ,4000
15027,where do i download my bil #85632,get_invoice,INVOICE,BILQZ,7691
10613,open freemium account,create_account,ACCOUNT,BKL,5296
12837,I don't know how I can check what shipping options you offer,delivery_options,DELIVERY,BLM,6392
5668,need help to list your available payment modalities,check_payment_methods,PAYMENT,BLQ,2489
22,assistance with cancelling pucrhase {{Order Number}},cancel_order,ORDER,BLZ,15
10537,could you help me to open a platinum account for my dad?,create_account,ACCOUNT,BILP,5293
24198,I would like to change to the {{Account Type}} account,switch_account,ACCOUNT,BLP,13291
8659,wanna contact damn customer service i need help,contact_customer_service,CONTACT,BCQW,4228
8206,what is your customer support mail?,contact_customer_service,CONTACT,BIL,4048
9093,can you help me to contact a person?,contact_human_agent,CONTACT,BIL,4471
20142,where do I retrieve the key of my user profile?,recover_password,ACCOUNT,BIL,10631
12570,I don't know what to do to see what shipment methods I have,delivery_options,DELIVERY,BLM,6305
8424,where to see at what time customer support available is?,contact_customer_service,CONTACT,BIL,3928
10779,i want assistance creating a standard account fr my fiance,create_account,ACCOUNT,BLQZ,5404
2467,I cannot edit my shipping address,change_shipping_address,SHIPPING,BEL,1098
100,where can I cancel order {{Order Number}}?,cancel_order,ORDER,BI,5
8540,I'm trying to check what hours i can reach customer suport,contact_customer_service,CONTACT,BLQZ,4182
5274,can you help me checking your accepted payment modalities?,check_payment_methods,PAYMENT,BIL,2479
13817,"I have got to see when will my package arrive, I need help",delivery_period,DELIVERY,BCL,6478
18270,I want assistance notifying of a goddamn payment issue,payment_issue,PAYMENT,BLW,9236
21076,i need help notifying of registration errors,registration_problems,ACCOUNT,BLMQ,11349
5660,I am trying to see what payment options are available,check_payment_methods,PAYMENT,BL,2843
18183,i dont know how i can report a trouble with payments,payment_issue,PAYMENT,BLMQ,9179
21341,need to inform o a signup error,registration_problems,ACCOUNT,BLQZ,11529
7719,file reclamation,complaint,FEEDBACK,BKL,3586
26381,I don't know how I can check my restitution status,track_refund,REFUND,BL,13827
10434,wanna open a {{Account Type}} account for my fiance,create_account,ACCOUNT,BLQ,5019
230,I dp not know how to cancel order {{Order Number}},cancel_order,ORDER,BEZ,78
12181,can you help me to check the methods for shipping?,delivery_options,DELIVERY,BIL,6162
24023,where do I change to the freemium account?,switch_account,ACCOUNT,BIL,13173
5,can you help me cancel order {{Order Number}}?,cancel_order,ORDER,BI,5
1344,I want help to swap several items of purchase {{Order Number}},change_order,ORDER,BLM,297
18597,help me to solve a payment problem,payment_issue,PAYMENT,BL,9267
1869,i dont know how to add some products to order {{Order Number}},change_order,ORDER,BLMQ,208
5107,need help seeing your available payment option,check_payment_methods,PAYMENT,BLQZ,2466
15783,"I lost bill #37777, mail it to me",get_invoice,INVOICE,BCL,7943
7862,help me filing a reclamation against ur business,complaint,FEEDBACK,BLQ,3642
10028,wanna open a pro account for my fiance,create_account,ACCOUNT,BLQ,5023
9282,I have got to talk with a live agent,contact_human_agent,CONTACT,BL,4595
16110,where do i request reimburseents,get_refund,REFUND,BILMQZ,8164
8233,i want help to see what hours i can call custmer service,contact_customer_service,CONTACT,BLQZ,4063
5518,want help to list ru payment modalities,check_payment_methods,PAYMENT,BLQZ,2784
23541,I get error messages when I try to submit a delivery address,set_up_shipping_address,SHIPPING,BLM,12955
7819,would it be possible to file a damn customer reclamation?,complaint,FEEDBACK,BILPW,3823
24719,i have to use the {{Account Type}} profile how do ik do it,switch_account,ACCOUNT,BCILQZ,13475
5238,see the available payment modalities,check_payment_methods,PAYMENT,BL,2489
16552,"I paid {{Currency Symbol}}{{Refund Amount}} for this item, want help to get a rebate",get_refund,REFUND,BCLMQ,8072
13046,assistance seeing how long it takes for my parcel to arrive,delivery_period,DELIVERY,BL,6536
6656,need assistance seeing in which cases can i request a refund,check_refund_policy,REFUND,BLQ,2997
26493,"I have to see the status of the rebate, will you help me?",track_refund,REFUND,BCILP,14042
26819,"I am waiting for a restitution of {{Currency Symbol}}{{Refund Amount}}, was it processed",track_refund,REFUND,BCL,13792
21748,how can I inform of sign-up issues?,registration_problems,ACCOUNT,BILM,11767
21031,I need help to inform of problems with a sign-up,registration_problems,ACCOUNT,BLM,11294
3556,I need to see the early exit penalties,check_cancellation_fee,CANCEL,BLM,1427
3782,I dln't know how I can see the termination penalties,check_cancellation_fee,CANCEL,BLMZ,1854
8685,I do not know how I can speak to customer service,contact_customer_service,CONTACT,BEL,3879
8248,I need help seeing a what time customer service available is,contact_customer_service,CONTACT,BLZ,3885
25080,what do i have to od to check order {{Order Number}} status,track_order,ORDER,BIQZ,13586
22277,can you help me write a comment about your products?,review,FEEDBACK,BIL,12136
720,I have a probllem with canceling order {{Order Number}},cancel_order,ORDER,BZ,14
23675,"the new delivery address isn't valid, how to do it?",set_up_shipping_address,SHIPPING,BCIL,12692
21072,where do i inform of problems with a registration,registration_problems,ACCOUNT,BILMQZ,11215
5066,where do I list your accepted payment options?,check_payment_methods,PAYMENT,BIL,2544
21366,would it be possible to notify of sign-up issues?,registration_problems,ACCOUNT,BILMP,11545
15984,i need help demanding restitutions of my money,get_refund,REFUND,BLMQ,8064
14629,changing info on premium account,edit_account,ACCOUNT,BKLQ,7457
9179,I try to speak with someone,contact_human_agent,CONTACT,BL,4431
18712,i want help reporting an issue with online payments,payment_issue,PAYMENT,BLMQ,9072
10952,I don't know what I need to do to cancel the {{Account Type}} account,delete_account,ACCOUNT,BL,5473
17878,I want help unsubscribing to the corporate newsletter,newsletter_subscription,SUBSCRIPTION,BL,8705
6445,I have to see in which cases can I ask to be reimbursed,check_refund_policy,REFUND,BL,2959
16852,how to ask for my money back,get_refund,REFUND,BILQ,8597
22254,I don't know how to leave some feedback,review,FEEDBACK,BL,12158
4638,what do i have to do to give a quick look at the bill #37777,check_invoice,INVOICE,BILQ,2335
23680,I want help to set up another delivery address,set_up_shipping_address,SHIPPING,BL,12879
7251,I need assistance making a claim against your organization,complaint,FEEDBACK,BL,3398
10399,new {{Account Category}} account,create_account,ACCOUNT,BKL,4970
17008,"I want to sign up to the newsletter, can I get some help?",newsletter_subscription,SUBSCRIPTION,BCIL,8677
7295,can you help me lodging a reclamation?,complaint,FEEDBACK,BIL,3584
19396,what do i need to do to shop several products,place_order,ORDER,BILMQ,10025
13730,help to see how soon can I expect my pacjage,delivery_period,DELIVERY,BLZ,6868
16762,assistance to request my money back,get_refund,REFUND,BL,8150
15261,i do not know what i have to do to get my bill #12588,get_invoice,INVOICE,BELQ,7676
3179,help me seeing the termination fees,check_cancellation_fee,CANCEL,BLM,1553
13714,where could I see when will my purchase arrive?,delivery_period,DELIVERY,BILP,6860
24623,is it possible to change to the {{Account Category}} account?,switch_account,ACCOUNT,BIL,13177
22758,I want to submit my feeddback for your company,review,FEEDBACK,BLZ,12509
6234,am I entitled to a refund according to your policy?,check_refund_policy,REFUND,BI,3113
17009,"I have to receive your newsletter, how do I do it?",newsletter_subscription,SUBSCRIPTION,BCIL,8678
17763,could i cancel the company bloody newsletter subscription,newsletter_subscription,SUBSCRIPTION,BIPQW,8914
9642,neerd help chatting with a human agent,contact_human_agent,CONTACT,BLQZ,4786
17976,need help informing of an error with payments,payment_issue,PAYMENT,BLMQ,9023
14146,"I would like to edit my goddamn user, will you help me?",edit_account,ACCOUNT,BCIPW,7154
9793,I need assistance speaking to a human agent,contact_human_agent,CONTACT,BL,4345
2025,support trying to update mh address,change_shipping_address,SHIPPING,BLZ,749
10220,where can I get information about opening a pro account?,create_account,ACCOUNT,BIL,5142
12146,I don't know what to do to see the methods for shipping,delivery_options,DELIVERY,BL,6145
5297,i have to list thye available payment modalities,check_payment_methods,PAYMENT,BLQZ,2489
12160,show me what shipment methods I have,delivery_options,DELIVERY,BLM,6150
814,"I ordered some article, cancel purchase {{Order Number}}",cancel_order,ORDER,BCL,46
13860,i have got to see how long the delivery takes,delivery_period,DELIVERY,BLQ,6920
11972,shiping to {{Delivery City}},delivery_options,DELIVERY,BLSZ,6051
16923,I am trying to sign up to your fucking newsletter,newsletter_subscription,SUBSCRIPTION,BLW,8636
25191,can uhelp me see the goddamn ETA of order {{Order Number}},track_order,ORDER,BILQW,13616
4646,I want help giving a quick look at the invoice #85632,check_invoice,INVOICE,BL,2253
900,i bought some product help me canceling order {{Order Number}},cancel_order,ORDER,BCQ,188
21152,help me to report damn sign-up erors,registration_problems,ACCOUNT,BLMWZ,11403
24029,I don't know how I can change to the freemium account,switch_account,ACCOUNT,BL,13218
22727,is there an section to send my feedback for a product,review,FEEDBACK,BILQZ,12490
3411,where to see the termination charges,check_cancellation_fee,CANCEL,BILMQ,1684
7343,how can I make a consumer reclamation against your business?,complaint,FEEDBACK,BIL,3426
2652,there is an issue trying to change the address,change_shipping_address,SHIPPING,BL,855
17823,i have got to receive ur corporate newsletter,newsletter_subscription,SUBSCRIPTION,BLQ,8652
23383,I have problems entering the shipping address,set_up_shipping_address,SHIPPING,BLM,12808
13211,how soon can I expect my parcel ?,delivery_period,DELIVERY,BILZ,6418
19661,wheree could i order some of ur article,place_order,ORDER,BILMPQZ,10242
6161,"I want to see your money back guarantee, can you help me?",check_refund_policy,REFUND,BCIL,3091
1345,want assistance to switch several items of purchase {{Order Number}},change_order,ORDER,BLMQ,440
26732,what do I need to do to see my compensation current status?,track_refund,REFUND,BIL,13896
12764,help to see what options for delivery I can choose,delivery_options,DELIVERY,BLM,6078
9142,I do not know what to do to chat with a live agent,contact_human_agent,CONTACT,BEL,4508
25764,i have to see the status of order {{Order Number}},track_order,ORDER,BLQ,13523
20112,I need help retrieving the PIN of my user profile,recover_password,ACCOUNT,BL,10604
19073,I don't know what I have to do to earn something,place_order,ORDER,BL,9755
10316,i dont know what i need to doto create a {{Account Type}} account,create_account,ACCOUNT,BLQZ,5198
17974,I am trying to notify of an issue with payment,payment_issue,PAYMENT,BL,9021
6041,I am trying to see in which cases can I ask to be refunded,check_refund_policy,REFUND,BL,3038
20669,need help recovering the pin of my profile,recover_password,ACCOUNT,BLQ,11046
10887,i need assistance opening a {{Account Category}} account for my daughter,create_account,ACCOUNT,BLQ,5157
5978,help me see in which situations can I ask to be refunded,check_refund_policy,REFUND,BL,2987
12273,assistance to check what delivery options are there,delivery_options,DELIVERY,BLM,6207
22027,i want help leaving feedback,review,FEEDBACK,BLQ,11976
16466,I need help to demand a rebate of my money,get_refund,REFUND,BL,8209
2473,i dont know what i need to do to correct theaddress,change_shipping_address,SHIPPING,BLQZ,1101
16156,I'm trying to request rebates of my money,get_refund,REFUND,BLMQ,8200
9274,can I contact a human agent?,contact_human_agent,CONTACT,BIL,4338
17066,I try to cancel the subscription to the corporate newsletter,newsletter_subscription,SUBSCRIPTION,BL,8629
7254,"I am unsatisfied with your service, how do I make a claim?",complaint,FEEDBACK,BCIL,3558
18936,can uhelp me to shop some items,place_order,ORDER,BILMQ,9626
1661,i need help to add something to order {{Order Number}},change_order,ORDER,BQ,216
8002,is it possible to get in touch with customer support?,contact_customer_service,CONTACT,BIL,3935
18886,can you help me reporting an error with online payment?,payment_issue,PAYMENT,BIL,9580
15041,i dont know what i need to do to get the bill #37777,get_invoice,INVOICE,BLQ,7699
20994,how to inform of an issue with a registration?,registration_problems,ACCOUNT,BIL,11291
1708,"I made a mistake, I have got to modify purchase {{Order Number}}",change_order,ORDER,BCL,599
792,"I have bought some item, I have to cancel order {{Order Number}}",cancel_order,ORDER,BCELV,31
6370,I try to check in which situations can I ask for a refund,check_refund_policy,REFUND,BL,2976
17618,I do not know how to sign up to the corporate newsletter,newsletter_subscription,SUBSCRIPTION,BEL,8621
24658,I want assistance changing to the goddamn {{Account Category}} account,switch_account,ACCOUNT,BLW,13455
2438,I want support trying to correct my delivery address,change_shipping_address,SHIPPING,BL,1076
7284,how to file a customer reclamation against ur organization,complaint,FEEDBACK,BILQ,3576
12948,"I have got to see how long the delivery takes, I need help",delivery_period,DELIVERY,BCL,6461
1571,I try to correct order {{Order Number}},change_order,ORDER,BL,258
11684,"I have to close my standard account, how do I do it?",delete_account,ACCOUNT,BCIL,5884
19227,want assistance earning something,place_order,ORDER,BLQZ,9896
3075,i cannot find the early termination chaarges,check_cancellation_fee,CANCEL,BELMQZ,1483
22744,I need to leave my feedback about a service,review,FEEDBACK,BL,11915
14795,i have got to update the info included on my user profile,edit_account,ACCOUNT,BLQ,7549
18285,could you help me reporting errors with online payment?,payment_issue,PAYMENT,BILMP,9244
8737,I try to contact customer support,contact_customer_service,CONTACT,BL,4033
9254,i try to chat with a live agent,contact_human_agent,CONTACT,BLQ,4581
1350,i have to delete som items from purchase {{Order Number}},change_order,ORDER,BLMQZ,446
169,"I can't afford my last item, cancel purchase {{Order Number}}",cancel_order,ORDER,BCLN,60
16101,I don't know how I can get a refund of money,get_refund,REFUND,B,8157
16540,could ya help me receive a rebate,get_refund,REFUND,BILPQZ,8420
9383,can I speak with a live agent?,contact_human_agent,CONTACT,BIL,4337
5393,assistance to list your acepted payment modalities,check_payment_methods,PAYMENT,BLZ,2722
5898,help me to checkl what payment options are allowed,check_payment_methods,PAYMENT,BLZ,2528
14250,updating data on {{Account Category}} account,edit_account,ACCOUNT,BL,6951
10173,"I don't have a pro account, can you help me to open one?",create_account,ACCOUNT,BCILN,5117
25934,"I have got to see the status of my rebate, I need assistance",track_refund,REFUND,BCL,13824
25071,assistance to check order {{Order Number}} current status,track_order,ORDER,BL,13523
6736,I would like to see in which cases can I request refunds,check_refund_policy,REFUND,BLP,3124
18164,need help to notify of problems with payment,payment_issue,PAYMENT,BLMQ,9004
22348,can you help me submit feedback for a product?,review,FEEDBACK,BIL,12018
18785,I need assistance notifying of an error with online payment,payment_issue,PAYMENT,BL,8997
19662,want help purchasing several producgs,place_order,ORDER,BLMQZ,10243
17526,I'm trying to unsubscribe from the newsletter,newsletter_subscription,SUBSCRIPTION,BLQ,8859
12290,I have problems with the shipment methods,delivery_options,DELIVERY,BLM,6214
4174,I don't know what to do to locate the involice #85632,check_invoice,INVOICE,BLZ,2093
69,problems with canceling purchase {{Order Number}},cancel_order,ORDER,BLM,9
14897,modify inof on {{Account Type}} account,edit_account,ACCOUNT,BKLQZ,7610
3804,can you help me see the termination charge?,check_cancellation_fee,CANCEL,BIL,1552
26087,how could I check if there are any news on the refund?,track_refund,REFUND,BILMP,13903
10503,I want help to create a platinum account for my fiance,create_account,ACCOUNT,BL,4971
10162,wanna create a {{Account Category}} account,create_account,ACCOUNT,BQ,4932
6147,under which circumstances can I ask for my money back?,check_refund_policy,REFUND,BIL,3085
1720,I cannot add some articles to order {{Order Number}},change_order,ORDER,BELMN,609
22498,need to write anopinion for ur services,review,FEEDBACK,BLQZ,12334
1318,i cant delete some items from order {{Order Number}},change_order,ORDER,BLMNQ,259
5755,check what payment methods ya accept,check_payment_methods,PAYMENT,BQZ,2770
19974,can you help me restore my profile access key?,recover_password,ACCOUNT,BIL,10482
10297,creating new {{Account Category}} account for daughter,create_account,ACCOUNT,BKL,4994
4709,wanna check bill #37777,check_invoice,INVOICE,BLQ,2247
11566,i want assistance canceling my {{Account Type}} account,delete_account,ACCOUNT,BLQ,5521
4341,how can I find my bill from {{Person Name}}?,check_invoice,INVOICE,BIL,2192
7462,how to file a bloody customer complaint?,complaint,FEEDBACK,BILW,3668
20871,I try to recover the PIN of my account,recover_password,ACCOUNT,BL,11184
13308,where to see how long the delivery takes?,delivery_period,DELIVERY,BIL,6688
19514,i do not know what i need to do to order some fo ur article,place_order,ORDER,BELMQZ,10134
2341,problems with a delivery address modification,change_shipping_address,SHIPPING,BLM,1002
6756,"I want to check how long refunds take, I need assistance",check_refund_policy,REFUND,BC,3279
2152,what do i need to do to correct my shippign address,change_shipping_address,SHIPPING,BILQZ,861
17565,how can I sign up to the newsletter?,newsletter_subscription,SUBSCRIPTION,BIL,8703
20205,i do not know how i can recover my user pin,recover_password,ACCOUNT,BELQ,10691
16428,how long until I obtain a restitution of money?,get_refund,REFUND,BIL,8358
20189,i need assistance to reset the pin code of my account,recover_password,ACCOUNT,BLQ,10676
17332,where can I unsubscribe to your companynewsletter?,newsletter_subscription,SUBSCRIPTION,BILZ,8795
17628,can oyu help me receive the company newsletter?,newsletter_subscription,SUBSCRIPTION,BILZ,8883
3056,I try to see the termination fee,check_cancellation_fee,CANCEL,BL,1470
17538,how do i unsubscribe fromur corporate newsletter,newsletter_subscription,SUBSCRIPTION,BILQZ,8630
13582,I need help checking how soon can I expect the purchase,delivery_period,DELIVERY,BL,6807
1578,can I swap something of order {{Order Number}}?,change_order,ORDER,BIL,348
16396,how long until I get a compensation of money?,get_refund,REFUND,BIL,8338
16483,i dont know what to do to request a reimbursement of money,get_refund,REFUND,BLQ,8145
14554,changing information on platinum account,edit_account,ACCOUNT,BKL,7416
5754,could you help me seeing the payment options?,check_payment_methods,PAYMENT,BILP,2840
15209,can uhelp me to get my bill from {{Person Name}},get_invoice,INVOICE,BILQ,7614
10442,can I open a {{Account Category}} account for my daughter?,create_account,ACCOUNT,BIL,5004
17738,I want assistance to sign up to the newsletter,newsletter_subscription,SUBSCRIPTION,BL,8691
13742,can ya help me checking when my package is gonna arrive,delivery_period,DELIVERY,BILQZ,6436
8202,can I talk with customer service?,contact_customer_service,CONTACT,BIL,4046
7429,is it possible to make a reclamation against your company?,complaint,FEEDBACK,BIL,3652
20014,will you give m information about the PIN retrieval?,recover_password,ACCOUNT,BILPZ,10518
18167,want assistance reporting an error with payments,payment_issue,PAYMENT,BLMQ,9170
17235,I don't know how I can subscribe to the company newsletter,newsletter_subscription,SUBSCRIPTION,BL,8761
20123,help me reset my profile key,recover_password,ACCOUNT,BL,10612
7718,how do i file a consumer claim against ur business,complaint,FEEDBACK,BILQ,3481
23595,I cannot set a shipping address up,set_up_shipping_address,SHIPPING,BEL,12827
1000,want help adding an item to order {{Order Number}},change_order,ORDER,BQ,203
10705,help me creating a freemium account,create_account,ACCOUNT,B,4936
6381,can ushow me in which cases can i ask for reimbursements,check_refund_policy,REFUND,BILQ,3168
3613,I need to ese the early exit fee,check_cancellation_fee,CANCEL,BLZ,1774
8963,can ya direct to me an agent,contact_human_agent,CONTACT,BILQ,4371
10217,open a platinum account,create_account,ACCOUNT,BL,5141
2522,i need support modifying the address,change_shipping_address,SHIPPING,BLQZ,1028
21259,issues creating account,registration_problems,ACCOUNT,BKM,11479
20442,what do i need to do to restore my account pin,recover_password,ACCOUNT,BILQ,10883
9980,i have problems with opening a premium account,create_account,ACCOUNT,BLMQZ,4985
25918,I am waiting for a refnd of {{Refund Amount}} dollars,track_refund,REFUND,BZ,13814
16756,help me obtaining a compensation of money,get_refund,REFUND,BL,8182
10892,open standard account,create_account,ACCOUNT,BKL,4990
588,I need help cancelnig purchase {{Order Number}},cancel_order,ORDER,BLZ,146
4896,help me find my invoices from {{Person Name}},check_invoice,INVOICE,BLM,2000
21789,error with sign-up,registration_problems,ACCOUNT,BKL,11273
6527,want assistance to check in what casew can I request refunds,check_refund_policy,REFUND,BLQZ,3211
1868,can I change a product of order {{Order Number}}?,change_order,ORDER,BIL,673
6691,can I check in which situations can I request a refund?,check_refund_policy,REFUND,BIL,2992
13009,wanna know more about delivery period find some information,delivery_period,DELIVERY,BCQ,6510
18877,where can I report an issue with payments?,payment_issue,PAYMENT,BIM,9574
16943,"I have to sign up to the newsletter, I need help",newsletter_subscription,SUBSCRIPTION,BCL,8646
6412,i dont know how to see ur goddamn money back guarantee,check_refund_policy,REFUND,BLQW,3179
15658,I don't know what I need to do to download invoice #85632,get_invoice,INVOICE,BL,7613
9207,I need assistance to talk with an operator,contact_human_agent,CONTACT,BL,4548
14310,how to update the info on my user profile?,edit_account,ACCOUNT,BILQ,7261
22796,want help sending feedback for a product,review,FEEDBACK,BLQ,11908
5237,I am trying to see your payment methods,check_payment_methods,PAYMENT,BL,2651
5246,can you help me checking wha payment options you accept?,check_payment_methods,PAYMENT,BILZ,2656
23951,i need help using the {{Account Type}} account,switch_account,ACCOUNT,BQ,13176
6842,in whichsituations can i ask for a refund,check_refund_policy,REFUND,BILQZ,3308
3111,what are the withdrawal fees?,check_cancellation_fee,CANCEL,BILM,1507
21144,I do not know how to notify of issues with a signup,registration_problems,ACCOUNT,BELM,11321
25611,assistance checking the status of purchase {{Order Number}},track_order,ORDER,BL,13522
8890,I don't know how to talk to customer service,contact_customer_service,CONTACT,BL,3991
19881,"I want to acquire an item, can I get some help ?",place_order,ORDER,BCILZ,10396
13609,how do I see how long it takes for my damn parcel to arrive?,delivery_period,DELIVERY,BILW,6823
5774,assistance to list your fucking accepted payment modalities,check_payment_methods,PAYMENT,BLW,2898
2216,find information about modifying the delivery address,change_shipping_address,SHIPPING,BL,819
11270,information about the cancellation of a pro account,delete_account,ACCOUNT,BL,5486
6791,I have to see in which cases can I request a refund,check_refund_policy,REFUND,BL,2997
9999,I have a problem with opening my premium account,create_account,ACCOUNT,BL,4985
7552,consumer reclamation,complaint,FEEDBACK,BL,3710
7163,I have to lodge a customer reclamation against your business,complaint,FEEDBACK,BL,3359
16297,"I paid {{Currency Symbol}}{{Refund Amount}} for a product, help me get a fucking rebate",get_refund,REFUND,BCLMW,7993
13887,how do I check when my package is going to arrive?,delivery_period,DELIVERY,BIL,6539
17912,I want help notifying of a payment problem,payment_issue,PAYMENT,BL,8965
6005,i cant see ur money back policy,check_refund_policy,REFUND,BLQ,2991
7455,where to file a consumer complaint,complaint,FEEDBACK,BILQ,3334
10451,have problems with creating a freemium account,create_account,ACCOUNT,BLMQ,4928
9107,how can i talk with a person,contact_human_agent,CONTACT,BILQ,4479
15037,getbills from {{Person Name}},get_invoice,INVOICE,BKLMZ,7614
18120,I want to report an error with payment,payment_issue,PAYMENT,BL,9134
13227,I want assistance to check how soon can I expect the package,delivery_period,DELIVERY,BL,6601
5925,how can I check your reimbursement policy?,check_refund_policy,REFUND,BIL,2962
12403,I need assistance to check what shipment options are there,delivery_options,DELIVERY,BLM,6258
22491,is there an e-mail to leave a review for a service,review,FEEDBACK,BILQ,12329
25266,want assistance seeing the fucking ETA of order {{Order Number}},track_order,ORDER,BLQW,13640
16265,I don't know how I can get a restitution of my money,get_refund,REFUND,BL,8269
20634,information about my forgotten PIN code,recover_password,ACCOUNT,BL,10579
10133,I can't create a {{Account Category}} account,create_account,ACCOUNT,BLN,4932
5266,I'm trying to check the payment modalities,check_payment_methods,PAYMENT,BLQ,2664
3224,wanna see the early exit penalty how can i do it,check_cancellation_fee,CANCEL,BCILQ,1577
76,i bought some damn item help to cancep order {{Order Number}},cancel_order,ORDER,BCLQWZ,34
16745,need assistance to obtain a refund of money,get_refund,REFUND,BLQ,8474
12398,can you help me checking the methods for shipment?,delivery_options,DELIVERY,BIL,6125
18787,I need help notifying of a problem with payment,payment_issue,PAYMENT,BL,8965
10860,I need assistance with opening my gold account,create_account,ACCOUNT,BL,5441
16807,need assistance receiving a bloody rebate of money,get_refund,REFUND,BLQW,8570
8285,help to see at what time i can reach customer support,contact_customer_service,CONTACT,BLQ,3932
14423,how can I modify my user information?,edit_account,ACCOUNT,BIL,7074
16162,I do not know what I need to do to obtain a reimbursement,get_refund,REFUND,BEL,8204
22360,is there an address to leave a comment for a service?,review,FEEDBACK,BIL,12237
1650,how to add an article to purchase {{Order Number}}?,change_order,ORDER,BIL,570
21896,i do not know what to doi to leave a review for ur company,review,FEEDBACK,BEQZ,11860
2275,I don't know what to do to correct my address,change_shipping_address,SHIPPING,BLZ,757
5437,i do not knwo how to see the payment methods,check_payment_methods,PAYMENT,BELQZ,2741
17789,could I cancel my corporate newsletter subscription?,newsletter_subscription,SUBSCRIPTION,BILP,8629
24814,I want help using the bloody freemium profile,switch_account,ACCOUNT,BLW,13502
17154,where to subscribe to the newsletter ?,newsletter_subscription,SUBSCRIPTION,BILZ,8731
15171,can you help me downloading invoice #12588?,get_invoice,INVOICE,BIL,7708
23015,I have an issue setting the new delivery address up,set_up_shipping_address,SHIPPING,BL,12606
11015,I do not know how I could remove the {{Account Type}} account,delete_account,ACCOUNT,BELP,5460
26009,check refund status,track_refund,REFUND,BK,13828
8305,"I need to speak to customer support, can you help me?",contact_customer_service,CONTACT,BCIL,3980
4997,I need assistance to list the accepted payment methods,check_payment_methods,PAYMENT,BL,2525
14839,I would like to edit my user data,edit_account,ACCOUNT,BLP,7572
8128,show me at what time customer assistance available is,contact_customer_service,CONTACT,BL,3995
19303,i want help earning several articles,place_order,ORDER,BLMQZ,9878
8764,do youhave an e-mail address to contact customer service?,contact_customer_service,CONTACT,BILZ,4274
4215,how to locate bill #00108?,check_invoice,INVOICE,BIL,2123
20165,help me resetting my user PIN,recover_password,ACCOUNT,BL,10652
2741,i have an issue trying to change my shipping address,change_shipping_address,SHIPPING,BQ,855
24435,where can i switch to the {{Account Category}} account,switch_account,ACCOUNT,BIQZ,13168
1736,want help deleting several articles from purchase {{Order Number}},change_order,ORDER,BLMQZ,614
8281,how could I see what hours I can call customer assistance?,contact_customer_service,CONTACT,BILP,3961
18718,need to reoprt problems with online payment,payment_issue,PAYMENT,BLMQZ,9488
17516,I can't receive the damn corporate newsletter,newsletter_subscription,SUBSCRIPTION,BLW,8652
25723,help me tracking order {{Order Number}},track_order,ORDER,B,13589
6482,"I have got to see your refund policy, I need assistance",check_refund_policy,REFUND,BCL,3196
26142,need assistance to see my restitution current status,track_refund,REFUND,BLQ,13807
3037,I have to see the early termination penalty,check_cancellation_fee,CANCEL,BL,1400
20810,is it possible to retrieve the pass of my user profile?,recover_password,ACCOUNT,BILQ,11147
17646,how do i cancel the subscription to ur company newsletter,newsletter_subscription,SUBSCRIPTION,BIQ,8616
10213,i do not know how i could create a {{Account Type}} account,create_account,ACCOUNT,BELPQ,4947
22762,i want help leaving a comment about ur company,review,FEEDBACK,BLQ,11868
16883,help to demand a goddamn compensation,get_refund,REFUND,BLW,8611
12559,"I have got to see what shipping methods are there, help me",delivery_options,DELIVERY,BCLM,6251
16433,where to receive goddamn reimbursements of mooney,get_refund,REFUND,BILMQWZ,8361
7973,how to see what hours i can contact customer service,contact_customer_service,CONTACT,BILQ,3887
13403,i dont know how i can check when my order is gonna arrive,delivery_period,DELIVERY,BLQ,6733
10757,i have to open a platinum account,create_account,ACCOUNT,BLQ,5141
8817,how can I check what hours I can call customer support?,contact_customer_service,CONTACT,BIL,3904
21351,i want help to notify of a problem with sign-up,registration_problems,ACCOUNT,BLQ,11496
8426,how do i check what hours i can call customer assistance,contact_customer_service,CONTACT,BILQ,3961
6727,I need help to check in which cases can I ask for refunds,check_refund_policy,REFUND,BL,2986
2443,i chose a wrong address by mistake colud ya modify it,change_shipping_address,SHIPPING,BCILPQZ,1080
12275,need to see what shipment options are there how to do it,delivery_options,DELIVERY,BCILMQ,6209
24104,i want assistance to use the standard account,switch_account,ACCOUNT,BQ,13256
9576,i dont know what to do to speak with someone,contact_human_agent,CONTACT,BLQ,4749
9909,"you are not being helpful, help chatting with a human agent",contact_human_agent,CONTACT,BCEL,4923
8098,what is ur customer support mail,contact_customer_service,CONTACT,BILQ,3993
16255,"I paid {{Currency Symbol}}{{Refund Amount}} for an item, how could I get a bloody refund?",get_refund,REFUND,BCILMPW,8262
19980,can you help me retrieve the PIN code of my account?,recover_password,ACCOUNT,BIL,10488
17396,I try to cancel the subscription to your newsletter,newsletter_subscription,SUBSCRIPTION,BL,8616
6475,can uhelp me check in what situations cani ask for refunds,check_refund_policy,REFUND,BILQZ,3193
18149,can uhelp me to solve a problem with online payments,payment_issue,PAYMENT,BILMQ,9158
17214,i try to cancel the subscription to ur company newsletter,newsletter_subscription,SUBSCRIPTION,BQ,8616
15478,I don't know what I have to do to download my bill #37777,get_invoice,INVOICE,BL,7668
6621,I have got to see in what cases can I ask for a refund,check_refund_policy,REFUND,BL,3070
3300,I want to check the early termination penalty,check_cancellation_fee,CANCEL,BL,1400
26492,I need to check my goddamn restitution status,track_refund,REFUND,BLW,14041
11800,"I never use my {{Account Type}} account, I don't know how I can close it",delete_account,ACCOUNT,BCL,5939
22952,I need assistance to set up a different delivery address,set_up_shipping_address,SHIPPING,BL,12649
8976,"you are not helpful, I want assistance talking with someone",contact_human_agent,CONTACT,BCEL,4381
11495,"I do not need the platinum account, I have got to cancel it",delete_account,ACCOUNT,BCEL,5809
2701,can ya help me to modify the delivery address,change_shipping_address,SHIPPING,BILQ,1244
11398,"I would like to close my standard account, can you help me?",delete_account,ACCOUNT,BCILP,5760
22663,where to write an review about ur services,review,FEEDBACK,BILQZ,12447
25897,I need assistance seeing the restitution status,track_refund,REFUND,BL,13796
18825,i want assistance solving issues with online payments,payment_issue,PAYMENT,BLMQ,9176
3082,I need to check the withdrawal fee,check_cancellation_fee,CANCEL,BL,1488
2514,supports editing the address,change_shipping_address,SHIPPING,BLM,770
16186,I would like to get a compensation of my money,get_refund,REFUND,BLP,8219
13059,help me sde how soon can i expect my item,delivery_period,DELIVERY,BLQZ,6547
2214,I want help trying to edit my shipping address,change_shipping_address,SHIPPING,BL,916
22865,need help submitting feedback for yor services,review,FEEDBACK,BLQZ,12581
6179,i need help seeing ur reimbursement policy,check_refund_policy,REFUND,BLQ,3001
1461,help me to change a product of purchase {{Order Number}},change_order,ORDER,BL,399
17468,I need help unsubscribing to the company newsletter,newsletter_subscription,SUBSCRIPTION,BL,8624
20283,where do I restore the password of my user profile?,recover_password,ACCOUNT,BIL,10753
26640,help checking the current status of the restitution,track_refund,REFUND,BL,13933
22278,what do i need to do to leave an opinion for a service,review,FEEDBACK,BILQ,11993
9952,open gold account for wife,create_account,ACCOUNT,BKL,4961
4613,I do not know how I can check bill #12588,check_invoice,INVOICE,BEL,2325
72,need help with cancelling order {{Order Number}},cancel_order,ORDER,BQ,17
9137,i cant hcat with somebody,contact_human_agent,CONTACT,BLQZ,4503
3899,I do not know what to do to check the termination penalties,check_cancellation_fee,CANCEL,BELM,1407
13905,correcting data on {{Account Type}} accoujnt,edit_account,ACCOUNT,BLZ,6948
5067,i want assistance checking what paytment methods ya accept,check_payment_methods,PAYMENT,BQZ,2565
4906,i have got to check my bill from {{Person Name}} will uhelp me,check_invoice,INVOICE,BCILPQ,2456
1536,i dont know how i can add several items to purchase {{Order Number}},change_order,ORDER,BLMQ,523
2138,can you help me change my shipping address ?,change_shipping_address,SHIPPING,BIZ,852
8627,i have got to call customer service i need help,contact_customer_service,CONTACT,BCLQ,4220
3514,what do i needto do to see the early termination fee,check_cancellation_fee,CANCEL,BILQZ,1734
13896,"I want to see when will my item arrive, how do I do it?",delivery_period,DELIVERY,BCIL,6793
18682,report payment problems,payment_issue,PAYMENT,BKLM,9070
11943,the shipment options,delivery_options,DELIVERY,BL,6024
24944,showing me purchase {{Order Number}} status,track_order,ORDER,BKL,13541
4768,assistance to take a quick look at the bill #12588,check_invoice,INVOICE,BLZ,2051
21421,i cant open an account need help informingof signup issues,registration_problems,ACCOUNT,BCLMNQZ,11581
13483,can I see how long it takes for the purchase to arrive?,delivery_period,DELIVERY,BIL,6442
14590,updating standard accojnt,edit_account,ACCOUNT,BKLZ,7434
18947,where can i order some of ur article,place_order,ORDER,BILMQ,9636
17483,I cannot cancel the corporate newsletter subscrition,newsletter_subscription,SUBSCRIPTION,BELZ,8846
4932,help me check ur available payment options,check_payment_methods,PAYMENT,BLQ,2475
15168,I do not know what I need to do to download invoice #85632,get_invoice,INVOICE,BEL,7613
14909,"I cannot find my invoice #12588, will you mail it to me?",get_invoice,INVOICE,BCEILP,7622
2698,I have issues modifying the delivery address,change_shipping_address,SHIPPING,BLM,1243
5618,I want help seeing what payment options are available,check_payment_methods,PAYMENT,BL,2466
13816,can you help me seeing when will my parcel arrive?,delivery_period,DELIVERY,BIL,6791
16334,I have got to ask for rebates,get_refund,REFUND,BLM,8301
5545,i dont know how to see ur available payment modalities,check_payment_methods,PAYMENT,BLQ,2489
1665,can ya help me remove some products from order {{Order Number}},change_order,ORDER,BILMQZ,218
13849,where do I check how soon can I expect the delivery ?,delivery_period,DELIVERY,BIZ,6853
5733,I want assistance to see your allowed payment modalties,check_payment_methods,PAYMENT,BLZ,2876
13450,i need help to check how long it takes for my item to arrive,delivery_period,DELIVERY,BLQ,6435
4733,I don't know how I could see the invoice #12588,check_invoice,INVOICE,BLP,2376
21519,want assistance to inform of registration problems,registration_problems,ACCOUNT,BLMQ,11215
14394,modifying pro account,edit_account,ACCOUNT,BKL,7318
7881,can you help me to lodge a consumer claim?,complaint,FEEDBACK,BIL,3848
7259,I want help to file a reclamation against your company,complaint,FEEDBACK,BL,3441
12068,do ya ship toJapan,delivery_options,DELIVERY,BILQSZ,6107
23746,I try to submit a ne delivery address,set_up_shipping_address,SHIPPING,BLZ,12711
7558,need assstance to file a consumer claim against your company,complaint,FEEDBACK,BLQZ,3712
5502,see your available payment options,check_payment_methods,PAYMENT,BL,2475
18583,I need assistance to notify of a payment error,payment_issue,PAYMENT,BL,9413
24959,can ya help me to see the ETA of purchase {{Order Number}},track_order,ORDER,BILQ,13518
3314,where to check the termination fee?,check_cancellation_fee,CANCEL,BIL,1633
8158,need to check what hours i can reach customer service,contact_customer_service,CONTACT,BLQ,3907
12002,I am calling to check what bloody shipping methods I have,delivery_options,DELIVERY,BLMW,6069
7432,help to lodge a consumer complaint against your orgqnization,complaint,FEEDBACK,BLZ,3654
12259,i have got to see the shipping options help me,delivery_options,DELIVERY,BCLQ,6201
4530,I do not know how I can take a quick look at my bill #12588,check_invoice,INVOICE,BEL,2051
12069,can I place an order from {{Delivery Country}}?,delivery_options,DELIVERY,BIS,6062
26836,I need assistance to check the status of my compensation,track_refund,REFUND,BL,13972
4552,i dont know what i need to do to look for my bill #12588,check_invoice,INVOICE,BLQZ,2293
23533,i have a trouble entering a secondary shipping address,set_up_shipping_address,SHIPPING,BLQ,12950
1035,I need to remove an article from purchase {{Order Number}},change_order,ORDER,BL,237
12780,"I am looking for the shipping options, help me find them",delivery_options,DELIVERY,BCEL,6373
18494,i do not know how to report a trouble with online payments,payment_issue,PAYMENT,BELMQ,9365
24671,i do not know how to change to the {{Account Category}} account,switch_account,ACCOUNT,BELQ,13139
6458,i have to check in which cases can i ask for a reimbursement,check_refund_policy,REFUND,BLQ,3022
19880,i try to buy some articles,place_order,ORDER,BLMQ,9588
26227,how could i see the status of my refund,track_refund,REFUND,BILPQ,13952
2376,there is a trouble trying to update the shipping address,change_shipping_address,SHIPPING,BL,1033
18979,"I have got to shop a damn item, how to do it?",place_order,ORDER,BCILW,9668
24566,where to change to the goddamn {{Account Type}} account?,switch_account,ACCOUNT,BILW,13281
15082,I don't know how I can downloadd invoice #00108,get_invoice,INVOICE,BLZ,7623
2898,I have to update my shipping address,change_shipping_address,SHIPPING,BL,1334
21205,I don't know how I could report errors with a registration,registration_problems,ACCOUNT,BLMP,11301
21213,I would like to report a fucking registration error,registration_problems,ACCOUNT,BLPW,11445
385,"I cannot afford order {{Order Number}}, I need help canceling it",cancel_order,ORDER,BCELN,112
1882,problems wiuth changing order {{Order Number}},change_order,ORDER,BMZ,678
1751,how do i swap several articles of purchase {{Order Number}},change_order,ORDER,BILMQ,552
8774,"I have to speak to customer assistance, how to do it?",contact_customer_service,CONTACT,BCIL,3949
25546,I want assistance checking the ETA of purchase {{Order Number}},track_order,ORDER,BL,13518
6594,help me to see in which cases can i ask for my money back,check_refund_policy,REFUND,BLQ,3040
22863,do uhave an e-mail to leave a comment for a product,review,FEEDBACK,BILQ,12580
25336,want help to see the eta of purchase {{Order Number}},track_order,ORDER,BLQ,13518
9537,how to speak to someone?,contact_human_agent,CONTACT,BIL,4652
24794,help me use the platinum profile,switch_account,ACCOUNT,BL,13213
15009,help me to get the invoice fro {{Person Name}},get_invoice,INVOICE,BZ,7629
1180,need to edit order113542617735902 how to do it,change_order,ORDER,BCILQZ,340
22985,there is a trouble entering my new shipping address,set_up_shipping_address,SHIPPING,BL,12593
2179,I want to know about modifying the delivery address,change_shipping_address,SHIPPING,BL,887
24669,i want help to use the fucking premium account,switch_account,ACCOUNT,BQW,13459
22435,is htere an address to submit an opinion for a product,review,FEEDBACK,BILQZ,12293
15811,get bill fromDavid Miller,get_invoice,INVOICE,BKLZ,7954
10023,i need assistance to open a {{Account Category}} account for my dad,create_account,ACCOUNT,BLQ,4970
21335,what d I have to do to notify of an issue with a signup?,registration_problems,ACCOUNT,BILZ,11525
4738,where can i look for the inovice #12588,check_invoice,INVOICE,BILQZ,2380
16565,is it possible to get a refund of money,get_refund,REFUND,BIQ,8434
23028,I need help submitting a new delivery address,set_up_shipping_address,SHIPPING,BL,12613
6803,"I want to see your money back guarantee, how can I do it?",check_refund_policy,REFUND,BCIL,3091
8791,hel me speak to customer service,contact_customer_service,CONTACT,BLZ,4284
5825,help to list your accepted payment methods,check_payment_methods,PAYMENT,BL,2477
11156,I don't know what I need to do to cancel the {{Account Type}} avcount,delete_account,ACCOUNT,BLZ,5631
18880,i dont know how to notify of troublse with payments,payment_issue,PAYMENT,BLMQZ,9577
1899,I need to change some articles of order {{Order Number}},change_order,ORDER,BLM,545
1310,canm you help me to update purchase {{Order Number}}?,change_order,ORDER,BILZ,424
22380,i call to submit some feedback for ur services,review,FEEDBACK,BQ,12253
19872,assistance to purchase a few of your product,place_order,ORDER,BLM,10257
3222,I need help to see the early exit fees,check_cancellation_fee,CANCEL,BLM,1538
453,I cannot afford purchase {{Order Number}},cancel_order,ORDER,BELN,120
26648,can you show me the current status of my refund?,track_refund,REFUND,BIL,13963
8684,what hours can i get in touch with customer service,contact_customer_service,CONTACT,BILQ,3996
1920,"I have got to edit purchase {{Order Number}}, could you help me?",change_order,ORDER,BCILP,691
3743,I don't know how to see the bloody withdrawal penalty,check_cancellation_fee,CANCEL,BLW,1830
24958,"I need to see order {{Order Number}} bloody status, can you help me?",track_order,ORDER,BCILW,13547
4550,I have to take a quick look at the bills from {{Person Name}},check_invoice,INVOICE,BLM,2046
3261,where to see the cancellation fee,check_cancellation_fee,CANCEL,BILQ,1609
11868,I want assistance to remove a pro account,delete_account,ACCOUNT,BL,5971
13799,I need help to check how soon can I expect my article,delivery_period,DELIVERY,BL,6419
5002,I want assistance listing the accepted paymment options,check_payment_methods,PAYMENT,BLZ,2530
21968,I havegot to leave a review for your company,review,FEEDBACK,BZ,11927
9870,I don't know how I could chat with a goddamn human agent,contact_human_agent,CONTACT,BLPW,4910
5414,I want to check your payment modalities,check_payment_methods,PAYMENT,BL,2558
24200,can I use the standard account?,switch_account,ACCOUNT,BI,13230
17128,where could i cancel mycorporate newsletter subscription,newsletter_subscription,SUBSCRIPTION,BILPQZ,8629
13407,want assistance checking how soon can I expect my parcel,delivery_period,DELIVERY,BLQ,6418
9940,where do I open a standard account?,create_account,ACCOUNT,BIL,4952
24607,I don't know how I could change to the premium account,switch_account,ACCOUNT,BLP,13345
24514,I need to change to the goddamn {{Account Category}} account,switch_account,ACCOUNT,BLW,13393
17188,"I need to sign up to the newsletter, how can I do it?",newsletter_subscription,SUBSCRIPTION,BCIL,8745
13052,I need assistance to see when will my article arrive,delivery_period,DELIVERY,BL,6541
23038,there is a problem submitting the fucking shipping address,set_up_shipping_address,SHIPPING,BLW,12714
26111,I need to know if there is anything new on my refund,track_refund,REFUND,BL,13914
23825,"I need to enter the shipping address, could I get some help?",set_up_shipping_address,SHIPPING,BCILP,13095
24631,i have to use the gold account help me,switch_account,ACCOUNT,BCQZ,13448
13830,how could I see how soon can I expect my order?,delivery_period,DELIVERY,BILP,6453
12027,I want assistance to see what shipping options are available,delivery_options,DELIVERY,BLM,6087
12600,I need help to see what methods for delivery you offer,delivery_options,DELIVERY,BLM,6027
26659,help me checking if there are any updates on my restitution,track_refund,REFUND,BLM,14082
25486,I don't know how I can check the ETA of order732201349959,track_order,ORDER,BZ,13690
10060,how do I create a premium account?,create_account,ACCOUNT,BIL,5013
3049,is it possible to see the early termination penalty,check_cancellation_fee,CANCEL,BILQZ,1465
13820,can I check how soon can I expect my package?,delivery_period,DELIVERY,BILZ,6474
19654,I do not know how to shop a few of your item,place_order,ORDER,BELM,10236
13813,i call to chevk when my product is gonna arrive,delivery_period,DELIVERY,BLQZ,6902
12193,want help checking what shipment methods you offer,delivery_options,DELIVERY,BLMQ,6169
3443,help me see the damn early exit fee,check_cancellation_fee,CANCEL,BLW,1683
16880,"I have paid {{Currency Symbol}}{{Refund Amount}} for this item, help me to obtain a rebate",get_refund,REFUND,BCELMV,8072
12178,seeing the delivery methods,delivery_options,DELIVERY,BL,5995
13177,I want to check how long the shipment takes,delivery_period,DELIVERY,BL,6623
7827,I have got to lodge a reclamation against your business,complaint,FEEDBACK,BL,3359
22373,I don't know how to leave some feedback about your services,review,FEEDBACK,BL,12248
8726,want help seeing at what time I can reach customer servie,contact_customer_service,CONTACT,BLQZ,4255
4177,I want assistance to see my invoice from {{Person Name}},check_invoice,INVOICE,BL,1943
9441,can uhelp me talk with somebody,contact_human_agent,CONTACT,BILQ,4677
8790,I want help tocall customer assistance,contact_customer_service,CONTACT,BLZ,4283
20346,can I reset m user pass?,recover_password,ACCOUNT,BILQZ,10806
23850,want assistance setting my delivery address up,set_up_shipping_address,SHIPPING,BLQ,12756
23554,is it possible to enter the new delivery address?,set_up_shipping_address,SHIPPING,BIL,12964
21581,"I cannot sign up, I need to notify of a registration problem",registration_problems,ACCOUNT,BCELN,11670
24480,need help touse the freemium account,switch_account,ACCOUNT,BQZ,13401
3904,"I have to check the withdrawal fee, can you help me?",check_cancellation_fee,CANCEL,BCIL,1901
8723,i want assistance calling customer support,contact_customer_service,CONTACT,BLQ,4232
24678,can I use the standard profile?,switch_account,ACCOUNT,BIL,13245
7803,want assistance making a claim against ur company,complaint,FEEDBACK,BLQ,3409
10600,how can I find information about openinga pro account?,create_account,ACCOUNT,BILZ,5322
22318,need assistance submitting some feedback for ur products,review,FEEDBACK,BLQ,12139
12462,can you show me what methods for delivery I have?,delivery_options,DELIVERY,BILM,6273
18920,what do I have to do to acquire several products?,place_order,ORDER,BILM,9610
24004,i want assistance switching to the gold account,switch_account,ACCOUNT,BQ,13205
539,"I can't afford order {{Order Number}}, how can I cancel it?",cancel_order,ORDER,BCILN,63
19131,I don't know what I need to do to acquire something,place_order,ORDER,BL,9810
17943,want help to inform of an issue with online payments,payment_issue,PAYMENT,BLMQ,8981
2493,there is an issue modifying the delivery address,change_shipping_address,SHIPPING,BL,1118
12312,i need help seeing what shipping methods i can choose,delivery_options,DELIVERY,BLMQ,6223
16610,"I paid {{Currency Symbol}}{{Refund Amount}} for an article, I need help to get a refund",get_refund,REFUND,BCLM,8081
23646,I don't know what to do to submit the new delivery address,set_up_shipping_address,SHIPPING,BL,13017
26182,I have to know if there is anything wrong with the refund,track_refund,REFUND,BL,13818
14854,change data on gold account,edit_account,ACCOUNT,BKL,7581
20482,retrieve my user password,recover_password,ACCOUNT,BL,10468
22038,I want help leaving a review about a product,review,FEEDBACK,BL,11984
10973,i do not know what i have to do to remove the {{Account Type}} account,delete_account,ACCOUNT,BELQ,5460
8094,help to pseak to customer support,contact_customer_service,CONTACT,BLZ,3989
12978,i want assistance to check how soon can i expect the article,delivery_period,DELIVERY,BLQ,6486
20511,I need to retrieve the key of my profile,recover_password,ACCOUNT,BL,10930
8712,I need help speaking with customer support,contact_customer_service,CONTACT,BL,4000
2206,i want help changing my delivey address,change_shipping_address,SHIPPING,BLQZ,912
26539,i dont know what to do to track my rebate,track_refund,REFUND,BLQ,14050
10353,I'm looking for information about creating platinum accounts,create_account,ACCOUNT,BEMQ,5219
7263,help me lodge a consumer complaint against your busness,complaint,FEEDBACK,BLZ,3563
1814,I cannot change some products of pirchase {{Order Number}},change_order,ORDER,BELMNZ,649
11091,i never use the pro account i need help deleting it,delete_account,ACCOUNT,BCELQ,5592
10725,i do not know what to do to create a gold account,create_account,ACCOUNT,BEQ,5291
16960,help me sign up to ur company newsletter,newsletter_subscription,SUBSCRIPTION,BLQ,8656
14843,i have to update the data on my user how do i do it,edit_account,ACCOUNT,BCILQ,7575
20059,I don't know what I need to do to restore my PIN,recover_password,ACCOUNT,BL,10555
1717,can uhelp me swappping a product of purchase {{Order Number}},change_order,ORDER,BILQZ,607
21091,I do not know how to inform of a sign-up problem,registration_problems,ACCOUNT,BEL,11358
5797,i dont know how to hceck the payment options,check_payment_methods,PAYMENT,BLQZ,2905
4529,can i take a quick look at the invoices from {{Person Name}},check_invoice,INVOICE,BIMQ,2110
8255,how do I see at what time I can call customer support?,contact_customer_service,CONTACT,BIL,3878
19786,assistance to shop a few of your item,place_order,ORDER,BLM,10218
19775,I need help to order some articles,place_order,ORDER,BLM,9603
22502,I do not know how I can leave feedback about your company,review,FEEDBACK,BEL,12337
8900,help me contact customer assistance,contact_customer_service,CONTACT,BL,4240
14101,want help to change the user details,edit_account,ACCOUNT,BLMQ,7118
22975,I want help to enter my secondary delivery adrdess,set_up_shipping_address,SHIPPING,BLZ,12669
8321,where do i check what hours i can contact customer support,contact_customer_service,CONTACT,BILQ,3873
11079,i dont know how i can close the platinum account,delete_account,ACCOUNT,BLQ,5526
23180,there are issues entering my new shipping address,set_up_shipping_address,SHIPPING,BLM,12653
713,i have a provlem with cancelling order {{Order Number}},cancel_order,ORDER,BQZ,165
20060,"someone stole my profile PIN code, could I restore it?",recover_password,ACCOUNT,BCILP,10556
5626,i need help seeing ur payment methods,check_payment_methods,PAYMENT,BLQ,2831
13658,assistance checking how long the delivery takes,delivery_period,DELIVERY,B,6842
4673,checking invoice from nine months ago,check_invoice,INVOICE,BKM,2350
10299,how could I open a {{Account Type}} account?,create_account,ACCOUNT,BILP,4991
22688,I do not know what to do to send feedback for a product,review,FEEDBACK,BEL,12265
7652,I don't know how to lodge a consumer claim,complaint,FEEDBACK,BL,3747
11334,"I no longer need the user, can I remove it?",delete_account,ACCOUNT,BCEIL,5722
25238,I try to see purchase {{Order Number}} current status,track_order,ORDER,BL,13520
25508,I need help to track purchase {{Order Number}},track_order,ORDER,BL,13526
22994,can you help me to enter my shipping address ?,set_up_shipping_address,SHIPPING,BILZ,12683
8307,I want help to call customer assistance,contact_customer_service,CONTACT,BL,3937
6811,check under which circumstances can I request refunds,check_refund_policy,REFUND,BL,3014
11471,I would like information about my gold account cancellation,delete_account,ACCOUNT,BLP,5796
12696,is it possible to see what delivery options I have?,delivery_options,DELIVERY,BILM,6345
14080,modify info on standard account,edit_account,ACCOUNT,BKLQ,7100
1818,could i swap some goddamn products of order {{Order Number}},change_order,ORDER,BILMPQW,651
4103,i want assistance taking a quick look at the invoice #00108,check_invoice,INVOICE,BQ,2050
9215,i do not know what to do to contact an assistant,contact_human_agent,CONTACT,BELQ,4556
13030,need help to see when my product is gonna arrive,delivery_period,DELIVERY,BLQ,6525
23424,I have got to enter a delivery address,set_up_shipping_address,SHIPPING,BL,12688
11492,whta do I have to do to close my {{Account Category}} account?,delete_account,ACCOUNT,BILZ,5807
13356,wanna check whne my package is gonna arrive i need help,delivery_period,DELIVERY,BCLQZ,6713
13293,assistance checking when my article is going to arrive,delivery_period,DELIVERY,BL,6454
23005,why I can't enter a different delivery address valid,set_up_shipping_address,SHIPPING,BL,12694
9502,I need assistance speaking with an assistant,contact_human_agent,CONTACT,BL,4405
23663,assistance setting up my delivery address,set_up_shipping_address,SHIPPING,BL,12756
1607,can uhelp me to remove an item from order {{Order Number}},change_order,ORDER,BIQ,206
18404,"I cannot pay, I have to inform of a problem with payments",payment_issue,PAYMENT,BCELM,9309
3354,can you help me to see the cancellation penalty?,check_cancellation_fee,CANCEL,BIL,1653
19599,neerd help buying some bloody products,place_order,ORDER,BLMQWZ,10194
20747,I need help to retrieve my pass,recover_password,ACCOUNT,BLQ,11110
13028,where can I find information about shipping periods?,delivery_period,DELIVERY,BIL,6524
26569,where can I check if there is anything enw on the refund?,track_refund,REFUND,BIZ,14059
17681,help me to sign up to the company newsletter,newsletter_subscription,SUBSCRIPTION,BL,8656
24734,i dont know what to do to change to the freemium account,switch_account,ACCOUNT,BLQ,13218
4464,i need assistance checking my bills from {{Person Name}},check_invoice,INVOICE,BLMQ,1923
7104,I need to file a customer claim against your organizaion,complaint,FEEDBACK,BLZ,3466
14191,updating premium account,edit_account,ACCOUNT,BKL,7189
8204,help seeing what hours i can call customer support,contact_customer_service,CONTACT,BLQ,3904
3602,is it possible to check the early termination charge?,check_cancellation_fee,CANCEL,BIL,1769
17661,what do i have to do to unsubscribe to the nrwsletter,newsletter_subscription,SUBSCRIPTION,BILQZ,8891
26376,want assistance seeing my compensation current status,track_refund,REFUND,BLQ,13838
16300,asking for reimbursement of money,get_refund,REFUND,BKL,8285
5667,i have to see what payment options are allowed,check_payment_methods,PAYMENT,BLQ,2528
9128,I am trying to talk to somebody,contact_human_agent,CONTACT,BL,4495
20321,need help retrieving my user account pin code,recover_password,ACCOUNT,BLQ,10786
17837,cancel the newsletter subscription,newsletter_subscription,SUBSCRIPTION,BL,8616
4339,wanna find the bills from {{Person Name}} could i get somw help,check_invoice,INVOICE,BCILMPQZ,2190
15081,I don't know what I need to do to get the bill #85632,get_invoice,INVOICE,BL,7652
21455,inform of errors with signup,registration_problems,ACCOUNT,BKLM,11521
14138,updating details on {{Account Category}} account,edit_account,ACCOUNT,BKLM,6998
8080,I don't know how to contact customer assistance,contact_customer_service,CONTACT,BL,3984
18415,can ya help me to inform of an problem with payment,payment_issue,PAYMENT,BILQZ,9273
17050,help me sign up to the newsletter,newsletter_subscription,SUBSCRIPTION,BL,8693
14926,how do i get my bills rfom {{Person Name}},get_invoice,INVOICE,BILMQZ,7637
23585,wasnt assistance to set up a delivery address,set_up_shipping_address,SHIPPING,BLQZ,12983
21461,where can i report registration errors,registration_problems,ACCOUNT,BILMQ,11475
4873,I need to see the fucking bill from {{Person Name}},check_invoice,INVOICE,BLW,2442
24015,i want help to use the {{Account Category}} profile,switch_account,ACCOUNT,BLQ,13207
21898,ya have an section to leave my feedback about ur company,review,FEEDBACK,BILQZ,11862
12952,I am trying to see how soon can I expect the purchase,delivery_period,DELIVERY,BL,6465
22950,"I would like to enter a delivery address, I need help",set_up_shipping_address,SHIPPING,BCLP,12647
15866,I need assistance downloading invoice #00108,get_invoice,INVOICE,BL,7624
5144,help to check your accepted payment methods,check_payment_methods,PAYMENT,BL,2477
6506,wanna see ur money back poolicy how do i do it,check_refund_policy,REFUND,BCILQZ,3207
9639,"I would like to talk with an assistant, how can I do it?",contact_human_agent,CONTACT,BCILP,4784
17635,I want help receoving the newsletter,newsletter_subscription,SUBSCRIPTION,BLZ,8885
13168,i try to see how soon can i expect my shipment,delivery_period,DELIVERY,BLQ,6587
12543,I want help to check the methods for delivery,delivery_options,DELIVERY,BL,6270
21696,report problems creating profile,registration_problems,ACCOUNT,BKLM,11733
21653,would it be possible to report problems with a sign-up?,registration_problems,ACCOUNT,BILMP,11580
22399,is there an address to leave a comment for your company?,review,FEEDBACK,BIL,12267
21129,I want help to inform of an issue with a sign-up,registration_problems,ACCOUNT,BL,11386
20558,"I lost the password of my user, assistance resetting it",recover_password,ACCOUNT,BCL,10966
20490,what do i need to do to restore my user profile access key,recover_password,ACCOUNT,BILQZ,10915
10418,i do not have a {{Account Type}} cacount yet I'd like to create one,create_account,ACCOUNT,BCELNPQZ,5246
14380,update data on freemium account,edit_account,ACCOUNT,BKL,7311
11987,"I need to check what shipping options you offer, help me",delivery_options,DELIVERY,BCLM,6061
11911,I want to see what shipment methods I can choose,delivery_options,DELIVERY,BLM,5996
26549,can you help me check the rebate current status?,track_refund,REFUND,BIL,14052
10943,need help to cancel a standard account,delete_account,ACCOUNT,BLQ,5488
23227,i need assistance setting up a different shipping address,set_up_shipping_address,SHIPPING,BQ,12624
14059,"I have got to edit my goddamn account, could you help me?",edit_account,ACCOUNT,BCIPW,7084
10606,how can i find information about opening {{Account Category}} accounts,create_account,ACCOUNT,BILMQ,4944
1043,"I want to correct order {{Order Number}}, can you help me?",change_order,ORDER,BCIL,245
10753,"I have to open a gold account, how do I do it?",create_account,ACCOUNT,BCIL,5392
26201,where do I check if there are any news on the reimbursement?,track_refund,REFUND,BILM,13932
1511,add something to order,change_order,ORDER,BK,508
15808,need assistance downloading my bill from {{Person Name}},get_invoice,INVOICE,BLQ,7671
16149,I am trying to receive a restitution of money,get_refund,REFUND,BL,8194
26583,i expect a restitution of {{Currency Symbol}}{{Refund Amount}} has it been prcoessed,track_refund,REFUND,BCILQZ,14062
1702,I try to edit purchase {{Order Number}},change_order,ORDER,BL,205
14539,update personal data,edit_account,ACCOUNT,BKL,7407
15672,how can i get invoice #37777,get_invoice,INVOICE,BIQ,7617
13992,modify info on premium account,edit_account,ACCOUNT,BKLQ,7029
739,were can i cancel purchase {{Order Number}},cancel_order,ORDER,BILQZ,168
6438,assistance checking in which cases can i ask to be refunded,check_refund_policy,REFUND,BLQ,3183
25379,need assistance to check the ETA of purchase {{Order Number}},track_order,ORDER,BLQ,13518
24942,I can't see the ETA of purchase {{Order Number}},track_order,ORDER,BLN,13518
22651,need help to send my feedback for ur services,review,FEEDBACK,BLQ,12042
1910,I have got to correct purchase {{Order Number}},change_order,ORDER,BL,226
2409,where can I get information about an address correction ?,change_shipping_address,SHIPPING,BILZ,1056
24367,help me to use the premium profile,switch_account,ACCOUNT,BL,13166
13788,how to check how long it takes for the parcel to arrive?,delivery_period,DELIVERY,BIL,6438
19769,assistance orderint some articles,place_order,ORDER,BLMZ,9595
20547,help me retrieve my account password,recover_password,ACCOUNT,BL,10960
9100,is it possdible to talk with someone,contact_human_agent,CONTACT,BILQZ,4475
13499,help me check how soon can I expect the fucking purchase,delivery_period,DELIVERY,BLW,6773
26280,can you help me see the current status of my reimbursement?,track_refund,REFUND,BIL,13785
25361,I'd like to check order {{Order Number}} fucking status,track_order,ORDER,BPQWZ,13668
15806,I don't know what I have to do to get my invoice #00108,get_invoice,INVOICE,B,7630
22904,I want assistance setting my secondary delivery address up,set_up_shipping_address,SHIPPING,BL,12610
21469,I need assistance informing of a problem with sign-up,registration_problems,ACCOUNT,BL,11226
20719,I need assistance resetting the key of my user account,recover_password,ACCOUNT,BL,10781
7984,anybody available in customer support,contact_customer_service,CONTACT,BL,3919
17493,help cancelling my subscription to your corporate newsletter,newsletter_subscription,SUBSCRIPTION,BL,8629
17238,can you help me to sign up to the company newsletter?,newsletter_subscription,SUBSCRIPTION,BIL,8656
11147,i do not know what to do to delete the pro account,delete_account,ACCOUNT,BELQ,5586
4685,can you help me take a quick look at my invoice #85632?,check_invoice,INVOICE,BI,2029
11318,problem with platinum account removals,delete_account,ACCOUNT,BLM,5714
7037,I have got to file a customer complaint,complaint,FEEDBACK,BL,3417
10271,"I would like to create a pro account, how to do it?",create_account,ACCOUNT,BCIP,5177
7701,is it possible to make a complaint against your company?,complaint,FEEDBACK,BIL,3776
19093,where can i acquire an few of ur article,place_order,ORDER,BILMQZ,9775
7130,help me making a consumer claim against your company,complaint,FEEDBACK,BL,3484
21708,"I have to inform of errosr with a sign-up, how can I do it?",registration_problems,ACCOUNT,BCILMZ,11742
6909,I try to see in what situations can I request to be refunded,check_refund_policy,REFUND,BL,3093
9975,i do not know how to create a {{Account Category}} account for my dad,create_account,ACCOUNT,BELQ,4932
7250,I need help filing a claim,complaint,FEEDBACK,BL,3525
6646,see in what cases can I request a reimbursement,check_refund_policy,REFUND,BL,2973
15525,I need assistance downloading invoice #12588,get_invoice,INVOICE,BL,7725
2378,i have got toedit the address,change_shipping_address,SHIPPING,BLQZ,1035
21267,I need help reporting a problem iwth signup,registration_problems,ACCOUNT,BLZ,11485
12007,I am trying to check the options for shipping,delivery_options,DELIVERY,BL,6073
16831,I don't know how to request a refund of money,get_refund,REFUND,BL,8587
8340,need help seeing at what time I can call customer assistance,contact_customer_service,CONTACT,BLQ,3870
23846,how can i enter another shipipng address,set_up_shipping_address,SHIPPING,BILQZ,13106
9238,what do I have to do to speak with a damn operator?,contact_human_agent,CONTACT,BILW,4572
1772,can I swap an item of order {{Order Number}}?,change_order,ORDER,BIL,309
3065,show early exit penalty,check_cancellation_fee,CANCEL,BKL,1433
13189,help me to see how soon can I expect the shipment,delivery_period,DELIVERY,BL,6587
10230,"I am not registered, how to open a pro account with you?",create_account,ACCOUNT,BCEIL,5150
6982,can I lodge a customer claim against your company?,complaint,FEEDBACK,BIL,3379
22262,help submitting some feedback for ur products,review,FEEDBACK,BLQ,12139
7004,can uhelp me lodge a claim against ur business,complaint,FEEDBACK,BILQ,3375
6889,help checking in which situations can I ask for a refund,check_refund_policy,REFUND,BL,2976
10306,i want an different bloody premium account for my wife,create_account,ACCOUNT,BLQWZ,5192
23938,can you help me to switch to the {{Account Category}} account?,switch_account,ACCOUNT,BI,13168
7837,filing customer complaint against ur company,complaint,FEEDBACK,BLQ,3552
9287,how do i cyat with a person,contact_human_agent,CONTACT,BILQZ,4598
3329,i do not know how i can see the cancellation charge,check_cancellation_fee,CANCEL,BELQ,1571
18162,how to report bloody troubles with online payments?,payment_issue,PAYMENT,BILMW,9167
25715,how to see order {{Order Number}} status?,track_order,ORDER,BIL,13542
16497,how could I obtain rebates?,get_refund,REFUND,BILMP,8400
19674,assistance to shop several articles,place_order,ORDER,BLM,9593
3599,I don't know how to check the early termination penalties,check_cancellation_fee,CANCEL,BLM,1407
4323,I do not know what I have to do to look for bill #12588,check_invoice,INVOICE,BEL,2180
22809,i have to leave feedback for ur company,review,FEEDBACK,BLQ,12226
20432,help me reset my user access key,recover_password,ACCOUNT,BL,10876
25194,want assistance to check the status of purchase {{Order Number}},track_order,ORDER,BLQ,13522
4104,assistance giving an quick look at my invoice from {{Person Name}},check_invoice,INVOICE,BLZ,2007
10493,create new premium account for daughter,create_account,ACCOUNT,BKL,4954
25195,can i see the status of purchase {{Order Number}},track_order,ORDER,BILQ,13522
26042,is it possible to check the status of the rebate?,track_refund,REFUND,BIL,13880
9425,I want assistance to speak to a fucking live agent,contact_human_agent,CONTACT,BLW,4667
17884,help to unsubscribe to the company newsletter,newsletter_subscription,SUBSCRIPTION,BL,8619
15387,what do I have to do to download my invoice #37777?,get_invoice,INVOICE,BIL,7805
25357,i want help to check the ETA of the oder {{Order Number}},track_order,ORDER,BLQZ,13666
9427,"you are not helpful, I need help to chat with an agent",contact_human_agent,CONTACT,BCEL,4669
13819,can ya help me seeing how long the delivery takes,delivery_period,DELIVERY,BILQ,6904
22184,I am trying to leave an opinion about your company,review,FEEDBACK,BL,12105
10495,i need help with opening a {{Account Type}} account,create_account,ACCOUNT,BLQ,5016
11021,would it be possible to delete a {{Account Category}} account?,delete_account,ACCOUNT,BILP,5544
10980,I would like to delete my premium account,delete_account,ACCOUNT,BLP,5515
6869,help me to see how long reimbursements take,check_refund_policy,REFUND,BL,3043
2894,I want assistance modifying my shippimg address,change_shipping_address,SHIPPING,BLZ,1360
16533,i want help to get a rebate of my money,get_refund,REFUND,BLQ,8416
20733,help me to restore my password,recover_password,ACCOUNT,BL,10531
1749,can ya help me switching several products of order {{Order Number}},change_order,ORDER,BILMQZ,624
2276,"I want to modify the address, how can I do it?",change_shipping_address,SHIPPING,BCIL,964
16074,I try to demand rebates,get_refund,REFUND,BLM,8136
20030,help to restore my user password,recover_password,ACCOUNT,BL,10531
19871,how could I purchase several products?,place_order,ORDER,BILMP,10392
5936,I am trying to see in what cases can I request a refund,check_refund_policy,REFUND,BL,2972
24987,check order {{Order Number}} status,track_order,ORDER,BK,13523
19444,help me acquire some of ur item,place_order,ORDER,BLMQ,10081
17457,can I receive your newsletter?,newsletter_subscription,SUBSCRIPTION,BIL,8617
10198,can uhelp me to create a standard account,create_account,ACCOUNT,BIQ,5129
26840,I can't see if there is anything wrong with the restitution,track_refund,REFUND,BLN,13971
14831,how do I update my personal information?,edit_account,ACCOUNT,BIL,7569
12386,"I have to see what shipping options I have, I need help",delivery_options,DELIVERY,BCLM,6007
4880,i dont knw what to do to see the bill from {{Person Name}},check_invoice,INVOICE,BLQZ,2446
24089,what do I need to do to change to the {{Account Type}} account?,switch_account,ACCOUNT,BIL,13124
23931,change to the premium account,switch_account,ACCOUNT,BL,13164
22729,want help to submit some feedback about your services,review,FEEDBACK,BLQ,12492
19312,I do not know what to do to buy some of your product,place_order,ORDER,BELM,9968
2293,there are issues trying to edit the shipping address,change_shipping_address,SHIPPING,BLM,975
18890,where to inform of problems with online payments ?,payment_issue,PAYMENT,BILMZ,9226
3247,how could I see the early termination penalty?,check_cancellation_fee,CANCEL,BILP,1404
12058,how could I see the shipment options?,delivery_options,DELIVERY,BILP,6101
18601,can you help me solve issues with payment?,payment_issue,PAYMENT,BIM,9423
25320,ETA of order {{Order Number}},track_order,ORDER,BK,13519
11070,I am trying toclose the standard account,delete_account,ACCOUNT,BLZ,5580
20614,wanna recover the pin code of my profile,recover_password,ACCOUNT,BLQ,11011
22597,"I need to leave feedback about your company, how do I do it?",review,FEEDBACK,BCIL,12403
2171,"I want to correct my address, I need help",change_shipping_address,SHIPPING,BCL,879
24543,help using the freemium account,switch_account,ACCOUNT,B,13159
21240,I do not know how to report issues with signup,registration_problems,ACCOUNT,BELM,11304
5116,I want assistance listing your allowed payment methods,check_payment_methods,PAYMENT,BL,2513
25635,how do i check the status of purchase {{Order Number}},track_order,ORDER,BILQ,13522
17620,what do i have to do to sign up to the newsletter,newsletter_subscription,SUBSCRIPTION,BILQ,8881
20577,give me information about my forgotten PIN,recover_password,ACCOUNT,BL,10757
16333,i have paid {{Currency Symbol}}{{Refund Amount}} for this item help me to receive a refund,get_refund,REFUND,BCELMQV,8072
11653,question about the deletion of a fucking {{Account Type}} account,delete_account,ACCOUNT,BLW,5871
5453,help to check the available payment methods,check_payment_methods,PAYMENT,BL,2523
17555,can uhelp me to unsubscribe from the corporate newsletter,newsletter_subscription,SUBSCRIPTION,BILQ,8630
22899,I want help setting up my delivery address,set_up_shipping_address,SHIPPING,BL,12605
15365,"I have got to download the invoice #85632, how can I do it?",get_invoice,INVOICE,BCIL,7811
17844,I want to nkow about subscribing to your company newsletter,newsletter_subscription,SUBSCRIPTION,BZ,8934
8766,can i see at what time i can contact customer support,contact_customer_service,CONTACT,BILQ,3960
26855,help to check the compensation current status,track_refund,REFUND,BL,13838
23733,wanna set my secondary delivery address up,set_up_shipping_address,SHIPPING,BLQ,12668
26651,I do not know what I need to do to see my rebate status,track_refund,REFUND,BEL,14080
17002,i have glt to receive the newsletter help me,newsletter_subscription,SUBSCRIPTION,BCLQZ,8674
7966,I am trying to see what hours I can reach customer service,contact_customer_service,CONTACT,BL,3907
1084,"I want to correct order {{Order Number}}, will you help me?",change_order,ORDER,BCILP,245
5076,"I need to see your available payment options, how to do it?",check_payment_methods,PAYMENT,BCIL,2571
24451,switching to pro account,switch_account,ACCOUNT,BK,13388
7129,help me to lodge a complaint against your organization,complaint,FEEDBACK,BL,3483
12153,could I place a damn order from {{Delivery Country}}?,delivery_options,DELIVERY,BIPSW,6062
15063,I have got to download the invoice from {{Person Name}},get_invoice,INVOICE,BL,7643
24834,how do i change to the gold acconut,switch_account,ACCOUNT,BILQZ,13507
15673,I want help getting my invoices from {{Person Name}},get_invoice,INVOICE,BLM,7616
1223,update purchase113542617735902,change_order,ORDER,BLZ,370
2099,can you help me updating my shipping address?,change_shipping_address,SHIPPING,BIL,818
4037,I need help to give a quick look at the bill #85632,check_invoice,INVOICE,BL,2006
21568,"I can't sign up, I have to report a sign-up error",registration_problems,ACCOUNT,BCLN,11663
23074,how do I submit another delivery address?,set_up_shipping_address,SHIPPING,BIL,12739
3842,checking early exit fee,check_cancellation_fee,CANCEL,BL,1677
8884,where to check what hours i can contact customer assistance,contact_customer_service,CONTACT,BILQ,3887
26148,can ya help me to see my compensation current status,track_refund,REFUND,BILQ,13838
25408,can you help me see purchase {{Order Number}} status?,track_order,ORDER,BIL,13554
277,I no longer want order {{Order Number}},cancel_order,ORDER,BLN,87
6279,want help checking ur reimbursement poliicy,check_refund_policy,REFUND,BLQZ,3125
23765,problems setting up the delivery address,set_up_shipping_address,SHIPPING,BLM,12715
21564,help me to informof an issue with a registration,registration_problems,ACCOUNT,BLZ,11661
11830,I want assistance removing my goddamn platinum account,delete_account,ACCOUNT,BLW,5955
3470,I do not know what to do to check the termination fees,check_cancellation_fee,CANCEL,BELM,1717
22872,do ya have an e-mail to send a review for a service,review,FEEDBACK,BILQ,12586
25178,eta of order {{Order Number}},track_order,ORDER,BKQ,13519
16018,need to demand revates of my money,get_refund,REFUND,BLMQZ,8092
17095,is it possible to unsubscribe to your corporate newsletter?,newsletter_subscription,SUBSCRIPTION,BIL,8707
4909,i do not know what to do to look for my bill #00108,check_invoice,INVOICE,BELQZ,1937
21584,i do not knwo what to do to inform of issues with a signup,registration_problems,ACCOUNT,BELMQZ,11671
11443,i dont know what i have to do to remove my {{Account Type}} account,delete_account,ACCOUNT,BLQ,5460
5611,i need assistance checking the payment modalities,check_payment_methods,PAYMENT,BLQ,2584
9827,I need to contact someone,contact_human_agent,CONTACT,BL,4327
8465,where can I check what hourw I can call customer support?,contact_customer_service,CONTACT,BILZ,4153
3753,I can't find the early termination fee,check_cancellation_fee,CANCEL,BL,1835
2160,I have an issue trying to correct my address,change_shipping_address,SHIPPING,BL,869
10030,"I am not registered, can you help me create a {{Account Type}} account?",create_account,ACCOUNT,BCEIL,5024
4202,I need help to find my damn invoice from {{Person Name}},check_invoice,INVOICE,BLW,2000
24985,can you help me seeing the ETA of purchase {{Order Number}}?,track_order,ORDER,BIL,13555
18056,I would like to report fucking errors with payment,payment_issue,PAYMENT,BLMPW,9090
9105,"I can't understand you, I need to speak with a live agent",contact_human_agent,CONTACT,BCL,4477
23684,I have a trouble setting a secondary delivery address up,set_up_shipping_address,SHIPPING,BL,12717
6663,chwck under which circumstances can I request reimbursements,check_refund_policy,REFUND,BLZ,3255
2667,I need informarion about editing my delivery address,change_shipping_address,SHIPPING,BLZ,1224
10228,need to create a {{Account Type}} account,create_account,ACCOUNT,BLQ,4947
22593,leave review about a service,review,FEEDBACK,BKL,11963
20637,how do I restore the PIN code of my user account?,recover_password,ACCOUNT,BIL,11026
19378,i do not know how to acquire several of ur product,place_order,ORDER,BELMQ,9642
11211,i need assistance removing my {{Account Category}} account,delete_account,ACCOUNT,BLQ,5583
16771,i dont know what to do to reqquest my money back,get_refund,REFUND,BLQZ,8548
7002,I want to file a consumer complaint,complaint,FEEDBACK,BL,3334
11872,I need assistance closing my platinum account,delete_account,ACCOUNT,BLZ,5458
24262,wanna use the premium account,switch_account,ACCOUNT,BQ,13319
9527,help to contact a human agent,contact_human_agent,CONTACT,BL,4338
17624,I try to subscribe to the newsletter,newsletter_subscription,SUBSCRIPTION,BL,8619
11025,"I never use my goddamn {{Account Type}} account, assistance removing it",delete_account,ACCOUNT,BCELW,5548
20710,I need assistance restoring my user account password,recover_password,ACCOUNT,BL,11083
22979,i have got to enter my new deluvery address can ya help me,set_up_shipping_address,SHIPPING,BCILQZ,12672
3388,"I have to check the early exit charge, how can I do it?",check_cancellation_fee,CANCEL,BCIL,1486
5945,i want help to check in what cases can i ask for a reufnd,check_refund_policy,REFUND,BQZ,2979
4772,I do not know what I have to do to check my invoice #00108,check_invoice,INVOICE,BE,2076
5361,can you help me see the accepted payment methods?,check_payment_methods,PAYMENT,BIL,2500
23484,assistance to submit a different shipping address,set_up_shipping_address,SHIPPING,BL,12620
9402,I want to talk with an assistant,contact_human_agent,CONTACT,BL,4362
10295,I do not know how I can open another damn {{Account Type}} account,create_account,ACCOUNT,BELW,5189
22286,do uhave a e-mail to leave feedback about ur products,review,FEEDBACK,BILQZ,12183
3028,is it possible to see the withdrawal penalties,check_cancellation_fee,CANCEL,BILMQ,1450
22776,I don't know how I can leave my feedback for your services,review,FEEDBACK,BL,12040
2632,I'm trying to correct my shipping address,change_shipping_address,SHIPPING,BLQ,1202
8843,I do not know how to contact customer service,contact_customer_service,CONTACT,BE,3877
10279,new {{Account Type}} account for wife,create_account,ACCOUNT,BKL,4925
21443,I want assistance reporting a problem with sign-up,registration_problems,ACCOUNT,BL,11411
3719,withdrawal fee,check_cancellation_fee,CANCEL,BL,1420
25321,I can't check the ETA of the orfer {{Order Number}},track_order,ORDER,BNZ,13655
19105,"I need to earn some of your article, can you help me?",place_order,ORDER,BCILM,9787
12634,where to check what methods for delivery are available?,delivery_options,DELIVERY,BILM,6106
11549,"I do not need the {{Account Category}} account, help to delete it",delete_account,ACCOUNT,BCEL,5667
3573,I need to check the termination charge,check_cancellation_fee,CANCEL,BL,1757
20765,assistance restoring the access key of my profile,recover_password,ACCOUNT,BL,10470
11571,i do not know what i need to do to remove my {{Account Type}} account,delete_account,ACCOUNT,BELQ,5460
9055,direct to me an operator,contact_human_agent,CONTACT,BL,4441
24329,i have got to use the standard profile i need help,switch_account,ACCOUNT,BCLQ,13185
25236,help checking the status of purchase {{Order Number}},track_order,ORDER,BL,13522
15446,I don't know how I can download bill #85632,get_invoice,INVOICE,BL,7612
3455,i want assistance seeing the early exit charges,check_cancellation_fee,CANCEL,BLMQ,1512
13797,where could I see how soon can I expect my shipment?,delivery_period,DELIVERY,BILP,6896
23880,i dont know how to change to the {{Account Type}} account,switch_account,ACCOUNT,BLQ,13124
16995,how to unsubscribe from ur corporate newsletter,newsletter_subscription,SUBSCRIPTION,BILQ,8630
20364,help retrieving the password of my account,recover_password,ACCOUNT,BL,10527
1474,can you help me changing a product of a purchase?,change_order,ORDER,BIL,496
5228,i want assitsance to check ur allowed payment modalities,check_payment_methods,PAYMENT,BLQZ,2647
7636,how to lodge a customer claim against your organization?,complaint,FEEDBACK,BIL,3338
10714,what do I need to do to open a {{Account Type}} account?,create_account,ACCOUNT,BIL,5374
15475,want assistance to get the invoice #00108,get_invoice,INVOICE,BQ,7851
10193,I want to know more about opening a standard account,create_account,ACCOUNT,BL,5127
24523,I want assistance to use the standard profile,switch_account,ACCOUNT,BL,13414
13898,want assistance seeinhg how long the shipment takes,delivery_period,DELIVERY,BLQZ,6941
5378,whree to check what payment methods are available?,check_payment_methods,PAYMENT,BIZ,2714
9981,open freemium cacount for wife,create_account,ACCOUNT,BKLZ,4986
4572,"I have to locate my bill #00108, help me",check_invoice,INVOICE,BCLZ,2302
8909,where to see at what time customer assistance available is?,contact_customer_service,CONTACT,BIL,4226
13384,could you help me checking when will my article arrive?,delivery_period,DELIVERY,BILP,6726
15125,I want assistance to get the bill from {{Person Name}},get_invoice,INVOICE,BL,7614
26125,need to check if there are any updates on my reimbursement,track_refund,REFUND,BLMQ,13803
19984,I want assistance to reset the PIN ocde of my user profile,recover_password,ACCOUNT,BLZ,10492
7917,do you have a mail to get in touch with cusomer assistance?,contact_customer_service,CONTACT,BILZ,3868
23906,i dont know what i have to do to switch to the {{Account Type}} account,switch_account,ACCOUNT,BQ,13125
25551,is it possible to check the eta of order {{Order Number}},track_order,ORDER,BIQ,13607
9823,I need assistance to speak with an agent,contact_human_agent,CONTACT,BL,4825
1045,can I delete some articles from order {{Order Number}}?,change_order,ORDER,BILM,233
3726,"I want to see the withdrawal fees, how can I do it?",check_cancellation_fee,CANCEL,BCILM,1822
15364,mail me bill #37777,get_invoice,INVOICE,BL,7692
9048,what do i need to do to talk to someone,contact_human_agent,CONTACT,BILQ,4436
7659,"I need to file a customer reclamation, how do I do it?",complaint,FEEDBACK,BCIL,3755
13437,need assistance to check when my product is gonna arrive,delivery_period,DELIVERY,BLQ,6747
5031,where to check what payment methods are allowed?,check_payment_methods,PAYMENT,BIL,2546
13696,help to see how long it takes for my item to arrive,delivery_period,DELIVERY,BL,6435
14568,correctinmg details on {{Account Type}} account,edit_account,ACCOUNT,BKLMZ,7422
20923,I can't notify of a sign-up issue,registration_problems,ACCOUNT,BLN,11230
26197,where do i see if there is anything new on my compensation,track_refund,REFUND,BILQ,13795
20391,I am trying to find information about my access key recovery,recover_password,ACCOUNT,BEL,10681
7883,what do I have to do to make a customer complaint?,complaint,FEEDBACK,BIL,3849
24802,i cant change to the {{Account Category}} account,switch_account,ACCOUNT,BLNQ,13139
11554,how can I get information about platinum account deletions?,delete_account,ACCOUNT,BILM,5827
16350,i dont know how to demand a rebate of money,get_refund,REFUND,BLQ,8311
2112,there are errors trying to edit my shipping address,change_shipping_address,SHIPPING,BLM,830
24896,i cannot see the status of order {{Order Number}},track_order,ORDER,BELNQ,13529
8372,"I have to talk to customer assistance, I need help",contact_customer_service,CONTACT,BCL,4010
7936,i haqve to see at what time i can contact customer service,contact_customer_service,CONTACT,BLQZ,3884
23318,I need assistance to set the delivery address up,set_up_shipping_address,SHIPPING,BL,12648
16318,I don't know how I can get a restitution of money,get_refund,REFUND,BL,8269
13095,I want help checking when will my article arrive,delivery_period,DELIVERY,BL,6430
25249,I don't know what to do to seeorder {{Order Number}} status,track_order,ORDER,BLZ,13633
22342,where could I leave a comment for your company?,review,FEEDBACK,BILP,12222
24891,i have got to track purchase {{Order Number}} help me,track_order,ORDER,BCLQ,13526
1125,"I want to edit order {{Order Number}} , will you help me?",change_order,ORDER,BCILPZ,304
16481,I do not know what to do to get compensations,get_refund,REFUND,BELM,8087
21445,how do I inform of an issue with a signup?,registration_problems,ACCOUNT,BIL,11551
19774,help doing a purchase,place_order,ORDER,BLZ,9654
10704,opening standard account,create_account,ACCOUNT,BKL,5233
23269,I'm trying to enter the secodnary shipping address,set_up_shipping_address,SHIPPING,BLQZ,12847
8567,wannma speak to customer service how can i do it,contact_customer_service,CONTACT,BCILQZ,4194
10402,I'd like informatoin about opening platinum accounts,create_account,ACCOUNT,BLMPQZ,5241
12134,the available delivery options,delivery_options,DELIVERY,BL,6137
18148,i do not know what to do to inform of a payment issue,payment_issue,PAYMENT,BELQ,9157
23212,I want help to submit my secondary shipping address,set_up_shipping_address,SHIPPING,BL,12608
7567,I want assistance filing a complaint against your company,complaint,FEEDBACK,BL,3719
23581,"I have to submit my new shipping address, I need assistance",set_up_shipping_address,SHIPPING,BCL,12980
17950,i need assistance reporting troubles with online payments,payment_issue,PAYMENT,BLMQZ,8999
16931,"I have to subscribe to the newsletter, I need help",newsletter_subscription,SUBSCRIPTION,BCL,8641
26706,I need to check if there are any news on my compensation,track_refund,REFUND,BLM,13887
12716,how to see what methods for delivery I can choose?,delivery_options,DELIVERY,BILM,6089
18187,how could I inform of payment errors?,payment_issue,PAYMENT,BILMP,9183
2695,where do I change my address?,change_shipping_address,SHIPPING,BIL,1240
9265,want assistance talking to an assistant,contact_human_agent,CONTACT,BLQ,4342
660,I don't want order {{Order Number}},cancel_order,ORDER,BN,154
24280,changkng to {{Account Type}} account,switch_account,ACCOUNT,BKLZ,13328
8035,I don't know what to do to call customer support,contact_customer_service,CONTACT,BL,3955
24927,checking order {{Order Number}} status,track_order,ORDER,BK,13523
13328,were do i check how soon can i expect my damn delivery,delivery_period,DELIVERY,BILQWZ,6700
2157,i chose a wfong fucking address i wanna correct it,change_shipping_address,SHIPPING,BCLQWZ,866
23017,want help submitting my delivery address,set_up_shipping_address,SHIPPING,BLQZ,12613
21633,I am experiencing problems with my online registration,registration_problems,ACCOUNT,BELM,11699
16496,i dont kno how to request a refund of my money,get_refund,REFUND,BLQZ,8399
9856,ya arent helpful at all how can i chat with somebody,contact_human_agent,CONTACT,BCILQ,4904
3117,I cannot find the early termination charges,check_cancellation_fee,CANCEL,BELM,1511
17252,can you help me sign up to the corporate newsletter?,newsletter_subscription,SUBSCRIPTION,BIL,8621
4335,need to see my damn bill from {{Person Name}} how to do it,check_invoice,INVOICE,BCILQW,1923
8338,I need help to see what hours customer support available is,contact_customer_service,CONTACT,BL,3890
22999,I have got to enter the delivery address,set_up_shipping_address,SHIPPING,BL,12688
14799,updating info on premium account,edit_account,ACCOUNT,BKLQ,7189
13721,"I have to check how soon can I expect my parcel, help me",delivery_period,DELIVERY,BCL,6864
24525,I don't know how I can switch to the {{Account Type}} account,switch_account,ACCOUNT,B,13125
20563,I try to retrieve my profile access key,recover_password,ACCOUNT,BL,10971
24224,could I use the {{Account Type}} profile?,switch_account,ACCOUNT,BILP,13221
25063,checking status of order {{Order Number}},track_order,ORDER,BK,13523
19762,is it possible to earn something?,place_order,ORDER,BIL,10315
10436,help with creating my {{Account Type}} account,create_account,ACCOUNT,B,5095
11531,I need assistance removing the {{Account Category}} account,delete_account,ACCOUNT,BL,5583
26314,I want help to know if there are any news on the rebate,track_refund,REFUND,BLM,13850
17650,were to sign up to the newsletter?,newsletter_subscription,SUBSCRIPTION,BILZ,8890
4892,I'm trying to fgind my bills from {{Person Name}},check_invoice,INVOICE,BLMQZ,2451
9841,I do not know what I have to do to chat with a human agent,contact_human_agent,CONTACT,BEL,4894
13323,wanna check how long it takes for my package to arrive,delivery_period,DELIVERY,BLQ,6576
13743,how can I check how soon can I expect my item?,delivery_period,DELIVERY,BIL,6687
18215,inform of ikssue with online payment,payment_issue,PAYMENT,BKLZ,9201
7070,what do I need to do to lodge a claim against your company?,complaint,FEEDBACK,BIL,3414
11326,i do not know how ot delete my standard account,delete_account,ACCOUNT,BELQZ,5553
1234,I need help with adding a producft to order {{Order Number}},change_order,ORDER,BLZ,377
26736,how do I see the status of the reimbursement?,track_refund,REFUND,BIL,13944
24181,use pro acdcount,switch_account,ACCOUNT,BKZ,13286
15192,help me download the invoice #12588,get_invoice,INVOICE,BL,7694
15613,i dont know what i have to do to download my bill #37777,get_invoice,INVOICE,BLQ,7668
3478,i want assistance seeing the cancellation charge,check_cancellation_fee,CANCEL,BLQ,1482
23107,shipping address not valid,set_up_shipping_address,SHIPPING,BK,12761
21915,want assistance to send my feedback about a product,review,FEEDBACK,BLQ,11854
22168,need help submitting bloody feedback for a service,review,FEEDBACK,BLQW,12092
13876,want help seeing how soon can i expect the parcel,delivery_period,DELIVERY,BLQ,6418
7069,how can i file a reclamation against ur company,complaint,FEEDBACK,BILQ,3441
14134,modifying information on standard account,edit_account,ACCOUNT,BKL,7145
26290,how to check if there is anything wrong with my rebate?,track_refund,REFUND,BIL,13974
1204,problem with changing some products of purchase {{Order Number}},change_order,ORDER,BLM,358
25684,status of order,track_order,ORDER,BK,13743
18039,"I cannot make a payment, I need to inform of issues",payment_issue,PAYMENT,BCELM,9077
3820,I want assistance to check the withdcrawal charge,check_cancellation_fee,CANCEL,BLZ,1866
3878,I cannot find anything about the withdrawal penalties,check_cancellation_fee,CANCEL,BELM,1889
14847,i need assistance to change my personal information,edit_account,ACCOUNT,BLQ,7577
5088,can you help me list the payment modalities?,check_payment_methods,PAYMENT,BIL,2576
23835,there are troubles setting up another shipping address,set_up_shipping_address,SHIPPING,BLM,12806
7882,assistance to make a claim against ur business,complaint,FEEDBACK,BLQ,3361
15968,is it possible to obtain reimbursements of my money,get_refund,REFUND,BILMQ,8049
16016,i dont know how i can get refunds,get_refund,REFUND,BMQ,8090
5301,I am trying to list your payment modalities,check_payment_methods,PAYMENT,BL,2686
17752,where do I cancel my corporate newsletter subscription?,newsletter_subscription,SUBSCRIPTION,BIL,8629
12230,I need help checking the options for shipping,delivery_options,DELIVERY,BL,6183
20499,have problems with the lost PIN code,recover_password,ACCOUNT,BLMQ,10922
17367,I cannot receive the fucking newsletter,newsletter_subscription,SUBSCRIPTION,BELW,8808
6694,in which situations can I ask for reimbursements?,check_refund_policy,REFUND,BIL,3072
7667,"I would like to make a reclamation, how do I do it?",complaint,FEEDBACK,BCILP,3758
6797,"I need to check your reimbursement policy , help me",check_refund_policy,REFUND,BCLZ,3001
8473,what is your damn customer assistance number?,contact_customer_service,CONTACT,BILW,3945
15367,how to get my bills from {{Person Name}},get_invoice,INVOICE,BILMQ,7614
20730,help me retrieve my user account pin,recover_password,ACCOUNT,BLQZ,10582
19953,question about a PIN code reset,recover_password,ACCOUNT,BL,10461
2553,information about a delivery address modification,change_shipping_address,SHIPPING,BL,719
2889,I do not know what to do to edit the shipping address,change_shipping_address,SHIPPING,BEL,1356
20021,I want assistance resetting my key,recover_password,ACCOUNT,BL,10523
1209,switch a product of order {{Order Number}},change_order,ORDER,BL,281
24332,I want assistance to change to the gold account,switch_account,ACCOUNT,BL,13350
11432,is it possible to remove the {{Account Type}} account,delete_account,ACCOUNT,BILQ,5777
5934,is it possible to see in what cases can I request refunds?,check_refund_policy,REFUND,BIL,2971
20969,i want assistance to notify of a signup error,registration_problems,ACCOUNT,BLQ,11270
10993,how can i find information about {{Account Type}} account removasl,delete_account,ACCOUNT,BILMQZ,5525
21838,I don't know what to do to inform of an error with a sign-up,registration_problems,ACCOUNT,BL,11821
26414,help me seeing if there are any news on my reimbursement,track_refund,REFUND,BLM,13938
25491,i need assistance to check purchase {{Order Number}} status,track_order,ORDER,BLQ,13522
24351,can I use the bloody {{Account Type}} profile?,switch_account,ACCOUNT,BILW,13356
17831,need assistance canceling my subscription to ure newsletter,newsletter_subscription,SUBSCRIPTION,BLQZ,8616
9764,i have to speak with a bloody human agent,contact_human_agent,CONTACT,BLQW,4708
5932,i need help seeing in what cases can i ask for my money back,check_refund_policy,REFUND,BLQ,2969
11969,help me seeing what shipment methods are available,delivery_options,DELIVERY,BLM,6049
2469,I want help trying to update my shipping address,change_shipping_address,SHIPPING,BL,820
9197,i need help to talk to someone,contact_human_agent,CONTACT,BLQ,4543
17944,I don't know what to do t report issues with online payment,payment_issue,PAYMENT,BLMZ,8994
11491,cold uhelp me deleting my platinum account,delete_account,ACCOUNT,BILPQZ,5806
6436,want help checking ur reimbursement policy,check_refund_policy,REFUND,BLQ,3001
257,I do not know what to do tro cancel order {{Order Number}},cancel_order,ORDER,BEZ,84
5937,assistance seeing in what cases can i request reimbursements,check_refund_policy,REFUND,BLQ,2973
20886,I need support with my sign-up,registration_problems,ACCOUNT,BL,11194
23040,there are problems setting up the new delivery address,set_up_shipping_address,SHIPPING,BLM,12715
2519,there are issues updating my address,change_shipping_address,SHIPPING,BLM,1133
5641,i need help tolist ur goddamn available payment modalities,check_payment_methods,PAYMENT,BLQWZ,2837
21161,I don't know what to do to report problems witha sign-up,registration_problems,ACCOUNT,BLMZ,11412
21178,what do i need to do to inform of an error with a isgnup,registration_problems,ACCOUNT,BILQZ,11423
6098,see in which situations can i request to be reimbursed,check_refund_policy,REFUND,BLQ,3063
2316,where can I edit my delivery address?,change_shipping_address,SHIPPING,BIL,990
19062,I don't know what I need to do to earn some bloody products,place_order,ORDER,BLMW,9744
26805,want assistance to know if there are any news on my rebate,track_refund,REFUND,BLMQ,14118
24502,use gold account,switch_account,ACCOUNT,BK,13330
8451,wanna speak to customer support how can i do it,contact_customer_service,CONTACT,BCILQZ,4148
1777,need assistance to switch a product of order {{Order Number}},change_order,ORDER,BLQ,281
26504,"I am waiting for a refund of {{Currency Symbol}}{{Refund Amount}}, has it been processed?",track_refund,REFUND,BCIL,13919
10731,I do not know how I can create a platinum account,create_account,ACCOUNT,BEL,5215
18512,could you help me inform of troubles with payment?,payment_issue,PAYMENT,BILMP,9375
8698,check at what time i can reachy customer support,contact_customer_service,CONTACT,BLQZ,4247
16344,refunding{{Currency Symbol}}{{Refund Amount}},get_refund,REFUND,BKMZ,8007
23921,assistance to use the premium profile,switch_account,ACCOUNT,BL,13156
7713,can yoj help me to make a complaint against your company?,complaint,FEEDBACK,BILZ,3345
6755,help checking in what cases can i ask to be reimbursed,check_refund_policy,REFUND,BLQ,3278
5881,could you help me checking the available payment options?,check_payment_methods,PAYMENT,BILP,2939
17683,I do not know how I can sign up to the goddamn newsletter,newsletter_subscription,SUBSCRIPTION,BELW,8896
3120,i need help to see the early exit charrges,check_cancellation_fee,CANCEL,BLMQZ,1513
7105,I am trying to make a claim,complaint,FEEDBACK,BL,3467
13025,what do i have to do to see when will my parcel arrive,delivery_period,DELIVERY,BILQZ,6523
19313,want assistance purchasing some of ur product,place_order,ORDER,BLMQ,9969
24522,help changing to the pro account,switch_account,ACCOUNT,BL,13398
25748,I want to locate purchase {{Order Number}},track_order,ORDER,BL,13525
1576,i need information about correcting purchase {{Order Number}},change_order,ORDER,BLQ,275
22829,I need assistance to leave a comment about a servcie,review,FEEDBACK,BLZ,12562
8681,"I would like to call customer assistance, how could I do it?",contact_customer_service,CONTACT,BCILP,4238
11640,I have a question about the termination of a {{Account Type}} account,delete_account,ACCOUNT,BL,5619
19751,"I would like to shop several of your article, I need help",place_order,ORDER,BCLMP,10309
23142,is it possible to set my delivery address up?,set_up_shipping_address,SHIPPING,BIL,12776
12396,i dont know how to check what methods for delivery are there,delivery_options,DELIVERY,BLMQ,6256
20495,I don't know what to do to reset my user PIN code,recover_password,ACCOUNT,BL,10641
20608,where can I findinformation about my PIN code reset?,recover_password,ACCOUNT,BILZ,11007
16439,can uhelp me demanding a rebate,get_refund,REFUND,BILQ,8231
7751,assistance to lodge a fucking consumer claim,complaint,FEEDBACK,BLW,3789
17778,"I want to sign up to your newsletter, help me",newsletter_subscription,SUBSCRIPTION,BCL,8647
12430,help to check what methods for delivery i have,delivery_options,DELIVERY,BLMQ,6094
9533,I need assistance to speak with an assistant,contact_human_agent,CONTACT,BL,4347
2839,support editing the delivery address,change_shipping_address,SHIPPING,BL,1324
11748,have a question about the deletion of my {{Account Category}} account,delete_account,ACCOUNT,BLQ,5485
1544,I need assistance to modify purchase {{Order Number}},change_order,ORDER,BL,527
17690,i cannot receive the company newsletter,newsletter_subscription,SUBSCRIPTION,BELQ,8900
2388,I need assistance editing my delivery address,change_shipping_address,SHIPPING,BL,1041
2229,can utell me more about updating my addfess,change_shipping_address,SHIPPING,BILQZ,929
20002,help me retrieve the fucking PIN code of my account,recover_password,ACCOUNT,BLW,10507
21769,is it possible to inform of an error with signup,registration_problems,ACCOUNT,BILQ,11784
25298,how could I check the current status of order {{Order Number}}?,track_order,ORDER,BILP,13523
10036,open a gold account for my dad,create_account,ACCOUNT,BL,5028
13534,"I want to see how soon can I expect my parcel, how to do it?",delivery_period,DELIVERY,BCIL,6550
12393,"I am looking for the delivery methods, I need assistance",delivery_options,DELIVERY,BCEL,6254
4370,assistance giving aquick look at invoice #85632,check_invoice,INVOICE,BLZ,2208
21616,want help to report issues with signup,registration_problems,ACCOUNT,BLMQ,11689
15586,i do not know what i need to do to download my bill #00108,get_invoice,INVOICE,BELQ,7688
18506,want assistance to report issues with payments,payment_issue,PAYMENT,BMQ,9315
19231,where can I buy some of your article?,place_order,ORDER,BILM,9836
4468,I have to look for bill #12588,check_invoice,INVOICE,BL,2242
4984,"I have to list the payment options, I need assistance",check_payment_methods,PAYMENT,BCL,2517
23333,what do I need to do to set up another shipping address?,set_up_shipping_address,SHIPPING,BI,12872
7045,need help to make a customer claim against ur company,complaint,FEEDBACK,BLQ,3425
25908,help checking my restitution status,track_refund,REFUND,BL,13804
6316,check in which cases can I ask for a fucking reimbursement,check_refund_policy,REFUND,BLW,3145
19465,I don't know how I could acquire some of your product,place_order,ORDER,BLMP,10098
6274,can I check your reimbursement policy?,check_refund_policy,REFUND,BIL,2962
11920,need assistance seeing what delivery options are there,delivery_options,DELIVERY,BLMQ,6005
8807,help me to get in touch with bloody customer support,contact_customer_service,CONTACT,BLW,4287
11917,I would like to know more about the options for shipment,delivery_options,DELIVERY,BLP,6002
8187,I want to call damn customer assistance,contact_customer_service,CONTACT,BLW,4039
26454,can you help me see the compensation status?,track_refund,REFUND,BIL,13839
16620,I do not know how to get refunds of my money,get_refund,REFUND,BEM,7985
3332,help seeing the fucking cancellation charges,check_cancellation_fee,CANCEL,BLMW,1640
7787,assistance to make a customer reclamation,complaint,FEEDBACK,BL,3358
12260,do ya deliver to {{Delivery Country}},delivery_options,DELIVERY,BIQS,6083
25068,I want help to check the ETA of order {{Order Number}},track_order,ORDER,B,13519
21892,do you have a section to submit some feedback for a service?,review,FEEDBACK,BI,11856
17249,how do I sign up to the company newsletter?,newsletter_subscription,SUBSCRIPTION,BIL,8656
7693,help me to lodge a consumer complaint,complaint,FEEDBACK,BL,3330
4301,I don't know what I ahve to do to see my bill from {{Person Name}},check_invoice,INVOICE,BLZ,2169
21523,I have to inform of issues with a registration,registration_problems,ACCOUNT,BLM,11209
20425,"I forgot the PIN of my profile, how could I reset it?",recover_password,ACCOUNT,BCILP,10871
23911,i dont know what to do to change to the standard account,switch_account,ACCOUNT,BLQ,13147
6574,assistance to see in which situations can i request refunds,check_refund_policy,REFUND,BLQ,2992
5610,I want help to see what bloody payment options are accepted,check_payment_methods,PAYMENT,BLW,2826
23815,i have problems submitting the secondary shipping address,set_up_shipping_address,SHIPPING,BLMQ,12595
16902,I want help to sign up to your corporate newsletter,newsletter_subscription,SUBSCRIPTION,BL,8621
20160,need assistance to restore the pin of my profile,recover_password,ACCOUNT,BLQ,10647
5117,how to see the payment modalities?,check_payment_methods,PAYMENT,BIL,2562
15186,i need assistance to egt the invoice from {{Person Name}},get_invoice,INVOICE,BQZ,7751
24743,I need to change to the gold account,switch_account,ACCOUNT,BL,13167
23658,I need assistance submitting the new shipping address,set_up_shipping_address,SHIPPING,BL,12750
11874,I do not know what to do to cancel the {{Account Type}} account,delete_account,ACCOUNT,BEL,5473
7238,the eperience with ya was bad help me to lodge a reclamation,complaint,FEEDBACK,BCLQZ,3547
8086,"I wold like to talk to customer service, could you help me?",contact_customer_service,CONTACT,BCILPZ,3985
329,how can I cancel purchase {{Order Number}}?,cancel_order,ORDER,BIL,3
17067,how can I receive the newsletter?,newsletter_subscription,SUBSCRIPTION,BIL,8617
13868,I want help to see when will my package arrive,delivery_period,DELIVERY,BL,6542
9676,i dont understand ucould i contact a bloody live aent,contact_human_agent,CONTACT,BCILPQWZ,4808
16252,I have got to demand reimbursements,get_refund,REFUND,BLM,8165
15361,I want help to get my bill from {{Person Name}},get_invoice,INVOICE,BL,7614
7452,wanna make a consumer reclamation against ur company,complaint,FEEDBACK,BLQ,3395
26496,I would like to check the compensation status,track_refund,REFUND,BLP,14032
11435,i want help to close my {{Account Category}} accouny,delete_account,ACCOUNT,BLQZ,5778
4239,want help giving a quick look at my bills from {{Person Name}},check_invoice,INVOICE,BLMQ,2007
5374,"I have got to see your payment modalities, will you help me?",check_payment_methods,PAYMENT,BCILP,2711
2058,can I update the delivery address?,change_shipping_address,SHIPPING,BIL,780
7781,i dont know what i need to do to make a customer claim,complaint,FEEDBACK,BLQ,3805
5658,can you tell me your damn payment methods?,check_payment_methods,PAYMENT,BILW,2842
1644,wanna deit order {{Order Number}},change_order,ORDER,BLQZ,566
21246,I do not know how to notify of signup errors,registration_problems,ACCOUNT,BELM,11308
20497,help to recover my profile PIN,recover_password,ACCOUNT,BL,10921
2963,wanna know about modifying the shipping address,change_shipping_address,SHIPPING,BLQ,1393
2064,can you tell me more about changing the address?,change_shipping_address,SHIPPING,BIL,786
20361,I want assistance retrieving the password of my account,recover_password,ACCOUNT,BL,10527
7744,can you help me to file a customer reclamation?,complaint,FEEDBACK,BIL,3751
22628,is there a section to submit some feedback for your conpany?,review,FEEDBACK,BIZ,12423
16545,i do not know what i have to do to ask for a rebate of money,get_refund,REFUND,BELQ,8423
20654,want help to restore the password of ym user profile,recover_password,ACCOUNT,BLQZ,10753
987,I have got to cancel order {{Order Number}},cancel_order,ORDER,B,5
17347,assistance unsubscribing from the newsletter,newsletter_subscription,SUBSCRIPTION,BL,8624
25253,is it possible to check the statsu of order {{Order Number}}?,track_order,ORDER,BIZ,13637
11852,I need assistance to delete my {{Account Type}} account,delete_account,ACCOUNT,BL,5562
1477,i want help to edit order {{Order Number}},change_order,ORDER,BLQ,234
8286,help talking to customer assistance,contact_customer_service,CONTACT,BL,3970
699,can you help me canceling purchase {{Order Number}}?,cancel_order,ORDER,BIL,43
17488,information about signing up to your company newsletter,newsletter_subscription,SUBSCRIPTION,BL,8847
4966,what are the payment payment modalities available?,check_payment_methods,PAYMENT,BIL,2489
15857,send me bill #85632,get_invoice,INVOICE,BKL,7714
7097,make consumer reclamation against your organization,complaint,FEEDBACK,BKL,3461
12097,I want assistance to see what delivery methods I have,delivery_options,DELIVERY,BLM,6119
20695,I don't know how to reset the PIN of my user account,recover_password,ACCOUNT,BL,11071
16341,assistance to request a rebate,get_refund,REFUND,BL,8305
3585,can I see the termination charges?,check_cancellation_fee,CANCEL,BILM,1550
21649,how to report a problem with registrations?,registration_problems,ACCOUNT,BIL,11710
6152,I am trying to see how long refunds usually take,check_refund_policy,REFUND,BL,3044
8353,i want assistance to get in touch with customer service,contact_customer_service,CONTACT,BLQZ,3977
22444,do uhave an e-mnail to send feedback about a service,review,FEEDBACK,BILQZ,12299
14180,pudate {{Account Category}} account,edit_account,ACCOUNT,BKLZ,7181
14862,updating detais on {{Account Category}} account,edit_account,ACCOUNT,BKLMZ,7586
14802,editing details on platinum account,edit_account,ACCOUNT,BKLM,7210
16547,I want assistance asking for a reimbursement of my money,get_refund,REFUND,BL,8285
19174,where can i order an article,place_order,ORDER,BILQ,9849
13719,"I have to see when will my product arrive, can you help me?",delivery_period,DELIVERY,BCIL,6863
7269,where to lodge a reclamation against your business ?,complaint,FEEDBACK,BILZ,3359
6085,I'd like to see ur money back guarantee how to do it,check_refund_policy,REFUND,BCILPQ,3056
3706,"I cannot find the termination penalties, I need assistance",check_cancellation_fee,CANCEL,BCELM,1809
25391,"I have got to check order {{Order Number}} status, can you help me?",track_order,ORDER,BCI,13673
22218,I need help to leave feedback,review,FEEDBACK,BL,12130
2350,I can't correct the shipping address,change_shipping_address,SHIPPING,BL,1013
5155,can you tell me what payment options are available?,check_payment_methods,PAYMENT,BIL,2610
21194,what do I have to do to inform of problems with sign-up?,registration_problems,ACCOUNT,BILM,11434
20686,I want help recovering my account access key,recover_password,ACCOUNT,BL,11063
23509,I want assistance entering a different shipping address,set_up_shipping_address,SHIPPING,BL,12721
24963,where to see order {{Order Number}} current status?,track_order,ORDER,BIL,13523
22338,I am calling to leave my feedback for your products,review,FEEDBACK,BL,12219
9824,"I can't understand you, can I chat with a human agent?",contact_human_agent,CONTACT,BCIL,4887
5621,help me listing the payment methods,check_payment_methods,PAYMENT,BL,2588
12428,could I place an order from {{Delivery Country}} ?,delivery_options,DELIVERY,BIPSZ,6062
21845,i dont know what i need to do to report errors with sign-up,registration_problems,ACCOUNT,BLMQ,11824
12336,checking the shipment options,delivery_options,DELIVERY,BL,6235
2015,there are problems trying to modify the shipping address,change_shipping_address,SHIPPING,BLM,739
5976,"I have got to see your refund policy, how could I do it?",check_refund_policy,REFUND,BCILP,2999
6013,need to check in which cases can i request an reimbursement,check_refund_policy,REFUND,BLQZ,2973
24570,need help canging to the {{Account Category}} account,switch_account,ACCOUNT,BLQZ,13430
3915,can you help me to see the withdrawal charge?,check_cancellation_fee,CANCEL,BIL,1451
23439,there is an error setting my new delivery address up,set_up_shipping_address,SHIPPING,BL,12921
17085,I need assistance unsubscribing to the company newsletter,newsletter_subscription,SUBSCRIPTION,BL,8624
17581,could you help me unsubscribing to the company newsletter?,newsletter_subscription,SUBSCRIPTION,BILP,8624
23641,I want assistance setting up my shipping address,set_up_shipping_address,SHIPPING,BL,12642
26746,i do not know how to check my compensation status,track_refund,REFUND,BELQ,13918
9778,assistance speaking to someone,contact_human_agent,CONTACT,BL,4630
26195,i want assistance to see the compensation current status,track_refund,REFUND,BLQ,13838
10914,I don't know what I have to do to remove my {{Account Category}} account,delete_account,ACCOUNT,BL,5462
2084,I have a trouble trying to modify my address,change_shipping_address,SHIPPING,BL,805
15103,i dont know how to gt the invoices from {{Person Name}},get_invoice,INVOICE,BMQZ,7723
17784,I don't know how to unsubscribe from your newsletter,newsletter_subscription,SUBSCRIPTION,BL,8619
12832,i need information about the shipment options,delivery_options,DELIVERY,BLQ,6390
14800,I want to correct my user info,edit_account,ACCOUNT,BLQ,7551
24494,can you help me changing to the goddamn freemium account?,switch_account,ACCOUNT,BILW,13405
18449,how can I inform of a trouble with payments?,payment_issue,PAYMENT,BILM,9300
2793,error modifying address,change_shipping_address,SHIPPING,BKL,1069
4064,where to give a quick look at the invoice #85632?,check_invoice,INVOICE,BIL,2025
21064,I am experiencing a problem signing up,registration_problems,ACCOUNT,BEL,11339
21549,inform of an issue with an registration,registration_problems,ACCOUNT,BLZ,11209
23141,I cannotsubmit my shipping address,set_up_shipping_address,SHIPPING,BELZ,12775
21685,I don't know whar I need to do to notify of signup errors,registration_problems,ACCOUNT,BLMZ,11730
25065,help me seeing purchase {{Order Number}} status,track_order,ORDER,BL,13522
13899,correcting data on {{Account Type}} account,edit_account,ACCOUNT,BL,6942
10969,I do not know what I have to do to remove a damn {{Account Type}} account,delete_account,ACCOUNT,BELW,5460
18021,i need assistance informing of an issue with online payments,payment_issue,PAYMENT,BLMQ,9062
19965,how can i recover the pwd of myprofile,recover_password,ACCOUNT,BILQZ,10473
14139,correcting data on freemium account,edit_account,ACCOUNT,BL,7149
13991,"I want to update the user data, how can I do it?",edit_account,ACCOUNT,BCIL,7028
13953,modify info on {{Account Type}} account,edit_account,ACCOUNT,BKLQ,6985
107,help with cancelling purchase {{Order Number}},cancel_order,ORDER,BL,23
20990,"I can't open an account, where do I report a signup issue?",registration_problems,ACCOUNT,BCILN,11287
10849,I don't know how I could oen a premium account for my fiance,create_account,ACCOUNT,BLPZ,5433
13188,I do not know how to check how soon can I expect the parcel,delivery_period,DELIVERY,BEL,6418
6239,see in what situations can I ask for refunds,check_refund_policy,REFUND,BL,2990
18719,I do not know how I can notify of an error with payments,payment_issue,PAYMENT,BELM,9489
19876,assistance ordering a few ofur article,place_order,ORDER,BLMQZ,10162
13411,I need to see how soon can I expect my shipment,delivery_period,DELIVERY,BL,6587
18637,can you help me to inform of a trouble with payment?,payment_issue,PAYMENT,BIL,9444
10055,i need assistance creating a {{Account Type}} account for my dad,create_account,ACCOUNT,BLQ,5041
25771,i cannot check purchase {{Order Number}} status,track_order,ORDER,BELNQ,13763
17736,i dont know wgat i need to do to sign up to the newsletter,newsletter_subscription,SUBSCRIPTION,BLQZ,8907
26407,"I have got to track the restitution, how can I do it?",track_refund,REFUND,BCIL,14012
10930,can ya help me to cancel an {{Account Category}} account,delete_account,ACCOUNT,BILQZ,5464
7367,can you help me make a customer claim?,complaint,FEEDBACK,BIL,3621
25498,wanna see pjrchase {{Order Number}} damn current status,track_order,ORDER,BLQWZ,13520
17915,i did not get a payment confirmation could i report errors,payment_issue,PAYMENT,BCEILMPQ,8968
7702,I don't know what to do to file a consumer reclamation,complaint,FEEDBACK,BL,3777
13255,I'm caalling to check how soon can i expect the damn order,delivery_period,DELIVERY,BLQWZ,6659
15541,how to get bill #85632?,get_invoice,INVOICE,BIL,7853
2903,I am looking for information about correcting my address,change_shipping_address,SHIPPING,BEL,1158
13395,where do I see when my item is going to arrive?,delivery_period,DELIVERY,BIL,6503
13040,wanna check how long the shipment takes i need help,delivery_period,DELIVERY,BCLQ,6531
10035,how do I create a platinum account?,create_account,ACCOUNT,BIL,5027
12030,how could I check what methods for delivery I can choose?,delivery_options,DELIVERY,BILMP,6089
14973,I do not know how I can download my invoice #37777,get_invoice,INVOICE,BEL,7666
26457,I need assistance seeing my reimbursement current status,track_refund,REFUND,BL,14029
9601,I don't know how I can chat with a damn assistant,contact_human_agent,CONTACT,BLW,4763
24598,want assistance to use the standard account,switch_account,ACCOUNT,BQ,13256
17205,help to subscribe to your newsletter,newsletter_subscription,SUBSCRIPTION,BLZ,8619
6588,help to check in what cases can I ask for a reimbursement,check_refund_policy,REFUND,BL,3022
1557,need assistance to change purchase {{Order Number}},change_order,ORDER,BLQ,312
16364,assistance to ask for compensations,get_refund,REFUND,BLM,8317
2397,I have errors chanjging the shipping address,change_shipping_address,SHIPPING,BLMZ,1047
7943,i have to call customer assistance how to do ti,contact_customer_service,CONTACT,BCILQZ,3889
21193,i dont know how i could inform of an error with signup,registration_problems,ACCOUNT,BLPQ,11433
8273,I am trying to speak to fucking customer support,contact_customer_service,CONTACT,BLW,4084
17013,I don't know how to subscribe to the newsletter,newsletter_subscription,SUBSCRIPTION,BL,8680
6891,can i check i which situations can i ask to be reimbursed,check_refund_policy,REFUND,BILQZ,2998
2657,I have issues trying to update the shipping address,change_shipping_address,SHIPPING,BLM,851
18845,I want to notify of an issue with payments,payment_issue,PAYMENT,BLM,8959
17379,I'm trying to cancel the subscription to the newsletter,newsletter_subscription,SUBSCRIPTION,BLQ,8811
13061,help me checking how long it takes for the order to arrive,delivery_period,DELIVERY,BL,6549
19091,would ig be possible to order some bloody articles?,place_order,ORDER,BILMPWZ,9773
22610,"I would like to write a review, help me",review,FEEDBACK,BCLP,12412
19594,I want to shop several articles,place_order,ORDER,BLM,9593
11725,I need help closing a freemium account,delete_account,ACCOUNT,BL,5621
9536,I do not know how to chat with an assistant,contact_human_agent,CONTACT,BEL,4723
14324,correcting information on standard account,edit_account,ACCOUNT,BKL,7273
6790,I have to check in what cases can I ask for a reimbursement,check_refund_policy,REFUND,BL,3022
12754,can I check what shipping methods I have?,delivery_options,DELIVERY,BILM,6364
6526,I do not know what to do to check your reimbursement policy,check_refund_policy,REFUND,BEL,3210
9379,help me chat with someone,contact_human_agent,CONTACT,BL,4644
20888,ik do not know how i can notify of a sign-up problem,registration_problems,ACCOUNT,BELQZ,11196
10169,i need assistance to open a pro account for my dad,create_account,ACCOUNT,BLQ,5113
8836,help me speaking with customer assistance,contact_customer_service,CONTACT,BL,4066
11966,could I see the damn shipment methods?,delivery_options,DELIVERY,BILPW,6046
13390,want assistance checking how soon can i expect the delivery,delivery_period,DELIVERY,BQ,6444
23029,assistance to set my new shipping address up,set_up_shipping_address,SHIPPING,BL,12709
20437,help me to recover my pin,recover_password,ACCOUNT,BLQ,10880
3184,where do I see the termination penalties?,check_cancellation_fee,CANCEL,BILM,1407
18497,"I can't make payments, assistance informing of problems",payment_issue,PAYMENT,BCLM,9366
18323,help with payment,payment_issue,PAYMENT,BK,9263
4729,I need help taking a quick look at my bill #37777,check_invoice,INVOICE,BL,2170
2730,need help editing m address,change_shipping_address,SHIPPING,BLQZ,1264
23171,there is an error setting up my shipping address,set_up_shipping_address,SHIPPING,BL,12591
2523,I try to modify the shopping address,change_shipping_address,SHIPPING,BLZ,1135
9547,i want help talkingh to a live agent,contact_human_agent,CONTACT,BLQZ,4730
15023,I do not know what I need to do to download bill #85632,get_invoice,INVOICE,BEL,7612
18100,i dont know what i need to do to inform of payment errors,payment_issue,PAYMENT,BLMQ,9120
6675,help me seeing in which cases can I request to be reimbursed,check_refund_policy,REFUND,BL,2984
26026,i expect a compensation of {{Currency Symbol}}{{Refund Amount}},track_refund,REFUND,BLQ,13798
21917,I want help submitting my feedback about your products,review,FEEDBACK,BL,11880
15871,help me getting the bill from {{Person Name}},get_invoice,INVOICE,BL,7664
15473,"I have lost invoice #37777, could you mail it to me?",get_invoice,INVOICE,BCILP,7850
9885,I don't know what I need to do to talk to somebody,contact_human_agent,CONTACT,BL,4914
25838,how can i see purchase {{Order Number}} sttatus,track_order,ORDER,BILQZ,13773
24651,I don't know how I can switch to the gold account,switch_account,ACCOUNT,B,13454
13072,help me checking when will my package arrive,delivery_period,DELIVERY,BL,6542
11154,I would like information about a {{Account Type}} account removal,delete_account,ACCOUNT,BLP,5629
15703,I am calling to get my goddamn invoices from {{Person Name}},get_invoice,INVOICE,BLMW,7919
1519,can uhelp me swap something ofpurchase {{Order Number}},change_order,ORDER,BILQZ,513
8493,can I see what hours I can call customer assistance?,contact_customer_service,CONTACT,BIL,3961
20086,is it possible to restore my profile key?,recover_password,ACCOUNT,BIL,10581
6835,in which cases can i ask for reimbursements,check_refund_policy,REFUND,BILQ,3022
7186,wanna make a consumer complaint,complaint,FEEDBACK,BLQ,3515
6257,assistance seeing your refund policy,check_refund_policy,REFUND,BL,3115
9799,I want assistance to speak to an operator,contact_human_agent,CONTACT,BL,4435
16661,how to demand a rebate?,get_refund,REFUND,BIL,8487
8170,I have to check what hours I can reach customer assistance,contact_customer_service,CONTACT,BL,3888
1616,could I edit purchase {{Order Number}}?,change_order,ORDER,BILP,398
14174,modify information on {{Account Category}} account,edit_account,ACCOUNT,BKL,7175
5704,i want help listing ur accepted apyment options,check_payment_methods,PAYMENT,BLQZ,2864
2458,there are problems correcting my address,change_shipping_address,SHIPPING,BLM,1091
7124,I'm extremely unhapp with ur services help to make a claim,complaint,FEEDBACK,BCLQZ,3478
24344,"I have got to change to the {{Account Type}} account, how to do it?",switch_account,ACCOUNT,BCIL,13270
3894,where can I check the withdrawal fees?,check_cancellation_fee,CANCEL,BILM,1857
15146,where do I download the invoices from {{Person Name}}?,get_invoice,INVOICE,BILM,7643
5935,help seeing in what situations can I request reimbursements,check_refund_policy,REFUND,BL,2966
3614,I want assistance seeing the withdrawal fee,check_cancellation_fee,CANCEL,BL,1775
26397,could I see if there is anything new on my refund?,track_refund,REFUND,BILP,13865
17827,help receiving ur corporate newsletter,newsletter_subscription,SUBSCRIPTION,BLQ,8797
7961,assistance checking what hours I can call customer support,contact_customer_service,CONTACT,BL,3904
11365,I do not know hgow to remove the standard account,delete_account,ACCOUNT,BELZ,5743
1854,I need help to modify order {{Order Number}},change_order,ORDER,BL,273
203,i need assistance to cancel order {{Order Number}},cancel_order,ORDER,BQ,5
16758,where to request reimbursements,get_refund,REFUND,BILMQ,8539
23842,I have a problem entering the secindary shipping address,set_up_shipping_address,SHIPPING,BLZ,13102
22279,assistance to leave some feedback,review,FEEDBACK,BL,12177
23440,errors setting a delivery address up,set_up_shipping_address,SHIPPING,BLM,12839
19823,I don't know how to shop an article,place_order,ORDER,BL,9628
22410,I have got to leave my feedback about your services,review,FEEDBACK,BL,11915
4919,I nneed help to list the accepted payment methods,check_payment_methods,PAYMENT,BLZ,2462
23214,I try tosubmit my secondary delivery address,set_up_shipping_address,SHIPPING,BLZ,12607
15266,i have got to download the bill #85632 how do i do it,get_invoice,INVOICE,BCILQ,7779
5168,is it possible to check the allowed payment modalities?,check_payment_methods,PAYMENT,BIL,2616
19722,I do not know how I can buy several articles,place_order,ORDER,BELM,9661
6060,I need assistance seeing how long refunds take,check_refund_policy,REFUND,BL,3047
18669,i need assistance to solve na issue with payment,payment_issue,PAYMENT,BQZ,9468
5803,assistance checking the available payment modalities,check_payment_methods,PAYMENT,BL,2489
19191,i need assistance toacquire several products,place_order,ORDER,BLMQZ,9864
18282,I am trying to report a payment error,payment_issue,PAYMENT,BL,9243
18337,how to notify of problems with payment?,payment_issue,PAYMENT,BILM,9275
16646,i do not know what to do to obtain rebates,get_refund,REFUND,BELMQ,8479
8028,how can I see what hours I can reach customer service?,contact_customer_service,CONTACT,BIL,3907
17984,I don't know how to inform of troubles with online payments,payment_issue,PAYMENT,BLM,9030
9342,can you help me talking with an operator?,contact_human_agent,CONTACT,BILZ,4628
9580,I need assistance talking with a fucking operator,contact_human_agent,CONTACT,BLW,4753
10883,have problems with creazting my {{Account Type}} account,create_account,ACCOUNT,BMQZ,5251
22981,i have an error setting up my shipping address,set_up_shipping_address,SHIPPING,BLQ,12591
23099,where can i submit a new delivery address,set_up_shipping_address,SHIPPING,BILQ,12711
3089,withdrawal penalties,check_cancellation_fee,CANCEL,BLM,1434
25902,where to track the reimbursement,track_refund,REFUND,BILQ,13799
21671,I am experiencing a problem with the sign-up,registration_problems,ACCOUNT,BEL,11723
4830,I do not know what I have to do to look for my bill #12588,check_invoice,INVOICE,BEL,2180
2792,I want help to modify the address,change_shipping_address,SHIPPING,BL,1298
11186,give me information about the removal of my {{Account Type}} account,delete_account,ACCOUNT,BLZ,5525
5638,I need assistance seeing what payment options are allowed,check_payment_methods,PAYMENT,BL,2542
5497,help listing your payment modalities,check_payment_methods,PAYMENT,BL,2570
18218,I want help to notify of errors with payments,payment_issue,PAYMENT,BLM,9203
8662,can I contact customer assistance?,contact_customer_service,CONTACT,BIL,4113
25375,I want to check the ETA of purchase {{Order Number}},track_order,ORDER,BL,13518
26044,i cannot check if there are any news on the compensation,track_refund,REFUND,BELMNQ,13881
6008,help seeing your reimbursement policy,check_refund_policy,REFUND,BL,3001
22970,help me entering a secondary delivery address,set_up_shipping_address,SHIPPING,BL,12666
10769,where do i open a standard account,create_account,ACCOUNT,BILQ,4952
13445,need help to see how long it takes for my parcel to arrive,delivery_period,DELIVERY,BLQ,6438
12932,how can I check when my bloody product is going to arrive?,delivery_period,DELIVERY,BILW,6446
20322,i have a probelm with the password retrieval,recover_password,ACCOUNT,BLQZ,10787
7847,"the experience with you was awful, help me file a complaint",complaint,FEEDBACK,BCL,3526
16298,"I have got to ask for a rebate, can you help me?",get_refund,REFUND,BCIL,8284
4605,can i look for bill #37777,check_invoice,INVOICE,BILQ,2319
12588,I don't know how to see the shipping methods,delivery_options,DELIVERY,BL,6145
8263,how can i see at what time i can call customer assistance,contact_customer_service,CONTACT,BILQ,3870
24553,want help to switch to the {{Account Type}} account,switch_account,ACCOUNT,BQ,13125
3993,i need assistance giving a quick look at the invoice #12588,check_invoice,INVOICE,BLQ,1971
2190,there are problems trying to correct ym shipping address,change_shipping_address,SHIPPING,BLMZ,898
25199,showing me current status of purchase {{Order Number}},track_order,ORDER,BKL,13541
15014,need assistance getting the invokce #12588,get_invoice,INVOICE,BQZ,7686
3957,check my bill{{Invoice Number}},check_invoice,INVOICE,BLZ,1946
19717,i do not know how i can shop a few of ur product,place_order,ORDER,BELMQ,10285
7698,the experience with ur brand was bad file a claim,complaint,FEEDBACK,BCLQ,3774
6317,I would like to see how long reimbursements take,check_refund_policy,REFUND,BLP,3146
15993,"I paid {{Currency Symbol}}{{Refund Amount}} for a purchase, I try to get a reimbursement",get_refund,REFUND,BCLM,8073
15382,I need assistance to dfownload my invoice #37777,get_invoice,INVOICE,BLZ,7814
7707,want assistance to make a consumer claim against ur business,complaint,FEEDBACK,BLQ,3640
12050,what do I need to do to check the shipment options?,delivery_options,DELIVERY,BIL,6098
14583,updaing info on {{Account Type}} account,edit_account,ACCOUNT,BKLQZ,7430
17783,i do not know how to unsubscribe from the company newsletter,newsletter_subscription,SUBSCRIPTION,BELQ,8619
8512,"I need to talk to customer support, how do I do it?",contact_customer_service,CONTACT,BCIL,4155
16809,I have got to reuqest rebates of money,get_refund,REFUND,BLMZ,8572
20465,where can I recover the pwd of my user?,recover_password,ACCOUNT,BILQ,10901
23856,I need to enter an different shipping address,set_up_shipping_address,SHIPPING,BLZ,12616
14856,want help to correct the damn info included on my profile,edit_account,ACCOUNT,BLQW,7583
7919,I want to check at what time I can call customer assistance,contact_customer_service,CONTACT,BL,3870
7546,can you help me filing a consumer reclamation?,complaint,FEEDBACK,BIL,3536
19497,how can I earn some articles?,place_order,ORDER,BILM,10120
13985,update inforemation on {{Account Type}} account,edit_account,ACCOUNT,BKLZ,7022
18964,I do not know what to do to earn some items,place_order,ORDER,BELM,9653
18952,I do not know how to acquire some of your article,place_order,ORDER,BELM,9641
16727,I am trying to obtain rebates of my money,get_refund,REFUND,BLM,8524
2714,want help updating my address,change_shipping_address,SHIPPING,BLQ,965
18728,want assistance solving an damn payment error,payment_issue,PAYMENT,BLQWZ,9011
8060,tell me at what time I can reach customer support,contact_customer_service,CONTACT,BL,3969
22273,I am calling to leave a comment about your compnay,review,FEEDBACK,BLZ,12175
1354,help with editing order {{Order Number}},change_order,ORDER,BL,263
280,"I do not want this item, I try to cancel order {{Order Number}}",cancel_order,ORDER,BCELN,74
25371,I want help seeing purchase {{Order Number}} status,track_order,ORDER,BL,13522
16932,i do not know how i can unubscribe to the newsletter,newsletter_subscription,SUBSCRIPTION,BELQZ,8626
19022,is it possible to shop some items?,place_order,ORDER,BILM,9708
2240,i dont know how to change my address,change_shipping_address,SHIPPING,BLQZ,936
15239,need help to download my invoice #37777,get_invoice,INVOICE,BLQ,7762
24827,i dont khow what i need to do to change to the {{Account Type}} account,switch_account,ACCOUNT,BLQZ,13506
18367,I want to notify of troubles with online payments,payment_issue,PAYMENT,BLM,8962
24030,help me use the {{Account Category}} profile,switch_account,ACCOUNT,BL,13207
17911,I want assistance notifying of issues with payment,payment_issue,PAYMENT,BLM,8964
4348,i have got to see the damn bills from {{Person Name}},check_invoice,INVOICE,BLMQW,1923
7460,lodge customer complaint against your organization,complaint,FEEDBACK,BKL,3483
9919,opening new freemium account,create_account,ACCOUNT,BKL,4931
24022,can I use the freemium profile?,switch_account,ACCOUNT,BIL,13216
8310,help me see at what time I can call customer assistance,contact_customer_service,CONTACT,BL,3870
6439,I need assistance to see your money bac guarantee,check_refund_policy,REFUND,BLZ,3184
19683,what do Ihave to do to acquire some of your item?,place_order,ORDER,BILMZ,10260
23048,help entering a different shipping address,set_up_shipping_address,SHIPPING,BL,12721
25702,need assistance to see the ETA of the purchase {{Order Number}},track_order,ORDER,BLQ,13518
6378,I want to see in which cases can I ask for my money back,check_refund_policy,REFUND,BL,3040
17604,where can i unsubscribe from ur fucking newsletter,newsletter_subscription,SUBSCRIPTION,BILQWZ,8879
5195,assistance seeing the available payment options,check_payment_methods,PAYMENT,BL,2519
17140,i want information about my fucking newsletter subscriptino,newsletter_subscription,SUBSCRIPTION,BLQWZ,8724
22345,want assistance to leave feedback for ur products,review,FEEDBACK,BLQ,12224
18538,I try to report errors with payment,payment_issue,PAYMENT,BLM,8979
17615,I want help unsubscribing from the newsletter,newsletter_subscription,SUBSCRIPTION,BL,8624
2636,where can I get information about updating my address?,change_shipping_address,SHIPPING,BIL,1206
19868,i need assistance acquiring several items,place_order,ORDER,BLMQ,9806
15782,i have to get my invoice #85632,get_invoice,INVOICE,BQ,7773
19692,making purchase,place_order,ORDER,BK,9936
16616,i have to request a rebate of my money,get_refund,REFUND,BLQ,8463
16691,can you help me requesting compensations?,get_refund,REFUND,BILM,8501
17042,want help unsubscribing to your company newsletter,newsletter_subscription,SUBSCRIPTION,BLQ,8624
20643,where could I reset my profile PIN code?,recover_password,ACCOUNT,BILP,11031
5352,help me to list ur available payment options,check_payment_methods,PAYMENT,BLQ,2527
11353,I do not know what I need to do to close my {{Account Type}} account,delete_account,ACCOUNT,BEL,5476
630,could uhelp me cancelin order {{Order Number}},cancel_order,ORDER,BIPQZ,149
19388,"I want to purchase a few of your item, how do I do it?",place_order,ORDER,BCILM,10037
7765,can ya help me lodging a consumer claim against ur business,complaint,FEEDBACK,BILQ,3797
6348,I need help seeing how long reimbursements take,check_refund_policy,REFUND,BL,3043
23279,can i submit the secondary delivery address,set_up_shipping_address,SHIPPING,BILQ,12607
24476,could you help me to change to the {{Account Category}} account?,switch_account,ACCOUNT,BILP,13139
17629,I want to know about cancelling my newsletter subscription,newsletter_subscription,SUBSCRIPTION,BL,8633
20207,"I forgot the PIN of my user, I need help to retrieve it",recover_password,ACCOUNT,BCL,10693
21488,issue creating account,registration_problems,ACCOUNT,BK,11615
517,I do not know how to cancel order {{Order Number}},cancel_order,ORDER,BE,5
20130,what do I need to do to restore my user account access key ?,recover_password,ACCOUNT,BILZ,10619
9913,new {{Account Type}} acount for wife,create_account,ACCOUNT,BKLZ,4925
9072,is it possible to speak to someone?,contact_human_agent,CONTACT,BIL,4454
17041,i can check the status of my company newsletter subscription,newsletter_subscription,SUBSCRIPTION,BQZ,8690
2900,I need help tryingto change my address,change_shipping_address,SHIPPING,BLZ,1362
20668,I am trying to recover the pass of my profile,recover_password,ACCOUNT,BLQ,11045
21416,report issues creating user,registration_problems,ACCOUNT,BKM,11577
2936,I want to know more about editng my address,change_shipping_address,SHIPPING,BLZ,1377
17534,I want to know about unsubscribing to your newsletter,newsletter_subscription,SUBSCRIPTION,BL,8752
13684,"I want to see when will my product arrive, how can I do it?",delivery_period,DELIVERY,BCIL,6473
19581,earning product,place_order,ORDER,BKL,10148
3723,I do not know what I have to do to check te cancellation fee,check_cancellation_fee,CANCEL,BEZ,1820
24187,I can't change to the damn platinum account,switch_account,ACCOUNT,BLNW,13287
4595,i want assistance to find my invoice #85632,check_invoice,INVOICE,BQ,2314
17341,I need help signing up to the newsletter,newsletter_subscription,SUBSCRIPTION,BL,8657
9912,"I don't understand you, I want help contacting a human agent",contact_human_agent,CONTACT,BCL,4924
1175,help me to change several products of purchase {{Order Number}},change_order,ORDER,BLM,336
13497,i dont know how i can see how soon can i expect my order,delivery_period,DELIVERY,BLQ,6772
1455,deleting item from order {{Order Number}},change_order,ORDER,BL,269
2105,I need help updating my shipping address,change_shipping_address,SHIPPING,BL,754
7658,I need help to make a claim,complaint,FEEDBACK,BL,3754
11401,have problems with the deletion of my gold account,delete_account,ACCOUNT,BLMQ,5762
24474,change to the pro account,switch_account,ACCOUNT,BL,13163
15018,get bills from {{Person Name}},get_invoice,INVOICE,BKLM,7614
26010,where can I know if there is anything new on the refund?,track_refund,REFUND,BIL,13865
21177,I do not know what to do to report an error with sign-up,registration_problems,ACCOUNT,BEL,11422
22505,I need help submitting some feedback about a product,review,FEEDBACK,BL,12340
2836,can ya tell me about a delivery address update,change_shipping_address,SHIPPING,BILQ,1078
8348,I need help to check what hours I can call customer support,contact_customer_service,CONTACT,BL,3904
20673,have a problem with a key reset,recover_password,ACCOUNT,BLQ,11050
3536,I am trying to check the early exit fees,check_cancellation_fee,CANCEL,BLMZ,1475
15275,where can I get the invoices from {{Person Name}}?,get_invoice,INVOICE,BIM,7629
7487,I don't know what I need to do to make a consumer claim,complaint,FEEDBACK,BL,3670
23573,i cant set up my new shipping address,set_up_shipping_address,SHIPPING,BLQ,12641
22977,I do not know how to submit the new shipping address,set_up_shipping_address,SHIPPING,BEL,12671
2818,I have errors trying to modify my delivery address,change_shipping_address,SHIPPING,BLM,1311
13292,where to check how soon can I expect my product ?,delivery_period,DELIVERY,BILZ,6681
22081,need to write an review about a service,review,FEEDBACK,BLQZ,12025
4620,I need assistance to give an quick look at the bill #85632,check_invoice,INVOICE,BLZ,2006
6128,i have got to see in which cases can i request my money back,check_refund_policy,REFUND,BLQ,2995
18348,what do I have to do to notify of payment issues?,payment_issue,PAYMENT,BILM,9282
22117,I want assistance writing a comment for your company,review,FEEDBACK,BL,12053
13179,i want assistance to see how soon can i expect the item,delivery_period,DELIVERY,BLQ,6470
14272,changing information on freemium account,edit_account,ACCOUNT,BKL,7237
10247,i want information about creatign a {{Account Category}} account,create_account,ACCOUNT,BQZ,5038
6304,help me see in what cases can I request a refund,check_refund_policy,REFUND,BL,2956
22412,can you help me leave my feedback for your services?,review,FEEDBACK,BIL,12277
8234,I have to check what hours I cann reach customer assistance,contact_customer_service,CONTACT,BLZ,3888
11893,I don't know how I could remove the platinum account,delete_account,ACCOUNT,BLP,5980
21955,I try to leave some feedback about your services,review,FEEDBACK,BL,11915
12353,I don't know what I have to do to see the delivery options,delivery_options,DELIVERY,BL,6102
7094,i try to file a consumer complaint against ur organization,complaint,FEEDBACK,BLQ,3340
4511,i cannot find the invoice from {{Person Name}} find it for me,check_invoice,INVOICE,BCELQ,2273
24689,can you help me to change to the goddamn pro account?,switch_account,ACCOUNT,BILW,13462
8767,do ya have an e-mail to contact customer service,contact_customer_service,CONTACT,BILQ,4276
19632,i dont know what i have to do to buy an article,place_order,ORDER,BLQ,10217
22887,"I have to enter my delivery address, I need help",set_up_shipping_address,SHIPPING,BCL,12596
22910,"I have to submit my new delivery address, will you help me?",set_up_shipping_address,SHIPPING,BCILP,12615
10975,I have problems with the cancellation of a {{Account Type}} account,delete_account,ACCOUNT,BLM,5510
22003,I have got to leave my feedback about a service,review,FEEDBACK,BL,11915
23734,i want help to submit thhe new delivery address,set_up_shipping_address,SHIPPING,BLQZ,13053
23291,where could I set the new shipping address up?,set_up_shipping_address,SHIPPING,BILP,12854
3092,can I check the withdrawal penalty?,check_cancellation_fee,CANCEL,BIL,1412
8299,i try to check whathours customer support available is,contact_customer_service,CONTACT,BLQZ,4095
21479,I don't know what to do to notify of an sisue with sign-up,registration_problems,ACCOUNT,BLZ,11609
9216,want help speaking with somebody,contact_human_agent,CONTACT,BLQ,4513
2284,there are problems trying to edit my address,change_shipping_address,SHIPPING,BLM,967
4069,can you help me take a quick look at the invoice #85632?,check_invoice,INVOICE,BI,2029
1827,can I delete several articles from purchase {{Order Number}}?,change_order,ORDER,BILM,655
4439,I need assistance to take a quick look at bill #85632,check_invoice,INVOICE,BL,2238
10263,I do not know what I need to do to create a {{Account Type}} account,create_account,ACCOUNT,BEL,4947
16965,need help signing up to the newsletter,newsletter_subscription,SUBSCRIPTION,BLQ,8657
1050,is it possible to swap an item of purchase {{Order Number}}?,change_order,ORDER,BIL,251
1394,i amde a mistake i wanna edit order {{Order Number}},change_order,ORDER,BCLQZ,467
25117,help seeing the ETA of the purchase00123842,track_order,ORDER,BLQZ,13597
17094,i want assistance cancelling the newsletter subscription,newsletter_subscription,SUBSCRIPTION,BLQ,8633
1052,"I need to change an item of purchase {{Order Number}}, help me",change_order,ORDER,BCL,253
10688,need assistance with opening my {{Account Type}} account,create_account,ACCOUNT,BLQ,5016
15507,get ibll #12588,get_invoice,INVOICE,BKLZ,7860
22313,I want assistance writing a comment about your products,review,FEEDBACK,BL,12099
13751,help checking how soon can I expect the shipment,delivery_period,DELIVERY,BL,6603
22325,how could i leave a goddamn erview about a service,review,FEEDBACK,BILPQWZ,12210
16839,help to obtain my money back,get_refund,REFUND,BL,8147
16962,I am trying to cancel my corporate newsletter subscription,newsletter_subscription,SUBSCRIPTION,BL,8629
12325,can you help me to check what methods for delivery I have?,delivery_options,DELIVERY,BILM,6147
6923,help lodging a customer complaint,complaint,FEEDBACK,BL,3329
6558,can I check in what cases can I ask for a reimbursement?,check_refund_policy,REFUND,BIL,3022
26591,I don't know how to track my reimbursement,track_refund,REFUND,BL,14065
20294,I have to reset the key of my user,recover_password,ACCOUNT,BL,10763
9843,how can i chat with a live agent,contact_human_agent,CONTACT,BILQ,4368
11703,how can I get infomation about my {{Account Type}} account cancellation?,delete_account,ACCOUNT,BILZ,5890
5951,help checking in what cases can I request to be reimbursed,check_refund_policy,REFUND,BL,2984
649,I have a question about canceling order {{Order Number}},cancel_order,ORDER,B,48
25872,need help to see the ETA of the purchase {{Order Number}},track_order,ORDER,BLQ,13518
18672,how can I report troubles with online payments?,payment_issue,PAYMENT,BILM,9470
9104,"I don't want to talk to a bot, direct to me a human agent",contact_human_agent,CONTACT,BCL,4476
25302,i cannot see the current staus of purchase {{Order Number}},track_order,ORDER,BELNQZ,13520
20711,"I forgot my user account PIN code, help me recover it",recover_password,ACCOUNT,BCL,11084
16949,can I cancel my corporate newsletter subscription?,newsletter_subscription,SUBSCRIPTION,BIL,8629
22544,i do not know what to do to send feedback about ur products,review,FEEDBACK,BELQ,11854
16682,I have to get a compensation of money,get_refund,REFUND,BL,8271
23882,switch to freemium account,switch_account,ACCOUNT,BK,13126
4975,i do not know what to do to list ur payment modalities,check_payment_methods,PAYMENT,BELQZ,2511
19892,I can't retrieve my goddamn user access key,recover_password,ACCOUNT,BLNW,10402
17986,I don't know how I can report an issue with online payment,payment_issue,PAYMENT,BL,9032
9194,can I talk with an assistant?,contact_human_agent,CONTACT,BIL,4485
4961,I need help listing the bloody payment methods,check_payment_methods,PAYMENT,BLW,2502
3960,is it possible to look for my bill from {{Person Name}}?,check_invoice,INVOICE,BIL,1947
7755,I am trying to lodge a complaint against your organization,complaint,FEEDBACK,BL,3483
8825,help me speaking to customer support,contact_customer_service,CONTACT,BL,4000
25790,"I have to see the ETA of the order {{Order Number}}, how to do it?",track_order,ORDER,BCIL,13618
10406,"I don't have a premium account, I want to open one",create_account,ACCOUNT,BCLN,5242
13882,i have got to see how soon can i expect the product,delivery_period,DELIVERY,BLQ,6932
24513,change to freemium acount,switch_account,ACCOUNT,BKLZ,13412
20214,I need assistance retrieving the PIN of my account,recover_password,ACCOUNT,BL,10444
22855,I try to submit some feedback for your company,review,FEEDBACK,B,12395
9768,I want assistance talking with a human agent,contact_human_agent,CONTACT,BL,4707
10935,I have a problem with the termination of my {{Account Type}} account,delete_account,ACCOUNT,BL,5480
14039,updating gold account,edit_account,ACCOUNT,BKL,7066
1437,need help to swap a fucking article of purchase {{Order Number}},change_order,ORDER,BLQW,483
16488,"I paid {{Currency Symbol}}{{Refund Amount}} for these items, where can I receive a refund?",get_refund,REFUND,BCILM,8394
16091,can you help me asking for rebates of my money?,get_refund,REFUND,BILM,8149
26782,want help to track the reimbursement,track_refund,REFUND,BLQ,14112
17530,help me checking the status of my newsletter subscription,newsletter_subscription,SUBSCRIPTION,BL,8631
5171,i dont know how i can list ur allowed payment modalities,check_payment_methods,PAYMENT,BLQ,2470
19878,how do I acquire a few of your item?,place_order,ORDER,BILM,10395
26159,how can I check the status of the restitution?,track_refund,REFUND,BIL,13804
17267,"I want to sign up to the newsletter, will you help me?",newsletter_subscription,SUBSCRIPTION,BCILP,8776
5860,help me seeing your accepted payment modalities,check_payment_methods,PAYMENT,BL,2479
24575,"I have to use the {{Account Type}} profile, can I get some help?",switch_account,ACCOUNT,BCIL,13433
2440,i need supports correcting the address,change_shipping_address,SHIPPING,BLMQ,1012
13886,i want help to see when will my packag arrive,delivery_period,DELIVERY,BLQZ,6542
15356,what do I have to do to get the bill #85632?,get_invoice,INVOICE,BIL,7807
13121,I don't know what to do to check when will my parcel arrive,delivery_period,DELIVERY,BL,6589
14110,how to update my account,edit_account,ACCOUNT,BILQ,7125
17121,wanna know more about thesubscription to ur newsletter,newsletter_subscription,SUBSCRIPTION,BLQZ,8719
22431,I do not know how I can send my feedback about your products,review,FEEDBACK,BEL,11854
140,"I have got to cancel purchase {{Order Number}}, how do I do it?",cancel_order,ORDER,BCIL,35
2851,"I entered a wrong shipping address, I need help to modify it",change_shipping_address,SHIPPING,BCL,1205
16079,I'm trying to demand fucking refunds of money,get_refund,REFUND,BLMQW,8140
5600,"I would like to list the payment methods, how to do it?",check_payment_methods,PAYMENT,BCILP,2821
21666,i want assistance to report signup issues,registration_problems,ACCOUNT,BLMQ,11289
2921,"the delivery address changed, could I change it?",change_shipping_address,SHIPPING,BCILP,1371
23026,help me set my goddamn delivery address up,set_up_shipping_address,SHIPPING,BLW,12707
228,canceling purechase {{Order Number}},cancel_order,ORDER,BKLZ,77
12999,need to see how soon can i expect the order could uhelp me,delivery_period,DELIVERY,BCILPQ,6502
3515,i cannot find the early exit fee,check_cancellation_fee,CANCEL,BELQ,1735
13364,need assistance seeing when my shipment is gonna arrive,delivery_period,DELIVERY,BLQ,6718
20632,can you help me retrieve my user PIN code?,recover_password,ACCOUNT,BIL,11023
24968,i have got to see the current status of order {{Order Number}},track_order,ORDER,BLQ,13523
25210,wanna track purchase {{Order Number}} will ya help me,track_order,ORDER,BCILPQ,13623
22552,want help leaving a coment for ur products,review,FEEDBACK,BLQZ,12374
3525,i need help to see the cancellation charges,check_cancellation_fee,CANCEL,BLMQ,1487
5623,where do I check the accepted payment methods?,check_payment_methods,PAYMENT,BIL,2472
4749,i need assistance to locate bill #85632,check_invoice,INVOICE,BLQ,2386
21131,I want help informing of signup problems,registration_problems,ACCOUNT,BLM,11227
12313,how to see what options for delivery you offer?,delivery_options,DELIVERY,BILM,6045
3302,can you help me check the early exit penalties?,check_cancellation_fee,CANCEL,BILM,1445
13396,can I see how soon can I expect my shipment?,delivery_period,DELIVERY,BIL,6727
10655,create gold accountfor wife,create_account,ACCOUNT,BKLZ,5090
14323,updating information on premium account,edit_account,ACCOUNT,BKL,7272
25097,"I need to locate purchase {{Order Number}}, how do I do it?",track_order,ORDER,BCIL,13593
1659,i cant remove an itme from purchase {{Order Number}},change_order,ORDER,BLNQZ,575
20844,I am looking for information about a key reset,recover_password,ACCOUNT,BEL,11170
18208,i do not know whzt to do to inform of a problem with payment,payment_issue,PAYMENT,BELQZ,9197
25085,i have got to locate order {{Order Number}},track_order,ORDER,BLQ,13550
4504,I need help taking a quick look at invoice #12588,check_invoice,INVOICE,B,2112
18971,assistance to purchase something,place_order,ORDER,BL,9660
8157,i try to speak to customer service,contact_customer_service,CONTACT,BLQ,3939
6177,i try to check in which cases can i ask for an reimbursement,check_refund_policy,REFUND,BLQZ,3022
24941,trackorder {{Order Number}},track_order,ORDER,BKZ,13527
17780,I want help cancelling my company newsletter subscription,newsletter_subscription,SUBSCRIPTION,BL,8633
4594,"I would like to find my bills from {{Person Name}}, how to do it?",check_invoice,INVOICE,BCILMP,2313
22736,I want to send my feedback about your products,review,FEEDBACK,BL,12498
8194,I need to check at what time I can reach custome assistance,contact_customer_service,CONTACT,BLZ,3912
6629,I have got to see in which cases can I ask to be reimbursed,check_refund_policy,REFUND,BL,2959
17305,where to sign up to your corporate newsletter?,newsletter_subscription,SUBSCRIPTION,BIL,8621
21415,"I cannot register, how do I notify of signup errors?",registration_problems,ACCOUNT,BCEILMN,11576
5288,where do I see what payment methods are accepted?,check_payment_methods,PAYMENT,BIL,2613
5794,how do I check your available payment options?,check_payment_methods,PAYMENT,BIL,2661
24501,where to change to the freemium accout,switch_account,ACCOUNT,BILQZ,13408
14634,changing detais on {{Account Category}} account,edit_account,ACCOUNT,BKLMZ,7461
17058,I want help to cancel the company newsletter subscription,newsletter_subscription,SUBSCRIPTION,B,8616
23324,I have a trouble setting m new delivery address up,set_up_shipping_address,SHIPPING,BLZ,12818
23250,issues entering a different delivery address,set_up_shipping_address,SHIPPING,BLM,12609
3677,I need to cyeck the withdrawal fee,check_cancellation_fee,CANCEL,BLZ,1488
9720,I don't know how I can speak to a human agent,contact_human_agent,CONTACT,BL,4569
9111,I need help to talk with a live agent,contact_human_agent,CONTACT,BL,4483
700,need help with cancelling purchase {{Order Number}},cancel_order,ORDER,BLQ,23
13728,assistance to see when my bloody item is gona arrive,delivery_period,DELIVERY,BLQWZ,6867
24852,where can I change to the {{Account Type}} account?,switch_account,ACCOUNT,BIL,13124
11214,could you help me cancelling the standard account?,delete_account,ACCOUNT,BILP,5659
24242,help to use the standard account,switch_account,ACCOUNT,B,13230
11298,help me remove a standard account,delete_account,ACCOUNT,BL,5570
18480,wanna inform of issues with payment,payment_issue,PAYMENT,BLMQ,9357
5402,where to check the accepted payment options?,check_payment_methods,PAYMENT,BIL,2728
15668,mail me the invoice from {{Person Name}},get_invoice,INVOICE,BL,7717
11066,I don't know what I have to do to close my {{Account Category}} account,delete_account,ACCOUNT,BL,5502
11511,where can I find information about {{Account Type}} account terminations?,delete_account,ACCOUNT,BILM,5815
9323,"I do not understand you, helop me contact a human agent",contact_human_agent,CONTACT,BCELZ,4620
18281,I'm trying to inform of an issue with payments,payment_issue,PAYMENT,BLMQ,9242
22626,can you help me to submit feedback for your company?,review,FEEDBACK,BIL,12096
15050,I don't know what to do to download thr invoice #12588,get_invoice,INVOICE,BLZ,7703
5271,i dont know how to list ur payment methods,check_payment_methods,PAYMENT,BLQ,2667
24393,wznt help to switch to the bloody freemium account,switch_account,ACCOUNT,BQWZ,13371
3377,can you help me to see the early exit charge?,check_cancellation_fee,CANCEL,BIL,1453
38,I would like to cancel purchase {{Order Number}},cancel_order,ORDER,BLP,20
13017,i tfy to see how soon can i expect my shipment,delivery_period,DELIVERY,BLQZ,6517
20937,I need support weith my sign-up,registration_problems,ACCOUNT,BLZ,11194
13366,I need to see how soon can I expect my product,delivery_period,DELIVERY,BL,6460
18982,help me earn several of your item,place_order,ORDER,BLM,9671
7537,can you help me filing an reclamation against your company?,complaint,FEEDBACK,BILZ,3703
6932,want assistance to lodge a claimn against ur organization,complaint,FEEDBACK,BLQZ,3338
15279,I don't know what I need to do to download my invoice #00108,get_invoice,INVOICE,BL,7623
15464,"I have to get the goddamn bill from {{Person Name}}, help me",get_invoice,INVOICE,BCLW,7712
13638,I try to see when will my product arrive,delivery_period,DELIVERY,BL,6590
14950,send me bill from {{Person Name}},get_invoice,INVOICE,BKL,7655
16128,i do not know how i could obtaain compensations,get_refund,REFUND,BELMPQZ,8178
17408,I want to unsubscribe from the newsletter,newsletter_subscription,SUBSCRIPTION,BL,8619
4077,help to see my invoice #37777,check_invoice,INVOICE,BL,2027
12975,how to check how soon can I expect my article?,delivery_period,DELIVERY,BIL,6483
8144,"I want to talk with customer support, can you help me?",contact_customer_service,CONTACT,BCIL,4017
3722,I want to see the early exit penalty,check_cancellation_fee,CANCEL,BL,1433
24161,can I use the {{Account Category}} account?,switch_account,ACCOUNT,BI,13131
7786,lodging consumer reclamation against urcompany,complaint,FEEDBACK,BLQZ,3810
23914,I am trying to change to the standard account,switch_account,ACCOUNT,BL,13150
3394,want help seeing the withdrawal charge,check_cancellation_fee,CANCEL,BLQ,1462
26207,how to check my restitution status?,track_refund,REFUND,BIL,13917
264,help me cancel purchase {{Order Number}},cancel_order,ORDER,BL,3
3297,assistance checking the goddamn termination penalties,check_cancellation_fee,CANCEL,BLMW,1623
20949,i have to inform of sign-up errrors,registration_problems,ACCOUNT,BLMQZ,11252
21216,I want to notify of problems with signup,registration_problems,ACCOUNT,BLM,11448
19865,i have to earn several proucts help me,place_order,ORDER,BCLMQZ,10388
5380,I do not know how I can see your payment modalities,check_payment_methods,PAYMENT,BEL,2715
5319,I want to check the available payment methods,check_payment_methods,PAYMENT,BL,2523
5137,assistance seeing ur bloody available payment methods,check_payment_methods,PAYMENT,BLQW,2600
17386,can yo help me receive your newsletter?,newsletter_subscription,SUBSCRIPTION,BILZ,8617
10151,I do not know how to create a {{Account Category}} account,create_account,ACCOUNT,BE,4932
24659,want help to use the {{Account Type}} account,switch_account,ACCOUNT,BQ,13160
10116,can you help me create a freemium account?,create_account,ACCOUNT,BI,5080
11047,I need assistance to remove my freemium account,delete_account,ACCOUNT,BL,5564
5328,"I have to list the payment options, will you help me?",check_payment_methods,PAYMENT,BCILP,2697
6573,assistance checking in what cases can I request a refund,check_refund_policy,REFUND,BL,2956
2226,I want assistance to modify the shipping address,change_shipping_address,SHIPPING,BL,926
15020,I don't know how I can download my invoice #85632,get_invoice,INVOICE,BL,7613
12078,is it possible to place an order from {{Delivery City}},delivery_options,DELIVERY,BIQS,6003
15489,"I have lost the bill from {{Person Name}}, mail it to me",get_invoice,INVOICE,BCL,7797
18310,I do not know how to inform of payment problems,payment_issue,PAYMENT,BELM,9255
19387,I'd like to acquire some of ur item how do i do it,place_order,ORDER,BCILMPQ,10036
18028,I don't know how I can notify of a problem with payments,payment_issue,PAYMENT,BLM,9069
11397,I want assistance to delete my {{Account Type}} account,delete_account,ACCOUNT,BL,5562
17922,how could I inform of errors with payment?,payment_issue,PAYMENT,BILMP,8975
14130,i want help editing the info on my user profile,edit_account,ACCOUNT,BLQ,7142
2406,I need help modifying the delivery address,change_shipping_address,SHIPPING,BL,1053
3989,I want help to see bill #12588,check_invoice,INVOICE,BL,1969
20474,I do not know what I need to do to restore my PIN code,recover_password,ACCOUNT,BEL,10405
21484,can I notify of a registration error?,registration_problems,ACCOUNT,BIL,11613
10594,I need to open a {{Account Type}} account,create_account,ACCOUNT,BL,4991
25485,"I want to see the ETA of order {{Order Number}}, how do I do it?",track_order,ORDER,BCIL,13618
25590,help me to check order {{Order Number}} goddamn current status,track_order,ORDER,BLW,13705
2446,"my shipping address changed, can you update it?",change_shipping_address,SHIPPING,BCIL,734
8216,can uhelp me speaking with customer service,contact_customer_service,CONTACT,BILQ,4055
21688,reporting issue creating user,registration_problems,ACCOUNT,BK,11728
9693,I do not know what I have to do to talk wiyh a live agent,contact_human_agent,CONTACT,BELZ,4819
8815,what is thecustomer support mail,contact_customer_service,CONTACT,BILQZ,4291
8425,I don't know how I can get in touch with customer support,contact_customer_service,CONTACT,BL,4015
8973,want assitsance to talk with a human agent,contact_human_agent,CONTACT,BLQZ,4378
12652,I want help to check what delivery methods you offer,delivery_options,DELIVERY,BLM,6027
7653,help filing a reclamation against your business,complaint,FEEDBACK,BL,3642
4606,look for my invoices from {{Person Name}},check_invoice,INVOICE,BLM,1944
20736,could you help me reset the PIN of my user profile?,recover_password,ACCOUNT,BILP,11101
2952,i need assistance to correct the shipping address,change_shipping_address,SHIPPING,BLQ,1387
10764,I am looking for information about opening a {{Account Type}} account,create_account,ACCOUNT,BEL,5398
707,help me cancel ordere {{Order Number}},cancel_order,ORDER,BZ,161
22820,how can i submit some feedback forur services,review,FEEDBACK,BIQZ,12554
25265,how can I check the status of purchase {{Order Number}}?,track_order,ORDER,BIL,13522
4186,is it possible to locate my bill from {{Person Name}},check_invoice,INVOICE,BILQ,2102
19486,help buying some products,place_order,ORDER,BLM,10113
6182,help me checking in which situations can I ask for refunds,check_refund_policy,REFUND,BL,2976
19085,is it possible to purchase some products,place_order,ORDER,BILMQ,9767
15444,I need help downloading the bills from {{Person Name}},get_invoice,INVOICE,BLM,7671
17411,how to subscribe to the newsletter?,newsletter_subscription,SUBSCRIPTION,BIL,8661
12934,can utell me about the delivery periods,delivery_period,DELIVERY,BIMQ,6448
19334,I don't knolw what I have to do to shop some of your product,place_order,ORDER,BLMZ,9990
16355,I have to ask for goddamn refunds,get_refund,REFUND,BLMW,8313
5656,I need assistance to list the allowed payment options,check_payment_methods,PAYMENT,BL,2542
13660,want assistance to see how soon can I expect my product,delivery_period,DELIVERY,BLQ,6825
16382,can you help me to ask for damn restitutions of money?,get_refund,REFUND,BILMW,8331
15004,I need help to get my bill from {{Person Name}},get_invoice,INVOICE,BL,7614
9317,can you help me chat with a human agent?,contact_human_agent,CONTACT,BIL,4618
17440,can I unsubscribe to your corporate newsletter?,newsletter_subscription,SUBSCRIPTION,BIL,8630
2278,supports editing the shipping address,change_shipping_address,SHIPPING,BLM,770
8026,want help speaking with custgomer service,contact_customer_service,CONTACT,BLQZ,3950
21022,I need assistance informing of sign-up problems,registration_problems,ACCOUNT,BLM,11226
4483,need to give a quick look at my invoice #85632,check_invoice,INVOICE,BLQ,1979
21547,I have to inform of an issje with a sign-up,registration_problems,ACCOUNT,BLZ,11651
3483,I have got to see the termination charges,check_cancellation_fee,CANCEL,BLMZ,1431
11201,deleting pro account,delete_account,ACCOUNT,BKL,5584
12249,need help checking what shipment options I have,delivery_options,DELIVERY,BLMQ,6195
24219,help me change to the platinum account,switch_account,ACCOUNT,BL,13154
17934,could ya help me to report an isue with payment,payment_issue,PAYMENT,BIPQZ,8987
17065,what do I have to do to unsubscribe to your newsletter?,newsletter_subscription,SUBSCRIPTION,BIL,8619
20304,how too recover the key of my user account,recover_password,ACCOUNT,BILQZ,10771
18455,how can I report payment errors?,payment_issue,PAYMENT,BILM,9343
22074,can you help me to submit feedback about a product?,review,FEEDBACK,BIL,12018
21486,would it be possible to notify of a fucking signup error?,registration_problems,ACCOUNT,BILPW,11614
1141,"I have to correct order {{Order Number}}, could you help me?",change_order,ORDER,BCILP,245
9840,is it possible to speakto a person?,contact_human_agent,CONTACT,BILZ,4893
26170,can I check if there are any news on my reimbursement?,track_refund,REFUND,BILM,13932
2577,i have problems trying to edit the delivery address,change_shipping_address,SHIPPING,BLMQ,1168
20907,assistance to report an error with a signup,registration_problems,ACCOUNT,BL,11214
23736,"I have got to submit a new shipping address, I need help",set_up_shipping_address,SHIPPING,BCL,13022
14566,editing info on platinum account,edit_account,ACCOUNT,BKLQ,7393
21258,I am trying to inform of a problem with a signup,registration_problems,ACCOUNT,BL,11478
10720,i cannot create a freemium account for my dad,create_account,ACCOUNT,BELNQ,5378
13037,how can I check how soon can I expect the parcel?,delivery_period,DELIVERY,BIL,6485
4412,is it possible to locate invoice #37777,check_invoice,INVOICE,BILQ,2229
8651,where do I check what hours I can reach customer service?,contact_customer_service,CONTACT,BIL,3907
18015,help me to inform of an error with payment,payment_issue,PAYMENT,BL,9058
21883,where to notify of an error with signup?,registration_problems,ACCOUNT,BIL,11584
21628,where do I inform of signup issues?,registration_problems,ACCOUNT,BILM,11697
13259,assistance to check how soon can i exepct the purchase,delivery_period,DELIVERY,BLQZ,6661
21146,can you help me report problems with a sign-up?,registration_problems,ACCOUNT,BILMZ,11398
22947,I get error messages when I try to set a shipping address up,set_up_shipping_address,SHIPPING,BLM,12645
23362,help to set my secondarydelivery address up,set_up_shipping_address,SHIPPING,BLZ,12884
11143,I don't know how to remove my premium account,delete_account,ACCOUNT,BL,5624
5916,I am trying to see your allowed payment methods,check_payment_methods,PAYMENT,BL,2492
16912,help me cancel my subscriptiopn to ur newsletter,newsletter_subscription,SUBSCRIPTION,BLQZ,8628
2710,"my address has changed, I need help modifying it",change_shipping_address,SHIPPING,BCL,1251
16517,help me obtain a rebate of my money,get_refund,REFUND,BL,8042
17721,assistance canceling the corporate newsletter subscription,newsletter_subscription,SUBSCRIPTION,BL,8629
6135,want assistance seeing in what cases can I request a refund,check_refund_policy,REFUND,BLQ,3079
39,i do not want these article i try to cancel order {{Order Number}},cancel_order,ORDER,BCELNQZ,21
14366,correct information on pro account,edit_account,ACCOUNT,BKL,7240
23811,i have got to set a new shipping address up,set_up_shipping_address,SHIPPING,BQ,13087
7193,where do i lodge a reclamatioln,complaint,FEEDBACK,BILQZ,3520
1373,how can i remove some articles from purchase {{Order Number}},change_order,ORDER,BILMQ,456
3765,"I need to check the cancellation penalties, help me",check_cancellation_fee,CANCEL,BCLM,1840
6750,I can't seed your refund policy,check_refund_policy,REFUND,BLZ,3276
22850,I want to send my feedback about a product,review,FEEDBACK,BL,11854
18486,want assistance notifying of an error with payments,payment_issue,PAYMENT,BLMQ,9360
11128,canceling {{Account Type}} account,delete_account,ACCOUNT,BKL,5521
5142,I need help checking the payment options,check_payment_methods,PAYMENT,BL,2604
13962,correcting info on standard aqccount,edit_account,ACCOUNT,BKLQZ,7000
21165,i need help notifying of a problem with a signup,registration_problems,ACCOUNT,BLQ,11365
24534,assistance using the platinum account,switch_account,ACCOUNT,B,13420
1939,i want help to swap several articles of order113542617735902,change_order,ORDER,BLMQZ,698
21355,is it possible to notify of problems with sign-up?,registration_problems,ACCOUNT,BILM,11537
20970,how to notify of registration issues?,registration_problems,ACCOUNT,BILM,11271
8714,I want help to get in touch with goddamn customer assistance,contact_customer_service,CONTACT,BLW,4253
959,need assistance cancelinv purchase {{Order Number}},cancel_order,ORDER,BLQZ,3
1266,can uhelp me to change a product of purchase {{Order Number}},change_order,ORDER,BILQ,399
17251,I need help receiving the fucking corporate newsletter,newsletter_subscription,SUBSCRIPTION,BLW,8770
19910,i need help to recover my usrr account pwd,recover_password,ACCOUNT,BLQZ,10420
18819,how to inform of payment errors?,payment_issue,PAYMENT,BILM,9183
4050,i have to check bill #37777 can i get some help,check_invoice,INVOICE,BCILQ,2014
5390,I am trying to see the accepted payment methods,check_payment_methods,PAYMENT,BL,2491
5998,what is your money back guarantee?,check_refund_policy,REFUND,BIL,3011
25881,I'm waiting for a damn refund of {{Currency Symbol}}{{Refund Amount}},track_refund,REFUND,BQW,13784
23725,I have issues setting up a secondary shipping address,set_up_shipping_address,SHIPPING,BLM,12720
23377,I have a problem submitting a different delivery address,set_up_shipping_address,SHIPPING,BL,12889
22675,need help sending osme feedback for your services,review,FEEDBACK,BLQZ,12454
4000,I do not know what I have to do to check my bill #12588,check_invoice,INVOICE,BEL,1977
10243,open pro cacount for wife,create_account,ACCOUNT,BKLZ,5160
26144,I don't know how I can check the rebate status,track_refund,REFUND,BL,13923
17452,need to receive the newsletter can ya help me,newsletter_subscription,SUBSCRIPTION,BCILQ,8701
1408,how could I swap some products of purchase {{Order Number}}?,change_order,ORDER,BILMP,472
2399,how to update the address,change_shipping_address,SHIPPING,BILQ,720
20274,could I retrieve the access key of my profile?,recover_password,ACCOUNT,BILP,10746
12168,can you help me to see what shipment methods I can choose?,delivery_options,DELIVERY,BILM,6154
25529,I try to check order {{Order Number}} current status,track_order,ORDER,BL,13523
21128,where can I inform of a damn sign-up issue?,registration_problems,ACCOUNT,BILW,11385
7266,how tolodge a customer complaint,complaint,FEEDBACK,BILQZ,3564
6293,"I have got to check your money back guarantee, how to do it?",check_refund_policy,REFUND,BCIL,3091
26856,"I have to check the status of my compensation, I need help",track_refund,REFUND,BCL,14129
24025,can ya help me using the bloody platinum accoiunt,switch_account,ACCOUNT,BIQWZ,13217
11608,cancel {{Account Type}} acount,delete_account,ACCOUNT,BKLZ,5852
5312,I want assistance to list your payment modalities,check_payment_methods,PAYMENT,BL,2631
15617,I have got to get my bill from {{Person Name}},get_invoice,INVOICE,BL,7614
3825,can i sde the termination fee,check_cancellation_fee,CANCEL,BILQZ,1869
18349,I need assistance notifying of a problem with online payment,payment_issue,PAYMENT,BL,9024
21932,do you have an e-mail to send a review about a service?,review,FEEDBACK,BIL,11894
25865,see the ETA of the purchase {{Order Number}},track_order,ORDER,BL,13518
8833,I want to check at what time I can contact customer support,contact_customer_service,CONTACT,BL,3960
23869,there are errors submitting the new shipping address,set_up_shipping_address,SHIPPING,BLM,13118
24126,what do i need to do to change to the {{Account Category}} account,switch_account,ACCOUNT,BILQ,13139
13044,assistance seeing how long it takes for my order to arrive,delivery_period,DELIVERY,BL,6535
9564,I need help to speak with a live agent,contact_human_agent,CONTACT,BL,4516
2369,i put my old address by mistake i need help updating it,change_shipping_address,SHIPPING,BCLQ,1029
7888,how can i lodge a cuxtomer complaint against ur organization,complaint,FEEDBACK,BILQZ,3483
11774,clsoe gold account,delete_account,ACCOUNT,BKLZ,5926
16329,help to obtain a compensation of my money,get_refund,REFUND,BL,8069
2046,I have a trouble editing the address,change_shipping_address,SHIPPING,BL,722
14866,update inforemation on premium account,edit_account,ACCOUNT,BKLZ,7589
22059,I call to write an opinion for a service,review,FEEDBACK,BL,12004
5346,I am trying to list your available payment methods,check_payment_methods,PAYMENT,BL,2704
26822,"I have got to see my refund status, can you help me?",track_refund,REFUND,BCIL,14124
24596,I don't know what I have to do to change to the gold account,switch_account,ACCOUNT,BL,13300
19503,I do not know what I need to do to buy a few of your item,place_order,ORDER,BEM,10125
992,"I can't afford purchase {{Order Number}}, I need help canceling it",cancel_order,ORDER,BCLN,200
23697,need assistance entering my new shipping address,set_up_shipping_address,SHIPPING,BLQ,13036
26686,I'm waiting for an refund of {{Currency Symbol}}{{Refund Amount}} has it been processed,track_refund,REFUND,BCILQZ,13919
23984,what do i need to do to change to the {{Account Type}} account,switch_account,ACCOUNT,BILQ,13124
3640,i need help seeing the withdrawal charge,check_cancellation_fee,CANCEL,BLQ,1462
4739,I have to look for the bills from {{Person Name}},check_invoice,INVOICE,BLM,1990
18624,I want assistance reporting a prbolem with payment,payment_issue,PAYMENT,BLZ,9434
3132,I need assistance to see the early termination fees,check_cancellation_fee,CANCEL,BLM,1413
7960,how to see what hours I can contact customer service?,contact_customer_service,CONTACT,BIL,3887
19489,can you help me purchaqse some of your item?,place_order,ORDER,BILMZ,10116
6562,help me checking in which cases can i request refunds,check_refund_policy,REFUND,BLQ,2997
180,"I can't afford this product, cancel order {{Order Number}}",cancel_order,ORDER,BCLN,65
24549,wanna use the platinum profile help me,switch_account,ACCOUNT,BCLQZ,13425
8370,i have to talk to customer service,contact_customer_service,CONTACT,BLQ,4031
20458,where can i get information about the pwd reset,recover_password,ACCOUNT,BILQ,10896
11762,I do not know what to do to close the {{Account Category}} account,delete_account,ACCOUNT,BEL,5502
6132,check under what circumstances can i request refunds,check_refund_policy,REFUND,BLQ,3014
8148,I do not know what to do to talk to customer service,contact_customer_service,CONTACT,BEL,4019
6171,I need to see how long reimbursements take,check_refund_policy,REFUND,BL,3043
17713,I have to subscribe to your newsletter,newsletter_subscription,SUBSCRIPTION,BL,8619
11637,what do I have to do to delete a {{Account Type}} account?,delete_account,ACCOUNT,BIL,5465
12866,can you help me seeing the methods for shipping?,delivery_options,DELIVERY,BIL,6405
5566,help checking the accepted payment modalities,check_payment_methods,PAYMENT,BL,2479
14595,edit details on gold account,edit_account,ACCOUNT,BKLM,7436
21290,I don't know how to notify of a problem with sign-up,registration_problems,ACCOUNT,BL,11464
14683,wanna modify the fucking personal info could uhelp me,edit_account,ACCOUNT,BCILPQW,7494
22991,could you help me enter the secondary delivery address?,set_up_shipping_address,SHIPPING,BILP,12680
19862,I want help purchasing an item,place_order,ORDER,BL,10310
3164,I don't know how I can check the cancellation fee,check_cancellation_fee,CANCEL,B,1545
6809,in which situations can I request reimbursements?,check_refund_policy,REFUND,BIL,3298
14963,i need assistance to download the bills from {{Person Name}},get_invoice,INVOICE,BLMQ,7618
612,i dont know how to cancel order {{Order Number}},cancel_order,ORDER,BQ,5
19936,I have to restore my profile PIN,recover_password,ACCOUNT,BL,10445
924,"I ordered some items, need help cancelling the last purchase",cancel_order,ORDER,BCLMQ,193
20206,help recovering thr PIN of my profile,recover_password,ACCOUNT,BLZ,10692
17968,i want assistance to notify of troubles with payment,payment_issue,PAYMENT,BLMQ,8962
7389,can I file a complaint against your businhess?,complaint,FEEDBACK,BIZ,3631
16051,i do not know how to get a refund of my money,get_refund,REFUND,BEQ,8119
331,I want help to cancle purchase {{Order Number}},cancel_order,ORDER,BLZ,28
6044,can you help me check your goddamn reimbursement policy?,check_refund_policy,REFUND,BILW,3041
22082,where to leave a fucking comment for your products?,review,FEEDBACK,BILW,12026
5546,assistance to see what payment methods are accepted,check_payment_methods,PAYMENT,BL,2477
22914,where can I set the secondary delivery address up?,set_up_shipping_address,SHIPPING,BIL,12619
16970,can I cancel my subscription to the corporate newsletter?,newsletter_subscription,SUBSCRIPTION,BIL,8629
16436,how cani demand rebates of money,get_refund,REFUND,BILMQZ,8362
8452,I want help speaking to goddamn customer service,contact_customer_service,CONTACT,BLW,4149
13729,"I want to see how soon can I expect the order, how to do it?",delivery_period,DELIVERY,BCIL,6464
16183,where can I obtain refunds?,get_refund,REFUND,BILM,8216
3748,where can I see the termination charge?,check_cancellation_fee,CANCEL,BIL,1681
10057,i have problems with opening a {{Account Category}} account,create_account,ACCOUNT,BLMQZ,5042
13428,need to check how soon can i ezpect my package,delivery_period,DELIVERY,BLQZ,6745
16686,i paid {{Currency Symbol}}{{Refund Amount}} for an article i try to obain a reimbursement,get_refund,REFUND,BCLMQZ,8498
13104,i have to check how soon can i expect tne article,delivery_period,DELIVERY,BLQZ,6578
24943,can i see the eta of the order {{Order Number}},track_order,ORDER,BILQ,13519
5912,i dont know how to check ur allowed payment modalities,check_payment_methods,PAYMENT,BLQZ,2470
9122,i do not know what i need to do to speak with somebody,contact_human_agent,CONTACT,BELQ,4490
12938,can you help me see when my order is going to arrive?,delivery_period,DELIVERY,BIL,6452
2646,where to edit my shipping address?,change_shipping_address,SHIPPING,BIL,1211
4517,I need help to find my invoice #12588,check_invoice,INVOICE,B,2095
15691,i do not know how i can download my bills from {{Person Name}},get_invoice,INVOICE,BELMQ,7618
23010,problem settung up my shipping address,set_up_shipping_address,SHIPPING,BLZ,12698
6223,I am trying to see in what cases can I request refunds,check_refund_policy,REFUND,BL,2972
22895,errors setting up the shipping address,set_up_shipping_address,SHIPPING,BLM,12591
10774,help me create a {{Account Category}} account,create_account,ACCOUNT,BL,4932
26487,how can i check the current status of my restitution,track_refund,REFUND,BILQ,13807
7337,would it be possible to lodge a reclamation?,complaint,FEEDBACK,BILP,3607
25754,I'm trying to check the status of purchase {{Order Number}},track_order,ORDER,BLQ,13759
1529,help editing order {{Order Number}},change_order,ORDER,BL,263
10410,create account,create_account,ACCOUNT,BK,5183
24116,can you help me using the platinum account?,switch_account,ACCOUNT,BI,13264
12577,"I have got to check the shipment options, I need help",delivery_options,DELIVERY,BCLZ,6092
10034,opening {{Account Type}} account,create_account,ACCOUNT,BKL,5016
13367,I have tl see how soon can I expect my shipment,delivery_period,DELIVERY,BLZ,6720
1279,wanna edit purchgase {{Order Number}},change_order,ORDER,BLQZ,406
14091,modifying ddetails on premium account,edit_account,ACCOUNT,BKLMZ,7109
2826,I cannot change the addreas,change_shipping_address,SHIPPING,BELZ,1319
21000,i cant open an accojnt help me to notify of a sign-up issue,registration_problems,ACCOUNT,BCLNQZ,11295
18206,"I can't make payments, need help to report an issue",payment_issue,PAYMENT,BCMQZ,9196
8619,can ya help me speak to customer service,contact_customer_service,CONTACT,BILQ,3939
3351,can you help me checking the early exit charges?,check_cancellation_fee,CANCEL,BILM,1652
24997,where is order {{Order Number}},track_order,ORDER,BIQ,13559
3978,i have lost bill #00108 can ya show it to me,check_invoice,INVOICE,BCILQV,1960
22043,i dont know what to do to write a review for a service,review,FEEDBACK,BLQ,11989
18127,informing of issues with payments,payment_issue,PAYMENT,BKLM,9139
3063,i dont know whag i have to do to see the termination penalty,check_cancellation_fee,CANCEL,BLQZ,1476
9451,I do not know what I have to do to chat with an assistant,contact_human_agent,CONTACT,BEL,4684
6136,wanna check in wshat situations can i ask for a refund,check_refund_policy,REFUND,BLQZ,3080
17295,i dont know what i need to do to subscribe to the newsletter,newsletter_subscription,SUBSCRIPTION,BLQ,8784
5520,can you help me list the accepted payment options?,check_payment_methods,PAYMENT,BIL,2544
16157,how do I ddmand refunds of my money?,get_refund,REFUND,BILMZ,8201
18207,I don't know what I need to do to inform of payment errors,payment_issue,PAYMENT,BLM,9013
18885,I need hnelp to solve a trouble with online payment,payment_issue,PAYMENT,BLZ,9579
15317,I do not know what I need to do to get bill #12588,get_invoice,INVOICE,BEL,7676
10951,have a problem with the termination of a {{Account Category}} account,delete_account,ACCOUNT,BLQ,5496
4928,need assistance to check ur available payment options,check_payment_methods,PAYMENT,BLQ,2471
12840,I do not know what to do to see the shipment methods,delivery_options,DELIVERY,BEL,6395
9408,I need assistance speaking with an operator,contact_human_agent,CONTACT,BL,4657
9722,how can I chat with a live agent?,contact_human_agent,CONTACT,BIL,4450
7076,"I would like to make a customer reclamation, help me",complaint,FEEDBACK,BCLP,3446
8805,tell me at what time I can call customer assistance,contact_customer_service,CONTACT,BL,4145
2941,assistance with a delivery address change,change_shipping_address,SHIPPING,BL,954
9583,i do not know what i have to do to chat with an operator,contact_human_agent,CONTACT,BELQ,4385
8385,help me calling customer assistance,contact_customer_service,CONTACT,BL,3981
9654,i want help talking with a human agent,contact_human_agent,CONTACT,BLQ,4707
20323,have a problem with my kiey reset,recover_password,ACCOUNT,BLQZ,10788
3653,where can I see the early termination fees?,check_cancellation_fee,CANCEL,BILM,1536
9668,I have got to chat with someone,contact_human_agent,CONTACT,BL,4801
20841,what do I need to do to recover my user account PIN code?,recover_password,ACCOUNT,BIL,11168
7445,"my experience with your brand was too bad, lodge a complaint",complaint,FEEDBACK,BCL,3661
15315,i dont know what to do to download the bill #85632,get_invoice,INVOICE,BLQ,7612
3100,I am trying to check the cancellation charges,check_cancellation_fee,CANCEL,BLM,1499
3306,can you help me check the termination penalty?,check_cancellation_fee,CANCEL,BIL,1626
3866,help me see the early termination penalties,check_cancellation_fee,CANCEL,BLM,1407
1037,modifying order {{Order Number}},change_order,ORDER,BL,239
22527,i wabt assistance to send my feedback for a service,review,FEEDBACK,BLQZ,12359
15153,downloading bills from {{Person Name}},get_invoice,INVOICE,BKLM,7671
16155,I don't know how to demand a restitution of money,get_refund,REFUND,BL,8199
26347,could uhelp me to know if there are any news on my rebate,track_refund,REFUND,BILMPQ,13991
16379,I am trying to ask for rebates,get_refund,REFUND,BLM,8328
18804,can you help me notify of problems with online payments?,payment_issue,PAYMENT,BILM,8974
15599,getting invoices from last purchase,get_invoice,INVOICE,BKM,7791
18011,where do i report problems with online payment,payment_issue,PAYMENT,BILMQ,8967
20379,I need assistance to retrieve the password of my account,recover_password,ACCOUNT,BL,10468
11083,I need information about the cancellation of my {{Account Type}} account,delete_account,ACCOUNT,BL,5482
7815,need help filing a reclamation,complaint,FEEDBACK,BLQ,3649
24176,can you help me using the {{Account Type}} profile?,switch_account,ACCOUNT,BIL,13285
9969,i do not know what i have to do to create a standard account,create_account,ACCOUNT,BELQ,4976
1539,help to swap an article of purchase {{Order Number}},change_order,ORDER,BL,221
24606,can ya help me to switch to the {{Account Type}} account,switch_account,ACCOUNT,BIQ,13125
17966,assistance informing of errors with payments,payment_issue,PAYMENT,BLM,9014
6879,I have to check in which cases can I ask to be reimbursed,check_refund_policy,REFUND,BL,2959
111,I have problems with cancelling purchase {{Order Number}},cancel_order,ORDER,BLM,8
12973,"I need to see how soon can I expect my shipment, help me",delivery_period,DELIVERY,BCL,6481
2192,I try to change the address,change_shipping_address,SHIPPING,BL,900
26031,I'm waiting for a fucking compensatio of {{Refund Amount}} dollars,track_refund,REFUND,BLQWZ,13863
21640,"I can't create a profile, I want to inform of signup issues",registration_problems,ACCOUNT,BCLMN,11703
15820,I do not know how I can get the damn bill from {{Person Name}},get_invoice,INVOICE,BELW,7614
3073,how to check the early exit penalties?,check_cancellation_fee,CANCEL,BILM,1445
23384,i have to enter a different shipping address,set_up_shipping_address,SHIPPING,BLQZ,12616
12379,"I want to see what shipping methods are there, help me",delivery_options,DELIVERY,BCLM,6251
21947,i need assistance sending my feedback for a product,review,FEEDBACK,BLQ,11908
19371,whereto acquire something,place_order,ORDER,BILQZ,10022
16152,"I paid {{Currency Symbol}}{{Refund Amount}} for this purchase, how can I get a rebate?",get_refund,REFUND,BCILM,8196
19108,how can i purchasse a product,place_order,ORDER,BILQZ,9790
7405,need assistance to make a consumer claim against ur business,complaint,FEEDBACK,BLQ,3640
2651,support editing my shipping address,change_shipping_address,SHIPPING,BL,1216
9600,I do not know how to speak with an agent,contact_human_agent,CONTACT,BEL,4452
10979,could you help me cancel a gold account?,delete_account,ACCOUNT,BILP,5514
6082,need help seeing ur reimbursement policy,check_refund_policy,REFUND,BLQ,3001
9208,could you help me talk to an assistant?,contact_human_agent,CONTACT,BILP,4549
7632,"I am unhappy with your services, help filing a complaint",complaint,FEEDBACK,BCL,3739
19349,assistance buying some of your article,place_order,ORDER,BLM,10001
9631,i need assistance talking with an agent,contact_human_agent,CONTACT,BLQ,4626
14213,changing details on standard account,edit_account,ACCOUNT,BKLM,7204
23889,I try to change to the {{Account Type}} account,switch_account,ACCOUNT,BL,13124
22623,ho can I send my feedback about your company?,review,FEEDBACK,BILZ,12420
14170,editing info on freemium account,edit_account,ACCOUNT,BKLQ,7171
18568,"I can't pay, I need to notify of a problem with payments",payment_issue,PAYMENT,BCLM,9404
3397,I do not know what to do to check the cancellation charges,check_cancellation_fee,CANCEL,BELM,1487
5094,want help checking the allowed payment methods,check_payment_methods,PAYMENT,BLQ,2543
16617,assistance to obtain a restitution of my money,get_refund,REFUND,BL,8456
13648,help me see how soon can i expect the parcel,delivery_period,DELIVERY,BLQ,6418
11220,how can i find information about my {{Account Type}} account removal,delete_account,ACCOUNT,BILQ,5525
26785,I don't know what I have to do to see the restitution status,track_refund,REFUND,BL,13827
14801,editing info on pro account,edit_account,ACCOUNT,BKLQ,7552
21501,I have got to notify of an issue with signup,registration_problems,ACCOUNT,BL,11219
19904,I need assistance to recover my PIN code,recover_password,ACCOUNT,BL,10414
6167,need to check in which cases can i request an refund,check_refund_policy,REFUND,BLQZ,2997
21580,i do not know what i need to do to report errors with signup,registration_problems,ACCOUNT,BELMQ,11669
10760,open standard account for wife,create_account,ACCOUNT,BKL,5395
9123,i try to talk with a person,contact_human_agent,CONTACT,BLQ,4491
2272,I need assistance to correct my delivery address,change_shipping_address,SHIPPING,BL,790
1849,help deleting a damn item from order {{Order Number}},change_order,ORDER,BLW,269
18808,"I cannot make payments, could you help me report errors?",payment_issue,PAYMENT,BCEILMP,9543
22131,"I have to leave an opinion for a product, can you help me?",review,FEEDBACK,BCIL,12064
20454,"I lost the access key of my user profile, help to recover it",recover_password,ACCOUNT,BCL,10893
8998,i want assistance to chat with an agent,contact_human_agent,CONTACT,BLQ,4401
23575,I cannot set up my shipping address,set_up_shipping_address,SHIPPING,BELZ,12827
14997,I want help downloading the bill #85632,get_invoice,INVOICE,BL,7678
13505,wanna know more about the shipping periods,delivery_period,DELIVERY,BLMQ,6776
7910,file consumer claim against your organization,complaint,FEEDBACK,BKL,3321
18498,help reporting troubles with payments,payment_issue,PAYMENT,BLM,9367
11892,i dont know what i have to do to delete my platinum account,delete_account,ACCOUNT,BLQ,5474
9263,help me to chat with an agent,contact_human_agent,CONTACT,BL,4587
24197,I do not know what I need to do to change to the {{Account Type}} account,switch_account,ACCOUNT,BEL,13124
9133,how do I chat with an operator?,contact_human_agent,CONTACT,BIL,4449
3603,check cancellation charges,check_cancellation_fee,CANCEL,BKLM,1487
13123,I need to see when will my product arrive,delivery_period,DELIVERY,BL,6590
8840,I want help speaking to customer service,contact_customer_service,CONTACT,BL,4054
4105,help me see my bills from {{Person Name}},check_invoice,INVOICE,BLM,1923
26330,I want help seeing if there is anything wrong with my refund,track_refund,REFUND,BL,13818
21582,I have to inform of na issue with signup,registration_problems,ACCOUNT,BLZ,11515
3827,"I have to check the early exit charge, I need help",check_cancellation_fee,CANCEL,BCL,1486
14185,correctinmg details on platinum account,edit_account,ACCOUNT,BKLMZ,7184
18094,I want to inform of troubles with payments,payment_issue,PAYMENT,BLM,9116
13477,where can I see how long the shipment takes?,delivery_period,DELIVERY,BIL,6764
17577,can you help me to unsubscribe from the newsletter?,newsletter_subscription,SUBSCRIPTION,BIL,8619
2680,can you tell me more about a shipping address correction?,change_shipping_address,SHIPPING,BIL,1232
26297,i cant see the compensation status,track_refund,REFUND,BLNQ,13855
19236,where do I order something?,place_order,ORDER,BIL,9903
4353,can i givea quick look at the bill from {{Person Name}},check_invoice,INVOICE,BILQZ,2197
17558,where do I receive the corporate newsletter?,newsletter_subscription,SUBSCRIPTION,BIL,8652
8209,can you help me talking to customer service?,contact_customer_service,CONTACT,BIL,4050
9073,I do not know what to do to speak with an live agent,contact_human_agent,CONTACT,BELZ,4455
6066,see in what cases can I request refunds,check_refund_policy,REFUND,BL,2956
15942,what do i need to do to get a reimbursement of money,get_refund,REFUND,BILQ,8023
22725,I have got to elave feedback about your products,review,FEEDBACK,BLZ,12489
22660,need assistance submitting some feedback about ur company,review,FEEDBACK,BLQ,11922
9021,i need assistance to talk with somelne,contact_human_agent,CONTACT,BLQZ,4417
2640,I have troubles trying to change my address,change_shipping_address,SHIPPING,BLM,798
16526,i have paid {{Currency Symbol}}{{Refund Amount}} for this item i need help to get a refund,get_refund,REFUND,BCELMQV,8072
5831,i need assistance to checkur payment modalities,check_payment_methods,PAYMENT,BLQZ,2922
24019,help using the {{Account Category}} account,switch_account,ACCOUNT,B,13214
20701,i want help retrieving the access key of my account,recover_password,ACCOUNT,BLQ,10466
167,I need assistance with canceling purchase {{Order Number}},cancel_order,ORDER,BL,3
10528,need assistance opening a pro account for my daughter,create_account,ACCOUNT,BLQ,5262
12139,do ya ship toCanada,delivery_options,DELIVERY,BILQSZ,6140
9414,I am trying to speak with an operator,contact_human_agent,CONTACT,BL,4660
24625,need to change to hte {{Account Category}} account could uhelp me,switch_account,ACCOUNT,BCILPQZ,13445
8061,I need help seeing what hours customer service available is,contact_customer_service,CONTACT,BL,3924
19269,I want help buying several articles,place_order,ORDER,BLM,9932
15148,ido not know what i need to do to get the invoice #12588,get_invoice,INVOICE,BEQZ,7740
12247,where to see what delivery options uoffer,delivery_options,DELIVERY,BILMQ,6193
9024,I need assistance to contact a human agent,contact_human_agent,CONTACT,BL,4420
13304,wanna see how long it usually takex for my parcel to arrive,delivery_period,DELIVERY,BLQZ,6685
25873,i need help trackng order {{Order Number}},track_order,ORDER,BQZ,13776
23853,I want assistance entering my new shipping address,set_up_shipping_address,SHIPPING,BL,13036
4275,i do not know what i need to do to see the bill #85632,check_invoice,INVOICE,BELQZ,2039
18958,assistance acquiring a few of ur item,place_order,ORDER,BLMQ,9647
5593,help to see ur accepted payment emthods,check_payment_methods,PAYMENT,BLQZ,2816
23116,there is a problem setting up my new shipping address,set_up_shipping_address,SHIPPING,BLZ,12753
19863,I do not know how to acquire several of your product,place_order,ORDER,BELM,9642
13250,where could I see how soon can I expect the product ?,delivery_period,DELIVERY,BILPZ,6657
11579,help me deleting my {{Account Type}} account,delete_account,ACCOUNT,BL,5517
2178,I have troubles modifying the fucking shipping address,change_shipping_address,SHIPPING,BLMW,886
20832,assistance to reset the pin of my account,recover_password,ACCOUNT,BLQ,11065
3410,I have to see the early exit fee,check_cancellation_fee,CANCEL,BL,1683
1254,help to add some products to purchjase {{Order Number}},change_order,ORDER,BLMZ,390
3098,what do i need to do to check the cancellation charges,check_cancellation_fee,CANCEL,BILMQ,1487
17278,I try to subscribe to your newsletter,newsletter_subscription,SUBSCRIPTION,BL,8619
11463,delete gold acvount,delete_account,ACCOUNT,BKLZ,5793
14370,update standard account,edit_account,ACCOUNT,BKL,7303
16999,I need assistance signing up to your damn newsletter,newsletter_subscription,SUBSCRIPTION,BLW,8672
9066,how to chat with an operator?,contact_human_agent,CONTACT,BIL,4449
18934,earn a few of your product,place_order,ORDER,BLM,9624
23339,can i submit a fucking new shipping address,set_up_shipping_address,SHIPPING,BILQW,12875
13540,"I need to see when will my product arrive, help me",delivery_period,DELIVERY,BCL,6473
20435,I am trying to reset my user account access key,recover_password,ACCOUNT,BL,10879
10933,i dont know what i need to do to cancel my {{Account Type}} account,delete_account,ACCOUNT,BLQ,5473
11344,clsoe pro account,delete_account,ACCOUNT,BKLZ,5729
25721,wanna check the status of order {{Order Number}} could uelp me,track_order,ORDER,BCIPQZ,13753
13545,help to check how long it takes for the package to asrrive,delivery_period,DELIVERY,BLZ,6576
1872,can you helo me switch something of order {{Order Number}}?,change_order,ORDER,BILZ,674
9153,I don't know how I can speak to an agent,contact_human_agent,CONTACT,BL,4515
18324,I don't know how to report an issue with online payments,payment_issue,PAYMENT,BLM,9032
15718,getting invoice #37777,get_invoice,INVOICE,BK,7711
21340,I want help informing of a problem with signup,registration_problems,ACCOUNT,BL,11227
5222,"I have to list your payment modalities, how do I do it?",check_payment_methods,PAYMENT,BCIL,2643
21209,I can't notify of issues with a registration,registration_problems,ACCOUNT,BLMN,11442
6715,i want help seeing in what cases can i ask to be refunded,check_refund_policy,REFUND,BLQ,3074
9588,can I speak with a person ?,contact_human_agent,CONTACT,BILZ,4411
18915,where to pucrhase some items,place_order,ORDER,BILMQZ,9605
20404,i do not know what to do to resetthe key of my user profile,recover_password,ACCOUNT,BELQZ,10853
16405,"I paid {{Refund Amount}} dollars for this order, I need a compensation",get_refund,REFUND,BCLM,8344
25228,I do not know how I could see order {{Order Number}} status,track_order,ORDER,BELP,13523
9898,can you help me chatting with someone?,contact_human_agent,CONTACT,BIL,4670
5745,"I want to check your payment modalities, I need assistance",check_payment_methods,PAYMENT,BCL,2884
25946,I have got to track the compensation,track_refund,REFUND,BL,13835
4377,help me to take a quick look at my bills from {{Person Name}},check_invoice,INVOICE,BLM,2046
23446,"I need to submit the goddamn shipping address, how to do it?",set_up_shipping_address,SHIPPING,BCILW,12923
25130,where do i check the status of order {{Order Number}},track_order,ORDER,BIQ,13523
22712,do ya have an e-mail to leave a commnt,review,FEEDBACK,BILQZ,12480
24014,I don't know how to change to the {{Account Type}} account,switch_account,ACCOUNT,BL,13124
21439,is it possible to notify of an error with signup,registration_problems,ACCOUNT,BILQ,11593
8596,help me to see what hours I can contact customer assistance,contact_customer_service,CONTACT,BL,3887
22271,I do not know how to leave some feedback about a product,review,FEEDBACK,BEL,12173
13443,I have got to check how soon can I expect my package,delivery_period,DELIVERY,BL,6534
2450,I have iussues correcting my address,change_shipping_address,SHIPPING,BLMZ,1085
9487,can I talk with a live agent?,contact_human_agent,CONTACT,BIL,4698
20140,i have problems with the pin reset,recover_password,ACCOUNT,BLMQ,10629
17956,I need to notify of problems with payments,payment_issue,PAYMENT,BLM,9004
8122,"I need to talk with customer service, how could I do it?",contact_customer_service,CONTACT,BCILP,4007
4540,where do I take a quick look at my bill #12588?,check_invoice,INVOICE,BIL,2286
5747,available payment modalities,check_payment_methods,PAYMENT,BKL,2489
4419,how to give a quick look at the bill from {{Person Name}}?,check_invoice,INVOICE,BIL,1976
405,I want assistance cancelling order {{Order Number}},cancel_order,ORDER,B,17
22291,i dont know how i can write an opinion for a product,review,FEEDBACK,BLQ,12155
6116,I need help seeing your reimbursement policy,check_refund_policy,REFUND,BL,3001
4970,need help seeing what damn payment options are accepted,check_payment_methods,PAYMENT,BLQW,2508
8334,wanna see what hours cdustomer support available is,contact_customer_service,CONTACT,BLQZ,3890
2688,need assistance trying to edit my address,change_shipping_address,SHIPPING,BLQ,944
5631,wanna list the available payment methods can ya help me,check_payment_methods,PAYMENT,BCILQ,2523
21410,assistance to inform of an issue with registrations,registration_problems,ACCOUNT,BL,11540
18058,how to report problems with payment?,payment_issue,PAYMENT,BILM,9092
24131,i do not know what i need to do to switch to the {{Account Type}} account,switch_account,ACCOUNT,BEQ,13125
15306,I am trying to download the bills from {{Person Name}},get_invoice,INVOICE,BLM,7618
21889,need to submit my feedback for a service can uhelp me,review,FEEDBACK,BCILQ,11853
18378,help me notifying of problems with online payments,payment_issue,PAYMENT,BLM,9024
26068,where can I see the status of the restitution?,track_refund,REFUND,BIL,13804
26543,"I have to see my compensation status, help me",track_refund,REFUND,BCL,13872
6263,I want to check in which situations czn I ask for a refund,check_refund_policy,REFUND,BLZ,3118
13746,I want to know more about shipping periods,delivery_period,DELIVERY,BL,6776
12734,could you tell me about the options for shipping?,delivery_options,DELIVERY,BILP,6355
17808,i have to receive the corporate newsletter could ya help me,newsletter_subscription,SUBSCRIPTION,BCILPQ,8652
2243,issues changing shipping address,change_shipping_address,SHIPPING,BKM,913
3944,can uhelp me to check my invoice #00108,check_invoice,INVOICE,BIQ,1934
7399,wanna file a custome complaint,complaint,FEEDBACK,BLQZ,3638
18205,I want help solving a problem with online payment,payment_issue,PAYMENT,BL,9036
18468,help me solving troubles with payment,payment_issue,PAYMENT,BLM,9305
6391,assistance checking howlong reimbursements take,check_refund_policy,REFUND,BLZ,3172
24108,change to platinum acount,switch_account,ACCOUNT,BKLZ,13259
11891,problem with standard account deletions,delete_account,ACCOUNT,BLM,5579
545,i cannot pay for my last item cancel order {{Order Number}},cancel_order,ORDER,BCELNQ,140
14970,send me mybill from {{Person Name}},get_invoice,INVOICE,BLZ,7655
21277,I want help informing of sign-up errors,registration_problems,ACCOUNT,BLM,11430
9064,can you help me contact somebody?,contact_human_agent,CONTACT,BIL,4447
24684,i do not know how to switch to the platinum account,switch_account,ACCOUNT,BEQ,13225
7634,"my experience with you was terrible, help me lodging a claim",complaint,FEEDBACK,BCL,3741
12316,"I need to see what shipment options are available, help me",delivery_options,DELIVERY,BCLM,6226
24769,"I have got to switch to the standard account , help me",switch_account,ACCOUNT,BCZ,13152
7444,help me making a reclamation against ur organizatuon,complaint,FEEDBACK,BLQZ,3660
12436,I am calling to check what methods for delivery are there,delivery_options,DELIVERY,BLM,6267
25185,can uhelp me locating order {{Order Number}},track_order,ORDER,BILQ,13602
678,"I do not want the item I purchased, can I cancel the order?",cancel_order,ORDER,BCEILN,158
4527,wanna see bill #85632,check_invoice,INVOICE,BLQ,2279
5430,help me to see your available payment modalities,check_payment_methods,PAYMENT,BL,2489
24749,what do I need to do to switch to the standard account?,switch_account,ACCOUNT,BI,13152
22202,I do not know how to submit some feedback,review,FEEDBACK,BE,12120
25006,tracking order,track_order,ORDER,BK,13563
4098,assistance to give a quick look at the bill #85632,check_invoice,INVOICE,BL,2006
6424,"I have got to see how long refunds take, I need help",check_refund_policy,REFUND,BCL,3008
12410,I need assistance to check the shipping methods,delivery_options,DELIVERY,BL,6202
23777,I try to submit a new delivery address,set_up_shipping_address,SHIPPING,BL,12711
3901,i do not know how i can ese the termination charges,check_cancellation_fee,CANCEL,BELMQZ,1899
13139,I don't know what to do to see how soon can I expect my item,delivery_period,DELIVERY,BL,6599
6954,i do not know how to lodge a consumer complaint,complaint,FEEDBACK,BELQ,3330
7905,I don't know what I need to do to make a claim,complaint,FEEDBACK,BL,3859
16392,i want help to ask for compensatiuons,get_refund,REFUND,BLMQZ,8335
21453,help me notify of an sign-up error,registration_problems,ACCOUNT,BLZ,11313
20376,I need assistance to reset the pass of my profile,recover_password,ACCOUNT,BLQ,10831
6962,want assistance to lodge a reclamation against ur business,complaint,FEEDBACK,BLQ,3359
24649,I want help changing to the goddamn platinum account,switch_account,ACCOUNT,BLW,13453
15948,what do I have to do to get rebates of money?,get_refund,REFUND,BILM,8029
5363,can you help me listing your allowed payment modalities?,check_payment_methods,PAYMENT,BIL,2470
19347,"I need to earn several bloody items, how could I do it?",place_order,ORDER,BCILMPW,9999
4757,I need help to give a quick look at the bill from {{Person Name}},check_invoice,INVOICE,BL,1976
3623,is it possible to check the withdrawal penalty?,check_cancellation_fee,CANCEL,BIL,1778
5635,assistance to see what payment options are allowed,check_payment_methods,PAYMENT,BL,2542
12833,I have got to check what delivery methods I can choose,delivery_options,DELIVERY,BLM,6009
13623,"I have got to see when will my item arrive, how do I do it?",delivery_period,DELIVERY,BCIL,6793
15252,I don't know what I need to do to downloa the invoice #85632,get_invoice,INVOICE,BLZ,7776
22208,I do not know how to write a comment about your services,review,FEEDBACK,BEL,11872
9767,i dont know what to do to chat with a fucking assistant,contact_human_agent,CONTACT,BLQW,4851
9792,"I need to talk to a live agent, can I get some help?",contact_human_agent,CONTACT,BCIL,4865
6945,I don't know what to do to lodge a complaint,complaint,FEEDBACK,BL,3350
16868,"I have paid {{Currency Symbol}}{{Refund Amount}} for an order, I want a compensation",get_refund,REFUND,BCELMV,8604
15740,how to download the bill from {{Person Name}},get_invoice,INVOICE,BILQ,7618
17864,help to receive your newsletter,newsletter_subscription,SUBSCRIPTION,BL,8701
13208,I am trying to check how soon can I expct my parcel,delivery_period,DELIVERY,BLZ,6635
2678,need assistance trying to corrcet my delivery address,change_shipping_address,SHIPPING,BLQZ,1231
21738,registration issue,registration_problems,ACCOUNT,BK,11324
17255,tell me about receiving ur corporate newsletter,newsletter_subscription,SUBSCRIPTION,BLQ,8772
6974,I don't know how to make a complaint against your company,complaint,FEEDBACK,BL,3374
17552,tell me more about unsubscribing frmo ur company newsletter,newsletter_subscription,SUBSCRIPTION,BLQZ,8865
9362,can uhelp me speak with an operator,contact_human_agent,CONTACT,BILQ,4435
18244,need help notifying of problems with online payments,payment_issue,PAYMENT,BLMQ,9024
18612,is it possible to inform of payment issues?,payment_issue,PAYMENT,BILM,9428
6064,how do I check your money back policy ?,check_refund_policy,REFUND,BIZ,3050
21422,i have got to notify of problems with a registration,registration_problems,ACCOUNT,BLMQ,11283
9390,I have to speak with someone,contact_human_agent,CONTACT,BL,4431
12021,od ya deliver to {{Delivery Country}},delivery_options,DELIVERY,BIQSZ,6083
25514,assistance to see the ETA of the purchase {{Order Number}},track_order,ORDER,BL,13518
18471,I need assistance to inform of issues with payments,payment_issue,PAYMENT,BLM,9026
26741,I want assistance to check my reimbursement status,track_refund,REFUND,BL,14006
12374,"I have got to see the methods for shipment, how do I do it?",delivery_options,DELIVERY,BCIL,6248
1089,i catn add something to purchase {{Order Number}},change_order,ORDER,BLNQZ,279
13206,how do I see how soon can I expect my package?,delivery_period,DELIVERY,BIL,6474
22264,do you have an e-mail to submit a comment?,review,FEEDBACK,BIL,12167
2744,"my delivery address changed, can you help me editing it?",change_shipping_address,SHIPPING,BCIL,1271
2362,"I chose a wrong delivery address, can you help me update it?",change_shipping_address,SHIPPING,BCIL,1023
5533,wanna see ur payment modalities will yahelp me,check_payment_methods,PAYMENT,BCILPQZ,2789
23466,issue submitting a secondary shipping address,set_up_shipping_address,SHIPPING,BL,12687
9751,i dont know what to do tl talk to an agent,contact_human_agent,CONTACT,BQZ,4845
12385,"I have to see the shipping options, could I get some help?",delivery_options,DELIVERY,BCILP,6253
12657,how to see what delivery options you offer?,delivery_options,DELIVERY,BILM,6045
7490,I am trying to make a customer complaint,complaint,FEEDBACK,BL,3681
2222,I want to know more about updating my address,change_shipping_address,SHIPPING,BL,922
4461,i do not know what to do to look for thebill #00108,check_invoice,INVOICE,BELQZ,2250
10927,"I no longer use my {{Account Type}} account, help me cancelling it",delete_account,ACCOUNT,BCEL,5475
13271,can uhelp me see how sooj can i expect the product,delivery_period,DELIVERY,BILQZ,6667
19051,is it possible to acquire some of ur product,place_order,ORDER,BILMQ,9735
12417,I need help to check what shipping methods are available,delivery_options,DELIVERY,BLM,6030
20299,I am trying to restore my user profile key,recover_password,ACCOUNT,BL,10767
2003,where do I correct my address?,change_shipping_address,SHIPPING,BIL,727
16858,need to receive reimbursements of my money,get_refund,REFUND,BLMQ,8022
23067,wanna set a shipping address up help me,set_up_shipping_address,SHIPPING,BCLQ,12681
15298,how to get the invoices from {{Person Name}},get_invoice,INVOICE,BIMQ,7629
13836,help me see how soon can I expect the article,delivery_period,DELIVERY,BL,6419
19483,"I want to purchase several of your article, how do I do it?",place_order,ORDER,BCILM,10111
9334,I want to talk to a live agent,contact_human_agent,CONTACT,BL,4356
11846,what do i have to do to cancel a standard account,delete_account,ACCOUNT,BILQ,5959
12941,I have to check how long it takes for the purchase to arrive,delivery_period,DELIVERY,BL,6455
22588,I need help to submit some feedback about your company,review,FEEDBACK,BL,12395
2729,there are troubles editing my shipping addrss,change_shipping_address,SHIPPING,BLMZ,1263
11176,i dont use m freemium account I'm trying to cancel it,delete_account,ACCOUNT,BCLQZ,5642
2411,I havd problems with a shipping address update,change_shipping_address,SHIPPING,BLMZ,1057
10472,I want help opening a standard account,create_account,ACCOUNT,BL,5233
24527,I need assistance switching to the {{Account Type}} account,switch_account,ACCOUNT,B,13136
3768,i need assistance seeing the cancellaion penalty,check_cancellation_fee,CANCEL,BLQZ,1844
17875,I need help signing up to your company newsletter,newsletter_subscription,SUBSCRIPTION,BL,8942
5757,I don't know how I can see your accepted paymentg options,check_payment_methods,PAYMENT,BLZ,2890
9550,what do I have to do to cntact an assistant?,contact_human_agent,CONTACT,BILZ,4733
13270,I call to check how long it takes for my shipment to arrive,delivery_period,DELIVERY,BL,6420
2534,i need support trying to correct the shipping address,change_shipping_address,SHIPPING,BLQ,1143
14510,edit freemium account,edit_account,ACCOUNT,BKL,7387
21831,I need assistance informing of bloody registration issues,registration_problems,ACCOUNT,BLMW,11816
16237,what do i need to do to receive refunds,get_refund,REFUND,BILMQ,8251
20611,"someone stole my password, help retrieving it",recover_password,ACCOUNT,BCL,11009
22330,where do I leave some feedback about a product?,review,FEEDBACK,BIL,12213
17546,how to receive ur newseltter,newsletter_subscription,SUBSCRIPTION,BILQZ,8863
25592,help seeing purchase {{Order Number}} current status,track_order,ORDER,BL,13520
5418,how to check what payment options are accepted,check_payment_methods,PAYMENT,BILQ,2735
8135,would it be possible to speak with customer support?,contact_customer_service,CONTACT,BILP,4012
2480,need support trying to modifythe address,change_shipping_address,SHIPPING,BLQZ,1107
24855,what do I need to do to change to the pro account?,switch_account,ACCOUNT,BIL,13250
8507,is it possible to talk to customer assistance ?,contact_customer_service,CONTACT,BILZ,4172
6232,I want to check in what cases can I request refunds,check_refund_policy,REFUND,BL,2956
16773,i have paid {{Currency Symbol}}{{Refund Amount}} for a product where to receive a rebate,get_refund,REFUND,BCEILMQV,8072
2748,i want assistance to change my delivery address,change_shipping_address,SHIPPING,BLQ,954
10113,want help creating a {{Account Category}} account,create_account,ACCOUNT,BLQ,5025
4279,i have to find my invoice #12588 how todo it,check_invoice,INVOICE,BCIQZ,2154
13239,can you hlp me seeing when my product is going to arrive?,delivery_period,DELIVERY,BILZ,6652
11919,i have to check what shipment options uoffer,delivery_options,DELIVERY,BLMQ,6004
18297,solve issue with payment,payment_issue,PAYMENT,BKL,9251
16553,I need assistance to obtain a goddamn rebate of money,get_refund,REFUND,BLW,8427
779,cancel purchase113542617735902,cancel_order,ORDER,BKLZ,176
17115,want help canceling the subscription to the newslettef,newsletter_subscription,SUBSCRIPTION,BLQZ,8715
13814,help me check when will my package arrive,delivery_period,DELIVERY,BL,6542
5687,I don't know how to check your available payment options,check_payment_methods,PAYMENT,BL,2856
3654,where can I check the termination fees?,check_cancellation_fee,CANCEL,BILM,1536
18355,i have to inform of troubles with online payment,payment_issue,PAYMENT,BLMQ,9001
10335,opdn gold account,create_account,ACCOUNT,BKLZ,5209
25366,checking order {{Order Number}} current status,track_order,ORDER,BKL,13523
21430,inform of a problem with sign-up,registration_problems,ACCOUNT,BL,11462
311,canceling order,cancel_order,ORDER,BK,96
24026,how could I use the gold profile?,switch_account,ACCOUNT,BILP,13178
6662,want help seeing in hwich cases can i ask to be refunded,check_refund_policy,REFUND,BLQZ,3254
173,question about canceling purchase {{Order Number}},cancel_order,ORDER,BL,62
22598,can uhelp me ti leave a damn review for a product,review,FEEDBACK,BILQWZ,12404
13802,how to check how soon can I expect my parcel?,delivery_period,DELIVERY,BIL,6485
18522,how to notify of a trouble with online payments,payment_issue,PAYMENT,BILMQ,8962
23157,where do I set a different shipping address up?,set_up_shipping_address,SHIPPING,BI,12786
14029,change details on pro account,edit_account,ACCOUNT,BKLM,7057
21770,i do not know what i need to do to report signup errors,registration_problems,ACCOUNT,BELMQ,11669
11815,i no lomger need my damn gold account can uhelp me delete it,delete_account,ACCOUNT,BCEILQWZ,5947
23532,I want assistance to submit the shipping address,set_up_shipping_address,SHIPPING,BL,12910
15182,is it possible to download my bills from {{Person Name}}?,get_invoice,INVOICE,BILM,7750
6848,"I want to see your money back policy, I need help",check_refund_policy,REFUND,BCL,2968
21659,need to report an issue with signup,registration_problems,ACCOUNT,BLQ,11265
3928,I need help locating my bill #85632,check_invoice,INVOICE,BL,1919
13001,how do I see when my item is going to arrive?,delivery_period,DELIVERY,BIL,6503
24569,how to change to the standard account?,switch_account,ACCOUNT,BIL,13144
16383,getting refund of money,get_refund,REFUND,BK,8332
17344,how do i subscribe to the corporate newsletter,newsletter_subscription,SUBSCRIPTION,BILQ,8630
17374,help me to unsubscribe to your company newsletter,newsletter_subscription,SUBSCRIPTION,BL,8619
26147,I'm trying to see the rebate current status,track_refund,REFUND,BLQ,13925
24020,could I change to the goddamn standard account?,switch_account,ACCOUNT,BILPW,13215
23820,i have troubles entering my delivery address,set_up_shipping_address,SHIPPING,BLMQ,13093
6270,help me to see in what cases can I ask for a damn refund,check_refund_policy,REFUND,BLW,3070
12024,where can I find information about the methods for shipping?,delivery_options,DELIVERY,BIL,6085
11098,i don use my {{Account Type}} account i dont know how i can cancel it,delete_account,ACCOUNT,BCLQZ,5597
25270,what do I need to do to locate purchase {{Order Number}}?,track_order,ORDER,BIL,13641
20672,i want help to reset my user profile pin code,recover_password,ACCOUNT,BLQ,11049
4973,show me what payment options are accepted,check_payment_methods,PAYMENT,BL,2510
14706,edit details on pro account,edit_account,ACCOUNT,BKLM,7508
11737,close freemium account,delete_account,ACCOUNT,BKL,5910
4359,I need help giving a quick look at the invoice #37777,check_invoice,INVOICE,BL,1915
21107,i cant inform of sign-up errors,registration_problems,ACCOUNT,BLMNQ,11369
13182,how can I see how long it takes for the article to arrive?,delivery_period,DELIVERY,BIL,6569
4948,how to see the available payment modalities?,check_payment_methods,PAYMENT,BIL,2489
24272,I want help to use the bloody {{Account Category}} profile,switch_account,ACCOUNT,BLW,13323
13354,where can I find information about the shipping period?,delivery_period,DELIVERY,BILM,6712
17481,"I hav got to sign up to your newsletter, I need help",newsletter_subscription,SUBSCRIPTION,BCLZ,8845
19417,I do not know what I have to do to order some articles,place_order,ORDER,BELM,10058
15418,"I have got to get the ibll #37777, how could I do it?",get_invoice,INVOICE,BCILPZ,7828
22708,I call to leave some feedback about your services,review,FEEDBACK,BL,11915
11808,problem with the cancellation of a {{Account Category}} account,delete_account,ACCOUNT,BL,5567
18815,can you help me inform of a problem with payment?,payment_issue,PAYMENT,BIL,9290
1660,i do not know how to change a product of order {{Order Number}},change_order,ORDER,BELQ,576
23308,"I have to enter a secondary delivery address, I need help",set_up_shipping_address,SHIPPING,BCL,12726
2561,i have errors trying to modify the address,change_shipping_address,SHIPPING,BLMQ,1161
9261,can you help me contact a human agent?,contact_human_agent,CONTACT,BIL,4338
21032,reporting issue with registration,registration_problems,ACCOUNT,BK,11303
3520,I need assistance to see the termination charges,check_cancellation_fee,CANCEL,BLM,1514
4319,I need assistance to find my bill from {{Person Name}},check_invoice,INVOICE,BL,2178
13368,where to check how long it takes for my article to arrive?,delivery_period,DELIVERY,BIL,6721
20227,I want to retrieve the pw of my user account,recover_password,ACCOUNT,BLQZ,10707
21691,notifying of issue creating user account,registration_problems,ACCOUNT,BKL,11732
8182,check what hours I can contact customer support,contact_customer_service,CONTACT,BL,3873
14547,i have got to modify the details on my account help me,edit_account,ACCOUNT,BCLMQ,7412
14159,edit data on {{Account Type}} account,edit_account,ACCOUNT,BKL,7165
20991,want hepl regarding my signup,registration_problems,ACCOUNT,BLQZ,11288
5289,"I want to list the payment methods, can I get some help?",check_payment_methods,PAYMENT,BCIL,2678
18802,i dont know how i can report damn issues with payments,payment_issue,PAYMENT,BMQW,9539
19183,earn a product,place_order,ORDER,BL,9857
19232,help purchasing some bloody articles,place_order,ORDER,BLMW,9899
8735,I have to check what hours I can reach customer support,contact_customer_service,CONTACT,BL,3869
8587,"I have to contact customer assistance, can I get some help?",contact_customer_service,CONTACT,BCIL,4203
26670,I am waitig for a damn reimbursement of {{Refund Amount}} dollars,track_refund,REFUND,BLWZ,13829
10164,I'm trying to find information about creating users,create_account,ACCOUNT,BEMQ,5108
21976,i try to leave feedback about a srrvice,review,FEEDBACK,BLQZ,11933
17310,I don't know how to cancel my subscription to the newsletter,newsletter_subscription,SUBSCRIPTION,BL,8616
4814,how can I take a quick look at my invoice #37777?,check_invoice,INVOICE,BI,2410
13394,where can I check when my package is going to arrive?,delivery_period,DELIVERY,BIL,6539
21503,"I cannot sign up, I would like to report a sign-up issue",registration_problems,ACCOUNT,BCELNP,11622
4666,i have got to give a quick look at the invoice #12588,check_invoice,INVOICE,BLQ,2085
17290,help to see the status of my subscription to your newsletter,newsletter_subscription,SUBSCRIPTION,BL,8631
3014,assistance to see thd early termination fee,check_cancellation_fee,CANCEL,BLZ,1440
4315,check invoice from June,check_invoice,INVOICE,BK,2177
21158,I want to inform of an error with a damn signup,registration_problems,ACCOUNT,BLW,11409
19843,I do not know how I can order several of your article,place_order,ORDER,BELM,10372
2235,I want to know more about correcting my delivery address,change_shipping_address,SHIPPING,BL,773
19102,I have to buy some of yout item,place_order,ORDER,BMZ,9784
16802,want assistance demanding compensations fo money,get_refund,REFUND,BLMQZ,8161
13204,help me seeing how soon can I expect my parcel,delivery_period,DELIVERY,BL,6418
18949,where can i order somedthing,place_order,ORDER,BILQZ,9638
16513,need help to obtain my money back,get_refund,REFUND,BLQ,8147
20250,what do I have to do to recover my user PIN?,recover_password,ACCOUNT,BIL,10725
6012,"I have to see how long reimbursements take, I need help",check_refund_policy,REFUND,BCL,3020
19711,I want assistance ordering an article,place_order,ORDER,BL,10183
1698,remove several items from purchase {{Order Number}},change_order,ORDER,BLM,442
26294,assistance knowing if there are any news on my rebate,track_refund,REFUND,BLM,13975
10128,i do not know what to do to open a {{Account Category}} account,create_account,ACCOUNT,BELQ,4970
6591,I want to see in what situations can I request a refund,check_refund_policy,REFUND,BL,2992
11483,I do not know how I could close my damn freemium account,delete_account,ACCOUNT,BELPW,5802
17288,i want assistance to receive the corporate newsletter,newsletter_subscription,SUBSCRIPTION,BLQ,8652
16634,"I paid {{Currency Symbol}}{{Refund Amount}} for an order, can you help me receive a rebate?",get_refund,REFUND,BCILM,8472
12005,help me to check what shipping methods you offer,delivery_options,DELIVERY,BLM,6072
13699,i want help to check how soon can i expect my order,delivery_period,DELIVERY,BLQ,6475
19841,assistance purchasing a few of your item,place_order,ORDER,BLM,10370
22076,can i send some feedback for a product,review,FEEDBACK,BILQ,12020
4087,checking invoices from 10 purchases ago,check_invoice,INVOICE,BKM,2040
11209,i need information about the termination of a {{Account Type}} account,delete_account,ACCOUNT,BLQ,5492
1645,I'm trying to swap an item of purchase {{Order Number}},change_order,ORDER,BLQ,567
19855,need help oirdering several items,place_order,ORDER,BLMQZ,10382
21850,I try to notify of an error with registrations,registration_problems,ACCOUNT,BL,11277
6939,how can I make a complaint against your company?,complaint,FEEDBACK,BIL,3345
21304,i want help to inform of a problem with registrations,registration_problems,ACCOUNT,BLQ,11215
10040,create nbew {{Account Type}} account,create_account,ACCOUNT,BKLZ,5031
4457,wanna see bill #37777,check_invoice,INVOICE,BLQ,2247
19995,question about the passowrd reset,recover_password,ACCOUNT,BLZ,10501
14141,edit information on {{Account Type}} account,edit_account,ACCOUNT,BKL,6971
13561,i need help checking when my package is gonna arrive,delivery_period,DELIVERY,BLQ,6436
12231,I don't know what I need to do to check the shipment options,delivery_options,DELIVERY,BL,6184
19079,I don't know what I have to do to order some items,place_order,ORDER,BLM,9761
6748,help me see in what situations can I ask for a refund,check_refund_policy,REFUND,BL,2990
1748,I need to swap an item of order {{Order Number}},change_order,ORDER,BL,309
5220,i want assistance listing the payment methods,check_payment_methods,PAYMENT,BLQ,2642
25879,I am waiting for an restitution of {{Refund Amount}} dollars,track_refund,REFUND,BLZ,13782
9623,I cannot contact a human agent,contact_human_agent,CONTACT,BEL,4775
23559,can you help me setting another delivery addrss up?,set_up_shipping_address,SHIPPING,BILZ,12969
10510,"I am not registered, I want assistance opening a {{Account Type}} accont",create_account,ACCOUNT,BCELZ,5280
26585,assistance to see if there are any news on the compensation,track_refund,REFUND,BLM,13887
15419,assistance getting my bill #37777,get_invoice,INVOICE,BL,7749
8514,I do not know what to do to speak with customer service,contact_customer_service,CONTACT,BEL,3879
21536,howto inform of problems with signup?,registration_problems,ACCOUNT,BILMZ,11401
3563,is it possible to se the cancellation fee?,check_cancellation_fee,CANCEL,BILZ,1754
2095,"I entered a wrong address, will you help me update it?",change_shipping_address,SHIPPING,BCILP,721
1654,i need assistance swapping an article of order {{Order Number}},change_order,ORDER,BLQ,572
22806,I have to send my feedback,review,FEEDBACK,BL,12544
1496,edit ordr {{Order Number}},change_order,ORDER,BKLZ,505
13978,correct details on premium account,edit_account,ACCOUNT,BKLM,7015
18221,I don't know what to do to notify of a payment problem,payment_issue,PAYMENT,BLZ,9206
8581,I need help to see what hours I can reach customer service,contact_customer_service,CONTACT,BL,3907
15144,how do I get the bills from {{Person Name}}?,get_invoice,INVOICE,BILM,7614
16178,assistance demanding restitutions of money,get_refund,REFUND,BLM,8064
11281,i dont know what i need to do to cancel a platinum account,delete_account,ACCOUNT,BLQ,5694
134,I need help with canceling purchase {{Order Number}},cancel_order,ORDER,BL,3
22447,I want to leave a comment for your services,review,FEEDBACK,BL,12190
18555,i try to inform of problems with online payments,payment_issue,PAYMENT,BLMQ,9226
17893,want help subscribing to ur companynewsletter,newsletter_subscription,SUBSCRIPTION,BQZ,8946
16791,I do not know what I need to do to request rebates,get_refund,REFUND,BELM,8379
1991,wanna change some items of order {{Order Number}},change_order,ORDER,BMQ,292
1806,i canot correct the order i made,change_order,ORDER,BELNQZ,646
10456,how do i create a standard account,create_account,ACCOUNT,BIQ,5034
16029,refund {{Refund Amount}} dollars,get_refund,REFUND,BKM,8101
25473,want help seeing the ETA of the purchase {{Order Number}},track_order,ORDER,BLQ,13518
11569,I don't know what I have to do to close the {{Account Type}} account,delete_account,ACCOUNT,BL,5476
9996,open another {{Account Category}} account,create_account,ACCOUNT,BKL,5000
25830,wanna see order {{Order Number}} status help me,track_order,ORDER,BCLQ,13580
14478,updating informtaion on standard account,edit_account,ACCOUNT,BKLZ,7368
8291,how do I check at what time I can contact customer support?,contact_customer_service,CONTACT,BIL,3960
9006,contacting human agent,contact_human_agent,CONTACT,BL,4406
26418,i cannot check if there is anything new on the rebate,track_refund,REFUND,BELNQ,14016
16704,where to get a rebate?,get_refund,REFUND,BIL,8510
4300,I don't know what I have to do to see my bill #00108,check_invoice,INVOICE,BL,2168
17859,cfan you help me to unsubscribe from the newsletter?,newsletter_subscription,SUBSCRIPTION,BILZ,8936
758,i want assisgance cancelling order {{Order Number}},cancel_order,ORDER,BQZ,174
25575,can uhelp me see the currnt status of order {{Order Number}},track_order,ORDER,BILQZ,13713
9650,I don't know how to chat with a human agent,contact_human_agent,CONTACT,BL,4791
23999,is it possible to switch to the freemium account,switch_account,ACCOUNT,BIQ,13202
5197,can you help me list the available payment methods?,check_payment_methods,PAYMENT,BIL,2520
22827,help me to leave a review about a product,review,FEEDBACK,BL,12560
10631,I do not know how I could create a standard account,create_account,ACCOUNT,BELP,5034
26318,where could I see if there is anything new on my refund?,track_refund,REFUND,BILP,13865
21120,how to inform of an error with a signup,registration_problems,ACCOUNT,BILQ,11380
16502,i do not know how to request a rebate of money,get_refund,REFUND,BELQ,8320
4173,how to seethe bill from {{Person Name}},check_invoice,INVOICE,BILQZ,2092
11420,cancel {{Account Category}} acount,delete_account,ACCOUNT,BKLZ,5771
23731,hwy I cannot set up a shipping address valid,set_up_shipping_address,SHIPPING,BELZ,13052
1774,i try to sap some items of order {{Order Number}},change_order,ORDER,BLMQZ,633
24264,can I change to the gold account?,switch_account,ACCOUNT,BIL,13194
22669,i want assistance to send my feedback for ur company,review,FEEDBACK,BLQ,12324
20939,I'd like to inform of an issue with signup help me,registration_problems,ACCOUNT,BCLPQ,11244
25736,i do not kno what to do to locate purchase {{Order Number}},track_order,ORDER,BELQZ,13525
6560,i have got to see ur refund policy can uhelp me,check_refund_policy,REFUND,BCILQ,3227
23518,error setting a new shipping address up,set_up_shipping_address,SHIPPING,BL,12591
12295,"I have got to check what shipment methods I have, help me",delivery_options,DELIVERY,BCLM,6216
11699,want assistance cancelling a {{Account Type}} account,delete_account,ACCOUNT,BLQ,5602
11239,i have a question about the cancellation of a {{Account Type}} account,delete_account,ACCOUNT,BLQZ,5652
6490,could you show me in which situations can I request refunds?,check_refund_policy,REFUND,BILP,2992
23228,neeed assistance setting my secondary shipping address up,set_up_shipping_address,SHIPPING,BLQZ,12821
7165,I need help lodging an reclamation against your company,complaint,FEEDBACK,BLZ,3503
860,can you help me camceling the purchase I made?,cancel_order,ORDER,BILZ,182
25015,checking order {{Order Number}} stagus,track_order,ORDER,BKZ,13567
732,"I have gotr to cancel order {{Order Number}}, I need help",cancel_order,ORDER,BCZ,167
15705,what do I have to do to download the invoice #00108?,get_invoice,INVOICE,BIL,7921
5247,what do i have to do to list ur accepted payment methods,check_payment_methods,PAYMENT,BILQ,2477
1375,can you help me adding an itm to order {{Order Number}}?,change_order,ORDER,BIZ,458
6104,help me check in which situations can I request refunds,check_refund_policy,REFUND,BL,2992
1012,"I want to delete an item from purchase {{Order Number}}, help me",change_order,ORDER,BCL,215
21081,help me notifying of a sign-up problem,registration_problems,ACCOUNT,BL,11351
4460,i need assistance to see my invoice #85632,check_invoice,INVOICE,BLQ,2249
6751,i want assistance checking ur money back policy,check_refund_policy,REFUND,BQ,3095
25760,need assistance to check purchase {{Order Number}} status,track_order,ORDER,BLQ,13522
13086,i dont know how i could see when my shipment is gonna arrive,delivery_period,DELIVERY,BLPQ,6567
6129,could ya help mw check ur reimbursement policy,check_refund_policy,REFUND,BILPQZ,3077
23960,use standard acdcount,switch_account,ACCOUNT,BKZ,13181
9540,i do not know what i need to do to chat with a live agent,contact_human_agent,CONTACT,BELQ,4508
17402,I need assistance to unsubscribe to the corporate newsletter,newsletter_subscription,SUBSCRIPTION,BL,8630
21985,do you have a e-mail to leave feedback about your services?,review,FEEDBACK,BILZ,11942
3488,I want help to check the termnation fees,check_cancellation_fee,CANCEL,BLMZ,1724
18034,where to inform of a trouble with payment ?,payment_issue,PAYMENT,BILZ,9073
2829,can you tell me about changing the delivery address?,change_shipping_address,SHIPPING,BIL,903
20415,can you help me restore my fucking profile password?,recover_password,ACCOUNT,BILW,10861
2300,I need information about a delivery address update,change_shipping_address,SHIPPING,BL,979
13661,I need assistance seeing when will my parcel arrive,delivery_period,DELIVERY,BL,6768
11743,i need assistance cancelling my platinum account,delete_account,ACCOUNT,BLQ,5912
26722,status of refund,track_refund,REFUND,BK,13828
3786,I want assistance checking the withdrawal penalties,check_cancellation_fee,CANCEL,BLMZ,1434
16346,"I have paid {{Currency Symbol}}{{Refund Amount}} for an item, help to receive my money back",get_refund,REFUND,BCELMV,8303
11141,question about the termination of my standard account,delete_account,ACCOUNT,BL,5618
24907,help seeing order {{Order Number}} status,track_order,ORDER,BL,13523
16696,where do I demand a rebate ofb money?,get_refund,REFUND,BILZ,8505
781,I have a proble with canceling purchase {{Order Number}},cancel_order,ORDER,BLZ,9
5939,i have got to check ur money back guarantee how do i do it,check_refund_policy,REFUND,BCILQ,2975
17680,assistance signing up to your company newxletter,newsletter_subscription,SUBSCRIPTION,BLZ,8895
24715,help to use the premium profile,switch_account,ACCOUNT,BL,13166
26113,i expect a restitution of {{Refund Amount}} dollafs,track_refund,REFUND,BLQZ,13879
745,i can no longer afford order {{Order Number}} could i cancel it,cancel_order,ORDER,BCILNPQ,6
15312,I am calling to get invoice #12588,get_invoice,INVOICE,B,7795
13791,i want help to check when will my product arrive,delivery_period,DELIVERY,BLQ,6590
18231,is it possible to inform of issues with online payments,payment_issue,PAYMENT,BILMQ,9216
17576,I want assistance to receive your newsletter,newsletter_subscription,SUBSCRIPTION,BL,8818
16849,assistance obtaining a refund,get_refund,REFUND,BL,8315
1974,switch several items of order {{Order Number}},change_order,ORDER,BLM,249
16034,where to get a compensation of money?,get_refund,REFUND,BIL,7979
14111,"I have to update my user account, how could I do it?",edit_account,ACCOUNT,BCILP,7126
2537,I need supports trying to modify my delivery address,change_shipping_address,SHIPPING,BLM,996
21605,how do I report an error with sign-up?,registration_problems,ACCOUNT,BIL,11683
14536,modify pro account,edit_account,ACCOUNT,BKL,7405
17287,tell me more about canceling my newsletter subscription,newsletter_subscription,SUBSCRIPTION,BL,8716
3475,could you help me to see the withdrawal charges?,check_cancellation_fee,CANCEL,BILMP,1575
15830,what do i have to do to download invoice #85632,get_invoice,INVOICE,BILQ,7613
7767,where do I lodge a reclamation against your organization?,complaint,FEEDBACK,BIL,3568
16054,reimbursing {{Refund Amount}} dollars,get_refund,REFUND,BKLM,8122
23785,I cannot set up the secondary delivery address,set_up_shipping_address,SHIPPING,BELZ,13078
26014,where do I know if there is anything wrong with the refund?,track_refund,REFUND,BIL,13867
5865,is it possible to list the available payment modalities ?,check_payment_methods,PAYMENT,BILZ,2933
3991,find my bill from {{Person Name}},check_invoice,INVOICE,BL,1933
10536,new bloody pro account,create_account,ACCOUNT,BKLW,5292
4164,need assistance to take a quick look at the bill #12588,check_invoice,INVOICE,BLQ,2051
7028,I try to file a complaint against your organization,complaint,FEEDBACK,BL,3340
20275,where do I restore my pass?,recover_password,ACCOUNT,BILQ,10558
17284,how do I cancel my subscription to the newsletter ?,newsletter_subscription,SUBSCRIPTION,BILZ,8616
18159,need help informing of problems with online payment,payment_issue,PAYMENT,BLMQ,9137
17314,I am trying to subscribe to the newsletter,newsletter_subscription,SUBSCRIPTION,BL,8789
3668,can ya help me checking the withrawal fee,check_cancellation_fee,CANCEL,BILQZ,1797
20601,help me retrieve the key of my user proflie,recover_password,ACCOUNT,BLZ,11003
6625,what do I need to do to check your money back guarantee?,check_refund_policy,REFUND,BIL,3011
6770,is it possible to see in which cases can I ask for a refund?,check_refund_policy,REFUND,BIL,3288
13012,I call to see when my goddamn package is going to arrive,delivery_period,DELIVERY,BLW,6513
26679,check my refund status,track_refund,REFUND,B,13828
17246,I want help cancelling my subscription to your newsletter,newsletter_subscription,SUBSCRIPTION,BL,8633
10660,"I am not registered, how to create a {{Account Type}} account with you?",create_account,ACCOUNT,BCEIL,5346
8635,how to talk to customer assisance,contact_customer_service,CONTACT,BILQZ,4223
24266,i dont know how to switch to the pro account,switch_account,ACCOUNT,BQZ,13320
1800,help with adding several items to purchase {{Order Number}},change_order,ORDER,BLM,643
16765,receiving rebate,get_refund,REFUND,BKL,8544
22689,I want help to submit feedback for your company,review,FEEDBACK,BL,12465
4635,where can i give a quick look at invoice #37777,check_invoice,INVOICE,BILQ,2128
2978,want help to check the early termination penalties,check_cancellation_fee,CANCEL,BLMQ,1407
1042,i have got to add something to oprder {{Order Number}},change_order,ORDER,BQZ,244
9699,I have got to speak to an operator,contact_human_agent,CONTACT,BL,4435
23523,I am trying to submit a new shipping address,set_up_shipping_address,SHIPPING,BL,12945
8746,assistance to see what hours i can contact customersupport,contact_customer_service,CONTACT,BLQZ,4266
24626,where can i change to the gold account,switch_account,ACCOUNT,BILQ,13446
2250,assistance trying to edit the address,change_shipping_address,SHIPPING,BL,944
3316,help em checking the withdrawal fees,check_cancellation_fee,CANCEL,BLMZ,1402
16181,help me obtain a compensation of money,get_refund,REFUND,BL,8069
8883,"I have to call customer suupport, could I get some help?",contact_customer_service,CONTACT,BCILPZ,4317
20129,I donot know how to recover my pwd,recover_password,ACCOUNT,BELQZ,10618
1159,change purchase {{Order Number}},change_order,ORDER,BL,312
10141,i do not have a {{Account Type}} account ned help creating one,create_account,ACCOUNT,BCENQZ,5093
3516,how do i see the early exit charges,check_cancellation_fee,CANCEL,BILMQ,1720
12597,I don't know what I need to do to see the shipment options,delivery_options,DELIVERY,BL,6184
2855,update shipping address,change_shipping_address,SHIPPING,BKL,1334
8707,I want to see at what time I ca contact customer assistance,contact_customer_service,CONTACT,BLZ,4208
22943,trouble entering my new shipping address,set_up_shipping_address,SHIPPING,BL,12593
5742,"I want to list your payment options, can you help me?",check_payment_methods,PAYMENT,BCILZ,2882
6643,can I see in which cases can I ask for a reimbursement?,check_refund_policy,REFUND,BIL,3022
9029,would it be possible to talk to an operator?,contact_human_agent,CONTACT,BILP,4424
14218,update data on platinum account,edit_account,ACCOUNT,BKL,7207
15601,"I want to download invoice #85632, can you help me?",get_invoice,INVOICE,BCIL,7889
11702,I have a question about my {{Account Category}} account deletion,delete_account,ACCOUNT,BL,5485
26709,"I expect a goddamn compensation of {{Currency Symbol}}{{Refund Amount}}, was it processed",track_refund,REFUND,BCLW,14093
10646,question about opening a standard account,create_account,ACCOUNT,BL,5011
3859,what are the penalties for breaking the contract ?,check_cancellation_fee,CANCEL,BILMZ,1880
3404,would it be possible to see the early exit penalty?,check_cancellation_fee,CANCEL,BILP,1679
21984,is there a section to submit feedback for your company?,review,FEEDBACK,BIL,11941
22397,i do not know what to do to send feedback for a product,review,FEEDBACK,BELQ,12265
19754,I do not know what I need to do to acquire several products,place_order,ORDER,BELM,9868
16119,I want assistance obtaining reimbursements,get_refund,REFUND,BLM,8172
8906,speak to customer support,contact_customer_service,CONTACT,BL,3865
14433,correcting info on {{Account Category}} aqccount,edit_account,ACCOUNT,BKLQZ,7344
18435,want assistance to inform of troubles with payments,payment_issue,PAYMENT,BLMQ,9116
23206,I have troubles submitting the shipping address,set_up_shipping_address,SHIPPING,BLM,12812
1198,need help to modify purchase {{Order Number}},change_order,ORDER,BLQ,260
14313,edit information on platinum account,edit_account,ACCOUNT,BKL,7264
19281,i dont know how i can buy a few of ur product,place_order,ORDER,BLMQ,9942
20763,I need help to reset the pwd of my user account,recover_password,ACCOUNT,BLQ,11122
18763,need help informing of a payment error,payment_issue,PAYMENT,BLQ,9516
21698,I'm experiencing a problem with my signup,registration_problems,ACCOUNT,BELQ,11456
21026,i cannot notify of a problem with a sign-up,registration_problems,ACCOUNT,BELNQ,11312
8948,"I don't want a bot, transfer to me a damn operator",contact_human_agent,CONTACT,BCLW,4357
1288,add product to purchase {{Order Number}},change_order,ORDER,BKL,410
9543,i do not know what i have to do to contac a live agent,contact_human_agent,CONTACT,BELQZ,4727
293,I need help with cancelling purchase {{Order Number}},cancel_order,ORDER,BL,23
13456,where can i check how soon can i expect my item,delivery_period,DELIVERY,BILQ,6593
19691,want help shopping several items,place_order,ORDER,BLMQ,10268
2754,need assistance to correct my address,change_shipping_address,SHIPPING,BLQ,1141
7126,I want assistance filing a customer claim,complaint,FEEDBACK,BL,3480
2060,i have a problem correcting the address,change_shipping_address,SHIPPING,BLQ,782
6103,I want assistance to see your money back policy,check_refund_policy,REFUND,BL,2991
13055,is it possible to check when will my parcel arrive?,delivery_period,DELIVERY,BIL,6544
24064,can you help me change to the {{Account Category}} account?,switch_account,ACCOUNT,BIL,13139
18716,can uhelp me to report a trouble with online payment,payment_issue,PAYMENT,BILQ,9085
16154,I do not know how I can request refunds of money,get_refund,REFUND,BELM,8198
15136,i do not know whati need to do to download bill #37777,get_invoice,INVOICE,BELQZ,7668
13197,help me to see how long it takes for my damn order to arrive,delivery_period,DELIVERY,BLW,6629
5720,check what payment options are available,check_payment_methods,PAYMENT,BL,2475
23583,"I want to submit my secondary shipping address, help me",set_up_shipping_address,SHIPPING,BCL,12608
7737,I'm calling to make a complaint against ur company,complaint,FEEDBACK,BLQ,3360
14008,edting info on standard account,edit_account,ACCOUNT,BKLQZ,7040
7495,file consumer reclamation against ur company,complaint,FEEDBACK,BKLQ,3395
21499,I have to inform of sign-up problems,registration_problems,ACCOUNT,BLMZ,11294
18929,i dont know how i can acquire some of ur item,place_order,ORDER,BLMQ,9619
18760,assistance to report a problem with payments,payment_issue,PAYMENT,BLM,9514
12507,I need help seeing what shipment methods are there,delivery_options,DELIVERY,BLM,6286
23966,where to change to the {{Account Type}} account?,switch_account,ACCOUNT,BIL,13124
26075,can ya help me seeing the refnd status,track_refund,REFUND,BILQZ,13898
2077,can you tell me moreabout editing the delivery address?,change_shipping_address,SHIPPING,BILZ,799
21185,"I am experiencing issues trying to sign up, can you help me?",registration_problems,ACCOUNT,BCEILM,11247
12591,I need to check what shipment options I can choose,delivery_options,DELIVERY,BLM,6074
16282,I have to request reimbursements of my money,get_refund,REFUND,BLM,8013
17265,assistance to unsubscribe to the corporate newsletter,newsletter_subscription,SUBSCRIPTION,BL,8630
16887,where could I get a compensation of my money?,get_refund,REFUND,BILP,7979
624,"I bought some articles, how to cancel order {{Order Number}}?",cancel_order,ORDER,BCILM,38
1287,give em information about updating order {{Order Number}},change_order,ORDER,BLZ,409
21429,"I cannot register, inform of a signup issue",registration_problems,ACCOUNT,BCELN,11587
24961,I'm trying to check purcahse {{Order Number}} current status,track_order,ORDER,BLQZ,13549
8411,help me see at what time customer service available is,contact_customer_service,CONTACT,BL,3885
15602,can usend me the damn invoices from {{Person Name}},get_invoice,INVOICE,BIMQW,7890
17180,help me unsubscribe from your newsletter,newsletter_subscription,SUBSCRIPTION,BL,8619
23586,I'm trying to submit a shipping address,set_up_shipping_address,SHIPPING,BLQ,12984
16739,is it possible to get a reimbursement?,get_refund,REFUND,BIL,8531
25333,i cant see the eta of purchase {{Order Number}},track_order,ORDER,BLNQ,13518
22680,assistance leaving a bloody opinion about a product,review,FEEDBACK,BLW,12458
14760,"I want to edit my account, could I get some help?",edit_account,ACCOUNT,BCIP,7223
2163,where could I edit the address?,change_shipping_address,SHIPPING,BILP,871
23498,can you help me enter the secondary shipping address ?,set_up_shipping_address,SHIPPING,BILZ,12614
5468,I do not know how to see the available payment methods,check_payment_methods,PAYMENT,BEL,2523
4206,need assistance to give a quick look at invoice #12588,check_invoice,INVOICE,BLQ,2085
3891,will ushow me the early terminarion charges,check_cancellation_fee,CANCEL,BILMPQZ,1895
19635,I do not know how I can shop several of your article,place_order,ORDER,BELM,10219
19981,I don't know how to retrieve the password of my profile,recover_password,ACCOUNT,BL,10489
5842,how could I list your payment options?,check_payment_methods,PAYMENT,BILP,2566
25274,how to check the current status of order {{Order Number}}?,track_order,ORDER,BIL,13523
13019,how do I check when will my purchase arrive?,delivery_period,DELIVERY,BIL,6518
14219,i do not know how i can update the info included on my user,edit_account,ACCOUNT,BELQ,7208
23406,can uhelp me setting up my new shipping address,set_up_shipping_address,SHIPPING,BILQ,12842
3689,I want to see the cancellation fees,check_cancellation_fee,CANCEL,BLM,1587
20857,I am trying to find information about a forgotten PIN code,recover_password,ACCOUNT,BEL,11175
14563,editing account,edit_account,ACCOUNT,BK,7402
25011,i do not know how i cancheck the eta of purchase {{Order Number}},track_order,ORDER,BELQZ,13518
11992,do ya deoiver to {{Delivery City}},delivery_options,DELIVERY,BIQSZ,6065
6906,i need help seeing ur monbey back policy,check_refund_policy,REFUND,BLQZ,3319
9166,what do i have to do to chat with an agent,contact_human_agent,CONTACT,BILQ,4523
5149,I need assistance to check your available payment methods,check_payment_methods,PAYMENT,BL,2523
10876,question about opening standard accounts,create_account,ACCOUNT,BLM,5011
13603,i have to see how soon can i expect my item ohw can i do it,delivery_period,DELIVERY,BCILQZ,6821
22364,how can i submit my feedback about ur products,review,FEEDBACK,BILQ,12241
2831,I don't know what I need to do to modify my delivery address,change_shipping_address,SHIPPING,BL,1111
20605,need assistance resetting the access key of my user account,recover_password,ACCOUNT,BLQ,10781
1385,I do not know how to switch some items of order {{Order Number}},change_order,ORDER,BELM,463
7608,can I make a consumer reclamation against your company?,complaint,FEEDBACK,BIL,3395
4829,can ya help me to check the bill #37777,check_invoice,INVOICE,BILQ,2421
7896,help me to make a claim against your compay,complaint,FEEDBACK,BLZ,3856
3232,I don't know how I can see the cancellation fee,check_cancellation_fee,CANCEL,BL,1545
12079,I want information about the delivery methods,delivery_options,DELIVERY,BL,6110
24109,how do I change to the {{Account Category}} account?,switch_account,ACCOUNT,BIL,13139
6817,see under which circumstances can I request my money back,check_refund_policy,REFUND,BL,3256
25008,track purchase {{Order Number}},track_order,ORDER,BKL,13526
370,cancel purchase732201349959,cancel_order,ORDER,BKLZ,108
14986,i do not know what i have to do to get the invoice #37777,get_invoice,INVOICE,BEQ,7656
9812,help me to contact an ooperator,contact_human_agent,CONTACT,BLZ,4879
13993,editting details on premium account,edit_account,ACCOUNT,BKLMZ,7030
12121,help me checking what options for delivery i have,delivery_options,DELIVERY,BMQ,6131
4758,I want help locating bill #12588,check_invoice,INVOICE,BL,2391
168,canceling purchase {{Order Number}},cancel_order,ORDER,BKL,3
10103,I want help to open a {{Account Type}} account,create_account,ACCOUNT,BL,4991
5090,i domt know what to do to see the available payment options,check_payment_methods,PAYMENT,BLQZ,2577
16177,could ya help me requesting compensations of my money,get_refund,REFUND,BILMPQ,8213
9094,ii have got to chat with an operator,contact_human_agent,CONTACT,BLQZ,4472
175,"I can't afford order {{Order Number}}, could I cancel it?",cancel_order,ORDER,BCILNP,63
23744,support entering the new delivery address,set_up_shipping_address,SHIPPING,BL,13058
1281,"I missed a product in order {{Order Number}}, how can I add it?",change_order,ORDER,BCIL,323
17376,i do not know how to subscribe to the newsletter,newsletter_subscription,SUBSCRIPTION,BELQ,8626
19368,I want assistance to earn several products,place_order,ORDER,BLM,10019
11347,is it possible to remove a standard account,delete_account,ACCOUNT,BILQ,5731
8463,i want help to talk to customer assistance,contact_customer_service,CONTACT,BLQ,3892
6303,help seeing in which situations can I request my money back,check_refund_policy,REFUND,BL,3086
25239,i dont know how to see the eta of order {{Order Number}},track_order,ORDER,BLQ,13629
17143,i need help to unsubscribe to the corporate newsletter,newsletter_subscription,SUBSCRIPTION,BLQ,8630
5539,can I list your allowed payment modalities?,check_payment_methods,PAYMENT,BIL,2470
24755,i want assistance changing to the {{Account Category}} account,switch_account,ACCOUNT,BLQ,13172
10512,is it possible to create a {{Account Category}} accojnt for my daughter?,create_account,ACCOUNT,BILZ,5281
3817,need assistance seeing the withdrawal charge,check_cancellation_fee,CANCEL,BLQ,1462
14518,need to change the info included on my user,edit_account,ACCOUNT,BLQ,7394
3339,assistance to check the termination fee,check_cancellation_fee,CANCEL,BL,1645
4607,can you help me to locate the bill from {{Person Name}}?,check_invoice,INVOICE,BIL,2320
25115,checking purchase {{Order Number}} status,track_order,ORDER,BKL,13522
14947,i do notknow what i have to do to get the bill #85632,get_invoice,INVOICE,BELQZ,7653
20469,I want help resetting the access key of my user account,recover_password,ACCOUNT,BL,10903
2924,the delivery address changed,change_shipping_address,SHIPPING,BL,1373
8554,i need assistance talking with customer service,contact_customer_service,CONTACT,BLQ,3909
26062,"I need to check my reimbursement status, will you help me?",track_refund,REFUND,BCILP,13890
11331,I have a problem with the termination of a premium account,delete_account,ACCOUNT,BL,5687
21512,i have top inform of goddamn sign-up problems could uhelp me,registration_problems,ACCOUNT,BCILMPQWZ,11628
1193,how can I delete several ites from purchase {{Order Number}}?,change_order,ORDER,BILMZ,350
11858,remove standard accoint,delete_account,ACCOUNT,BKLZ,5967
20343,I want to retrieve my key,recover_password,ACCOUNT,BL,10803
24975,where can i see the ETA of purchase {{Order Number}},track_order,ORDER,BILQ,13518
199,I need helpto cancel order {{Order Number}},cancel_order,ORDER,BZ,70
18720,I want help notifying of problems with online payment,payment_issue,PAYMENT,BLM,9024
19147,i want help ordering some articles,place_order,ORDER,BLMQ,9824
13196,I have to check how long it takes for my delivery to arrive,delivery_period,DELIVERY,BL,6467
4585,need assistance looking for the invoice from {{Person Name}},check_invoice,INVOICE,BLQ,1967
10419,want help opening a premium account for my daughter,create_account,ACCOUNT,BLQ,5077
21230,is it possible to notify of an error with signup?,registration_problems,ACCOUNT,BIL,11461
14283,how can I modify some of the details on my user account?,edit_account,ACCOUNT,BILM,7247
18793,where do I report a payment issue?,payment_issue,PAYMENT,BI,9531
21962,I don't know how I can write a comment about your services,review,FEEDBACK,BL,11872
17853,I need to sign up to your company newsletter,newsletter_subscription,SUBSCRIPTION,BL,8656
3983,i need help to look for the bill #12588,check_invoice,INVOICE,BLQ,1964
18380,I need help to notify of errors with payment,payment_issue,PAYMENT,BLM,8963
16025,how long until i receiver my reimbursement of money,get_refund,REFUND,BILQZ,8099
15005,where can i get the invoices from {{Person Name}},get_invoice,INVOICE,BIMQ,7629
9339,uarent helpful can i chat with somebody,contact_human_agent,CONTACT,BCILQ,4627
4558,where to see bill #85632?,check_invoice,INVOICE,BIL,2241
13265,need to check wwhen my shipment is gonna arrive can uhelp me,delivery_period,DELIVERY,BCILQZ,6664
21407,i have to notify of sign-up issues,registration_problems,ACCOUNT,BLMQ,11574
26631,I want assistance seeing the damn reimbursement status,track_refund,REFUND,BLW,14076
11857,I don't know what I need to do to cancel a platinum account,delete_account,ACCOUNT,BL,5966
13965,updating details on platinum account,edit_account,ACCOUNT,BKLM,7003
7731,filing consumer reclamation against your business,complaint,FEEDBACK,BL,3644
291,could you help me to cancel purchase {{Order Number}}?,cancel_order,ORDER,BILP,3
6372,check in what situations can I request a fucking refund,check_refund_policy,REFUND,BLW,3165
19890,need assistance to order some itemsx,place_order,ORDER,BLMQZ,10400
23376,how do i sett up my fucking delivery address,set_up_shipping_address,SHIPPING,BILQWZ,12888
5879,is it possible to list the allowed payment options,check_payment_methods,PAYMENT,BILQ,2938
9775,I don't know how to speak with a human agent,contact_human_agent,CONTACT,BL,4569
4690,"I need to look for the bill from {{Person Name}}, how to do it?",check_invoice,INVOICE,BCIL,2356
21251,help me inform of a problem with signup,registration_problems,ACCOUNT,BL,11206
9737,how can I contact a human agent?,contact_human_agent,CONTACT,BIL,4338
19049,where to buy an item,place_order,ORDER,BIQ,9733
13108,help me checking how long it takes for the article to arrive,delivery_period,DELIVERY,BL,6581
26386,how can I see the current status of my refund?,track_refund,REFUND,BIL,13963
9384,"I have to talk to an assistant, help me",contact_human_agent,CONTACT,BCL,4647
4816,can you help me find invoice #37777?,check_invoice,INVOICE,BI,2412
19922,I don't know what I need to do to reset my account password,recover_password,ACCOUNT,BL,10431
7597,how can i make a consumer complaint against ur company,complaint,FEEDBACK,BILQ,3322
12901,"I need to see how soon can I expect my damn order, help me",delivery_period,DELIVERY,BCLW,6417
9752,i do not know what i need to do to speak with an operator,contact_human_agent,CONTACT,BELQ,4555
10852,problem with creatingmy {{Account Type}} account,create_account,ACCOUNT,BZ,5436
5408,i want help listing u payment methods,check_payment_methods,PAYMENT,BLQZ,2588
10293,I don't know how I can open a gold account for my daughter,create_account,ACCOUNT,BL,5187
5969,I have to see in what cases can I request a refund,check_refund_policy,REFUND,BL,2956
24225,where do i switch to the pro account,switch_account,ACCOUNT,BIQ,13305
17189,tell me about subscribing to your corporate newsletter,newsletter_subscription,SUBSCRIPTION,BL,8746
23692,i have sisues setting up my secondary shipping address,set_up_shipping_address,SHIPPING,BLMQZ,13033
2215,could you tell me about changing my delivery address?,change_shipping_address,SHIPPING,BILP,903
4282,would it be possible to find the bill #00108?,check_invoice,INVOICE,BILP,2157
21651,can uhelp me to inform of errors with a sign-up,registration_problems,ACCOUNT,BILMQ,11711
10140,what do i need to do to create a {{Account Category}} account,create_account,ACCOUNT,BILQ,4932
20753,where can i find information about the access key reset,recover_password,ACCOUNT,BILQ,11115
15038,i cant find my invoice #12588 can ya mail it to me,get_invoice,INVOICE,BCILQ,7698
11793,can you help me to close my {{Account Category}} account?,delete_account,ACCOUNT,BIL,5502
17591,how to sign up to your newsletter?,newsletter_subscription,SUBSCRIPTION,BIL,8703
7788,I need to lodge a consumer complaint,complaint,FEEDBACK,BL,3330
11226,"I do not need my {{Account Category}} account, I want help to delete it",delete_account,ACCOUNT,BCEL,5667
2718,i have errors trying to edit the shippikng address,change_shipping_address,SHIPPING,BLMQZ,1258
10820,I have a problem with opening a {{Account Category}} account,create_account,ACCOUNT,BL,5042
8043,help me to see at what time customer service available is,contact_customer_service,CONTACT,BL,3885
13294,I am trying to find shipping periods,delivery_period,DELIVERY,BEL,6682
17939,I want help to inform of an issue with online payments,payment_issue,PAYMENT,BLM,8981
21614,can ya help me to inform of errors with signup,registration_problems,ACCOUNT,BILMQ,11521
21295,assistance notifying of a signup problem,registration_problems,ACCOUNT,BL,11499
1813,i want help removing a product from order {{Order Number}},change_order,ORDER,BLQ,621
17825,need to sign up to the corporate newsletter how can i do it,newsletter_subscription,SUBSCRIPTION,BCILQ,8621
4921,see ur payment methods,check_payment_methods,PAYMENT,BLQ,2464
6346,I want to see in which cases can I request my money back,check_refund_policy,REFUND,BL,2995
22341,I have got to send feedback for a product,review,FEEDBACK,BL,12020
25645,"I have to see order {{Order Number}} status, I need assistance",track_order,ORDER,BCL,13736
10942,need to remove the platinum account,delete_account,ACCOUNT,BLQ,5487
12459,I want to check the methods for delivery,delivery_options,DELIVERY,BL,6270
14513,changing detais on {{Account Type}} account,edit_account,ACCOUNT,BKLMZ,7390
3361,"I cannot find the early termination fee, I need help",check_cancellation_fee,CANCEL,BCEL,1658
15841,i need help downloading the invoice #00108,get_invoice,INVOICE,BLQ,7624
2490,"I entered a wrong shipping address, how do I correct it?",change_shipping_address,SHIPPING,BCIL,1108
5181,assistance seeing ur accepted payment modalities,check_payment_methods,PAYMENT,BLQ,2479
11516,delete platinum account,delete_account,ACCOUNT,BKL,5601
25941,i exepct a compensation of {{Currency Symbol}}{{Refund Amount}},track_refund,REFUND,BLQZ,13831
2929,"I have got to modify my damn address, how to do it?",change_shipping_address,SHIPPING,BCILW,1376
1819,i need assistance to add something to order {{Order Number}},change_order,ORDER,BQ,216
22012,I do not know how to leave a goddamn comment about a service,review,FEEDBACK,BELW,11964
3931,I do not knw how I can locate the bills from {{Person Name}},check_invoice,INVOICE,BELMZ,1922
14347,i dont know what i need to do to correct the personal info,edit_account,ACCOUNT,BLQ,7287
8130,"I want to talk to customer assistance, I need help",contact_customer_service,CONTACT,BCL,4010
19958,I need help retrieving my account access key,recover_password,ACCOUNT,BL,10466
6611,I want help checking in what cases can I request a refund,check_refund_policy,REFUND,BL,2956
23020,I do not know how to enter the secondary shipping address,set_up_shipping_address,SHIPPING,BEL,12614
9852,want assistance to contact an person,contact_human_agent,CONTACT,BLQZ,4901
9730,transfering to person,contact_human_agent,CONTACT,BLZ,4836
19658,can you help me to earn some of your product?,place_order,ORDER,BILM,10239
16487,I have got to obtain a compensation of money,get_refund,REFUND,BL,8069
2960,there are issues correcting my shipping address,change_shipping_address,SHIPPING,BLM,1391
13263,wanna see how soon can i expect my delivery how to do it,delivery_period,DELIVERY,BCILQ,6662
12959,"I want to see how long the shipping takes, how can I do it?",delivery_period,DELIVERY,BCIL,6472
11936,need assistance seeing what shipping methods I have,delivery_options,DELIVERY,BLMQ,6019
1206,need help deleting something from purchase {{Order Number}},change_order,ORDER,BLQ,299
13941,update details on {{Account Type}} account,edit_account,ACCOUNT,BKLM,6981
25219,I try to see purchase 732201349959current status,track_order,ORDER,BLZ,13626
15428,where to download the invoices from {{Person Name}}?,get_invoice,INVOICE,BILM,7643
6140,i have to check ur refund policy can i get some help,check_refund_policy,REFUND,BCIQ,3081
12104,i dont know how i can see the options for shipping,delivery_options,DELIVERY,BLQ,6123
514,I want assistance cancelling purchase {{Order Number}},cancel_order,ORDER,BL,23
8428,I want help to talk with customer assistance,contact_customer_service,CONTACT,BL,3892
5562,ehlp to check ur allowed payment modalities,check_payment_methods,PAYMENT,BLQZ,2803
26054,I have got to know if there are any news on my compensation,track_refund,REFUND,BLM,13887
1421,i made a mistake help me change order {{Order Number}},change_order,ORDER,BCQ,477
10598,opening premium account for wife,create_account,ACCOUNT,BKL,5321
468,"I doln't want order {{Order Number}}, can you cancel it?",cancel_order,ORDER,BCINZ,124
22603,how to sends some feedback for ur products,review,FEEDBACK,BILQZ,12275
9611,want assistance speajing to a person,contact_human_agent,CONTACT,BLQZ,4768
4067,help me to see invoice #37777,check_invoice,INVOICE,BL,2027
7371,assistance filing a customer reclamation,complaint,FEEDBACK,BL,3623
19061,I don't know what to do to purchase some of your article,place_order,ORDER,BLM,9743
22302,what do i need to do to leave a comment about ur services,review,FEEDBACK,BILQ,12194
9617,I do not know what I have to do to speak with someone,contact_human_agent,CONTACT,BEL,4473
12488,could i place an orde from {{Delivery Country}},delivery_options,DELIVERY,BIPQSZ,6062
12330,where do I see what fucking shipment methods are there?,delivery_options,DELIVERY,BILMW,6232
9571,I try to talk to a live agent,contact_human_agent,CONTACT,BL,4746
2786,i have got to edit my delivery address,change_shipping_address,SHIPPING,BLQ,1292
5628,i want assistance to list ur available payment modalities,check_payment_methods,PAYMENT,BLQ,2832
9725,can i chat with a person,contact_human_agent,CONTACT,BILQ,4779
8294,help to check at what time customer support available is,contact_customer_service,CONTACT,BL,3908
19818,what do I have to do to earn some items?,place_order,ORDER,BILM,10352
23510,what do i need to do to set the shipping address up,set_up_shipping_address,SHIPPING,BILQ,12641
9515,i dont know what to do to speak with a human agent,contact_human_agent,CONTACT,BLQ,4576
17053,want help receiving your company newsletter,newsletter_subscription,SUBSCRIPTION,BLQ,8663
4117,"I need to see my invoice #12588, how can I do it?",check_invoice,INVOICE,BCIL,2057
24515,I need assistance changing to the {{Account Category}} account,switch_account,ACCOUNT,BL,13172
25988,I am waiting for an rebate of {{Currency Symbol}}{{Refund Amount}},track_refund,REFUND,BLZ,13784
5138,i have to se ur available payment methods could ya help me,check_payment_methods,PAYMENT,BCILPQZ,2601
20892,help me report an issue with registrations,registration_problems,ACCOUNT,B,11200
1449,i hasve got to update purchase {{Order Number}},change_order,ORDER,BLQZ,488
20801,where to recover the PIN of my user account?,recover_password,ACCOUNT,BIL,10662
21141,I don't know how I can inform of errors with sign-up,registration_problems,ACCOUNT,BLM,11394
25753,how do I locate order {{Order Number}}?,track_order,ORDER,BIL,13612
20928,I'm experiencing an issue with my online registration,registration_problems,ACCOUNT,BELQ,11235
2390,there is a problem modifying the shipping address,change_shipping_address,SHIPPING,BL,1043
10840,where do I open a different bloody premium account?,create_account,ACCOUNT,BILW,5431
1885,is it possible to change order {{Order Number}}?,change_order,ORDER,BI,679
2661,help me to edit the delivery address,change_shipping_address,SHIPPING,BL,1105
7976,"I have to speak to customer service , can I get some help?",contact_customer_service,CONTACT,BCILZ,3913
16824,i paid $1499for this article help obtaining a refund,get_refund,REFUND,BCLMQZ,8582
22773,is there a section to submit my feedback for ur products,review,FEEDBACK,BILQ,12143
13904,help to edit the information on my user profile,edit_account,ACCOUNT,BL,6947
3154,I want help checking the early exit penalties,check_cancellation_fee,CANCEL,BLMZ,1419
19248,I want to buy several of your article,place_order,ORDER,BLM,9752
14765,edit info on platinum account,edit_account,ACCOUNT,BKLQ,7534
16977,how can I subscribe to the company newsletter?,newsletter_subscription,SUBSCRIPTION,BIL,8661
7958,help me contacting customer assistance,contact_customer_service,CONTACT,BL,3902
24629,using pro account,switch_account,ACCOUNT,BK,13447
24707,need help using the gold aaccount,switch_account,ACCOUNT,BQZ,13469
11123,"I need to cancel a {{Account Type}} account, could you help me?",delete_account,ACCOUNT,BCILP,5615
7875,want help to make a customer claim,complaint,FEEDBACK,BLQ,3692
3508,I need help seeing the termination fees,check_cancellation_fee,CANCEL,BLM,1553
1300,need help with switching a product of order {{Order Number}},change_order,ORDER,BLQ,416
5793,can I check your payment modalities?,check_payment_methods,PAYMENT,BIL,2562
15761,i dont know what i need to do to get my invoice #85632,get_invoice,INVOICE,BQ,7707
22966,troubles entering my secondary delivery address,set_up_shipping_address,SHIPPING,BLM,12663
21848,i cant sign up want assistance to report sign-up problems,registration_problems,ACCOUNT,BCLMNQ,11827
15583,I need assistance to download invoice #85632,get_invoice,INVOICE,BLZ,7613
12822,I need help checking what fucking shipping options I have,delivery_options,DELIVERY,BLMW,6385
25711,order 113542617735902current status,track_order,ORDER,BKLZ,13749
15163,I don't know what to do to get the bills from {{Person Name}},get_invoice,INVOICE,BLM,7614
19782,I need help buying several of your article,place_order,ORDER,BLM,10326
20799,I want to reset my goddamn user profile key,recover_password,ACCOUNT,BLW,11143
22163,need help leaving a comment about your services,review,FEEDBACK,BLQ,12088
9619,can you help me to talk to a person?,contact_human_agent,CONTACT,BIL,4325
3869,is it possible to see the early termination charge?,check_cancellation_fee,CANCEL,BIL,1769
25821,can you show me the ETA of order {{Order Number}}?,track_order,ORDER,BI,13771
7324,I need to lodge a customer claim against your company,complaint,FEEDBACK,BL,3599
3192,canuhelp me to see the cancellation penalty,check_cancellation_fee,CANCEL,BILQZ,1559
13628,how could I check how long it takes for my parcel to arrive?,delivery_period,DELIVERY,BILP,6438
2470,want support updating the delivery dadress,change_shipping_address,SHIPPING,BLQZ,1099
14851,modifying standard account,edit_account,ACCOUNT,BKL,7469
10251,wanna know more about creating {{Account Category}} accounts,create_account,ACCOUNT,BMQ,5165
25048,I want help checking purchase {{Order Number}} status,track_order,ORDER,BL,13522
6146,"I have to see your money back policy, I need help",check_refund_policy,REFUND,BCL,2968
23838,I can't enter a different shipping address,set_up_shipping_address,SHIPPING,BL,12616
8085,help talking with customer service,contact_customer_service,CONTACT,BL,3909
9784,can ya help me talk with a human agent,contact_human_agent,CONTACT,BILQ,4383
9896,i do not know what i need to do to talk with somebody,contact_human_agent,CONTACT,BELQ,4410
8489,i dont know how i can talk to customer service,contact_customer_service,CONTACT,BLQ,4164
2466,could you help me change the shipping address?,change_shipping_address,SHIPPING,BIP,1097
26022,"I want to see my compensation status, I need help",track_refund,REFUND,BCL,13872
1764,i cant delete a prodcut from purchase {{Order Number}},change_order,ORDER,BLNQZ,628
13913,changing details on gold account,edit_account,ACCOUNT,BKLM,6955
5580,how to see the allowed payment methods,check_payment_methods,PAYMENT,BILQ,2543
13163,need help checking how soon can I expect my item,delivery_period,DELIVERY,BLQ,6616
5806,acn ushow me what payment payment modalities uaccept,check_payment_methods,PAYMENT,BILQZ,2910
14044,need help to modify my user information,edit_account,ACCOUNT,BLQ,7070
10386,i want help to open a {{Account Category}} account,create_account,ACCOUNT,BLQ,4970
25102,need assistance to see the eta of purchase {{Order Number}},track_order,ORDER,BLQ,13518
24038,I want help to change to the freemium account,switch_account,ACCOUNT,BL,13173
4108,I'd like to look for my bill #37777 could uhelp me,check_invoice,INVOICE,BCILPQ,2052
7135,can I file a claim against your company?,complaint,FEEDBACK,BIL,3351
7427,"I need to make a damn consumer complaint, how could I do it?",complaint,FEEDBACK,BCILPW,3651
14658,changing data on premium account,edit_account,ACCOUNT,BL,7475
23651,help me submit my shipping address,set_up_shipping_address,SHIPPING,BL,12623
18489,help me inform of a problem with payment,payment_issue,PAYMENT,BL,9273
9461,I'm trying to speak with a human agent,contact_human_agent,CONTACT,BLQ,4689
15333,I am trying to download my invoice from {{Person Name}},get_invoice,INVOICE,BL,7643
8254,"I have got to talk with customer support, I need assistance",contact_customer_service,CONTACT,BCL,4075
5902,I want to check what payment options you accept,check_payment_methods,PAYMENT,BL,2526
20185,where can i find information about a lost pwd,recover_password,ACCOUNT,BILQ,10672
10643,create new platinum account,create_account,ACCOUNT,BKL,5060
17061,tell me about unsubscribing to ur newsletter,newsletter_subscription,SUBSCRIPTION,BLQ,8695
23193,troubles setting up another shipping address,set_up_shipping_address,SHIPPING,BLM,12806
6563,help checking in which cases can I request reimbursements,check_refund_policy,REFUND,BL,2973
23577,need assistance to enter my new shipping address,set_up_shipping_address,SHIPPING,BLQ,12764
14416,could I edit my fucking user?,edit_account,ACCOUNT,BIPW,7334
3747,I don't know how I can check the termination penalty,check_cancellation_fee,CANCEL,BL,1689
24096,I don't know how to switch to the platinum account,switch_account,ACCOUNT,B,13225
24510,how can i hcange to the {{Account Type}} account,switch_account,ACCOUNT,BILQZ,13411
15354,I do not know how I can download the invoices from {{Person Name}},get_invoice,INVOICE,BELM,7643
3413,Ineed assistance to see the withdrawal charges,check_cancellation_fee,CANCEL,BLMZ,1686
26204,I do not know how I can check the status of my rebate,track_refund,REFUND,BEL,13942
8412,I don't know what I have to do to talk to customer service,contact_customer_service,CONTACT,BL,3991
12366,"I would like to check the delivery methods, how to do it?",delivery_options,DELIVERY,BCILP,6245
7168,I want to file a consumer claim against your business,complaint,FEEDBACK,BL,3481
8018,want help seeing what hours ik can call customer service,contact_customer_service,CONTACT,BLQZ,3943
5357,I want help to see your available payment modalities,check_payment_methods,PAYMENT,BL,2489
2708,how can I find information about a delivery address change?,change_shipping_address,SHIPPING,BIL,1249
16303,help me obtaining a reimbursement of money,get_refund,REFUND,BL,7983
19625,I don't know how to earn several products,place_order,ORDER,BLM,10088
18447,i want help to solve an issue with payments,payment_issue,PAYMENT,BMQ,9337
15813,I'm trying to get my invoice from {{Person Name}},get_invoice,INVOICE,BLQ,7942
13966,correct information on freeaccount,edit_account,ACCOUNT,BKLZ,7004
17237,want help receiving ur newsletter,newsletter_subscription,SUBSCRIPTION,BLQ,8666
10373,can i create a {{Account Category}} account,create_account,ACCOUNT,BIQZ,4932
9361,need help to speak with somebody,contact_human_agent,CONTACT,BLQ,4339
8497,can you show me at what time I can contact customer service?,contact_customer_service,CONTACT,BI,3896
3001,what do I have to do to check the cancellation charges?,check_cancellation_fee,CANCEL,BILM,1430
20720,hve a question about the password recovery,recover_password,ACCOUNT,BLQZ,11091
16759,I would like to ask for compensations,get_refund,REFUND,BLMP,8540
7548,i do not know how to file a claim against ur business,complaint,FEEDBACK,BELQ,3460
9321,how can i speak to anoperator,contact_human_agent,CONTACT,BILQZ,4619
16671,I do not know what I have to do to get a refund,get_refund,REFUND,BE,8492
24379,assistance using the {{Account Type}} profile,switch_account,ACCOUNT,BL,13161
15513,need to get the bill from {{Person Name}} can uhelp me,get_invoice,INVOICE,BCILQ,7614
212,I need assistance cancelling order {{Order Number}},cancel_order,ORDER,B,17
2230,I want support trying to change my delivery address,change_shipping_address,SHIPPING,BL,736
10934,close gold account,delete_account,ACCOUNT,BKL,5479
8541,"I have to contact customer service, how can I do it?",contact_customer_service,CONTACT,BCI,4183
1737,I have to delete an item from order {{Order Number}},change_order,ORDER,BL,615
14033,modifying ingormation on freemium account,edit_account,ACCOUNT,BKLZ,7060
6511,can you show me in which cases can I request a refund?,check_refund_policy,REFUND,BIL,3116
22483,ya have an address to submit my feedback for ur products,review,FEEDBACK,BILQ,12326
17319,can ya tell me more abuot unsubscribing from ur newsletter,newsletter_subscription,SUBSCRIPTION,BILQZ,8790
12004,deliveries to {{Delivery Country}},delivery_options,DELIVERY,BS,6071
4091,what do i have to do to find invoice #00108,check_invoice,INVOICE,BIQ,2043
5263,could you tell me the fucking payment modalities?,check_payment_methods,PAYMENT,BILPW,2663
21609,what do I have to do to inform of a registration problem?,registration_problems,ACCOUNT,BIL,11686
4116,i dont know how i can locate invoice #85632,check_invoice,INVOICE,BLQ,1949
10149,new gold account,create_account,ACCOUNT,BKL,5098
9318,I want to contact an operator,contact_human_agent,CONTACT,BL,4412
7584,can you help me make a claim against your company?,complaint,FEEDBACK,BIL,3383
16601,could you help me receiving a rebate of money?,get_refund,REFUND,BILP,8453
3441,I do not know what I have to do to see the termination fee,check_cancellation_fee,CANCEL,BEL,1408
22421,assistance writing an opinion for your company,review,FEEDBACK,BLZ,12283
25397,how do i see the damn status of order {{Order Number}},track_order,ORDER,BILQW,13523
2935,I can't modify the delivery address,change_shipping_address,SHIPPING,BL,1301
210,i need assistance cancelling purchase {{Order Number}},cancel_order,ORDER,BLQ,23
25422,assistance to check the ETA of the purchase {{Order Number}},track_order,ORDER,BL,13518
3727,assistance checking the termination fees,check_cancellation_fee,CANCEL,BLM,1413
14787,modifying data on premium account,edit_account,ACCOUNT,BL,7544
15720,i dont know what i need to do to download the bill #85632,get_invoice,INVOICE,BLQ,7612
19858,i need help ordering some of ur article,place_order,ORDER,BLMQ,10384
10012,I have to create a {{Account Type}} acocunt for my fiance,create_account,ACCOUNT,BLZ,5012
17527,tell me about cancel the subscription to the newsletter,newsletter_subscription,SUBSCRIPTION,BL,8716
8427,"I have to speak with customer support, how can I do it?",contact_customer_service,CONTACT,BCIL,3953
18714,what do I need to do to report payment problems?,payment_issue,PAYMENT,BILM,9487
25947,I cannot check the current status of the rebate,track_refund,REFUND,BELN,13836
18413,I want ehlp to solve troubles with online payment,payment_issue,PAYMENT,BLMZ,9316
5676,I do not know how I can see the accepted payment options,check_payment_methods,PAYMENT,BEL,2497
26121,i expect a restitution of {{Refund Amount}} dollars,track_refund,REFUND,BLQ,13879
9165,i need assistance to talk with an agent,contact_human_agent,CONTACT,BLQ,4360
25795,I try to check purcbase {{Order Number}} status,track_order,ORDER,BLZ,13768
9834,can uhelp me speak tyo somebody,contact_human_agent,CONTACT,BILQZ,4891
8295,need help to check whathours i can call customer assistance,contact_customer_service,CONTACT,BLQZ,4092
619,help to cancel order {{Order Number}},cancel_order,ORDER,B,5
8745,how can i check at what time i can call customer support,contact_customer_service,CONTACT,BILQ,3878
19884,help shopping some of ur article,place_order,ORDER,BLMQ,10338
7475,where do I lodge an reclamation?,complaint,FEEDBACK,BILZ,3672
16692,how to get a reimbursement?,get_refund,REFUND,BIL,8502
14918,what do I have to do to get my invoice from {{Person Name}}?,get_invoice,INVOICE,BIL,7629
14782,i want help to change the info on my user,edit_account,ACCOUNT,BLQ,7196
22926,I have troubles entering a different shipping address,set_up_shipping_address,SHIPPING,BLM,12630
11942,"I would like to check the delivery options, how to do it?",delivery_options,DELIVERY,BCIP,6023
8309,I don't know what to do to speak with customer assistance,contact_customer_service,CONTACT,BL,4098
23543,i have an issue setting up a different delivery address,set_up_shipping_address,SHIPPING,BLQ,12678
20186,i dont know how i could reset the pin of my profile,recover_password,ACCOUNT,BLPQ,10673
6521,help me to check in what cases can i request a refund,check_refund_policy,REFUND,BLQ,2956
13186,I try to see how long it takes for my parcel to arrive,delivery_period,DELIVERY,BL,6438
24491,what do i need to do to change to hte {{Account Type}} account,switch_account,ACCOUNT,BILQZ,13403
487,need help cancelling purchase {{Order Number}},cancel_order,ORDER,BLQ,23
14137,correctdata on gold account,edit_account,ACCOUNT,BKLZ,7148
24318,i have got to use the standard profile,switch_account,ACCOUNT,BLQ,13185
23429,where do i set the shipping address up,set_up_shipping_address,SHIPPING,BILQ,12916
3490,show cancellation penalties,check_cancellation_fee,CANCEL,BKLM,1726
2982,I can't find anything about the withdrawal charges,check_cancellation_fee,CANCEL,BLM,1411
3436,help me to check the early exit few,check_cancellation_fee,CANCEL,BLZ,1702
17441,want help to sign up to the company newsletter,newsletter_subscription,SUBSCRIPTION,BLQ,8656
19004,I'm trying to acquire some of ur item,place_order,ORDER,BLMQ,9692
15664,want help getting my invoice #85632,get_invoice,INVOICE,BQ,7837
10571,create premium account for wife,create_account,ACCOUNT,BKL,5309
24986,i cannot see tge eta of the purchase {{Order Number}},track_order,ORDER,BELNQZ,13556
18488,i need help sollving a trouble with payments,payment_issue,PAYMENT,BLMQZ,9362
4953,i do not know what i have to do to list the payment methods,check_payment_methods,PAYMENT,BELQ,2494
14812,changing data on platinum account,edit_account,ACCOUNT,BL,7559
4659,i dont know how to see bill #12588,check_invoice,INVOICE,BLQZ,2343
9988,i aint registered yet could i create a bloody gold acocunt,create_account,ACCOUNT,BCILPQWZ,4993
18184,can you help me to notify of a trouble with payment?,payment_issue,PAYMENT,BIL,9180
1317,"I want to update order {{Order Number}}, how do I do it?",change_order,ORDER,BCIL,401
21507,assistance informing of problems with sign-up,registration_problems,ACCOUNT,BLM,11226
7469,"the experience with you was awful, file a customer complaint",complaint,FEEDBACK,BCL,3526
17247,can uhelp me to unsubscribe to ur corporate newsetter,newsletter_subscription,SUBSCRIPTION,BILQZ,8767
3816,can you help me see the withdrawal penalty?,check_cancellation_fee,CANCEL,BIL,1412
18185,could you help me to notify of an issue with payments?,payment_issue,PAYMENT,BILMP,9181
2660,assistance editing my delivery address,change_shipping_address,SHIPPING,BLZ,1041
18420,how can i inform of problems with payments,payment_issue,PAYMENT,BILMQ,9322
21823,i cannot sign up help me reporting sign-up errors,registration_problems,ACCOUNT,BCELMNQ,11811
24572,what do I have to do to switch to the pro account?,switch_account,ACCOUNT,BI,13145
20501,i cant retrieve my pass,recover_password,ACCOUNT,BLNQ,10923
2205,want help modifying my address,change_shipping_address,SHIPPING,BLQ,911
5164,where can I check what payment methods are accepted?,check_payment_methods,PAYMENT,BIL,2613
4246,i want assistance to give a quick look at the invoice #37777,check_invoice,INVOICE,BLQ,2128
17791,I can't sign up to the company newsletter,newsletter_subscription,SUBSCRIPTION,BL,8922
5219,need help to list ur accepted payment options,check_payment_methods,PAYMENT,BLQ,2516
3204,I have got to see the early exit penalties,check_cancellation_fee,CANCEL,BLM,1427
9113,i do not know how i can speak to someone,contact_human_agent,CONTACT,BELQ,4473
4750,"I have to find the damn bill from {{Person Name}}, help me",check_invoice,INVOICE,BCLW,2387
25076,how do I see the goddamn ETA of order {{Order Number}}?,track_order,ORDER,BILW,13585
6275,I would like to see in which cases can I request a refund,check_refund_policy,REFUND,BLP,3124
21274,i need assistance to notify of an error with registrations,registration_problems,ACCOUNT,BLQ,11277
5349,"I need t see the accepted payment options, will you help me?",check_payment_methods,PAYMENT,BCILPZ,2705
15621,where to download the bill #12588?,get_invoice,INVOICE,BIL,7894
11981,shipping to {{Delivery City}},delivery_options,DELIVERY,BLS,6057
21894,where could i leave a fucking comment for a service,review,FEEDBACK,BILPQW,11858
20875,what do I need ot do to reset my user PIN?,recover_password,ACCOUNT,BILZ,11187
23051,I cannot enter a new delivery address,set_up_shipping_address,SHIPPING,BEL,12724
19128,I have to earn several of your product,place_order,ORDER,BLM,9807
5564,want help seeing the accepted payment methods,check_payment_methods,PAYMENT,BLQ,2477
1028,I mised a product in purchase {{Order Number}},change_order,ORDER,BLZ,230
19038,i try to acquire some items,place_order,ORDER,BLMQ,9723
1719,i need help to switch a product of purchase {{Order Number}},change_order,ORDER,BLQ,608
6364,need assistancee to check your damn reimbursement policy,check_refund_policy,REFUND,BLQWZ,3163
23315,i have troubles entering the new shipping address,set_up_shipping_address,SHIPPING,BLMQ,12864
1649,help to delete some itmes from purchase {{Order Number}},change_order,ORDER,BLMZ,569
3482,want assistance checking the temrination charge,check_cancellation_fee,CANCEL,BLQZ,1721
26109,I expect a compensation of {{Currency Symbol}}{{Refund Amount}},track_refund,REFUND,BL,13798
9846,"I need to chat with an agent, can you help me?",contact_human_agent,CONTACT,BCIL,4896
19899,can you help me recover my account PIN code?,recover_password,ACCOUNT,BIL,10409
3610,i need help seeing the cancellation charge,check_cancellation_fee,CANCEL,BLQ,1482
10011,I have a question about opening standard accounts,create_account,ACCOUNT,BLM,5011
2436,I want assistance trying to change my shipping address,change_shipping_address,SHIPPING,BL,921
4782,look for bill #85632,check_invoice,INVOICE,BL,2118
22802,I am calling to submit feedback for an service,review,FEEDBACK,BLZ,12540
21779,i have to inform of errorfs with a signup,registration_problems,ACCOUNT,BLMQZ,11790
7553,my experience with ur brand was awful make a claim,complaint,FEEDBACK,BCLQ,3711
22228,help to write a review about a product,review,FEEDBACK,BL,12057
13969,change data on {{Account Type}} account,edit_account,ACCOUNT,BKL,7007
1821,need to swap several items of purchase {{Order Number}},change_order,ORDER,BLMQ,297
9212,i dont know what i need to do to talk to someone,contact_human_agent,CONTACT,BLQ,4553
5061,show me what payment methods are accepted,check_payment_methods,PAYMENT,BL,2477
11588,"I never make use of my {{Account Category}} account, help canceling it",delete_account,ACCOUNT,BCEL,5843
3908,where to check the early termination fes,check_cancellation_fee,CANCEL,BILMQZ,1903
9562,I want assistance to talk with an agent,contact_human_agent,CONTACT,BL,4360
17937,"I get an error when I try to make a payment, inform of it",payment_issue,PAYMENT,BCL,8990
15036,where can I get the bill #85632?,get_invoice,INVOICE,BIL,7697
5788,i need help to see ur available payment methods,check_payment_methods,PAYMENT,BLQ,2523
17560,I want to know about my company newsletter subscription,newsletter_subscription,SUBSCRIPTION,BL,8616
7310,I do not know what to do to lodge a customer claim,complaint,FEEDBACK,BEL,3512
8574,I do not know how to get in touch with customer assistance,contact_customer_service,CONTACT,BEL,4096
23031,i need assistance to set the new delivery address up,set_up_shipping_address,SHIPPING,BLQ,12648
21315,informing of error opening user account,registration_problems,ACCOUNT,BKL,11513
2700,how to update my shipping address?,change_shipping_address,SHIPPING,BILZ,899
22390,need help to write an comment for ur products,review,FEEDBACK,BLQZ,12258
1575,can I modify order {{Order Number}}?,change_order,ORDER,BIL,273
20230,assistance retrieving the access key of my user account,recover_password,ACCOUNT,BL,10466
23732,"I have to submit the new delivery address, how can I do it?",set_up_shipping_address,SHIPPING,BCIL,12845
18116,where do i report an issue with paynents,payment_issue,PAYMENT,BIMQZ,9132
24043,how to use the pro account,switch_account,ACCOUNT,BIQ,13227
3262,I need help to check the early termination fee,check_cancellation_fee,CANCEL,BL,1413
3480,see the early exit charges,check_cancellation_fee,CANCEL,BLM,1720
19826,where to order several products?,place_order,ORDER,BILM,10359
13229,help to check how soon can I expect the purchase,delivery_period,DELIVERY,BL,6425
7482,I need assistance to file a reclamation against your company,complaint,FEEDBACK,BL,3441
365,what do i need to do to cancel order {{Order Number}},cancel_order,ORDER,BIQ,5
20356,problems with a PIN reset,recover_password,ACCOUNT,BLM,10629
19439,help earning a few of your article,place_order,ORDER,BLM,10076
4278,I want assistance to check the bill #85632,check_invoice,INVOICE,BL,2153
12660,how do I check the options for shipment?,delivery_options,DELIVERY,BIL,6333
5483,listing available payment modalities,check_payment_methods,PAYMENT,BKL,2766
22719,I am trying to leave my feedback for a service,review,FEEDBACK,BL,12483
7995,wanna check at what time i can reach customer assistance,contact_customer_service,CONTACT,BLQ,3912
7948,I do not know how to call customer service,contact_customer_service,CONTACT,BEL,3894
3512,how could I check the early exit penalties?,check_cancellation_fee,CANCEL,BILMP,1445
9848,i have got to talk with an agent could uhelp me,contact_human_agent,CONTACT,BCILPQZ,4898
23337,"I have got to set up a delivery address, how do I do it?",set_up_shipping_address,SHIPPING,BCIL,12874
17880,I want help unsubscribing to your company newsletter,newsletter_subscription,SUBSCRIPTION,BL,8624
14740,i dont know how to modify the data included on my profile,edit_account,ACCOUNT,BLQ,7520
4568,I need help giving a quick look at the bill #00108,check_invoice,INVOICE,BL,1959
3290,I need help seeing the cancellation penalty,check_cancellation_fee,CANCEL,BL,1409
8096,I don't know what I need to do to talk to customer service,contact_customer_service,CONTACT,BL,3991
2703,there are errors trying to correct my address,change_shipping_address,SHIPPING,BLM,1245
20759,what do i need to do to reover my account pin,recover_password,ACCOUNT,BILQZ,11120
8260,how do I call customer assistance?,contact_customer_service,CONTACT,BIL,3948
7971,I need assistance talkig to fucking customer support,contact_customer_service,CONTACT,BLWZ,3910
5011,I want help to see what payment options you accept,check_payment_methods,PAYMENT,BL,2526
5899,where do I list the payment options?,check_payment_methods,PAYMENT,BIL,2750
9363,I try to speak to a person,contact_human_agent,CONTACT,BL,4411
21115,where do i report a registration problem,registration_problems,ACCOUNT,BILQ,11220
19434,i do not kno how to buy some of ur item,place_order,ORDER,BEMQZ,10073
10385,another freemium accounmt for father,create_account,ACCOUNT,BKLZ,5232
20745,where to recover the key of my user,recover_password,ACCOUNT,BILQ,11109
6230,need to see in what situations can i ask to be refunded,check_refund_policy,REFUND,BLQ,2987
4220,what do I have to do to see my invoice from {{Person Name}}?,check_invoice,INVOICE,BIL,2125
15390,I need assistance downloading the invoice from {{Person Name}},get_invoice,INVOICE,BL,7639
15728,I do not know what I have to do to download my bill #85632,get_invoice,INVOICE,BEL,7612
11878,cancel standard account,delete_account,ACCOUNT,BKL,5488
12099,i have to check what delivery options are available,delivery_options,DELIVERY,BMQ,6120
1743,wanna swap some items of order {{Order Number}},change_order,ORDER,BLMQ,620
19099,can you help me earning something?,place_order,ORDER,BIL,9781
23441,i have probleems setting the delivery address up,set_up_shipping_address,SHIPPING,BLMQZ,12715
22677,want help sending feedback about a service,review,FEEDBACK,BLQ,11857
5379,I need help checking the allowed payment options,check_payment_methods,PAYMENT,BLZ,2528
6124,help me seeing how long the damn reimbursements take,check_refund_policy,REFUND,BLW,3043
7872,where to make a consumer reclamation,complaint,FEEDBACK,BILQ,3585
26239,I try to see the fucking restitution current status,track_refund,REFUND,BLW,13957
10515,i need help with opening my platinum account,create_account,ACCOUNT,BLQ,5282
2103,"the shipping address changed, how can I edit it?",change_shipping_address,SHIPPING,BCIL,822
25349,how can i see the ETA of the purchase {{Order Number}},track_order,ORDER,BILQ,13518
20743,how to retrieve the PIN code of myuser?,recover_password,ACCOUNT,BILZ,11107
8174,I have got to see what hours I can reach customer service,contact_customer_service,CONTACT,BL,3907
1710,how colud I delete something from order {{Order Number}}?,change_order,ORDER,BILPZ,601
18938,I have to shop several articles,place_order,ORDER,BLM,9593
2315,"I have chosen a wrong shipping address , how do I update it?",change_shipping_address,SHIPPING,BCILZ,989
3465,I need help checking the early termination penalties,check_cancellation_fee,CANCEL,BLM,1407
3269,are there early termination penalties,check_cancellation_fee,CANCEL,BILMQ,1407
19209,I try to purchase a few of your article,place_order,ORDER,BLM,9879
21200,I want to inform of a registration issue,registration_problems,ACCOUNT,BL,11209
17595,need help to receive your company newsletter,newsletter_subscription,SUBSCRIPTION,BLQ,8667
15957,I don't know what I need to do to demand a rebate,get_refund,REFUND,BL,8038
26593,could I check if there is anything new on the compensation?,track_refund,REFUND,BILP,13795
24456,want assistance using the {{Account Category}} profile,switch_account,ACCOUNT,BLQZ,13146
8748,need to see at what time i can contact customer service,contact_customer_service,CONTACT,BLQ,3896
15550,what do i need to do to dowjload my bill #00108,get_invoice,INVOICE,BILQZ,7874
17695,how to unsubscribe from your company newsletter?,newsletter_subscription,SUBSCRIPTION,BIL,8619
6955,help me lodge a customer reclamation against your business,complaint,FEEDBACK,BL,3359
6892,help me check in what cases can i ask for a refund,check_refund_policy,REFUND,BQ,3070
1700,help me to add several items to order {{Order Number}},change_order,ORDER,BM,595
3345,I need assistnce seeing the termination penalty,check_cancellation_fee,CANCEL,BLZ,1648
12719,help me to check what delivery methods I can choose,delivery_options,DELIVERY,BLM,6009
4490,want assistance taking aquick look at my bill from {{Person Name}},check_invoice,INVOICE,BLQZ,2261
16612,how can i obtain a rebate of money,get_refund,REFUND,BILQ,8042
2837,assistance modifying the address,change_shipping_address,SHIPPING,BL,1293
3243,what is the fee for breaking the contract,check_cancellation_fee,CANCEL,BILQ,1593
1172,I need assistance with adding a product to purchase {{Order Number}},change_order,ORDER,BL,334
24703,"I want to use the pro profile, can I get some help?",switch_account,ACCOUNT,BCIL,13467
17060,assistance subscribing to the corporate newsleter,newsletter_subscription,SUBSCRIPTION,BLZ,8694
4864,help locating my fucking bill from {{Person Name}},check_invoice,INVOICE,BLW,1981
10853,can ya help me to open a {{Account Category}} account for my dad,create_account,ACCOUNT,BILQ,4970
3555,assistance checkingthe termination fees,check_cancellation_fee,CANCEL,BLMZ,1413
18738,I have to report problems with online payment,payment_issue,PAYMENT,BLM,8967
18584,want assistance notifying of payment issues,payment_issue,PAYMENT,BLMQ,8964
24010,assistance using the platinum profile,switch_account,ACCOUNT,BL,13209
3265,i want assistance checking the termination penalty,check_cancellation_fee,CANCEL,BLQ,1400
8231,i try to check at what time i can contact customer support,contact_customer_service,CONTACT,BLQ,3960
18252,want assistance solving an problem with payments,payment_issue,PAYMENT,BLMQZ,9227
10948,how can I get information about my {{Account Category}} account removal?,delete_account,ACCOUNT,BIL,5493
676,I'm rtying to cancel order {{Order Number}},cancel_order,ORDER,BQZ,156
11378,i have a question about the termination of a freemium acount,delete_account,ACCOUNT,BLQZ,5753
7053,I call to lodge a fucking claim,complaint,FEEDBACK,BLW,3432
9417,I want help talking with someone,contact_human_agent,CONTACT,BL,4570
7034,I want assistance lodging a reclamation,complaint,FEEDBACK,BL,3415
17432,what do i ened to do to subscribe to ur newsletter,newsletter_subscription,SUBSCRIPTION,BILQZ,8830
26165,"I want to track my rebate, I need assistance",track_refund,REFUND,BCL,13930
21818,report registration error,registration_problems,ACCOUNT,BKL,11438
1182,need to change something of purchase {{Order Number}},change_order,ORDER,BLQ,341
21908,write comment about your services,review,FEEDBACK,BKL,11872
4994,I need assistance to see the available payment modalities,check_payment_methods,PAYMENT,BL,2489
19327,what do I need to do to order a few of your product?,place_order,ORDER,BILM,9983
25057,status of order {{Order Number}},track_order,ORDER,BK,13523
18544,"I can't make transfers, help to inform of a payment issue",payment_issue,PAYMENT,BCLM,9390
4006,see my blls from {{Person Name}},check_invoice,INVOICE,BLMZ,1982
23990,"I have got to change to the standard account, I need help",switch_account,ACCOUNT,BCL,13197
11873,can I remove a platinum account?,delete_account,ACCOUNT,BIL,5487
24234,how do i use the platinum account,switch_account,ACCOUNT,BIQ,13306
3785,I'd like tro check the withdrawal fees,check_cancellation_fee,CANCEL,BLMPQZ,1856
7307,i have got to file a customer reclamation againstur company,complaint,FEEDBACK,BLQZ,3591
8759,where to see what hours i can reach customer service,contact_customer_service,CONTACT,BILQ,3907
23542,y i cannot set a srcondary shipping address valid up,set_up_shipping_address,SHIPPING,BELQZ,12956
18353,where can I iinform of errors with online payment?,payment_issue,PAYMENT,BILMZ,9284
18017,I want assistance notifying of an error with online payment,payment_issue,PAYMENT,BL,8997
16238,assistance t obtain a refund,get_refund,REFUND,BLZ,8252
7967,help me seeing what hours I can call customer support,contact_customer_service,CONTACT,BL,3904
14290,editing freemium account,edit_account,ACCOUNT,BKL,7171
25924,i expect a compensation of {{Refund Amount}} dollars,track_refund,REFUND,BLQ,13817
3107,i have to sede the cancellation charge,check_cancellation_fee,CANCEL,BLQZ,1504
3537,I need assistance to check the early termination fee,check_cancellation_fee,CANCEL,BL,1413
24199,I don't know how to switch to the {{Account Type}} account,switch_account,ACCOUNT,B,13125
6682,I have to see in what cases can I ask for a reimbursement,check_refund_policy,REFUND,BL,3022
26615,could you help me to see the status of the reimbursement?,track_refund,REFUND,BILP,13944
9018,assistance chatting with an operator,contact_human_agent,CONTACT,BL,4415
9933,opening new {{Account Category}} account,create_account,ACCOUNT,BKL,4945
24070,changkng to {{Account Category}} account,switch_account,ACCOUNT,BKLZ,13240
6903,I try to check your damn money back guarantee,check_refund_policy,REFUND,BLW,2975
11674,how can i get information about my premium account deletion,delete_account,ACCOUNT,BILQ,5880
8317,I try to check what hours I can contact customer service,contact_customer_service,CONTACT,B,3887
6205,how long do refunds take?,check_refund_policy,REFUND,BI,3013
9119,i cannot pseak to an operator,contact_human_agent,CONTACT,BELQZ,4487
4265,I need assistance seeing the bill from {{Person Name}},check_invoice,INVOICE,BL,1923
6141,I'm trying to see in which cases can i request refunds,check_refund_policy,REFUND,BLQ,3082
21872,"I am experiencing a problem signing up, can I get some help?",registration_problems,ACCOUNT,BCEIL,11841
20226,I don't know what to do to reset my access key,recover_password,ACCOUNT,BL,10706
9360,can you help me speaking with a human agent?,contact_human_agent,CONTACT,BIL,4345
11675,removing gold account,delete_account,ACCOUNT,BKL,5881
19488,I need help shoppimg several items,place_order,ORDER,BLMZ,10115
415,want asistance canceling order {{Order Number}},cancel_order,ORDER,BQZ,115
21776,how could I notify of a sign-up issue?,registration_problems,ACCOUNT,BILP,11787
21882,how can I report a sign-up error?,registration_problems,ACCOUNT,BIL,11848
25300,can ya help me to see the ETA of order {{Order Number}},track_order,ORDER,BILQ,13519
15245,i call to download my bills from {{Person Name}},get_invoice,INVOICE,BLMQ,7618
1585,can i correct order {{Order Number}},change_order,ORDER,BILQ,258
7554,I want to make a consumer claim,complaint,FEEDBACK,BL,3602
25346,I need help to check the current status of order {{Order Number}},track_order,ORDER,BL,13523
3060,I do not know how to see the termination charges,check_cancellation_fee,CANCEL,BELM,1473
8648,check at what time I can contact customer service,contact_customer_service,CONTACT,B,3896
22334,I need to write a comment for your company,review,FEEDBACK,BL,12216
13558,how could I check how long it takes for the item to arrive?,delivery_period,DELIVERY,BILP,6795
26411,I need to see if there are any updates on the rebate,track_refund,REFUND,BLM,13853
16116,how can I obtain my money back?,get_refund,REFUND,BIL,8169
9595,I try to contact a fucking operator,contact_human_agent,CONTACT,BLW,4759
11292,can you help me closing a standard account?,delete_account,ACCOUNT,BIL,5700
14053,update info on gold account,edit_account,ACCOUNT,BKLQ,7079
3683,I have got to see the cancellation penalty,check_cancellation_fee,CANCEL,BL,1409
1792,need to swap some products of purchase {{Order Number}},change_order,ORDER,BLMQ,386
18411,I have to notify of a payment error,payment_issue,PAYMENT,BL,9314
9407,can you direct to me a person?,contact_human_agent,CONTACT,BIL,4656
22240,"I want to leave a comment, how could I do it?",review,FEEDBACK,BCILP,12147
19681,I need help to shop a product,place_order,ORDER,BL,10258
6110,I cannot see your bloody reimbursement policy,check_refund_policy,REFUND,BELW,3068
15427,I do not know what I need to d to download the bill #37777,get_invoice,INVOICE,BELZ,7668
8432,i dont know whatto do to talk to customer assistance,contact_customer_service,CONTACT,BLQZ,4138
23712,wanna enter a new shipping address,set_up_shipping_address,SHIPPING,BLQ,12862
6449,i need assistance to check ur refund policy,check_refund_policy,REFUND,BQ,3187
9726,i cant contact an agent,contact_human_agent,CONTACT,BQ,4834
16812,could you help me obtain rebates of money?,get_refund,REFUND,BILMP,7997
18083,need assistance to report problems with online payments,payment_issue,PAYMENT,BLMQ,8967
3694,"I have to see the early exit penalty, I need help",check_cancellation_fee,CANCEL,BCL,1805
11609,i dont know what to do to remove the {{Account Type}} account,delete_account,ACCOUNT,BLQ,5460
17660,i need help to cancel the newsletter subscription,newsletter_subscription,SUBSCRIPTION,BLQ,8616
22546,I want assistance leaving my feedback about a service,review,FEEDBACK,BL,11991
17419,I want to know about my corporate newsletter subscription,newsletter_subscription,SUBSCRIPTION,BL,8825
3321,I don't know how to see the early termination charges,check_cancellation_fee,CANCEL,BLM,1509
5049,is it possible to check the available payment modalities?,check_payment_methods,PAYMENT,BIL,2556
6783,i cant check ur moeny back guarantee,check_refund_policy,REFUND,BLQZ,3293
19888,how to acquire a product,place_order,ORDER,BILQ,9693
22760,how to leave a comment for your company?,review,FEEDBACK,BIL,12510
16749,I do not know what I need to do to obtain rebates,get_refund,REFUND,BELM,8479
13440,is it possible to check how soon can i expect my article,delivery_period,DELIVERY,BILQ,6749
19560,where coujld I order several of your product?,place_order,ORDER,BILMPZ,9770
11710,I do not know how I can cancel the pro acconut,delete_account,ACCOUNT,BELZ,5894
21066,help me informing of sign-up issues,registration_problems,ACCOUNT,BLM,11341
20869,where could I retrieve my profile access key?,recover_password,ACCOUNT,BILP,11183
16320,how can I ask for a compensation of money?,get_refund,REFUND,BIL,8294
9569,"I do not understand you, I awnt to talk with someone",contact_human_agent,CONTACT,BCELZ,4744
8933,i want assistance talking with an assistant,contact_human_agent,CONTACT,BLQ,4342
20065,I try to restore my user profile PIN,recover_password,ACCOUNT,BL,10561
6095,show me under which circumstances can I ask to be reimbursed,check_refund_policy,REFUND,BL,3061
8453,could you help me talking ot bloody customer service?,contact_customer_service,CONTACT,BILPWZ,4150
13010,could you help me seeing how soon can I expect the article?,delivery_period,DELIVERY,BILP,6511
2257,I want supports trying to edit the delivery address,change_shipping_address,SHIPPING,BLM,951
7885,i have got to file a customer claim,complaint,FEEDBACK,BLQ,3457
2097,want support trying to upate my shipping address,change_shipping_address,SHIPPING,BLQZ,816
5955,I want to check in which situations can I ask to be refunded,check_refund_policy,REFUND,BL,2987
9292,can you help me contacting a person?,contact_human_agent,CONTACT,BIL,4601
7115,"I am unsatisfied with your services, how can I make a claim?",complaint,FEEDBACK,BCIL,3470
7327,I have to file a consumer complaint against your company,complaint,FEEDBACK,BL,3322
16652,i have paid {{Currency Symbol}}{{Refund Amount}} ofr this product i need my money back,get_refund,REFUND,BCEMQVZ,8482
11052,i have to close my pro account,delete_account,ACCOUNT,BLQ,5568
15755,how can I get my bill from {{Person Name}}?,get_invoice,INVOICE,BIL,7614
18136,what do i need to do to report prbolems with payment,payment_issue,PAYMENT,BILMQZ,9145
20731,how do I recover the key of my profile?,recover_password,ACCOUNT,BIL,10609
8120,how do I get in touch with customer support?,contact_customer_service,CONTACT,BIL,3880
14070,correcting details on {{Account Type}} account,edit_account,ACCOUNT,BKLM,7012
6226,how to check ur refund policy,check_refund_policy,REFUND,BIQ,3110
20754,I try to reset my account access key,recover_password,ACCOUNT,BL,11116
8636,where to check at what time i can contact customer support,contact_customer_service,CONTACT,BILQ,3960
26766,I cannot see the status of my restitution,track_refund,REFUND,BELN,14109
7947,check at what time i can get in touch with customer service,contact_customer_service,CONTACT,BLQ,3893
19094,order several of your article,place_order,ORDER,BLM,9776
13379,I don't know what to do to see when will my item arrive,delivery_period,DELIVERY,BL,6594
12165,could Iplace an order from {{Delivery City}}?,delivery_options,DELIVERY,BIPSZ,6017
15553,nede to download my bill #85632,get_invoice,INVOICE,BLQZ,7876
25242,how do i check purchasae {{Order Number}} current status,track_order,ORDER,BILQZ,13631
22883,I want help to sdt up the new shipping address,set_up_shipping_address,SHIPPING,BLZ,12592
20430,I have to retrieve my user PIN,recover_password,ACCOUNT,BL,10582
11813,I do not know how to close a standard account,delete_account,ACCOUNT,BEL,5612
13917,editdata on standard account,edit_account,ACCOUNT,BKLZ,6959
18978,I want assistance to order a damn product,place_order,ORDER,BLW,9667
6470,assistance to see how log reimbursements take,check_refund_policy,REFUND,BLZ,3192
7784,"I am unhappy with your work, how do I lodge a reclamation?",complaint,FEEDBACK,BCIL,3808
11196,problem with standard acount deletions,delete_account,ACCOUNT,BLMZ,5579
16557,i have paid {{Currency Symbol}}{{Refund Amount}} for these items want help to get a rebate,get_refund,REFUND,BCELMQV,8429
14815,edit information onPremium account,edit_account,ACCOUNT,BKLZ,7561
17439,can ya help me cancel the subscription to the newsletter,newsletter_subscription,SUBSCRIPTION,BILQ,8616
25430,check estimated time of arrival of order {{Order Number}},track_order,ORDER,BKL,13531
16461,"I paid {{Currency Symbol}}{{Refund Amount}} for a purchase, how to receive a compensation?",get_refund,REFUND,BCILM,8378
4060,"I lost my bill from {{Person Name}}, can you show them to me?",check_invoice,INVOICE,BCIL,2021
18901,how do I shop some products?,place_order,ORDER,BILM,9592
8341,I am trying to check what hours I can reach customer support,contact_customer_service,CONTACT,BL,3869
9897,can ya help me speak to a live agent,contact_human_agent,CONTACT,BILQ,4516
23772,i have a trouble setting up the shipping address,set_up_shipping_address,SHIPPING,BLQZ,12802
4094,check bill from {{Person Name}},check_invoice,INVOICE,BKL,1923
3778,I don't know how to check the early exit charge,check_cancellation_fee,CANCEL,BL,1852
15535,getting invoices,get_invoice,INVOICE,BKM,7867
12171,"I want to see the options for shipment, help me",delivery_options,DELIVERY,BCL,6156
19492,assistance to shop some articles,place_order,ORDER,BLM,10118
8175,i dont know how to contact customer support,contact_customer_service,CONTACT,BLQ,4033
20839,I am trying to find information about my password recovery,recover_password,ACCOUNT,BEL,11166
5525,need to see the allowed payment options can uhelp me,check_payment_methods,PAYMENT,BCILQ,2787
14294,updating details on standard account,edit_account,ACCOUNT,BKLM,7253
16432,I need to get a rebate,get_refund,REFUND,BL,8360
19568,I am trying to order some of your article,place_order,ORDER,BLM,10175
2079,I am trying to change my address,change_shipping_address,SHIPPING,BL,801
22613,i want assistance to send feedback for ur company,review,FEEDBACK,BLQ,12324
19848,wanna earn an article i need asisstance,place_order,ORDER,BCLQZ,10376
17302,i have to sign up to the company newsletter,newsletter_subscription,SUBSCRIPTION,BLQ,8656
12680,I don't know what to do to check the options for delivery,delivery_options,DELIVERY,B,6341
17142,i need assistance to subwcribe to ur newsletter,newsletter_subscription,SUBSCRIPTION,BLQZ,8726
24686,assistance to change to the {{Account Category}} account,switch_account,ACCOUNT,BL,13139
10166,i dfo not know what i have to do to create a {{Account Type}} account,create_account,ACCOUNT,BELQZ,5110
3307,"I want to see the withdrawal fee, can I get some help?",check_cancellation_fee,CANCEL,BCIL,1627
13459,help me to see when will my item arrive,delivery_period,DELIVERY,BL,6754
2517,"I have to modify the shipping address, could you help me?",change_shipping_address,SHIPPING,BCILP,1132
7863,help me making a customer complaint,complaint,FEEDBACK,BL,3735
10209,new platinum acount for wife,create_account,ACCOUNT,BKLZ,5135
19013,assistance earning an item,place_order,ORDER,BL,9700
8358,help me see what hours I can call customer support,contact_customer_service,CONTACT,BL,3904
20865,want assistance to retrieve my profile pin,recover_password,ACCOUNT,BLQ,10430
18725,is it possible to inform of an issue with online payments?,payment_issue,PAYMENT,BILM,9492
20058,want assistance retrieving my user account PIN,recover_password,ACCOUNT,BLQ,10444
20769,"I have lost my user profile password, help me recover it",recover_password,ACCOUNT,BCLV,11125
18227,"I can't pay, I need help to inform of problems with payment",payment_issue,PAYMENT,BCLM,9212
19515,"I have got to purchase an article, how do I do it?",place_order,ORDER,BCIL,10135
26612,"I have to see the bloody status of the refund, how to do it?",track_refund,REFUND,BCILW,14072
23349,i need assistance to set up the new delivery address,set_up_shipping_address,SHIPPING,BLQ,12648
15220,is it possible to download invoice #00108,get_invoice,INVOICE,BILQ,7764
23433,problem setting a new delivery address up,set_up_shipping_address,SHIPPING,BL,12715
16058,where to demand my money back?,get_refund,REFUND,BIL,8126
15665,can uhlep me getting my fucking bill from {{Person Name}},get_invoice,INVOICE,BILQWZ,7910
16919,"I have tounsubscribe from the newsletter, help me",newsletter_subscription,SUBSCRIPTION,BCLZ,8632
16578,"I paid {{Refund Amount}} dollars for an item, I need to receive a rebate",get_refund,REFUND,BCLM,8442
21724,I want assistance to notify of problems with signup,registration_problems,ACCOUNT,BLM,11448
5957,help seeing in which situations can I ask to be reimbursed,check_refund_policy,REFUND,BL,2989
17240,can i see thed status of my subscription to ur newsletter,newsletter_subscription,SUBSCRIPTION,BILQZ,8763
16640,assistance to receive a compensation,get_refund,REFUND,BL,8477
18312,assistance to solve troubles with payments,payment_issue,PAYMENT,BLM,9257
5680,wanna list ur available payment methods,check_payment_methods,PAYMENT,BLQ,2523
3102,i cannot find the early termination fees,check_cancellation_fee,CANCEL,BELMQ,1501
1222,can I delete an item from purchase {{Order Number}} ?,change_order,ORDER,BILZ,298
26552,i want help checking if there are any news on my restitution,track_refund,REFUND,BLMQ,14055
15603,i need assistance downloading my invoices from {{Person Name}},get_invoice,INVOICE,BLMQ,7639
7428,i want help to file a complaint against ur business,complaint,FEEDBACK,BQ,3439
26162,I do not know how I can see the current status of my refund,track_refund,REFUND,BEL,13928
17068,"I have to unsubscribe to the company newsletter, I need help",newsletter_subscription,SUBSCRIPTION,BCL,8697
7796,i try to make a consumer reclamation against ur company,complaint,FEEDBACK,BLQ,3395
23720,"I have to submit my damn secondary delivery address, help me",set_up_shipping_address,SHIPPING,BCLW,13048
23668,issues setting up another shipping address,set_up_shipping_address,SHIPPING,BM,12722
17881,can i sign up to the company newsletter,newsletter_subscription,SUBSCRIPTION,BILQ,8656
10955,watn assistance removing a standard account,delete_account,ACCOUNT,BLQZ,5498
15626,is it possible to get my bill #00108?,get_invoice,INVOICE,BIL,7896
8403,how to check whatg hours I can reach customer support?,contact_customer_service,CONTACT,BILZ,3869
209,"I do not want this item, cancel order {{Order Number}}",cancel_order,ORDER,BCELN,74
13970,update data on {{Account Type}} cacount,edit_account,ACCOUNT,BKLZ,7008
20037,can you help me resetting the pwd of my user?,recover_password,ACCOUNT,BILQ,10537
3174,how to see the early termination charges?,check_cancellation_fee,CANCEL,BILM,1550
19569,assistance shopping several products,place_order,ORDER,BLM,10176
22186,I want assistance sending my damn feedback for a product,review,FEEDBACK,BLW,11908
9057,I do not know what to do to chat with someone,contact_human_agent,CONTACT,BEL,4443
17775,where do I sign up to your newsletter?,newsletter_subscription,SUBSCRIPTION,BIL,8703
23787,is it possible to set up a damn different delivery address?,set_up_shipping_address,SHIPPING,BILW,13079
10274,i dont know what i have to do to create a freemium account,create_account,ACCOUNT,BLQ,4964
6312,in which cases can I ask for my money back?,check_refund_policy,REFUND,BIL,3143
9836,need help to talk with a person,contact_human_agent,CONTACT,BLQZ,4578
19083,"I need to purchase several items, how can I do it?",place_order,ORDER,BCILM,9765
1130,I want help to modify purchase {{Order Number}},change_order,ORDER,BL,260
13398,help me seeing how long it takes for the delivery to rarive,delivery_period,DELIVERY,BLZ,6730
12025,help me seeing what methods for delivery I can choose,delivery_options,DELIVERY,BLM,6086
11219,I want assistance to close my {{Account Type}} account,delete_account,ACCOUNT,BL,5663
9604,chat with assistant,contact_human_agent,CONTACT,BL,4361
5475,I have to list your accepted payment methods,check_payment_methods,PAYMENT,BL,2477
9606,I don't know how I can speak with an operator,contact_human_agent,CONTACT,BL,4614
15096,i dont know how i can get the invoicess from {{Person Name}},get_invoice,INVOICE,BMQZ,7629
3687,I don't know how to check the damn termination penalty,check_cancellation_fee,CANCEL,BLW,1689
11778,I need information about standard account cancellations,delete_account,ACCOUNT,BLM,5928
5633,I have got to check what payment methods are available,check_payment_methods,PAYMENT,B,2523
25315,need help to see the ETA of the order {{Order Number}},track_order,ORDER,BLQ,13519
22403,how can I write a comment about a service?,review,FEEDBACK,BIL,12270
6191,help me check in which cases can I ask to be reimbursed,check_refund_policy,REFUND,BL,2959
7204,I don't know how to make a claim,complaint,FEEDBACK,BL,3528
6190,help to see in what cases can I request to be refunded,check_refund_policy,REFUND,BLZ,3009
7695,want help filing a consumer cliam against your company,complaint,FEEDBACK,BLQZ,3773
4505,i need help looking for my invoice #37777,check_invoice,INVOICE,BLQ,2269
20398,I need help restoring my user key,recover_password,ACCOUNT,BL,10848
7993,how to see at what time customer support available is?,contact_customer_service,CONTACT,BIL,3928
21119,i cannot sign up need helpto report sign-up problems,registration_problems,ACCOUNT,BCELMNQZ,11379
10780,tell me more about opening gold accounts,create_account,ACCOUNT,BLM,5405
9395,I want to chat with an operator,contact_human_agent,CONTACT,BL,4504
23975,"I have got to use the gold profile, I need assistance",switch_account,ACCOUNT,BCL,13189
4604,i want assistance to find the bikll #00108,check_invoice,INVOICE,BLQZ,2318
3741,want assistance checking the early termination penalty,check_cancellation_fee,CANCEL,BLQ,1400
16174,how to receive a compensation of my money,get_refund,REFUND,BILQ,8132
4062,what do I have to do to look for the invoice #85632?,check_invoice,INVOICE,BIL,2023
23693,could you help me submitting a delivery address?,set_up_shipping_address,SHIPPING,BILP,12865
6151,assistance checking your reimbursement policy,check_refund_policy,REFUND,BL,3001
19657,I do not know how to acquire several items,place_order,ORDER,BELM,9844
4263,i dont know what to do to look for the invoice #85632,check_invoice,INVOICE,BLQ,2145
6150,I am trying to see in what situations can I request refunds,check_refund_policy,REFUND,BL,2992
4959,can you help me check your accepted payment methods?,check_payment_methods,PAYMENT,BIL,2500
24653,how can I use the standard profile?,switch_account,ACCOUNT,BIL,13245
21929,help me submit some feedback about a product,review,FEEDBACK,BL,11892
24805,I'd like to use the {{Account Type}} account,switch_account,ACCOUNT,BPQ,13498
24717,assistance using the bloody platinum profile,switch_account,ACCOUNT,BLW,13474
78,"I have got to cancel purchase {{Order Number}}, help me",cancel_order,ORDER,BCL,35
14114,"I have to edit my personal information, could you help me?",edit_account,ACCOUNT,BCIP,7129
16,what do I have to do to cancel purchase {{Order Number}}?,cancel_order,ORDER,BIL,3
16192,help me obtain a reimbursement,get_refund,REFUND,BL,8059
23666,assistance to submit the secondary shipping address,set_up_shipping_address,SHIPPING,BL,12608
17990,need assistance solving a problem with online payment,payment_issue,PAYMENT,BLQ,9036
8742,can uhelp me see what hours i can call customer service,contact_customer_service,CONTACT,BILQ,4263
8138,can you show me what hours I can reach customer assistance?,contact_customer_service,CONTACT,BIL,4014
17515,need assistance cancelling my subscription to ur newsletter,newsletter_subscription,SUBSCRIPTION,BLQ,8633
26267,assistance to track the rebate,track_refund,REFUND,BL,13966
1135,i have to change purchase {{Order Number}} i need help,change_order,ORDER,BCLQ,312
24837,icannot switch to the bloody standard account,switch_account,ACCOUNT,BENQWZ,13509
22735,"I want to write a review about your products, how to do it?",review,FEEDBACK,BCIL,12497
7285,how to lodge a complaint against your organization?,complaint,FEEDBACK,BIL,3483
4036,I don't know what I need to do to check bill #37777,check_invoice,INVOICE,BL,2005
19603,how can i buy a few of ur item,place_order,ORDER,BIMQ,9832
9907,I want help to talk to a person,contact_human_agent,CONTACT,BL,4922
20309,I am trying to restore the pwd of my user profile,recover_password,ACCOUNT,BLQ,10776
14761,could you help me changing the info on my user account?,edit_account,ACCOUNT,BILPQ,7531
24347,i dont know how i can switch to the {{Account Type}} acount,switch_account,ACCOUNT,BQZ,13354
3311,where can I check the cancellation penalties?,check_cancellation_fee,CANCEL,BILM,1630
15240,I do not know what I have to do to download invoice #12588,get_invoice,INVOICE,BEL,7621
1524,help switching some products of order {{Order Number}},change_order,ORDER,BLM,517
3568,I want help to see the cancellation penalty,check_cancellation_fee,CANCEL,BL,1409
8892,i have to see what hours customer support available is,contact_customer_service,CONTACT,BLQ,3890
15238,I don't know how I can get the invoice #85632,get_invoice,INVOICE,B,7772
7543,help me to lodge a customer claim,complaint,FEEDBACK,BL,3706
10302,new {{Account Category}} acount for wife,create_account,ACCOUNT,BKLZ,5116
7143,help making a customer reclamation against your organization,complaint,FEEDBACK,BL,3492
504,can uhelp me cancelliung order {{Order Number}},cancel_order,ORDER,BIQZ,135
18492,where can I notify of troubles with payment?,payment_issue,PAYMENT,BILM,9283
3823,help me check the cancellation charge,check_cancellation_fee,CANCEL,BL,1571
24039,using standard accouny,switch_account,ACCOUNT,BKZ,13224
6779,I want to see in what cases can I ask for reimbursements,check_refund_policy,REFUND,BL,3022
16676,I do not know what to do to obtain a restitution of money,get_refund,REFUND,BEL,8276
9374,I want to chat with a live agent,contact_human_agent,CONTACT,BLZ,4368
1930,swap several items of order {{Order Number}},change_order,ORDER,BLM,491
18236,I don't know how I can notify of a payment issue,payment_issue,PAYMENT,BL,9219
20670,I have got to reset my user account access key,recover_password,ACCOUNT,BL,11047
20984,i want help to notify of registration problems,registration_problems,ACCOUNT,BLMQ,11283
6631,help me check in which cases can i ask ofr reimbursements,check_refund_policy,REFUND,BLQZ,3246
24994,show me order {{Order Number}} status,track_order,ORDER,B,13523
24222,need to use the premium account,switch_account,ACCOUNT,BQ,13273
4785,i want assistance checking invoice #12588,check_invoice,INVOICE,BQ,2399
2150,"the fucking shipping address changed, could you update it?",change_shipping_address,SHIPPING,BCILPW,860
25323,want help to seethe eta of purchase {{Order Number}},track_order,ORDER,BLQZ,13656
25586,check the ETA of the purchase {{Order Number}},track_order,ORDER,BL,13518
11633,deleting gold account,delete_account,ACCOUNT,BKL,5861
17504,I need assistance unsubscribinbg to your newsletter,newsletter_subscription,SUBSCRIPTION,BLZ,8624
21785,can you help me notify of a registration issue?,registration_problems,ACCOUNT,BIL,11331
5931,"I have got to see your money back policy, how can I do it?",check_refund_policy,REFUND,BCIL,2968
10579,create {{Account Type}} cacount,create_account,ACCOUNT,BKZ,5312
12950,assistance seeing how soon can I expect my article,delivery_period,DELIVERY,BL,6463
22215,need assistance sending some feedback for ur services,review,FEEDBACK,BLQ,12060
20905,"I can't sign up, I want help to inform of signup issues",registration_problems,ACCOUNT,BCLMN,11212
21325,I want help to inform of problems with a sign-up,registration_problems,ACCOUNT,BLM,11294
16208,how to request a reimbursement of my money?,get_refund,REFUND,BIL,8133
8879,do you have a free phone number to contact customer service?,contact_customer_service,CONTACT,BIL,4316
21545,can i inform of sign-up problems,registration_problems,ACCOUNT,BILMQ,11294
13844,where do i check how long it takes for my article to arrive,delivery_period,DELIVERY,BILQ,6721
4813,I have got to locate my invoice from {{Person Name}},check_invoice,INVOICE,BL,2409
14026,"I would like to edit my user, will you help me?",edit_account,ACCOUNT,BCIP,7054
15716,help me download my bills from {{Person Name}},get_invoice,INVOICE,BLM,7618
24799,can uhlep me use the {{Account Type}} account,switch_account,ACCOUNT,BIQZ,13494
10583,create standard account,create_account,ACCOUNT,BK,5034
13340,I have to check when will my package arrive,delivery_period,DELIVERY,BL,6542
2732,I need help trying to hcange the bloody delivery address,change_shipping_address,SHIPPING,BLWZ,1266
20481,"I lost my profile PIN, where do I restore it?",recover_password,ACCOUNT,BCIL,10910
26691,need to know if there is anything new on the restitution,track_refund,REFUND,BLQ,13907
7,I am trying to cancel purchase {{Order Number}},cancel_order,ORDER,BL,7
9469,I do not know what to do to chat with an operator,contact_human_agent,CONTACT,BEL,4385
1019,help removing an article from order {{Order Number}},change_order,ORDER,BL,222
13118,I try to check when will my article arrive,delivery_period,DELIVERY,BL,6430
4548,help to give a quick look at my invoice #37777,check_invoice,INVOICE,BL,2128
10199,want assistance opening a {{Account Category}} account for my dad,create_account,ACCOUNT,BLQ,4945
11532,i dont know what i have to do to delete my {{Account Category}} account,delete_account,ACCOUNT,BLQ,5478
20347,"I lost my account PIN code, assistance to reset it",recover_password,ACCOUNT,BCL,10807
1798,how do i remove several articles from order {{Order Number}},change_order,ORDER,BILMQ,571
23125,want help setting a new delivery address up,set_up_shipping_address,SHIPPING,BLQ,12605
22576,I want assistance writing an opinion for a product,review,FEEDBACK,BL,12389
13514,could I check how long it takes for my product to arrive?,delivery_period,DELIVERY,BILP,6501
23738,i dont know how i can submit a delivery address,set_up_shipping_address,SHIPPING,BLQ,13054
15201,i need assistance to get the invoice from {{Person Name}},get_invoice,INVOICE,BQ,7629
11646,could you help me to delete a {{Account Category}} account?,delete_account,ACCOUNT,BILP,5868
15653,i have to download the invoice from {{Person Name}},get_invoice,INVOICE,BLQ,7643
24230,want help to switch to the freemium account,switch_account,ACCOUNT,BQ,13126
3643,"I have to see the early exit penalty, could you help me?",check_cancellation_fee,CANCEL,BCILP,1786
19379,I do not know what I need to do to buy an product,place_order,ORDER,BELZ,10029
8240,how can I call customer service?,contact_customer_service,CONTACT,BIL,3875
14522,modifying details on freemium account,edit_account,ACCOUNT,BKLM,7213
11137,need assistance closing my freemium account,delete_account,ACCOUNT,BLQ,5621
8689,"I have to call customer service, could you help me?",contact_customer_service,CONTACT,BCILP,4242
23657,"I want to enter another delivery address, can you help me?",set_up_shipping_address,SHIPPING,BCIL,13024
5903,"I want to see the accepted payment methods, can you help me?",check_payment_methods,PAYMENT,BCIL,2948
22305,is there an address to submit an opinion for a product?,review,FEEDBACK,BIL,12196
25791,can uhelp me see the ETA of purchase {{Order Number}},track_order,ORDER,BILQ,13518
23892,wanna switch to th {{Account Category}} account could uhelp me,switch_account,ACCOUNT,BCIPQZ,13134
23453,i have got to submit my deliery address,set_up_shipping_address,SHIPPING,BLQZ,12927
13611,I call to see how long it takes for my package to arrive,delivery_period,DELIVERY,BL,6576
11749,want assistance cancelling my pro account,delete_account,ACCOUNT,BLQ,5914
13639,"I need to see how soon can I expect my item, help me",delivery_period,DELIVERY,BCL,6422
13457,i have to see how long i takes for my article to arrive,delivery_period,DELIVERY,BLQZ,6491
6401,i have to check in what cases can i request a reimbursement,check_refund_policy,REFUND,BLQ,2973
10150,creating new {{Account Type}} account,create_account,ACCOUNT,BKL,5095
23536,my secondary delivery address is not valid,set_up_shipping_address,SHIPPING,BEL,12952
17257,i have to receive ur corporate newsletter,newsletter_subscription,SUBSCRIPTION,BLQ,8652
25066,assistance to see the ETA of the order {{Order Number}},track_order,ORDER,BL,13519
9226,contact live agent,contact_human_agent,CONTACT,BKL,4551
6491,show me in which situations can I request to be refunded,check_refund_policy,REFUND,BL,3199
13370,want assistance checking how soon can i expect the product,delivery_period,DELIVERY,BLQZ,6621
18023,need assistance reporting an issue with pyments,payment_issue,PAYMENT,BMQZ,9064
13827,I'm trying to find the shipping period,delivery_period,DELIVERY,BELQ,6908
23672,can you help me to submit a different delivery address?,set_up_shipping_address,SHIPPING,BIL,12999
13369,wanna see how soon can i expect the shipment help me,delivery_period,DELIVERY,BCLQ,6587
23899,change to {{Account Type}} account,switch_account,ACCOUNT,BKL,13124
19317,i need assistance to purchase several of ur item,place_order,ORDER,BLMQ,9973
3439,where do i check the cancellation penalty,check_cancellation_fee,CANCEL,BILQ,1409
15391,mail me my bill from {{Person Name}},get_invoice,INVOICE,BL,7753
9655,is it possible to talk to a damn assistant?,contact_human_agent,CONTACT,BILW,4793
7956,where can I see what hours I can reach customer assistance?,contact_customer_service,CONTACT,BIL,3883
21665,i dont know how to inform of sign-up problems,registration_problems,ACCOUNT,BLMQ,11693
9673,what do i have to do to talk to a person,contact_human_agent,CONTACT,BILQ,4805
5034,show me your payment options,check_payment_methods,PAYMENT,BL,2547
6485,I need help to check how long reimburssements take,check_refund_policy,REFUND,BLZ,3197
2858,i want supports trying to correct the address,change_shipping_address,SHIPPING,BLMQ,1335
19238,can you help me buy a product?,place_order,ORDER,BIL,9905
26220,could you help me check the status of my restitution?,track_refund,REFUND,BILP,13948
1414,how to modify order {{Order Number}}?,change_order,ORDER,BIL,273
15987,where do I receive a refund of my money?,get_refund,REFUND,BIL,8067
15490,is it possible to download my damn invoices from {{Person Name}},get_invoice,INVOICE,BILMQW,7794
4245,I need assistance checking my bills from {{Person Name}},check_invoice,INVOICE,BLM,1923
3324,I need assistance to see the cancellation penalty,check_cancellation_fee,CANCEL,BLZ,1409
13891,"I have got to see how soon can I expect my shipment, help me",delivery_period,DELIVERY,BCL,6481
22920,setting different shipping address up,set_up_shipping_address,SHIPPING,BKL,12624
23653,"I have got to submit a shipping address, help me",set_up_shipping_address,SHIPPING,BCL,13022
22363,i need assistance sending feedback for u company,review,FEEDBACK,BLQZ,12240
25260,I'm trying to see the current status of order {{Order Number}},track_order,ORDER,BLQ,13639
10212,whatdo i have to do to create a goddamn {{Account Type}} account,create_account,ACCOUNT,BIQWZ,5137
21116,i want assistance reporting issues with sign-up,registration_problems,ACCOUNT,BLMQ,11258
13672,"I have got to check how soon can I expect my order, help me",delivery_period,DELIVERY,BCL,6847
18307,want help to report problems with online payment,payment_issue,PAYMENT,BLMQ,8967
22976,I want to enter my delivery address,set_up_shipping_address,SHIPPING,BL,12670
26433,know if there is anything new on my restitution,track_refund,REFUND,BL,13907
17397,"I have got to subscribe to the newsletter, how to do it?",newsletter_subscription,SUBSCRIPTION,BCIL,8641
9551,I have tl talk to a live agent,contact_human_agent,CONTACT,BLZ,4734
23873,could you help me set up the new shipping address?,set_up_shipping_address,SHIPPING,BILP,13120
21920,I'm trying to leave my feedback about ur services,review,FEEDBACK,BLQ,11883
15340,I'm tryingto download my invoice from {{Person Name}},get_invoice,INVOICE,BLQZ,7804
19742,i have to acquire some items i need assistance,place_order,ORDER,BCLMQ,10303
22083,can I send some feedback for a service?,review,FEEDBACK,BIL,11904
15169,what do i have to do to download my invoice #85632,get_invoice,INVOICE,BILQ,7613
15042,would it be possible to download the invoice from {{Person Name}}?,get_invoice,INVOICE,BILP,7700
6036,"I want to see in what cases can I request refunds, help me",check_refund_policy,REFUND,BCL,3034
9739,I don't know how to chat with an agent,contact_human_agent,CONTACT,BL,4842
13853,"I have got to check how long the shipping takes, I need help",delivery_period,DELIVERY,BCL,6916
3104,I wanmt assistance checking the cancellation penalty,check_cancellation_fee,CANCEL,BLZ,1503
1618,assistance to add a damn article to order {{Order Number}},change_order,ORDER,BLW,556
3557,"I need to see the withdrawal fee, how to do it?",check_cancellation_fee,CANCEL,BCIL,1753
21308,what do I have to do to notify of registration issues?,registration_problems,ACCOUNT,BILM,11271
12704,is it possible to see what shipping methods you offer?,delivery_options,DELIVERY,BILM,6347
1623,need to change order {{Order Number}},change_order,ORDER,BQ,204
110,need assistance canceling order {{Order Number}},cancel_order,ORDER,BQ,12
18898,help me to shop some of your product,place_order,ORDER,BLM,9589
19576,where do I acquire some items?,place_order,ORDER,BILM,10182
8863,"I have got to talk to bloody customer support, I need help",contact_customer_service,CONTACT,BCLW,4306
10484,create user,create_account,ACCOUNT,BK,5272
6460,help to check in what situations can I request reimbursments,check_refund_policy,REFUND,BLZ,3190
18847,want help notifying of a trouble with payment,payment_issue,PAYMENT,BLQ,9510
21812,I try to notify of issues with registrations,registration_problems,ACCOUNT,BLM,11330
7642,I try to file a reclamation against your business,complaint,FEEDBACK,BL,3405
25116,when will purchase {{Order Number}} arrive,track_order,ORDER,BL,13596
22562,is there a e-mail to send my feedback for your products?,review,FEEDBACK,BILZ,12380
2739,where to update my shipping address?,change_shipping_address,SHIPPING,BIL,899
2641,could you tell me more about changing my delivery address?,change_shipping_address,SHIPPING,BILP,903
7032,could you help me lodging a claim?,complaint,FEEDBACK,BILP,3413
18986,"I need to earn several goddamn items, how can I do it?",place_order,ORDER,BCILMW,9675
11706,delete pro account,delete_account,ACCOUNT,BKL,5891
1909,wanna change a product of order {{Order Number}},change_order,ORDER,BLQ,631
16348,need assistance getting a refund of my money,get_refund,REFUND,BQ,8310
19263,assistance to order some of ur item,place_order,ORDER,BLMQZ,9928
21238,I don't know how to inform of an issue with registrations,registration_problems,ACCOUNT,BL,11467
22549,uhave an adress to submit feedback about ur products,review,FEEDBACK,BILQZ,12371
25758,i have to see order {{Order Number}} current status i need help,track_order,ORDER,BCLQ,13523
10416,help to ccreate a goddamn {{Account Type}} account,create_account,ACCOUNT,BWZ,5245
9267,talk to person,contact_human_agent,CONTACT,BKL,4588
1756,how to change several products of order {{Order Number}}?,change_order,ORDER,BILM,351
20566,I am looking for information about a password retrieval,recover_password,ACCOUNT,BEL,10974
7368,I want assistance to lodge a complaint against your business,complaint,FEEDBACK,BL,3389
22996,I have a problem setting up a new shipping address,set_up_shipping_address,SHIPPING,BL,12685
7504,I call to lodge a complaint against your business,complaint,FEEDBACK,BL,3389
16782,want assistance to get my money back,get_refund,REFUND,BQ,8553
5327,want assistance to check your accepted payment options,check_payment_methods,PAYMENT,BLQ,2497
25428,I want help locating order {{Order Number}},track_order,ORDER,BL,13602
25704,see status of purchase {{Order Number}},track_order,ORDER,BKL,13522
24207,can you help me changing to the standard account?,switch_account,ACCOUNT,BIL,13295
4125,i want assistance to locatr my bill #00108,check_invoice,INVOICE,BLQZ,2060
15902,I want assistance obtaining a reimbursement of my money,get_refund,REFUND,BL,7983
5851,can ushow me the accepted payment metyods,check_payment_methods,PAYMENT,BILQZ,2928
14528,changing details on platinum account,edit_account,ACCOUNT,BKLM,7401
15713,I have got to download my invoices from {{Person Name}},get_invoice,INVOICE,BLM,7643
5654,can you help me seeing the payment options?,check_payment_methods,PAYMENT,BIL,2840
22485,I needassistance sending some feedback about your company,review,FEEDBACK,BLZ,12327
3294,need to check the withdrawal charge,check_cancellation_fee,CANCEL,BLQ,1462
24178,help me switch to the freemium account,switch_account,ACCOUNT,BZ,13126
21374,where do I inform of an issue with a signup?,registration_problems,ACCOUNT,BIL,11551
5069,how do I list your payment options?,check_payment_methods,PAYMENT,BIL,2566
15057,can you help me getting invoice #37777?,get_invoice,INVOICE,BI,7706
14288,"I have to modify the personal details, how to do it?",edit_account,ACCOUNT,BCILM,7249
21148,where to notify of an issue with a registration,registration_problems,ACCOUNT,BILQ,11400
6855,help me see in what situations can I request a refund,check_refund_policy,REFUND,BL,2992
11170,can I close a standard account?,delete_account,ACCOUNT,BIL,5639
6047,I cannot check your reimbursement policy,check_refund_policy,REFUND,BEL,3042
9009,i dont know how i ca chat with a human agent,contact_human_agent,CONTACT,BLQZ,4409
2808,i do not know what i nded to do to edit my delivery address,change_shipping_address,SHIPPING,BELQZ,1306
22420,can uhelp me leaving a comment about ur services,review,FEEDBACK,BILQ,12282
16455,were can I demand compensations of money?,get_refund,REFUND,BILMZ,8372
10443,create new standard account for daughter,create_account,ACCOUNT,BKL,5256
3664,i need assistance checking the withdrawal charges,check_cancellation_fee,CANCEL,BLMQ,1462
5724,assistance to swee the accepted payment options,check_payment_methods,PAYMENT,BLZ,2874
6836,wanna see in which situations can i ask for a refund,check_refund_policy,REFUND,BLQ,2976
14667,change details on platinum account,edit_account,ACCOUNT,BKLM,7481
15629,what do i have to do to download my invoice #12588,get_invoice,INVOICE,BILQ,7621
5689,I want assistance seeing your bloody payment options,check_payment_methods,PAYMENT,BLW,2858
23375,I want assistance to enter a damn different delivery address,set_up_shipping_address,SHIPPING,BLW,12784
13129,I want to see how soon can I expect the goddamn package,delivery_period,DELIVERY,BLW,6595
3080,"I have to check the early exit charge, help me",check_cancellation_fee,CANCEL,BCL,1486
6479,help to check in what cases can I request to be refunded,check_refund_policy,REFUND,BL,3009
18344,I want help notifying of an issue with payments,payment_issue,PAYMENT,BLM,9277
23223,I have an issue setting the secondary delivery address up,set_up_shipping_address,SHIPPING,BL,12819
25931,I'm waiting for a compensation of {{Currency Symbol}}{{Refund Amount}},track_refund,REFUND,BLQ,13784
24390,change to the platinum account,switch_account,ACCOUNT,BL,13154
1807,how do I update order {{Order Number}}?,change_order,ORDER,BIL,238
21980,help to leave feedback for your company,review,FEEDBACK,BLZ,11937
14402,change information on gold account,edit_account,ACCOUNT,BKL,7324
6701,I need to check in which situations can I requst a refund,check_refund_policy,REFUND,BLZ,3262
20580,I don't know how to recover the PIN of my profile,recover_password,ACCOUNT,BL,10986
7095,what do I have to do to make a complaint?,complaint,FEEDBACK,BIL,3459
18970,wanna shop a few of ur article,place_order,ORDER,BLMQ,9659
11204,what do i need to do to remove the {{Account Type}} account,delete_account,ACCOUNT,BILQ,5460
16728,what do I need to do to request a rebate?,get_refund,REFUND,BIL,8525
9062,speak with human agent,contact_human_agent,CONTACT,BKL,4377
10202,help with creating a standard account,create_account,ACCOUNT,BL,5130
13461,can i see when my package is gonna arirve,delivery_period,DELIVERY,BILQZ,6756
22333,can I leave some feedback for a service?,review,FEEDBACK,BIL,12215
20487,retrieve the key of my user,recover_password,ACCOUNT,BL,10454
21867,I have got to inform of a problem with a signup,registration_problems,ACCOUNT,BL,11837
2593,I have a trouble trying to change the shipping address,change_shipping_address,SHIPPING,BL,798
25056,i want help to track purchase00123842,track_order,ORDER,BLQZ,13581
13080,show me how long it takes for my order to arrive,delivery_period,DELIVERY,BL,6562
8423,can you show me what hours I can call customer service?,contact_customer_service,CONTACT,BIL,3897
7997,could I check at what time I can call customer service?,contact_customer_service,CONTACT,BILP,3930
5146,"I would like to see what payment options you accept, help me",check_payment_methods,PAYMENT,BCLP,2606
26516,I can't check if there is anything wrong with my rebate,track_refund,REFUND,BLN,14047
17204,I acn't unsubscribe to your company newsletter,newsletter_subscription,SUBSCRIPTION,BLZ,8751
10524,i need a {{Account Category}} account create it,create_account,ACCOUNT,BCLQ,4932
22828,uhave a way to submit an opinion about a product,review,FEEDBACK,BILQ,12561
21330,could ya help me notifying of problems with a registration,registration_problems,ACCOUNT,BILMPQ,11522
26688,"I need to see my rebate current status, will you help me?",track_refund,REFUND,BCILP,14088
16445,I want help to ask for my money back,get_refund,REFUND,BL,8368
15232,get invoice from last month,get_invoice,INVOICE,BK,7770
12150,"I need to check the shipping methods, can I get some help?",delivery_options,DELIVERY,BCIL,6146
26228,I'm waiting for an goddamn restitution of {{Refund Amount}} dollars,track_refund,REFUND,BLQWZ,13782
23936,I want to change to the {{Account Type}} account,switch_account,ACCOUNT,BL,13124
11282,I have a problem with the removal of a standard account,delete_account,ACCOUNT,BLZ,5691
9707,I want help to talk with a human agent,contact_human_agent,CONTACT,BL,4383
13866,I want to see how long it takes for the dewlivery to arrive,delivery_period,DELIVERY,BLZ,6925
4329,I don't know what to do ti see my invoice from {{Person Name}},check_invoice,INVOICE,BLZ,2184
4949,can i pay witj visa,check_payment_methods,PAYMENT,BIQZ,2490
16278,what do I need to do to get refunds of money?,get_refund,REFUND,BIM,8277
20517,"I can't remember my user profile PIN, I have got to reset it",recover_password,ACCOUNT,BCL,10936
4578,want assistance to give a quick look at the invoice #12588,check_invoice,INVOICE,BLQ,2085
4396,where do i take a quick look at the bill #37777,check_invoice,INVOICE,BILQ,2219
20631,how to reset my user profile key?,recover_password,ACCOUNT,BIL,11022
8070,assistance checking what hours I can call customer suoport,contact_customer_service,CONTACT,BLZ,3976
13092,can you show me how long the shipping takes?,delivery_period,DELIVERY,BIL,6570
9198,need assistance to speak with somebody,contact_human_agent,CONTACT,BLQ,4339
23940,what do I have to do to change t the pro account?,switch_account,ACCOUNT,BILZ,13169
5650,I want assistance checking the allowed payment methods,check_payment_methods,PAYMENT,BL,2543
4987,assistance seeing ur available payment options,check_payment_methods,PAYMENT,BLQ,2519
20388,need assistance to recover my account pass,recover_password,ACCOUNT,BLQ,10841
14551,editing data on premium acocunt,edit_account,ACCOUNT,BLZ,7414
16892,I need help to request reimbursements of money,get_refund,REFUND,BLM,8013
13112,"I have to check how long the shipment takes, I need help",delivery_period,DELIVERY,BCL,6584
18440,i need help to report a problem with online payments,payment_issue,PAYMENT,BLMQ,9043
17657,is it possible to cancel the newsletter subscription,newsletter_subscription,SUBSCRIPTION,BILQ,8653
24270,is it possible to switch to the {{Account Category}} account,switch_account,ACCOUNT,BIQ,13321
22524,I need help to send my feedback for your company,review,FEEDBACK,BL,12356
9257,what do I need to do to chat with a person?,contact_human_agent,CONTACT,BIL,4583
14153,change information on {{Account Category}} account,edit_account,ACCOUNT,BKL,7160
3837,where could I see the early exit penalties?,check_cancellation_fee,CANCEL,BILMP,1875
18250,solving payment errors,payment_issue,PAYMENT,BKLM,9225
6627,can i check in which situations can i request a refund,check_refund_policy,REFUND,BILQ,2992
13057,want help checking how sooncan i expect my article,delivery_period,DELIVERY,BLQZ,6545
9052,want assistance to speak with someone,contact_human_agent,CONTACT,BLQ,4388
25202,i have got to locate purchase {{Order Number}} help me,track_order,ORDER,BCLQ,13621
26812,assistance seeing if there are any news on my reimbursement,track_refund,REFUND,BLM,13938
25860,help me to check the ETA of order {{Order Number}},track_order,ORDER,B,13519
22924,I need help submitting a different delivery address,set_up_shipping_address,SHIPPING,BL,12628
10433,how could I open a standard account?,create_account,ACCOUNT,BILP,4982
22102,I do not know how I can leave my feedback for your services,review,FEEDBACK,BEL,12040
3158,i cant find anything about the cancellation fees,check_cancellation_fee,CANCEL,BMQ,1539
17857,how can I unsubscribe to the newsletter?,newsletter_subscription,SUBSCRIPTION,BIL,8619
20757,what do i have to do to recover my profile key,recover_password,ACCOUNT,BILQ,11118
3572,I don't know how I could see the cancellation fees,check_cancellation_fee,CANCEL,BLMP,1756
16413,i dont know what to do to get a compensation,get_refund,REFUND,BLQ,8087
24467,help using the standard cacount,switch_account,ACCOUNT,BZ,13396
13311,will you show me how soon can I expect my purchase?,delivery_period,DELIVERY,BILP,6689
16948,"I need to cancel my subscription to your newsletter, help me",newsletter_subscription,SUBSCRIPTION,BCL,8616
26223,I'm waiting for a restitution of {{Currency Symbol}}{{Refund Amount}} was it processed,track_refund,REFUND,BCLQ,13792
11046,I do not know how to cancel my premium account,delete_account,ACCOUNT,BEL,5503
7911,what do i have to do to file a consumer claim,complaint,FEEDBACK,BILQ,3421
3462,i need assistance seeing the early exit charge,check_cancellation_fee,CANCEL,BLQ,1715
16136,I need help to request refunds,get_refund,REFUND,BLM,8183
12073,can I place an ordewr from {{Delivery Country}}?,delivery_options,DELIVERY,BISZ,6062
22553,where doI send feedback about your company?,review,FEEDBACK,BILZ,12375
24285,help using the platinum account,switch_account,ACCOUNT,B,13331
19698,"I want to order a product, I need help",place_order,ORDER,BCL,10273
4294,check invoice,check_invoice,INVOICE,BK,2163
16425,help me ask for a rebate,get_refund,REFUND,BL,8357
4340,can you help me giving a quick look at my bill #12588?,check_invoice,INVOICE,BIL,2191
12642,help me seeing what goddamn shipping methods are there,delivery_options,DELIVERY,BLMW,6329
19633,help me acquiring a few of your article,place_order,ORDER,BLM,9971
7078,filing customer reclamation against your organization,complaint,FEEDBACK,BL,3448
1099,i need assistance switching an item of order {{Order Number}},change_order,ORDER,BLQ,285
21070,can you help me inform of an problem with sign-up?,registration_problems,ACCOUNT,BILZ,11345
4085,checkmy invoice #37777,check_invoice,INVOICE,BZ,2027
18030,notify of troubles with online payments,payment_issue,PAYMENT,BLMZ,8962
24343,help me use the freemium profile,switch_account,ACCOUNT,BL,13265
21612,want help reporting errors with sign-up,registration_problems,ACCOUNT,BLMQ,11424
17451,i need help recfeiving ur company newsletter,newsletter_subscription,SUBSCRIPTION,BLQZ,8839
4819,whaty do i need to do to check the invoice #00108,check_invoice,INVOICE,BIQZ,2415
23556,deliveryaddress issue,set_up_shipping_address,SHIPPING,BKLZ,12966
26758,can you help me to see if there are any news on my refund?,track_refund,REFUND,BILM,14106
1238,"I need to swap an item of order {{Order Number}}, help me",change_order,ORDER,BCL,309
9209,can ya hlp me talk to an assistant,contact_human_agent,CONTACT,BILQZ,4550
7914,I want help to speak to customer support,contact_customer_service,CONTACT,BL,3865
1370,update purchase {{Order Number}},change_order,ORDER,BKL,264
12718,I do not know how I could check the delivery methods,delivery_options,DELIVERY,BELP,6186
5674,"I have to check what payment methods are accepted, help me",check_payment_methods,PAYMENT,BCL,2849
10019,I don't know how to open a platinum account for my dad,create_account,ACCOUNT,BL,5017
2601,want supports trying to modify the address,change_shipping_address,SHIPPING,BLMQ,996
5079,can I list your accepted payment options?,check_payment_methods,PAYMENT,BIL,2544
5338,I want assistance seeing the allowed payment options,check_payment_methods,PAYMENT,BL,2542
5504,can you help me listing your allowed payment methods?,check_payment_methods,PAYMENT,BIL,2776
5048,helpchecking the allowed payment options,check_payment_methods,PAYMENT,BLZ,2555
21224,i want assistance with my onlinhe registration,registration_problems,ACCOUNT,BLQZ,11455
24652,i want assistance to change to the {{Account Category}} account,switch_account,ACCOUNT,BLQ,13139
26126,"I am waiting for a compensation of {{Currency Symbol}}{{Refund Amount}}, was it processed",track_refund,REFUND,BCL,13792
3093,I don't know what to do to see the early termination fees,check_cancellation_fee,CANCEL,BLM,1494
17006,I have got to cancel the subscription to the newsletter,newsletter_subscription,SUBSCRIPTION,BL,8616
12163,I want to see what shipment methods are available,delivery_options,DELIVERY,BLM,6052
16799,wanna ask for rebates,get_refund,REFUND,BLMQ,8564
15910,I'm trying to request my money back,get_refund,REFUND,BLQ,7991
19853,I try to purchase some items,place_order,ORDER,BLM,10380
8288,how do i check at what time i can call customer service,contact_customer_service,CONTACT,BILQZ,3930
3733,I want assistsnce seeing the withdrawal penalty,check_cancellation_fee,CANCEL,BLZ,1477
20644,where do i retrieve my profile key,recover_password,ACCOUNT,BILQ,11032
18462,where to notify of a trouble with online payments,payment_issue,PAYMENT,BILMQ,8962
13062,"I want to see how soon can I expect the parcel, I need help",delivery_period,DELIVERY,BCL,6550
8474,is it possible to talk to customer service,contact_customer_service,CONTACT,BILQ,4157
14920,I don't know what I need to do to download my bill #12588,get_invoice,INVOICE,BL,7631
10423,I want to open a {{Account Category}} account for my fiance,create_account,ACCOUNT,BL,5235
19285,can you help me shop a few of your article?,place_order,ORDER,BILM,9945
8644,help talking with customer assistance,contact_customer_service,CONTACT,BL,3970
2882,assistance changing the shippikng address,change_shipping_address,SHIPPING,BLZ,1350
